{
  "instance": "SYN_BASELINE_145",
  "method": "multistart",
  "start_method": "none",
  "time_limit": 60.0,
  "cost": 11510.9749,
  "is_feasible": true,
  "unmet": {},
  "overprod": {
    "P3": 1,
    "P4": 7,
    "P5": 2,
    "P7": 3
  },
  "elapsed_sec": 9.13,
  "active": {
    "S57": [
      [
        "PAT_0190",
        0,
        0.0
      ],
      [
        "PAT_0190",
        0,
        1760.0786
      ],
      [
        "PAT_0190",
        0,
        3520.1572
      ]
    ],
    "S21": [
      [
        "PAT_5144",
        0,
        2800.2306
      ]
    ],
    "S2": [
      [
        "PAT_0259",
        0,
        0.0
      ],
      [
        "PAT_0259",
        0,
        1760.0786
      ],
      [
        "PAT_0259",
        0,
        3520.1572
      ],
      [
        "PAT_0019",
        0,
        5280.2358
      ]
    ],
    "S15": [
      [
        "PAT_5114",
        0,
        1082.657
      ],
      [
        "PAT_5114",
        0,
        3946.7470000000003
      ]
    ],
    "S25": [
      [
        "PAT_0046",
        0,
        2185.315
      ],
      [
        "PAT_0046",
        0,
        3945.3936000000003
      ],
      [
        "PAT_0046",
        0,
        5705.4722
      ]
    ],
    "S46": [
      [
        "PAT_3400",
        0,
        0.0
      ]
    ],
    "S55": [
      [
        "PAT_1182",
        0,
        0.0
      ],
      [
        "PAT_1182",
        0,
        3478.7074
      ]
    ],
    "S56": [
      [
        "PAT_1828",
        0,
        0.0
      ]
    ],
    "S59": [
      [
        "PAT_0331",
        0,
        0.0
      ]
    ],
    "S18": [
      [
        "PAT_4975",
        0,
        0.0
      ]
    ],
    "S13": [
      [
        "PAT_1519",
        0,
        0.0
      ],
      [
        "PAT_0300",
        0,
        3478.7074
      ]
    ],
    "S37": [
      [
        "PAT_2603",
        0,
        1824.3849
      ]
    ],
    "S41": [
      [
        "PAT_1799",
        0,
        2361.0309
      ]
    ],
    "S23": [
      [
        "PAT_0336",
        0,
        0.0
      ]
    ],
    "S28": [
      [
        "PAT_0336",
        0,
        594.7594
      ]
    ],
    "S38": [
      [
        "PAT_0317",
        0,
        0.0
      ],
      [
        "PAT_0317",
        0,
        3478.7074
      ]
    ],
    "S7": [
      [
        "PAT_0318",
        0,
        1308.5003
      ]
    ],
    "S14": [
      [
        "PAT_3426",
        0,
        0.0
      ]
    ],
    "S35": [
      [
        "PAT_0283",
        0,
        1433.7636
      ]
    ],
    "S34": [
      [
        "PAT_0283",
        0,
        4310.0193
      ]
    ],
    "S16": [
      [
        "PAT_0282",
        0,
        0.0
      ],
      [
        "PAT_0282",
        0,
        3478.7074
      ]
    ],
    "S8": [
      [
        "PAT_3496",
        0,
        0.0
      ]
    ],
    "S20": [
      [
        "PAT_0282",
        0,
        0.0
      ]
    ]
  }
}