{
  "instance": "SYN_BASELINE_112",
  "method": "TS",
  "start_method": "multistart",
  "time_limit": 60.0,
  "cost": 7834.1791,
  "is_feasible": true,
  "unmet": {},
  "overprod": {
    "P7": 1,
    "P10": 1,
    "P15": 2
  },
  "elapsed_sec": 60.01,
  "active": {
    "S14": [
      [
        "PAT_2051",
        0,
        0.0
      ],
      [
        "PAT_2051",
        0,
        1156.1624
      ],
      [
        "PAT_2290",
        0,
        2312.3248
      ]
    ],
    "S37": [
      [
        "PAT_2303",
        0,
        0.0
      ],
      [
        "PAT_2303",
        0,
        2463.9101
      ]
    ],
    "S33": [
      [
        "PAT_0750",
        0,
        0.0
      ],
      [
        "PAT_2146",
        0,
        3412.9604999999997
      ]
    ],
    "S6": [
      [
        "PAT_2069",
        0,
        1467.7281
      ]
    ],
    "S27": [
      [
        "PAT_2338",
        0,
        0.0
      ]
    ],
    "S42": [
      [
        "PAT_2448",
        0,
        0.0
      ]
    ],
    "S22": [
      [
        "PAT_1299",
        0,
        0.0
      ],
      [
        "PAT_2338",
        1,
        2745.3022
      ]
    ],
    "S23": [
      [
        "PAT_2096",
        0,
        1245.2985999999996
      ]
    ],
    "S36": [
      [
        "PAT_2248",
        0,
        0.0
      ]
    ],
    "S1": [
      [
        "PAT_2414",
        0,
        0.0
      ],
      [
        "PAT_2414",
        0,
        3180.1007
      ]
    ],
    "S24": [
      [
        "PAT_0706",
        0,
        0.0
      ],
      [
        "PAT_2229",
        0,
        2393.7611
      ]
    ],
    "S40": [
      [
        "PAT_1999",
        0,
        0.0
      ],
      [
        "PAT_1176",
        0,
        2979.813
      ]
    ],
    "S32": [
      [
        "PAT_2211",
        0,
        0.0
      ],
      [
        "PAT_0169",
        0,
        3006.1087
      ]
    ],
    "S26": [
      [
        "PAT_0273",
        0,
        0.0
      ],
      [
        "PAT_0273",
        0,
        2393.7611
      ]
    ]
  }
}