{
  "instance": "SYN_BASELINE_095",
  "method": "GRASP_SA",
  "start_method": "none",
  "time_limit": 60.0,
  "cost": 9154.8754,
  "is_feasible": true,
  "unmet": {},
  "overprod": {
    "P3": 1,
    "P4": 1,
    "P6": 1
  },
  "elapsed_sec": 60.04,
  "active": {
    "S38": [
      [
        "PAT_0151",
        0,
        0.0
      ],
      [
        "PAT_0004",
        0,
        2441.9662000000008
      ]
    ],
    "S46": [
      [
        "PAT_0026",
        0,
        1484.8087
      ],
      [
        "PAT_0026",
        0,
        3462.2668000000003
      ]
    ],
    "S22": [
      [
        "PAT_0004",
        0,
        0.0
      ]
    ],
    "S13": [
      [
        "PAT_0156",
        0,
        0.0
      ],
      [
        "PAT_0156",
        0,
        2245.8676
      ]
    ],
    "S2": [
      [
        "PAT_0010",
        0,
        0.0
      ],
      [
        "PAT_0010",
        0,
        3292.1528
      ]
    ],
    "S14": [
      [
        "PAT_0134",
        0,
        0.0
      ],
      [
        "PAT_0159",
        0,
        1977.4581
      ]
    ],
    "S26": [
      [
        "PAT_0135",
        0,
        0.0
      ],
      [
        "PAT_0160",
        0,
        1977.4581
      ]
    ],
    "S4": [
      [
        "PAT_0159",
        0,
        0.0
      ],
      [
        "PAT_0134",
        0,
        3287.651
      ]
    ],
    "S30": [
      [
        "PAT_0126",
        0,
        1916.7854
      ],
      [
        "PAT_0126",
        0,
        3894.2435
      ]
    ],
    "S1": [
      [
        "PAT_0004",
        0,
        0.0
      ]
    ],
    "S18": [
      [
        "PAT_0161",
        0,
        0.0
      ],
      [
        "PAT_0210",
        0,
        3096.0454
      ]
    ],
    "S32": [
      [
        "PAT_0317",
        0,
        0.0
      ],
      [
        "PAT_0404",
        0,
        2744.8738
      ]
    ],
    "S40": [
      [
        "PAT_0003",
        0,
        0.0
      ]
    ],
    "S39": [
      [
        "PAT_0010",
        0,
        636.8253
      ]
    ],
    "S3": [
      [
        "PAT_0082",
        0,
        0.0
      ],
      [
        "PAT_0366",
        0,
        1977.4581
      ]
    ],
    "S60": [
      [
        "PAT_0341",
        0,
        0.0
      ],
      [
        "PAT_0266",
        0,
        2744.8738
      ]
    ]
  }
}