{
  "instance": "SYN_BASELINE_080",
  "method": "VNS_SA",
  "start_method": "greedy",
  "time_limit": 60.0,
  "cost": 7214.055,
  "is_feasible": true,
  "unmet": {},
  "overprod": {
    "P2": 1,
    "P9": 1,
    "P10": 1
  },
  "elapsed_sec": 18.39,
  "active": {
    "S19": [
      [
        "PAT_0455",
        0,
        0.0
      ]
    ],
    "S2": [
      [
        "PAT_0001",
        0,
        0.0
      ],
      [
        "PAT_0344",
        1,
        2325.3745
      ]
    ],
    "S37": [
      [
        "PAT_0026",
        0,
        0.0
      ],
      [
        "PAT_0026",
        0,
        2244.6389
      ]
    ],
    "S12": [
      [
        "PAT_0462",
        0,
        0.0
      ],
      [
        "PAT_0455",
        0,
        800.0
      ]
    ],
    "S5": [
      [
        "PAT_0039",
        0,
        1054.0065
      ]
    ],
    "S28": [
      [
        "PAT_0240",
        0,
        901.4815000000003
      ],
      [
        "PAT_0145",
        0,
        3842.5103000000004
      ]
    ],
    "S33": [
      [
        "PAT_0456",
        0,
        0.0
      ],
      [
        "PAT_0320",
        0,
        2084.3167
      ]
    ],
    "S36": [
      [
        "PAT_0384",
        0,
        793.7293
      ]
    ],
    "S7": [
      [
        "PAT_0325",
        0,
        0.0
      ],
      [
        "PAT_0002",
        0,
        3805.7366
      ]
    ],
    "S21": [
      [
        "PAT_0181",
        0,
        0.0
      ],
      [
        "PAT_0181",
        0,
        2197.0703
      ],
      [
        "PAT_0002",
        1,
        4394.1406
      ]
    ],
    "S41": [
      [
        "PAT_0453",
        0,
        0.0
      ]
    ],
    "S23": [
      [
        "PAT_0111",
        0,
        0.0
      ],
      [
        "PAT_0284",
        0,
        3813.7672
      ]
    ]
  }
}