{
  "instance": "SYN_BASELINE_064",
  "method": "TS",
  "start_method": "multistart",
  "time_limit": 60.0,
  "cost": 6491.791,
  "is_feasible": true,
  "unmet": {},
  "overprod": {
    "P1": 1,
    "P3": 1,
    "P7": 1,
    "P10": 1,
    "P13": 1,
    "P14": 1
  },
  "elapsed_sec": 60.0,
  "active": {
    "S32": [
      [
        "PAT_0040",
        0,
        0.0
      ],
      [
        "PAT_0003",
        0,
        1672.0174000000004
      ],
      [
        "PAT_0003",
        0,
        3335.7673000000004
      ]
    ],
    "S28": [
      [
        "PAT_1329",
        0,
        0.0
      ],
      [
        "PAT_0981",
        0,
        2335.8749
      ]
    ],
    "S6": [
      [
        "PAT_1225",
        0,
        1048.2259
      ]
    ],
    "S4": [
      [
        "PAT_0405",
        0,
        0.0
      ],
      [
        "PAT_0405",
        0,
        2691.0913
      ]
    ],
    "S13": [
      [
        "PAT_0070",
        0,
        0.0
      ],
      [
        "PAT_1152",
        0,
        2719.4183000000003
      ]
    ],
    "S14": [
      [
        "PAT_1230",
        0,
        0.0
      ]
    ],
    "S23": [
      [
        "PAT_1298",
        0,
        0.0
      ],
      [
        "PAT_1327",
        0,
        4086.6623
      ]
    ],
    "S29": [
      [
        "PAT_1262",
        0,
        0.0
      ]
    ],
    "S7": [
      [
        "PAT_1181",
        0,
        1027.4239
      ]
    ],
    "S15": [
      [
        "PAT_0071",
        0,
        0.0
      ],
      [
        "PAT_0070",
        0,
        2691.0913
      ]
    ],
    "S21": [
      [
        "PAT_1186",
        0,
        0.0
      ]
    ],
    "S17": [
      [
        "PAT_0047",
        0,
        0.0
      ],
      [
        "PAT_1306",
        0,
        1663.7499
      ]
    ]
  }
}