{
  "instance": "SYN_BASELINE_124",
  "method": "SD",
  "start_method": "multistart",
  "time_limit": 60.0,
  "cost": 16765.6756,
  "is_feasible": true,
  "unmet": {},
  "overprod": {
    "P1": 1,
    "P4": 1,
    "P9": 1
  },
  "elapsed_sec": 60.0,
  "active": {
    "S41": [
      [
        "PAT_0074",
        0,
        0.0
      ],
      [
        "PAT_0093",
        0,
        5098.709199999999
      ]
    ],
    "S27": [
      [
        "PAT_0017",
        0,
        0.0
      ],
      [
        "PAT_0126",
        0,
        4412.0093
      ]
    ],
    "S13": [
      [
        "PAT_1070",
        0,
        0.0
      ],
      [
        "PAT_1070",
        0,
        4032.9387
      ]
    ],
    "S4": [
      [
        "PAT_1355",
        0,
        0.0
      ],
      [
        "PAT_1205",
        0,
        2250.8629
      ]
    ],
    "S2": [
      [
        "PAT_0016",
        0,
        2146.1128
      ]
    ],
    "S9": [
      [
        "PAT_1222",
        0,
        0.0
      ]
    ],
    "S17": [
      [
        "PAT_1204",
        0,
        0.0
      ]
    ],
    "S35": [
      [
        "PAT_0977",
        0,
        0.0
      ],
      [
        "PAT_1103",
        0,
        4226.7744
      ]
    ],
    "S43": [
      [
        "PAT_0168",
        0,
        0.0
      ],
      [
        "PAT_1222",
        0,
        4078.455500000001
      ]
    ],
    "S23": [
      [
        "PAT_1204",
        0,
        0.0
      ]
    ],
    "S32": [
      [
        "PAT_0972",
        0,
        0.0
      ],
      [
        "PAT_1382",
        0,
        4032.9387
      ]
    ],
    "S36": [
      [
        "PAT_1361",
        0,
        0.0
      ],
      [
        "PAT_0231",
        0,
        4174.4386
      ]
    ],
    "S10": [
      [
        "PAT_1158",
        0,
        1056.6926
      ]
    ],
    "S26": [
      [
        "PAT_0213",
        0,
        0.0
      ]
    ],
    "S25": [
      [
        "PAT_0172",
        0,
        0.0
      ]
    ],
    "S5": [
      [
        "PAT_1145",
        0,
        0.0
      ],
      [
        "PAT_1328",
        0,
        4032.9387
      ]
    ],
    "S37": [
      [
        "PAT_1158",
        0,
        884.1498
      ]
    ],
    "S8": [
      [
        "PAT_1158",
        0,
        0.0
      ]
    ],
    "S15": [
      [
        "PAT_1330",
        0,
        0.0
      ],
      [
        "PAT_0391",
        0,
        2597.7015
      ]
    ],
    "S47": [
      [
        "PAT_1372",
        0,
        0.0
      ],
      [
        "PAT_1238",
        0,
        1630.519
      ]
    ],
    "S19": [
      [
        "PAT_1485",
        0,
        0.0
      ],
      [
        "PAT_1163",
        0,
        1955.2879
      ]
    ],
    "S28": [
      [
        "PAT_0268",
        0,
        0.0
      ],
      [
        "PAT_0226",
        0,
        4032.9387
      ]
    ],
    "S44": [
      [
        "PAT_0972",
        0,
        2899.9681
      ]
    ],
    "S40": [
      [
        "PAT_0019",
        0,
        0.0
      ],
      [
        "PAT_1188",
        0,
        4032.9387
      ]
    ],
    "S6": [
      [
        "PAT_1355",
        0,
        0.0
      ],
      [
        "PAT_1289",
        0,
        2291.5143
      ]
    ],
    "S38": [
      [
        "PAT_1158",
        0,
        2003.8139
      ]
    ],
    "S11": [
      [
        "PAT_0024",
        0,
        0.0
      ],
      [
        "PAT_0222",
        0,
        4304.0805
      ]
    ],
    "S16": [
      [
        "PAT_1193",
        0,
        0.0
      ]
    ],
    "S12": [
      [
        "PAT_0025",
        0,
        3468.853
      ]
    ]
  }
}