{
  "instance": "SYN_BASELINE_110",
  "method": "SD",
  "start_method": "greedy",
  "time_limit": 60.0,
  "cost": 13089.6012,
  "is_feasible": true,
  "unmet": {},
  "overprod": {
    "P4": 1,
    "P10": 1,
    "P11": 1,
    "P14": 1
  },
  "elapsed_sec": 40.23,
  "active": {
    "S9": [
      [
        "PAT_3638",
        0,
        0.0
      ],
      [
        "PAT_3638",
        0,
        1950.9876
      ],
      [
        "PAT_3638",
        0,
        3901.9752
      ]
    ],
    "S17": [
      [
        "PAT_0045",
        0,
        0.0
      ],
      [
        "PAT_0045",
        0,
        1791.5422
      ],
      [
        "PAT_0045",
        0,
        3583.0844
      ]
    ],
    "S36": [
      [
        "PAT_3519",
        0,
        1879.5388
      ],
      [
        "PAT_3519",
        0,
        3990.2286999999997
      ]
    ],
    "S30": [
      [
        "PAT_3603",
        0,
        0.0
      ],
      [
        "PAT_3603",
        0,
        1950.9876
      ],
      [
        "PAT_0043",
        0,
        3901.9752
      ]
    ],
    "S16": [
      [
        "PAT_3534",
        0,
        0.0
      ],
      [
        "PAT_3534",
        0,
        2110.6899
      ]
    ],
    "S53": [
      [
        "PAT_3470",
        0,
        1459.9536
      ],
      [
        "PAT_3470",
        0,
        3570.6435
      ]
    ],
    "S15": [
      [
        "PAT_0008",
        0,
        0.0
      ],
      [
        "PAT_3564",
        0,
        2272.993100000001
      ],
      [
        "PAT_3564",
        0,
        4383.683000000001
      ]
    ],
    "S33": [
      [
        "PAT_0032",
        0,
        0.0
      ],
      [
        "PAT_0032",
        0,
        1791.5422
      ],
      [
        "PAT_3623",
        1,
        4683.1569
      ]
    ],
    "S20": [
      [
        "PAT_3577",
        0,
        1448.8848
      ],
      [
        "PAT_3577",
        0,
        3399.8724
      ]
    ],
    "S14": [
      [
        "PAT_3578",
        0,
        2061.9613
      ]
    ],
    "S40": [
      [
        "PAT_3578",
        0,
        0.0
      ]
    ],
    "S13": [
      [
        "PAT_0009",
        0,
        0.0
      ],
      [
        "PAT_1567",
        0,
        1791.5422
      ]
    ],
    "S11": [
      [
        "PAT_0381",
        0,
        0.0
      ],
      [
        "PAT_0009",
        0,
        3975.4266
      ]
    ],
    "S49": [
      [
        "PAT_0007",
        0,
        0.0
      ],
      [
        "PAT_0007",
        0,
        1791.5422
      ],
      [
        "PAT_0007",
        0,
        3583.0844
      ]
    ],
    "S45": [
      [
        "PAT_1093",
        0,
        0.0
      ]
    ],
    "S24": [
      [
        "PAT_1018",
        0,
        925.3503
      ]
    ],
    "S12": [
      [
        "PAT_2230",
        0,
        0.0
      ]
    ],
    "S55": [
      [
        "PAT_0065",
        0,
        0.0
      ]
    ],
    "S34": [
      [
        "PAT_1048",
        0,
        0.0
      ]
    ],
    "S21": [
      [
        "PAT_0063",
        0,
        0.0
      ]
    ],
    "S18": [
      [
        "PAT_0328",
        0,
        767.2298
      ]
    ],
    "S37": [
      [
        "PAT_0055",
        0,
        0.0
      ]
    ],
    "S44": [
      [
        "PAT_0054",
        0,
        0.0
      ]
    ],
    "S6": [
      [
        "PAT_0054",
        0,
        0.0
      ]
    ],
    "S31": [
      [
        "PAT_0054",
        0,
        0.0
      ]
    ],
    "S47": [
      [
        "PAT_0054",
        0,
        0.0
      ]
    ]
  }
}