{
  "instance": "SYN_BASELINE_133",
  "method": "GRASP_SA",
  "start_method": "none",
  "time_limit": 60.0,
  "cost": 8653.4461,
  "is_feasible": true,
  "unmet": {},
  "overprod": {
    "P4": 1,
    "P7": 1,
    "P8": 1
  },
  "elapsed_sec": 60.04,
  "active": {
    "S9": [
      [
        "PAT_1073",
        0,
        0.0
      ],
      [
        "PAT_1073",
        0,
        3253.6279
      ]
    ],
    "S11": [
      [
        "PAT_0002",
        0,
        0.0
      ],
      [
        "PAT_0387",
        0,
        3105.6585999999998
      ]
    ],
    "S14": [
      [
        "PAT_0013",
        0,
        2871.0562
      ],
      [
        "PAT_1324",
        0,
        5324.7543000000005
      ]
    ],
    "S4": [
      [
        "PAT_0013",
        0,
        0.0
      ],
      [
        "PAT_0008",
        0,
        4415.5005
      ]
    ],
    "S17": [
      [
        "PAT_1254",
        0,
        2631.24
      ],
      [
        "PAT_1293",
        0,
        3788.7578
      ],
      [
        "PAT_1334",
        0,
        4946.2756
      ]
    ],
    "S19": [
      [
        "PAT_1333",
        0,
        0.0
      ],
      [
        "PAT_1091",
        0,
        3501.1727
      ]
    ],
    "S13": [
      [
        "PAT_0042",
        0,
        1203.0041
      ]
    ],
    "S24": [
      [
        "PAT_0042",
        0,
        0.0
      ],
      [
        "PAT_1203",
        1,
        4118.1894
      ]
    ],
    "S5": [
      [
        "PAT_0068",
        0,
        1597.6915
      ],
      [
        "PAT_1334",
        1,
        5715.8809
      ]
    ],
    "S26": [
      [
        "PAT_0513",
        0,
        0.0
      ],
      [
        "PAT_1296",
        1,
        5193.027
      ]
    ],
    "S7": [
      [
        "PAT_1324",
        0,
        0.0
      ],
      [
        "PAT_1052",
        0,
        2485.9721
      ]
    ],
    "S21": [
      [
        "PAT_1052",
        0,
        0.0
      ],
      [
        "PAT_1052",
        0,
        3253.6279
      ]
    ],
    "S16": [
      [
        "PAT_1035",
        0,
        0.0
      ],
      [
        "PAT_0002",
        1,
        4764.3841
      ]
    ],
    "S8": [
      [
        "PAT_0002",
        0,
        917.594
      ]
    ],
    "S37": [
      [
        "PAT_1330",
        0,
        0.0
      ],
      [
        "PAT_1330",
        0,
        2485.9721
      ]
    ]
  }
}