{
  "instance": "SYN_BASELINE_135",
  "method": "VNS_SA",
  "start_method": "greedy",
  "time_limit": 60.0,
  "cost": 10167.7619,
  "is_feasible": true,
  "unmet": {},
  "overprod": {
    "P1": 1,
    "P4": 1,
    "P5": 1
  },
  "elapsed_sec": 48.03,
  "active": {
    "S24": [
      [
        "PAT_0922",
        0,
        0.0
      ],
      [
        "PAT_1279",
        0,
        3826.3775
      ]
    ],
    "S49": [
      [
        "PAT_0201",
        0,
        0.0
      ],
      [
        "PAT_1384",
        0,
        4591.0264
      ]
    ],
    "S17": [
      [
        "PAT_1368",
        0,
        0.0
      ],
      [
        "PAT_1368",
        0,
        3504.7209
      ]
    ],
    "S33": [
      [
        "PAT_0243",
        0,
        984.604
      ],
      [
        "PAT_0080",
        3,
        4815.8477
      ],
      [
        "PAT_0129",
        1,
        6588.880999999999
      ]
    ],
    "S45": [
      [
        "PAT_0196",
        0,
        0.0
      ],
      [
        "PAT_0196",
        0,
        3126.842
      ],
      [
        "PAT_0104",
        1,
        6253.684
      ]
    ],
    "S36": [
      [
        "PAT_0010",
        0,
        0.0
      ],
      [
        "PAT_0193",
        0,
        1768.9573999999998
      ],
      [
        "PAT_1194",
        0,
        4895.7994
      ]
    ],
    "S46": [
      [
        "PAT_0055",
        0,
        0.0
      ],
      [
        "PAT_0823",
        0,
        1335.6607
      ],
      [
        "PAT_0629",
        0,
        4868.5815999999995
      ]
    ],
    "S44": [
      [
        "PAT_0903",
        0,
        0.0
      ],
      [
        "PAT_0903",
        0,
        3532.9209
      ]
    ],
    "S11": [
      [
        "PAT_0925",
        0,
        0.0
      ],
      [
        "PAT_1321",
        0,
        3532.9209
      ]
    ],
    "S31": [
      [
        "PAT_0482",
        0,
        1335.6607
      ]
    ],
    "S3": [
      [
        "PAT_0649",
        0,
        0.0
      ],
      [
        "PAT_0436",
        0,
        3532.9209
      ]
    ],
    "S28": [
      [
        "PAT_1174",
        0,
        2602.7682
      ]
    ],
    "S14": [
      [
        "PAT_1281",
        0,
        0.0
      ],
      [
        "PAT_0949",
        0,
        3504.7209
      ]
    ],
    "S41": [
      [
        "PAT_0201",
        0,
        0.0
      ],
      [
        "PAT_0903",
        0,
        3532.9209
      ]
    ],
    "S23": [
      [
        "PAT_0197",
        0,
        1984.8043
      ]
    ],
    "S18": [
      [
        "PAT_1174",
        0,
        2415.8614
      ]
    ]
  }
}