{
  "instance": "SYN_BASELINE_092",
  "method": "SA",
  "start_method": "multistart",
  "time_limit": 60.0,
  "cost": 9344.6563,
  "is_feasible": true,
  "unmet": {},
  "overprod": {
    "P5": 1,
    "P9": 1,
    "P11": 2,
    "P14": 1
  },
  "elapsed_sec": 60.03,
  "active": {
    "S2": [
      [
        "PAT_0064",
        0,
        0.0
      ],
      [
        "PAT_0429",
        1,
        4249.8081
      ]
    ],
    "S21": [
      [
        "PAT_0255",
        0,
        0.0
      ],
      [
        "PAT_0079",
        0,
        800.0
      ],
      [
        "PAT_0411",
        0,
        4537.0021
      ]
    ],
    "S25": [
      [
        "PAT_0332",
        0,
        0.0
      ],
      [
        "PAT_0496",
        0,
        2234.9378
      ],
      [
        "PAT_0496",
        0,
        4316.0126
      ]
    ],
    "S20": [
      [
        "PAT_0005",
        0,
        2234.9378
      ]
    ],
    "S9": [
      [
        "PAT_0470",
        0,
        0.0
      ],
      [
        "PAT_0202",
        0,
        2181.0105
      ],
      [
        "PAT_0442",
        1,
        2981.0105
      ]
    ],
    "S10": [
      [
        "PAT_0503",
        0,
        0.0
      ],
      [
        "PAT_0328",
        0,
        2149.6421
      ],
      [
        "PAT_0408",
        0,
        4384.579900000001
      ]
    ],
    "S36": [
      [
        "PAT_0105",
        0,
        0.0
      ]
    ],
    "S3": [
      [
        "PAT_0030",
        0,
        2972.9537
      ]
    ],
    "S4": [
      [
        "PAT_0275",
        0,
        0.0
      ],
      [
        "PAT_0193",
        0,
        800.0
      ],
      [
        "PAT_0193",
        0,
        1600.0
      ],
      [
        "PAT_0334",
        1,
        2400.0
      ]
    ],
    "S7": [
      [
        "PAT_0002",
        0,
        2507.5176
      ]
    ],
    "S31": [
      [
        "PAT_0022",
        0,
        0.0
      ]
    ],
    "S37": [
      [
        "PAT_0002",
        0,
        1608.9733
      ]
    ],
    "S34": [
      [
        "PAT_0308",
        0,
        0.0
      ],
      [
        "PAT_0104",
        0,
        2395.2028999999998
      ]
    ],
    "S17": [
      [
        "PAT_0255",
        0,
        0.0
      ],
      [
        "PAT_0516",
        0,
        800.0
      ],
      [
        "PAT_0035",
        0,
        2881.0748
      ]
    ],
    "S13": [
      [
        "PAT_0068",
        0,
        0.0
      ]
    ],
    "S14": [
      [
        "PAT_0004",
        0,
        958.5632
      ]
    ]
  }
}