{
  "instance": "SYN_BASELINE_106",
  "method": "ILS_SA",
  "start_method": "multistart",
  "time_limit": 60.0,
  "cost": 7063.9701,
  "is_feasible": true,
  "unmet": {},
  "overprod": {
    "P3": 1,
    "P4": 1,
    "P6": 3
  },
  "elapsed_sec": 60.01,
  "active": {
    "S6": [
      [
        "PAT_1518",
        0,
        1251.5539
      ],
      [
        "PAT_0020",
        0,
        4998.367700000001
      ]
    ],
    "S4": [
      [
        "PAT_1939",
        0,
        0.0
      ],
      [
        "PAT_0016",
        0,
        3194.8526
      ]
    ],
    "S11": [
      [
        "PAT_1999",
        0,
        0.0
      ],
      [
        "PAT_2014",
        0,
        2453.3529
      ]
    ],
    "S27": [
      [
        "PAT_1862",
        0,
        1054.8092
      ],
      [
        "PAT_0393",
        1,
        4623.4214
      ]
    ],
    "S10": [
      [
        "PAT_0009",
        0,
        0.0
      ],
      [
        "PAT_2010",
        1,
        4973.2991
      ]
    ],
    "S12": [
      [
        "PAT_0364",
        0,
        0.0
      ],
      [
        "PAT_0026",
        0,
        3568.6122
      ]
    ],
    "S13": [
      [
        "PAT_2048",
        0,
        0.0
      ],
      [
        "PAT_2048",
        0,
        2846.6149
      ],
      [
        "PAT_1568",
        2,
        6431.3784
      ]
    ],
    "S8": [
      [
        "PAT_0702",
        0,
        0.0
      ],
      [
        "PAT_1884",
        1,
        5424.6871
      ]
    ],
    "S2": [
      [
        "PAT_1916",
        0,
        0.0
      ],
      [
        "PAT_1890",
        0,
        3568.6122
      ]
    ],
    "S21": [
      [
        "PAT_1991",
        0,
        0.0
      ],
      [
        "PAT_0189",
        0,
        2453.3529
      ],
      [
        "PAT_1929",
        0,
        6021.965099999999
      ]
    ]
  }
}