{
  "instance": "SYN_BASELINE_087",
  "method": "multistart",
  "start_method": "none",
  "time_limit": 60.0,
  "cost": 15204.9354,
  "is_feasible": true,
  "unmet": {},
  "overprod": {
    "P8": 2,
    "P9": 1,
    "P10": 2
  },
  "elapsed_sec": 1.16,
  "active": {
    "S16": [
      [
        "PAT_0044",
        0,
        1176.2576
      ]
    ],
    "S33": [
      [
        "PAT_0026",
        0,
        2952.0398
      ],
      [
        "PAT_0026",
        0,
        4787.163500000001
      ],
      [
        "PAT_0026",
        0,
        6622.287200000001
      ]
    ],
    "S34": [
      [
        "PAT_0027",
        0,
        0.0
      ],
      [
        "PAT_0027",
        0,
        1835.1237
      ],
      [
        "PAT_0024",
        0,
        3670.2474
      ]
    ],
    "S12": [
      [
        "PAT_0017",
        0,
        0.0
      ],
      [
        "PAT_0017",
        0,
        1835.1237
      ],
      [
        "PAT_0017",
        0,
        3670.2474
      ],
      [
        "PAT_0016",
        0,
        5505.3711
      ]
    ],
    "S7": [
      [
        "PAT_0061",
        0,
        0.0
      ]
    ],
    "S44": [
      [
        "PAT_0065",
        0,
        1911.1487
      ]
    ],
    "S3": [
      [
        "PAT_0004",
        0,
        3479.8576
      ]
    ],
    "S53": [
      [
        "PAT_0012",
        0,
        1575.2774
      ]
    ],
    "S20": [
      [
        "PAT_0003",
        0,
        2001.1684
      ]
    ],
    "S42": [
      [
        "PAT_0011",
        0,
        0.0
      ]
    ],
    "S31": [
      [
        "PAT_0003",
        0,
        0.0
      ]
    ],
    "S46": [
      [
        "PAT_0031",
        0,
        3559.3026
      ]
    ],
    "S24": [
      [
        "PAT_0061",
        0,
        2498.0124
      ]
    ],
    "S40": [
      [
        "PAT_0054",
        0,
        0.0
      ]
    ],
    "S10": [
      [
        "PAT_0007",
        0,
        0.0
      ]
    ],
    "S29": [
      [
        "PAT_0007",
        0,
        0.0
      ]
    ],
    "S18": [
      [
        "PAT_0007",
        0,
        0.0
      ]
    ],
    "S27": [
      [
        "PAT_0007",
        0,
        0.0
      ]
    ],
    "S23": [
      [
        "PAT_0007",
        0,
        1379.0315
      ]
    ],
    "S19": [
      [
        "PAT_0007",
        0,
        0.0
      ],
      [
        "PAT_0400",
        1,
        4166.712
      ]
    ],
    "S41": [
      [
        "PAT_0092",
        0,
        0.0
      ],
      [
        "PAT_0299",
        0,
        3902.8232
      ]
    ],
    "S50": [
      [
        "PAT_0081",
        0,
        0.0
      ]
    ],
    "S2": [
      [
        "PAT_0081",
        0,
        2299.7451
      ]
    ],
    "S9": [
      [
        "PAT_0069",
        0,
        0.0
      ],
      [
        "PAT_0122",
        1,
        3902.8232
      ]
    ],
    "S39": [
      [
        "PAT_0408",
        0,
        1655.5
      ]
    ],
    "S21": [
      [
        "PAT_0074",
        0,
        0.0
      ]
    ],
    "S22": [
      [
        "PAT_0170",
        0,
        1886.634
      ]
    ],
    "S47": [
      [
        "PAT_0074",
        0,
        2108.7949
      ]
    ],
    "S8": [
      [
        "PAT_0457",
        0,
        0.0
      ]
    ],
    "S17": [
      [
        "PAT_0457",
        0,
        873.151
      ]
    ]
  }
}