{
  "instance": "SYN_BASELINE_097",
  "method": "SA",
  "start_method": "greedy",
  "time_limit": 60.0,
  "cost": 7794.3084,
  "is_feasible": true,
  "unmet": {},
  "overprod": {
    "P7": 1,
    "P8": 2,
    "P11": 1
  },
  "elapsed_sec": 60.01,
  "active": {
    "S30": [
      [
        "PAT_0016",
        0,
        743.785
      ]
    ],
    "S10": [
      [
        "PAT_0012",
        0,
        0.0
      ]
    ],
    "S29": [
      [
        "PAT_0011",
        0,
        0.0
      ]
    ],
    "S18": [
      [
        "PAT_0008",
        0,
        0.0
      ]
    ],
    "S20": [
      [
        "PAT_0014",
        0,
        0.0
      ],
      [
        "PAT_0080",
        1,
        4437.2337
      ]
    ],
    "S34": [
      [
        "PAT_1435",
        0,
        0.0
      ],
      [
        "PAT_1299",
        0,
        3638.2552
      ]
    ],
    "S35": [
      [
        "PAT_0963",
        0,
        0.0
      ],
      [
        "PAT_1232",
        0,
        2477.5513
      ]
    ],
    "S13": [
      [
        "PAT_0586",
        0,
        0.0
      ],
      [
        "PAT_1127",
        1,
        2770.5860000000002
      ]
    ],
    "S24": [
      [
        "PAT_1239",
        0,
        0.0
      ]
    ],
    "S22": [
      [
        "PAT_1069",
        0,
        0.0
      ],
      [
        "PAT_1279",
        0,
        2222.7083000000002
      ]
    ],
    "S41": [
      [
        "PAT_0003",
        0,
        0.0
      ]
    ],
    "S3": [
      [
        "PAT_1264",
        0,
        1672.1173
      ]
    ],
    "S31": [
      [
        "PAT_0759",
        0,
        0.0
      ],
      [
        "PAT_0270",
        1,
        2891.0785
      ]
    ],
    "S38": [
      [
        "PAT_1391",
        0,
        0.0
      ],
      [
        "PAT_1226",
        0,
        3024.4478
      ]
    ],
    "S7": [
      [
        "PAT_1427",
        0,
        0.0
      ]
    ]
  }
}