{
  "instance": "SYN_BASELINE_063",
  "method": "multistart",
  "start_method": "none",
  "time_limit": 60.0,
  "cost": 13672.2194,
  "is_feasible": true,
  "unmet": {},
  "overprod": {
    "P1": 1,
    "P3": 2,
    "P4": 1,
    "P10": 2,
    "P14": 1,
    "P15": 5
  },
  "elapsed_sec": 5.72,
  "active": {
    "S14": [
      [
        "PAT_1690",
        0,
        0.0
      ],
      [
        "PAT_1690",
        0,
        2522.2804
      ],
      [
        "PAT_1744",
        0,
        5044.5608
      ]
    ],
    "S1": [
      [
        "PAT_1607",
        1,
        2105.5732
      ],
      [
        "PAT_1607",
        1,
        4814.8616999999995
      ]
    ],
    "S13": [
      [
        "PAT_1756",
        0,
        1414.1464
      ],
      [
        "PAT_1756",
        0,
        3663.2634000000003
      ]
    ],
    "S15": [
      [
        "PAT_1631",
        1,
        3202.9753
      ],
      [
        "PAT_1631",
        1,
        5725.2557
      ]
    ],
    "S41": [
      [
        "PAT_1658",
        0,
        2528.0034
      ],
      [
        "PAT_1658",
        0,
        5050.2838
      ]
    ],
    "S39": [
      [
        "PAT_1629",
        0,
        2838.5022
      ]
    ],
    "S19": [
      [
        "PAT_1532",
        1,
        1534.0907
      ],
      [
        "PAT_1532",
        1,
        5156.8877999999995
      ]
    ],
    "S18": [
      [
        "PAT_2194",
        0,
        3846.2188
      ]
    ],
    "S17": [
      [
        "PAT_0008",
        0,
        3698.0448
      ]
    ],
    "S11": [
      [
        "PAT_1951",
        0,
        1012.3027
      ]
    ],
    "S38": [
      [
        "PAT_0005",
        0,
        0.0
      ],
      [
        "PAT_1911",
        0,
        3622.7971
      ]
    ],
    "S3": [
      [
        "PAT_2053",
        0,
        4744.4071
      ]
    ],
    "S29": [
      [
        "PAT_1839",
        0,
        0.0
      ],
      [
        "PAT_1778",
        1,
        5045.1851
      ]
    ],
    "S4": [
      [
        "PAT_1780",
        0,
        5162.156
      ]
    ],
    "S2": [
      [
        "PAT_1780",
        0,
        0.0
      ],
      [
        "PAT_0010",
        1,
        5239.2398
      ]
    ],
    "S16": [
      [
        "PAT_0029",
        0,
        0.0
      ],
      [
        "PAT_0026",
        1,
        4466.8744
      ]
    ],
    "S9": [
      [
        "PAT_1471",
        0,
        0.0
      ]
    ],
    "S40": [
      [
        "PAT_0028",
        0,
        2172.4348
      ]
    ],
    "S7": [
      [
        "PAT_0475",
        0,
        4797.8674
      ]
    ],
    "S12": [
      [
        "PAT_0011",
        0,
        3919.1518
      ]
    ],
    "S31": [
      [
        "PAT_0011",
        0,
        0.0
      ],
      [
        "PAT_0092",
        1,
        3622.7971
      ]
    ],
    "S28": [
      [
        "PAT_0010",
        0,
        0.0
      ]
    ],
    "S20": [
      [
        "PAT_0010",
        0,
        0.0
      ]
    ],
    "S35": [
      [
        "PAT_0010",
        0,
        0.0
      ]
    ],
    "S34": [
      [
        "PAT_0010",
        0,
        0.0
      ]
    ],
    "S21": [
      [
        "PAT_0367",
        0,
        2041.2487
      ]
    ]
  }
}