{
  "instance": "SYN_BASELINE_098",
  "method": "multistart",
  "start_method": "none",
  "time_limit": 60.0,
  "cost": 14216.2877,
  "is_feasible": true,
  "unmet": {},
  "overprod": {
    "P7": 1,
    "P8": 1,
    "P9": 2,
    "P10": 2
  },
  "elapsed_sec": 6.11,
  "active": {
    "S20": [
      [
        "PAT_2038",
        1,
        2211.6317
      ],
      [
        "PAT_2038",
        1,
        3779.3109
      ]
    ],
    "S8": [
      [
        "PAT_2050",
        0,
        2091.9565
      ],
      [
        "PAT_2050",
        0,
        3659.6357
      ],
      [
        "PAT_2050",
        0,
        5227.314899999999
      ]
    ],
    "S46": [
      [
        "PAT_2042",
        0,
        0.0
      ],
      [
        "PAT_2042",
        0,
        1567.6792
      ],
      [
        "PAT_1951",
        1,
        3180.6375
      ]
    ],
    "S43": [
      [
        "PAT_1683",
        0,
        0.0
      ],
      [
        "PAT_1683",
        0,
        3250.5378
      ]
    ],
    "S24": [
      [
        "PAT_1683",
        0,
        0.0
      ],
      [
        "PAT_1683",
        0,
        3250.5378
      ],
      [
        "PAT_2027",
        0,
        6501.0756
      ]
    ],
    "S12": [
      [
        "PAT_1529",
        0,
        0.0
      ],
      [
        "PAT_1529",
        0,
        2812.1895
      ]
    ],
    "S14": [
      [
        "PAT_1220",
        0,
        0.0
      ],
      [
        "PAT_1220",
        0,
        2812.1895
      ]
    ],
    "S37": [
      [
        "PAT_1694",
        0,
        1316.7592
      ],
      [
        "PAT_1694",
        0,
        4567.2970000000005
      ]
    ],
    "S42": [
      [
        "PAT_1909",
        0,
        4142.747
      ]
    ],
    "S32": [
      [
        "PAT_1887",
        0,
        987.5127
      ],
      [
        "PAT_1264",
        0,
        4238.0505
      ]
    ],
    "S16": [
      [
        "PAT_1837",
        0,
        2703.3603
      ]
    ],
    "S7": [
      [
        "PAT_1040",
        0,
        411.5157
      ],
      [
        "PAT_0420",
        1,
        3223.7052
      ]
    ],
    "S1": [
      [
        "PAT_0013",
        0,
        0.0
      ],
      [
        "PAT_0013",
        0,
        2812.1895
      ]
    ],
    "S29": [
      [
        "PAT_1660",
        0,
        1604.0518
      ]
    ],
    "S39": [
      [
        "PAT_1970",
        0,
        4001.8758
      ]
    ],
    "S41": [
      [
        "PAT_0045",
        0,
        3825.8127
      ]
    ],
    "S15": [
      [
        "PAT_0460",
        0,
        0.0
      ]
    ],
    "S40": [
      [
        "PAT_0575",
        0,
        0.0
      ]
    ],
    "S34": [
      [
        "PAT_0565",
        0,
        0.0
      ],
      [
        "PAT_0460",
        0,
        2908.078
      ]
    ],
    "S18": [
      [
        "PAT_1330",
        0,
        1553.088
      ]
    ],
    "S35": [
      [
        "PAT_0008",
        0,
        0.0
      ]
    ],
    "S31": [
      [
        "PAT_1643",
        0,
        0.0
      ]
    ],
    "S38": [
      [
        "PAT_0008",
        0,
        0.0
      ]
    ],
    "S21": [
      [
        "PAT_0008",
        0,
        1278.5001
      ]
    ],
    "S19": [
      [
        "PAT_0008",
        0,
        3840.803
      ]
    ],
    "S33": [
      [
        "PAT_0008",
        0,
        0.0
      ]
    ],
    "S44": [
      [
        "PAT_1329",
        0,
        2310.7997
      ]
    ],
    "S6": [
      [
        "PAT_0008",
        0,
        961.5816
      ]
    ],
    "S48": [
      [
        "PAT_0008",
        0,
        0.0
      ]
    ]
  }
}