{
  "instance": "SYN_BASELINE_101",
  "method": "GRASP_SA",
  "start_method": "none",
  "time_limit": 60.0,
  "cost": 9115.5598,
  "is_feasible": true,
  "unmet": {},
  "overprod": {
    "P3": 1,
    "P5": 3,
    "P7": 2,
    "P11": 1
  },
  "elapsed_sec": 43.63,
  "active": {
    "S54": [
      [
        "PAT_1710",
        0,
        0.0
      ],
      [
        "PAT_1710",
        0,
        3621.4427
      ]
    ],
    "S19": [
      [
        "PAT_0022",
        0,
        0.0
      ],
      [
        "PAT_2361",
        0,
        3272.3078
      ]
    ],
    "S28": [
      [
        "PAT_0005",
        0,
        0.0
      ],
      [
        "PAT_0005",
        0,
        1699.9455
      ],
      [
        "PAT_0005",
        0,
        3399.891
      ]
    ],
    "S5": [
      [
        "PAT_0030",
        0,
        0.0
      ],
      [
        "PAT_0030",
        0,
        3140.8659
      ]
    ],
    "S20": [
      [
        "PAT_1978",
        0,
        0.0
      ],
      [
        "PAT_1978",
        0,
        3621.4427
      ]
    ],
    "S1": [
      [
        "PAT_2369",
        0,
        0.0
      ],
      [
        "PAT_2365",
        0,
        3162.0507
      ]
    ],
    "S25": [
      [
        "PAT_0009",
        0,
        0.0
      ],
      [
        "PAT_2225",
        0,
        3781.6182000000003
      ]
    ],
    "S33": [
      [
        "PAT_2322",
        0,
        0.0
      ],
      [
        "PAT_2322",
        0,
        3621.4427
      ]
    ],
    "S18": [
      [
        "PAT_2114",
        0,
        0.0
      ],
      [
        "PAT_0036",
        1,
        4757.3448
      ]
    ],
    "S47": [
      [
        "PAT_2369",
        0,
        0.0
      ],
      [
        "PAT_2369",
        0,
        2668.7434
      ],
      [
        "PAT_2380",
        0,
        5337.4868
      ]
    ],
    "S53": [
      [
        "PAT_0034",
        0,
        0.0
      ],
      [
        "PAT_0034",
        0,
        3140.8659
      ]
    ],
    "S35": [
      [
        "PAT_0035",
        0,
        1329.0253
      ]
    ],
    "S4": [
      [
        "PAT_2293",
        0,
        0.0
      ]
    ],
    "S59": [
      [
        "PAT_0061",
        0,
        0.0
      ],
      [
        "PAT_0063",
        0,
        3767.6020999999996
      ]
    ],
    "S49": [
      [
        "PAT_0463",
        0,
        0.0
      ]
    ]
  }
}