{
  "instance": "SYN_BASELINE_110",
  "method": "multistart",
  "start_method": "none",
  "time_limit": 60.0,
  "cost": 13352.5028,
  "is_feasible": true,
  "unmet": {},
  "overprod": {
    "P1": 1,
    "P3": 1,
    "P4": 3,
    "P8": 3,
    "P10": 1,
    "P11": 2
  },
  "elapsed_sec": 6.19,
  "active": {
    "S9": [
      [
        "PAT_3647",
        0,
        0.0
      ],
      [
        "PAT_3647",
        0,
        1950.9876
      ],
      [
        "PAT_3647",
        0,
        3901.9752
      ]
    ],
    "S17": [
      [
        "PAT_0045",
        0,
        0.0
      ],
      [
        "PAT_0045",
        0,
        1791.5422
      ],
      [
        "PAT_0045",
        0,
        3583.0844
      ]
    ],
    "S16": [
      [
        "PAT_3547",
        1,
        1490.2982
      ],
      [
        "PAT_3547",
        1,
        3600.9880999999996
      ]
    ],
    "S30": [
      [
        "PAT_3561",
        0,
        0.0
      ],
      [
        "PAT_3561",
        0,
        2110.6899
      ],
      [
        "PAT_0003",
        0,
        4221.3798
      ]
    ],
    "S24": [
      [
        "PAT_3631",
        0,
        925.3503
      ],
      [
        "PAT_3631",
        0,
        2876.3379
      ]
    ],
    "S36": [
      [
        "PAT_3567",
        0,
        1879.5388
      ],
      [
        "PAT_3567",
        0,
        3990.2286999999997
      ]
    ],
    "S7": [
      [
        "PAT_3488",
        0,
        0.0
      ]
    ],
    "S33": [
      [
        "PAT_0032",
        0,
        0.0
      ],
      [
        "PAT_0032",
        0,
        1791.5422
      ],
      [
        "PAT_3623",
        1,
        4683.1569
      ]
    ],
    "S20": [
      [
        "PAT_3577",
        0,
        1448.8848
      ],
      [
        "PAT_3577",
        0,
        3399.8724
      ]
    ],
    "S53": [
      [
        "PAT_3615",
        0,
        1459.9536
      ],
      [
        "PAT_3615",
        0,
        3410.9412
      ]
    ],
    "S14": [
      [
        "PAT_3578",
        0,
        2061.9613
      ]
    ],
    "S15": [
      [
        "PAT_0008",
        0,
        0.0
      ],
      [
        "PAT_0008",
        0,
        1791.5422
      ],
      [
        "PAT_0035",
        0,
        3583.0844
      ]
    ],
    "S11": [
      [
        "PAT_0009",
        0,
        3014.9909
      ]
    ],
    "S45": [
      [
        "PAT_0035",
        0,
        0.0
      ],
      [
        "PAT_3588",
        0,
        1791.5422
      ]
    ],
    "S13": [
      [
        "PAT_0767",
        0,
        0.0
      ]
    ],
    "S40": [
      [
        "PAT_2645",
        0,
        0.0
      ]
    ],
    "S12": [
      [
        "PAT_1605",
        0,
        0.0
      ]
    ],
    "S41": [
      [
        "PAT_0066",
        0,
        1371.9555
      ]
    ],
    "S55": [
      [
        "PAT_1604",
        0,
        0.0
      ]
    ],
    "S34": [
      [
        "PAT_0076",
        0,
        0.0
      ]
    ],
    "S21": [
      [
        "PAT_0075",
        0,
        0.0
      ]
    ],
    "S18": [
      [
        "PAT_0055",
        0,
        767.2298
      ]
    ],
    "S37": [
      [
        "PAT_0055",
        0,
        0.0
      ]
    ],
    "S44": [
      [
        "PAT_0054",
        0,
        0.0
      ]
    ],
    "S6": [
      [
        "PAT_0054",
        0,
        0.0
      ]
    ],
    "S47": [
      [
        "PAT_0381",
        0,
        0.0
      ]
    ],
    "S31": [
      [
        "PAT_0054",
        0,
        0.0
      ]
    ]
  }
}