{
  "instance": "SYN_BASELINE_088",
  "method": "SD",
  "start_method": "multistart",
  "time_limit": 60.0,
  "cost": 8437.0323,
  "is_feasible": true,
  "unmet": {},
  "overprod": {
    "P3": 1,
    "P6": 1,
    "P7": 1
  },
  "elapsed_sec": 10.2,
  "active": {
    "S11": [
      [
        "PAT_0471",
        0,
        0.0
      ],
      [
        "PAT_0471",
        0,
        1629.205
      ],
      [
        "PAT_0303",
        0,
        3258.41
      ]
    ],
    "S35": [
      [
        "PAT_0008",
        0,
        1271.2039
      ]
    ],
    "S25": [
      [
        "PAT_0046",
        0,
        0.0
      ],
      [
        "PAT_0046",
        0,
        4031.7817
      ]
    ],
    "S5": [
      [
        "PAT_0606",
        0,
        0.0
      ],
      [
        "PAT_0503",
        0,
        3822.4009
      ]
    ],
    "S7": [
      [
        "PAT_0046",
        0,
        2138.7321
      ]
    ],
    "S28": [
      [
        "PAT_0046",
        0,
        0.0
      ]
    ],
    "S22": [
      [
        "PAT_0046",
        0,
        2555.3255
      ]
    ],
    "S3": [
      [
        "PAT_0565",
        0,
        0.0
      ],
      [
        "PAT_0598",
        0,
        3567.1830999999997
      ]
    ],
    "S12": [
      [
        "PAT_0392",
        0,
        0.0
      ],
      [
        "PAT_0613",
        0,
        3927.5481
      ]
    ],
    "S13": [
      [
        "PAT_0012",
        0,
        0.0
      ]
    ],
    "S32": [
      [
        "PAT_0070",
        1,
        464.6062
      ],
      [
        "PAT_0070",
        1,
        2738.8700000000003
      ]
    ],
    "S9": [
      [
        "PAT_0591",
        0,
        0.0
      ],
      [
        "PAT_0522",
        0,
        3822.4009
      ]
    ],
    "S24": [
      [
        "PAT_0074",
        0,
        1452.7444
      ],
      [
        "PAT_0074",
        0,
        3727.0082
      ]
    ],
    "S6": [
      [
        "PAT_0074",
        0,
        0.0
      ],
      [
        "PAT_0074",
        1,
        3057.0222
      ],
      [
        "PAT_0074",
        1,
        5331.286
      ]
    ],
    "S29": [
      [
        "PAT_0641",
        0,
        520.6634
      ],
      [
        "PAT_0135",
        0,
        4343.0643
      ]
    ]
  }
}