{
  "instance": "SYN_BASELINE_148",
  "method": "FI",
  "start_method": "multistart",
  "time_limit": 60.0,
  "cost": 9397.5741,
  "is_feasible": true,
  "unmet": {},
  "overprod": {
    "P8": 1,
    "P13": 1,
    "P14": 1
  },
  "elapsed_sec": 60.01,
  "active": {
    "S18": [
      [
        "PAT_0292",
        0,
        1684.9534
      ]
    ],
    "S43": [
      [
        "PAT_0165",
        0,
        0.0
      ],
      [
        "PAT_0165",
        0,
        3587.1401
      ]
    ],
    "S49": [
      [
        "PAT_0726",
        0,
        0.0
      ],
      [
        "PAT_0027",
        0,
        2372.2969
      ]
    ],
    "S40": [
      [
        "PAT_0015",
        0,
        1372.6849
      ]
    ],
    "S42": [
      [
        "PAT_0094",
        0,
        1191.3365
      ]
    ],
    "S48": [
      [
        "PAT_0020",
        0,
        0.0
      ],
      [
        "PAT_2568",
        0,
        3587.1401
      ]
    ],
    "S37": [
      [
        "PAT_0313",
        0,
        632.0593
      ],
      [
        "PAT_0019",
        0,
        2952.4460999999997
      ]
    ],
    "S29": [
      [
        "PAT_0314",
        0,
        0.0
      ],
      [
        "PAT_2904",
        1,
        3540.6116
      ]
    ],
    "S30": [
      [
        "PAT_0831",
        0,
        2038.8509
      ],
      [
        "PAT_0831",
        0,
        4332.625099999999
      ]
    ],
    "S14": [
      [
        "PAT_1251",
        0,
        0.0
      ],
      [
        "PAT_1251",
        0,
        2293.7742
      ]
    ],
    "S21": [
      [
        "PAT_2103",
        0,
        0.0
      ],
      [
        "PAT_2103",
        0,
        2579.0011
      ]
    ],
    "S13": [
      [
        "PAT_0326",
        0,
        0.0
      ],
      [
        "PAT_0326",
        0,
        2293.7742
      ],
      [
        "PAT_1371",
        1,
        4587.5484
      ]
    ],
    "S20": [
      [
        "PAT_2132",
        0,
        2770.8651
      ]
    ],
    "S31": [
      [
        "PAT_1178",
        0,
        0.0
      ],
      [
        "PAT_1397",
        0,
        3026.5356
      ]
    ],
    "S9": [
      [
        "PAT_3098",
        0,
        836.9915
      ]
    ],
    "S19": [
      [
        "PAT_2390",
        0,
        739.6671
      ],
      [
        "PAT_2390",
        0,
        3318.6682
      ]
    ],
    "S41": [
      [
        "PAT_1377",
        0,
        0.0
      ],
      [
        "PAT_1322",
        0,
        2579.0011
      ]
    ]
  }
}