{
  "instance": "SYN_BASELINE_110",
  "method": "multistart",
  "start_method": "multistart",
  "time_limit": 60.0,
  "cost": 13608.7055,
  "is_feasible": true,
  "unmet": {},
  "overprod": {
    "P1": 1,
    "P8": 3,
    "P10": 3
  },
  "elapsed_sec": 16.21,
  "active": {
    "S9": [
      [
        "PAT_3638",
        0,
        0.0
      ],
      [
        "PAT_3638",
        0,
        1950.9876
      ],
      [
        "PAT_3638",
        0,
        3901.9752
      ]
    ],
    "S36": [
      [
        "PAT_3519",
        0,
        1879.5388
      ],
      [
        "PAT_3519",
        0,
        3990.2286999999997
      ]
    ],
    "S17": [
      [
        "PAT_0045",
        0,
        0.0
      ],
      [
        "PAT_0045",
        0,
        1791.5422
      ],
      [
        "PAT_0045",
        0,
        3583.0844
      ]
    ],
    "S30": [
      [
        "PAT_3525",
        0,
        0.0
      ],
      [
        "PAT_3525",
        0,
        2110.6899
      ],
      [
        "PAT_0003",
        0,
        4221.3798
      ]
    ],
    "S45": [
      [
        "PAT_3582",
        0,
        0.0
      ],
      [
        "PAT_3582",
        0,
        1950.9876
      ]
    ],
    "S16": [
      [
        "PAT_3567",
        0,
        1490.2982
      ],
      [
        "PAT_3567",
        0,
        3600.9880999999996
      ]
    ],
    "S34": [
      [
        "PAT_3487",
        0,
        2102.5785
      ]
    ],
    "S33": [
      [
        "PAT_0032",
        0,
        0.0
      ],
      [
        "PAT_0032",
        0,
        1791.5422
      ],
      [
        "PAT_3615",
        1,
        4683.1569
      ]
    ],
    "S53": [
      [
        "PAT_3577",
        0,
        1459.9536
      ],
      [
        "PAT_3577",
        0,
        3410.9412
      ]
    ],
    "S20": [
      [
        "PAT_3577",
        0,
        1448.8848
      ],
      [
        "PAT_3577",
        0,
        3399.8724
      ]
    ],
    "S13": [
      [
        "PAT_3615",
        0,
        0.0
      ],
      [
        "PAT_3615",
        0,
        1950.9876
      ],
      [
        "PAT_0008",
        1,
        3901.9752
      ]
    ],
    "S15": [
      [
        "PAT_0008",
        1,
        1516.0217
      ],
      [
        "PAT_0008",
        1,
        3307.5639
      ]
    ],
    "S31": [
      [
        "PAT_0007",
        0,
        0.0
      ],
      [
        "PAT_0007",
        0,
        1791.5422
      ],
      [
        "PAT_0007",
        0,
        3583.0844
      ]
    ],
    "S46": [
      [
        "PAT_0008",
        0,
        0.0
      ]
    ],
    "S24": [
      [
        "PAT_0765",
        0,
        925.3503
      ]
    ],
    "S14": [
      [
        "PAT_2793",
        0,
        587.3337
      ]
    ],
    "S40": [
      [
        "PAT_2645",
        0,
        0.0
      ]
    ],
    "S41": [
      [
        "PAT_0078",
        0,
        1371.9555
      ]
    ],
    "S55": [
      [
        "PAT_0065",
        0,
        0.0
      ]
    ],
    "S18": [
      [
        "PAT_0076",
        0,
        767.2298
      ]
    ],
    "S37": [
      [
        "PAT_0064",
        0,
        0.0
      ]
    ],
    "S12": [
      [
        "PAT_0055",
        0,
        0.0
      ]
    ],
    "S21": [
      [
        "PAT_0054",
        0,
        0.0
      ]
    ],
    "S44": [
      [
        "PAT_0381",
        0,
        0.0
      ]
    ],
    "S6": [
      [
        "PAT_0054",
        0,
        0.0
      ]
    ],
    "S49": [
      [
        "PAT_0381",
        0,
        0.0
      ]
    ],
    "S47": [
      [
        "PAT_0381",
        0,
        0.0
      ]
    ],
    "S5": [
      [
        "PAT_0053",
        0,
        0.0
      ]
    ]
  }
}