{
  "instance": "SYN_BASELINE_106",
  "method": "ILS_SA",
  "start_method": "greedy",
  "time_limit": 60.0,
  "cost": 6940.3741,
  "is_feasible": true,
  "unmet": {},
  "overprod": {
    "P3": 2,
    "P5": 1,
    "P6": 3
  },
  "elapsed_sec": 60.04,
  "active": {
    "S6": [
      [
        "PAT_1566",
        0,
        1251.5539
      ],
      [
        "PAT_1582",
        0,
        5958.170100000001
      ]
    ],
    "S27": [
      [
        "PAT_0015",
        0,
        0.0
      ],
      [
        "PAT_1800",
        1,
        4528.4146
      ]
    ],
    "S4": [
      [
        "PAT_0025",
        0,
        1140.72
      ]
    ],
    "S21": [
      [
        "PAT_1989",
        0,
        0.0
      ],
      [
        "PAT_1851",
        0,
        2453.3529
      ],
      [
        "PAT_1619",
        0,
        6021.965099999999
      ]
    ],
    "S13": [
      [
        "PAT_2048",
        0,
        0.0
      ],
      [
        "PAT_2048",
        0,
        2846.6149
      ],
      [
        "PAT_1940",
        0,
        5693.2298
      ]
    ],
    "S18": [
      [
        "PAT_0670",
        0,
        1394.8859
      ],
      [
        "PAT_0517",
        0,
        6239.4139
      ]
    ],
    "S11": [
      [
        "PAT_2000",
        0,
        0.0
      ],
      [
        "PAT_1804",
        0,
        3246.0826
      ]
    ],
    "S2": [
      [
        "PAT_2015",
        0,
        0.0
      ],
      [
        "PAT_1812",
        0,
        3842.288
      ]
    ],
    "S8": [
      [
        "PAT_0017",
        0,
        0.0
      ],
      [
        "PAT_2010",
        0,
        4528.4146
      ]
    ],
    "S10": [
      [
        "PAT_0323",
        0,
        0.0
      ],
      [
        "PAT_1868",
        1,
        5469.8641
      ]
    ]
  }
}