{
  "instance": "SYN_BASELINE_098",
  "method": "VNS_SA",
  "start_method": "greedy",
  "time_limit": 60.0,
  "cost": 11226.6916,
  "is_feasible": true,
  "unmet": {},
  "overprod": {
    "P3": 1,
    "P9": 1,
    "P10": 2
  },
  "elapsed_sec": 34.14,
  "active": {
    "S42": [
      [
        "PAT_2008",
        0,
        0.0
      ],
      [
        "PAT_2005",
        0,
        4142.747
      ]
    ],
    "S22": [
      [
        "PAT_1309",
        0,
        0.0
      ],
      [
        "PAT_1346",
        0,
        4373.0634
      ]
    ],
    "S37": [
      [
        "PAT_2062",
        0,
        0.0
      ],
      [
        "PAT_1950",
        0,
        1600.1629000000003
      ],
      [
        "PAT_1716",
        0,
        4850.7007
      ]
    ],
    "S16": [
      [
        "PAT_2034",
        0,
        0.0
      ],
      [
        "PAT_0834",
        0,
        1567.6792
      ],
      [
        "PAT_0462",
        1,
        4979.2089
      ]
    ],
    "S41": [
      [
        "PAT_0656",
        0,
        1015.7041
      ],
      [
        "PAT_0887",
        0,
        4045.4757999999997
      ]
    ],
    "S43": [
      [
        "PAT_1330",
        0,
        1318.6083
      ],
      [
        "PAT_1330",
        0,
        4130.7978
      ]
    ],
    "S29": [
      [
        "PAT_2023",
        0,
        752.8781
      ],
      [
        "PAT_1776",
        0,
        2320.5573
      ]
    ],
    "S46": [
      [
        "PAT_0498",
        0,
        0.0
      ],
      [
        "PAT_1984",
        1,
        2812.1895
      ]
    ],
    "S18": [
      [
        "PAT_1703",
        0,
        0.0
      ],
      [
        "PAT_0844",
        1,
        3250.5378
      ]
    ],
    "S1": [
      [
        "PAT_0420",
        0,
        0.0
      ],
      [
        "PAT_1720",
        0,
        3194.7038999999995
      ]
    ],
    "S12": [
      [
        "PAT_1652",
        0,
        0.0
      ],
      [
        "PAT_1046",
        0,
        2812.1895
      ]
    ],
    "S24": [
      [
        "PAT_1910",
        0,
        0.0
      ],
      [
        "PAT_1347",
        0,
        3250.5378
      ],
      [
        "PAT_2017",
        0,
        6062.7273000000005
      ]
    ],
    "S20": [
      [
        "PAT_2056",
        0,
        0.0
      ],
      [
        "PAT_2027",
        1,
        2211.6317
      ],
      [
        "PAT_2027",
        1,
        3779.3109
      ]
    ],
    "S7": [
      [
        "PAT_0537",
        0,
        411.5157
      ],
      [
        "PAT_2026",
        1,
        4607.8534
      ]
    ],
    "S8": [
      [
        "PAT_0838",
        0,
        1429.0805
      ],
      [
        "PAT_0537",
        0,
        4241.27
      ]
    ],
    "S14": [
      [
        "PAT_1952",
        0,
        0.0
      ],
      [
        "PAT_0306",
        0,
        3250.5378
      ]
    ],
    "S35": [
      [
        "PAT_1738",
        0,
        0.0
      ]
    ],
    "S32": [
      [
        "PAT_1856",
        0,
        987.5127
      ],
      [
        "PAT_2021",
        1,
        5288.756
      ]
    ]
  }
}