{
  "instance": "SYN_BASELINE_098",
  "method": "VNS_SA",
  "start_method": "multistart",
  "time_limit": 60.0,
  "cost": 10963.7976,
  "is_feasible": true,
  "unmet": {},
  "overprod": {
    "P1": 2,
    "P3": 1,
    "P10": 1
  },
  "elapsed_sec": 60.02,
  "active": {
    "S42": [
      [
        "PAT_1963",
        0,
        0.0
      ],
      [
        "PAT_2061",
        1,
        4142.747
      ],
      [
        "PAT_2061",
        1,
        5710.4262
      ]
    ],
    "S24": [
      [
        "PAT_1997",
        0,
        0.0
      ],
      [
        "PAT_1997",
        0,
        3250.5378
      ],
      [
        "PAT_2048",
        0,
        6501.0756
      ]
    ],
    "S20": [
      [
        "PAT_0009",
        0,
        0.0
      ],
      [
        "PAT_1641",
        0,
        2919.6196000000004
      ]
    ],
    "S16": [
      [
        "PAT_0460",
        0,
        0.0
      ],
      [
        "PAT_1772",
        0,
        2975.2789999999995
      ],
      [
        "PAT_2022",
        1,
        6293.5067
      ]
    ],
    "S14": [
      [
        "PAT_1383",
        0,
        0.0
      ],
      [
        "PAT_2022",
        0,
        2812.1895
      ],
      [
        "PAT_0306",
        0,
        4379.8687
      ]
    ],
    "S8": [
      [
        "PAT_0921",
        0,
        1429.0805
      ],
      [
        "PAT_0575",
        0,
        4241.27
      ]
    ],
    "S12": [
      [
        "PAT_0194",
        0,
        0.0
      ],
      [
        "PAT_0194",
        0,
        2812.1895
      ]
    ],
    "S32": [
      [
        "PAT_1874",
        0,
        987.5127
      ],
      [
        "PAT_2032",
        1,
        5288.756
      ]
    ],
    "S1": [
      [
        "PAT_2029",
        0,
        0.0
      ],
      [
        "PAT_1282",
        0,
        1567.6792
      ],
      [
        "PAT_1760",
        0,
        4379.8687
      ]
    ],
    "S43": [
      [
        "PAT_1683",
        0,
        0.0
      ],
      [
        "PAT_1628",
        0,
        3250.5378
      ]
    ],
    "S34": [
      [
        "PAT_0516",
        0,
        0.0
      ],
      [
        "PAT_1938",
        1,
        2908.078
      ]
    ],
    "S46": [
      [
        "PAT_1163",
        0,
        0.0
      ],
      [
        "PAT_1900",
        1,
        3180.6375
      ]
    ],
    "S18": [
      [
        "PAT_1968",
        0,
        0.0
      ],
      [
        "PAT_1760",
        1,
        3250.5378
      ]
    ],
    "S7": [
      [
        "PAT_1720",
        0,
        411.5157
      ],
      [
        "PAT_1672",
        0,
        3662.0535
      ]
    ],
    "S37": [
      [
        "PAT_0871",
        0,
        1316.7592
      ],
      [
        "PAT_0462",
        0,
        4128.9487
      ]
    ],
    "S41": [
      [
        "PAT_1615",
        0,
        3825.8127
      ]
    ],
    "S29": [
      [
        "PAT_2063",
        0,
        752.8781
      ],
      [
        "PAT_0832",
        0,
        2320.5573
      ]
    ]
  }
}