{
  "instance": "SYN_BASELINE_110",
  "method": "GRASP_SA",
  "start_method": "none",
  "time_limit": 60.0,
  "cost": 11927.8465,
  "is_feasible": true,
  "unmet": {},
  "overprod": {
    "P4": 1,
    "P6": 1,
    "P10": 2,
    "P12": 1
  },
  "elapsed_sec": 60.36,
  "active": {
    "S16": [
      [
        "PAT_3631",
        0,
        0.0
      ],
      [
        "PAT_2841",
        0,
        2827.4878999999996
      ]
    ],
    "S17": [
      [
        "PAT_3653",
        0,
        0.0
      ],
      [
        "PAT_3653",
        0,
        1950.9876
      ]
    ],
    "S9": [
      [
        "PAT_3519",
        0,
        0.0
      ],
      [
        "PAT_3519",
        0,
        2110.6899
      ],
      [
        "PAT_3632",
        0,
        4221.3798
      ]
    ],
    "S36": [
      [
        "PAT_3470",
        0,
        0.0
      ],
      [
        "PAT_1633",
        0,
        2865.4262999999996
      ]
    ],
    "S30": [
      [
        "PAT_0050",
        0,
        0.0
      ],
      [
        "PAT_0050",
        0,
        1791.5422
      ],
      [
        "PAT_0043",
        0,
        3583.0844
      ]
    ],
    "S15": [
      [
        "PAT_3577",
        0,
        0.0
      ],
      [
        "PAT_3509",
        0,
        2272.993100000001
      ],
      [
        "PAT_3509",
        0,
        4383.683000000001
      ]
    ],
    "S53": [
      [
        "PAT_3576",
        0,
        0.0
      ],
      [
        "PAT_0959",
        0,
        2155.8483
      ]
    ],
    "S13": [
      [
        "PAT_0028",
        0,
        0.0
      ],
      [
        "PAT_0028",
        0,
        1791.5422
      ],
      [
        "PAT_0028",
        0,
        3583.0844
      ]
    ],
    "S45": [
      [
        "PAT_3525",
        0,
        0.0
      ]
    ],
    "S40": [
      [
        "PAT_0515",
        0,
        0.0
      ]
    ],
    "S24": [
      [
        "PAT_0605",
        0,
        925.3503
      ]
    ],
    "S11": [
      [
        "PAT_3577",
        0,
        0.0
      ],
      [
        "PAT_3472",
        0,
        3014.9909
      ]
    ],
    "S41": [
      [
        "PAT_0056",
        0,
        1371.9555
      ]
    ],
    "S14": [
      [
        "PAT_3609",
        0,
        587.3337
      ],
      [
        "PAT_3578",
        0,
        2819.9333
      ]
    ],
    "S35": [
      [
        "PAT_0007",
        0,
        1157.4269
      ],
      [
        "PAT_0007",
        0,
        2948.9691000000003
      ],
      [
        "PAT_0007",
        0,
        4740.5113
      ]
    ],
    "S37": [
      [
        "PAT_0007",
        0,
        0.0
      ],
      [
        "PAT_0007",
        0,
        1791.5422
      ],
      [
        "PAT_0007",
        0,
        3583.0844
      ]
    ],
    "S49": [
      [
        "PAT_0007",
        0,
        0.0
      ],
      [
        "PAT_0007",
        0,
        1791.5422
      ],
      [
        "PAT_0007",
        0,
        3583.0844
      ]
    ],
    "S47": [
      [
        "PAT_3576",
        0,
        0.0
      ],
      [
        "PAT_3576",
        0,
        1950.9876
      ],
      [
        "PAT_3576",
        0,
        3901.9752
      ]
    ],
    "S31": [
      [
        "PAT_0007",
        0,
        0.0
      ],
      [
        "PAT_0007",
        0,
        1791.5422
      ],
      [
        "PAT_0007",
        0,
        3583.0844
      ]
    ],
    "S33": [
      [
        "PAT_0289",
        0,
        0.0
      ],
      [
        "PAT_3623",
        1,
        4683.1569
      ]
    ],
    "S20": [
      [
        "PAT_0634",
        0,
        1448.8848
      ]
    ]
  }
}