{
  "instance": "SYN_BASELINE_088",
  "method": "FI",
  "start_method": "multistart",
  "time_limit": 60.0,
  "cost": 8412.2665,
  "is_feasible": true,
  "unmet": {},
  "overprod": {
    "P3": 3,
    "P6": 1,
    "P7": 1,
    "P12": 1
  },
  "elapsed_sec": 60.0,
  "active": {
    "S35": [
      [
        "PAT_0008",
        0,
        1271.2039
      ]
    ],
    "S25": [
      [
        "PAT_0046",
        0,
        0.0
      ],
      [
        "PAT_0046",
        0,
        4031.7817
      ]
    ],
    "S5": [
      [
        "PAT_0606",
        0,
        0.0
      ],
      [
        "PAT_0522",
        0,
        3822.4009
      ]
    ],
    "S7": [
      [
        "PAT_0046",
        0,
        2138.7321
      ]
    ],
    "S28": [
      [
        "PAT_0046",
        0,
        0.0
      ]
    ],
    "S22": [
      [
        "PAT_0046",
        0,
        2555.3255
      ]
    ],
    "S32": [
      [
        "PAT_0070",
        1,
        464.6062
      ],
      [
        "PAT_0070",
        1,
        2738.8700000000003
      ]
    ],
    "S27": [
      [
        "PAT_0012",
        0,
        0.0
      ],
      [
        "PAT_0418",
        0,
        4031.7817
      ]
    ],
    "S24": [
      [
        "PAT_0074",
        0,
        1452.7444
      ],
      [
        "PAT_0074",
        0,
        3727.0082
      ]
    ],
    "S9": [
      [
        "PAT_0590",
        0,
        0.0
      ]
    ],
    "S3": [
      [
        "PAT_0134",
        0,
        0.0
      ],
      [
        "PAT_0598",
        0,
        2608.8842
      ]
    ],
    "S29": [
      [
        "PAT_0568",
        0,
        0.0
      ],
      [
        "PAT_0650",
        0,
        2768.1012
      ]
    ],
    "S6": [
      [
        "PAT_0074",
        1,
        2140.7222
      ],
      [
        "PAT_0074",
        1,
        4414.986000000001
      ]
    ],
    "S12": [
      [
        "PAT_0392",
        0,
        0.0
      ],
      [
        "PAT_0665",
        0,
        3927.5481
      ]
    ],
    "S11": [
      [
        "PAT_0301",
        0,
        0.0
      ],
      [
        "PAT_0477",
        0,
        2274.2638
      ],
      [
        "PAT_0477",
        0,
        3903.4688
      ]
    ]
  }
}