{
  "instance": "SYN_BASELINE_063",
  "method": "multistart",
  "start_method": "none",
  "time_limit": 60.0,
  "cost": 13458.5209,
  "is_feasible": true,
  "unmet": {},
  "overprod": {
    "P1": 1,
    "P3": 1,
    "P4": 1,
    "P10": 1,
    "P14": 1,
    "P15": 6
  },
  "elapsed_sec": 6.86,
  "active": {
    "S14": [
      [
        "PAT_1690",
        0,
        0.0
      ],
      [
        "PAT_1690",
        0,
        2522.2804
      ],
      [
        "PAT_1744",
        0,
        5044.5608
      ]
    ],
    "S1": [
      [
        "PAT_1607",
        1,
        2105.5732
      ],
      [
        "PAT_1607",
        1,
        4814.8616999999995
      ]
    ],
    "S13": [
      [
        "PAT_1756",
        0,
        1414.1464
      ],
      [
        "PAT_1756",
        0,
        3663.2634000000003
      ]
    ],
    "S15": [
      [
        "PAT_1630",
        0,
        0.0
      ],
      [
        "PAT_1630",
        0,
        2522.2804
      ],
      [
        "PAT_1630",
        0,
        5044.5608
      ],
      [
        "PAT_1630",
        1,
        7566.841200000001
      ]
    ],
    "S31": [
      [
        "PAT_1669",
        0,
        0.0
      ],
      [
        "PAT_0038",
        0,
        2522.2804
      ]
    ],
    "S18": [
      [
        "PAT_1502",
        0,
        3846.2188
      ]
    ],
    "S41": [
      [
        "PAT_2078",
        0,
        0.0
      ],
      [
        "PAT_2078",
        0,
        4163.3688
      ]
    ],
    "S19": [
      [
        "PAT_1251",
        1,
        1534.0907
      ],
      [
        "PAT_1251",
        1,
        5156.8877999999995
      ]
    ],
    "S11": [
      [
        "PAT_2265",
        0,
        1012.3027
      ]
    ],
    "S9": [
      [
        "PAT_1857",
        0,
        0.0
      ],
      [
        "PAT_2240",
        1,
        4163.3688
      ]
    ],
    "S17": [
      [
        "PAT_1774",
        0,
        3284.4192
      ]
    ],
    "S38": [
      [
        "PAT_0585",
        0,
        0.0
      ],
      [
        "PAT_0585",
        0,
        3622.7971
      ]
    ],
    "S3": [
      [
        "PAT_1779",
        0,
        1553.5206
      ],
      [
        "PAT_1779",
        0,
        5716.8894
      ]
    ],
    "S16": [
      [
        "PAT_0029",
        0,
        0.0
      ]
    ],
    "S12": [
      [
        "PAT_0028",
        0,
        3919.1518
      ]
    ],
    "S33": [
      [
        "PAT_1779",
        0,
        3229.6447
      ]
    ],
    "S7": [
      [
        "PAT_0499",
        0,
        4797.8674
      ]
    ],
    "S4": [
      [
        "PAT_0011",
        0,
        5162.156
      ]
    ],
    "S2": [
      [
        "PAT_0011",
        0,
        0.0
      ],
      [
        "PAT_0348",
        1,
        5239.2398
      ]
    ],
    "S20": [
      [
        "PAT_0010",
        0,
        0.0
      ]
    ],
    "S39": [
      [
        "PAT_0010",
        0,
        2838.5022
      ]
    ],
    "S35": [
      [
        "PAT_0010",
        0,
        0.0
      ]
    ],
    "S28": [
      [
        "PAT_0010",
        0,
        0.0
      ]
    ],
    "S34": [
      [
        "PAT_0010",
        0,
        0.0
      ]
    ],
    "S10": [
      [
        "PAT_0010",
        1,
        1533.7892
      ]
    ]
  }
}