{
  "instance": "SYN_BASELINE_110",
  "method": "SA",
  "start_method": "multistart",
  "time_limit": 60.0,
  "cost": 12307.9265,
  "is_feasible": true,
  "unmet": {},
  "overprod": {
    "P4": 1,
    "P8": 1,
    "P10": 1
  },
  "elapsed_sec": 60.29,
  "active": {
    "S9": [
      [
        "PAT_0046",
        0,
        0.0
      ],
      [
        "PAT_3638",
        0,
        1950.9876
      ],
      [
        "PAT_3638",
        0,
        3901.9752
      ]
    ],
    "S36": [
      [
        "PAT_3487",
        0,
        0.0
      ],
      [
        "PAT_3519",
        0,
        2395.5346000000004
      ],
      [
        "PAT_3519",
        0,
        4506.2245
      ]
    ],
    "S16": [
      [
        "PAT_0027",
        0,
        0.0
      ],
      [
        "PAT_3567",
        0,
        2357.5961999999995
      ],
      [
        "PAT_3567",
        0,
        4468.286099999999
      ]
    ],
    "S15": [
      [
        "PAT_0008",
        0,
        0.0
      ],
      [
        "PAT_0008",
        0,
        1791.5422
      ],
      [
        "PAT_3525",
        0,
        3583.0844
      ]
    ],
    "S53": [
      [
        "PAT_3615",
        0,
        1459.9536
      ],
      [
        "PAT_3615",
        0,
        3410.9412
      ]
    ],
    "S17": [
      [
        "PAT_0052",
        0,
        0.0
      ],
      [
        "PAT_0032",
        0,
        1791.5422
      ],
      [
        "PAT_0032",
        0,
        3583.0844
      ]
    ],
    "S30": [
      [
        "PAT_3643",
        0,
        0.0
      ],
      [
        "PAT_3577",
        0,
        1950.9876
      ],
      [
        "PAT_0012",
        0,
        3901.9752
      ]
    ],
    "S12": [
      [
        "PAT_3577",
        0,
        0.0
      ],
      [
        "PAT_0832",
        0,
        1950.9876
      ]
    ],
    "S34": [
      [
        "PAT_0534",
        0,
        0.0
      ]
    ],
    "S7": [
      [
        "PAT_0008",
        0,
        0.0
      ]
    ],
    "S52": [
      [
        "PAT_3641",
        0,
        0.0
      ],
      [
        "PAT_3615",
        0,
        2473.2926
      ]
    ],
    "S6": [
      [
        "PAT_0114",
        0,
        0.0
      ]
    ],
    "S45": [
      [
        "PAT_0544",
        0,
        0.0
      ]
    ],
    "S13": [
      [
        "PAT_0333",
        0,
        0.0
      ],
      [
        "PAT_0008",
        1,
        3751.4881
      ]
    ],
    "S18": [
      [
        "PAT_0064",
        0,
        767.2298
      ]
    ],
    "S21": [
      [
        "PAT_0075",
        0,
        0.0
      ]
    ],
    "S44": [
      [
        "PAT_0114",
        0,
        0.0
      ]
    ],
    "S37": [
      [
        "PAT_0055",
        0,
        0.0
      ]
    ],
    "S55": [
      [
        "PAT_0076",
        0,
        0.0
      ]
    ],
    "S31": [
      [
        "PAT_0701",
        0,
        0.0
      ]
    ],
    "S24": [
      [
        "PAT_1303",
        0,
        925.3503
      ]
    ],
    "S11": [
      [
        "PAT_3525",
        0,
        0.0
      ],
      [
        "PAT_0382",
        0,
        2110.6899
      ]
    ],
    "S33": [
      [
        "PAT_3618",
        0,
        0.0
      ],
      [
        "PAT_0032",
        0,
        1950.9876
      ],
      [
        "PAT_3623",
        1,
        4683.1569
      ]
    ]
  }
}