{
  "instance": "SYN_BASELINE_106",
  "method": "FI",
  "start_method": "multistart",
  "time_limit": 60.0,
  "cost": 7891.9693,
  "is_feasible": true,
  "unmet": {},
  "overprod": {
    "P3": 2,
    "P4": 1,
    "P5": 1,
    "P6": 3,
    "P7": 1,
    "P11": 1
  },
  "elapsed_sec": 60.01,
  "active": {
    "S27": [
      [
        "PAT_1999",
        0,
        1054.8092
      ],
      [
        "PAT_1999",
        0,
        3508.1620999999996
      ]
    ],
    "S2": [
      [
        "PAT_2015",
        0,
        0.0
      ],
      [
        "PAT_2010",
        0,
        3842.288
      ]
    ],
    "S11": [
      [
        "PAT_0025",
        0,
        690.6698
      ]
    ],
    "S4": [
      [
        "PAT_0022",
        0,
        1140.72
      ],
      [
        "PAT_0001",
        0,
        5669.1346
      ]
    ],
    "S21": [
      [
        "PAT_0028",
        0,
        0.0
      ],
      [
        "PAT_0028",
        0,
        3568.6122
      ]
    ],
    "S12": [
      [
        "PAT_0068",
        0,
        0.0
      ],
      [
        "PAT_0068",
        0,
        3568.6122
      ]
    ],
    "S10": [
      [
        "PAT_1891",
        0,
        0.0
      ],
      [
        "PAT_0373",
        1,
        5469.8641
      ]
    ],
    "S6": [
      [
        "PAT_0684",
        0,
        1251.5539
      ],
      [
        "PAT_0393",
        0,
        5958.170100000001
      ]
    ],
    "S8": [
      [
        "PAT_0048",
        0,
        0.0
      ],
      [
        "PAT_1566",
        0,
        3568.6122
      ]
    ],
    "S22": [
      [
        "PAT_0065",
        0,
        0.0
      ],
      [
        "PAT_0435",
        0,
        3568.6122
      ]
    ],
    "S13": [
      [
        "PAT_2048",
        0,
        0.0
      ],
      [
        "PAT_2048",
        0,
        2846.6149
      ],
      [
        "PAT_1940",
        0,
        5693.2298
      ]
    ],
    "S18": [
      [
        "PAT_1727",
        0,
        1394.8859
      ],
      [
        "PAT_0354",
        1,
        6121.3752
      ]
    ]
  }
}