{
  "instance": "SYN_BASELINE_148",
  "method": "GRASP_SA",
  "start_method": "none",
  "time_limit": 60.0,
  "cost": 9480.2581,
  "is_feasible": true,
  "unmet": {},
  "overprod": {
    "P1": 1,
    "P6": 1,
    "P8": 1,
    "P13": 1,
    "P14": 3
  },
  "elapsed_sec": 60.22,
  "active": {
    "S18": [
      [
        "PAT_2874",
        0,
        0.0
      ],
      [
        "PAT_2874",
        0,
        2579.0011
      ]
    ],
    "S49": [
      [
        "PAT_0884",
        0,
        2372.2969
      ],
      [
        "PAT_0884",
        0,
        4666.071099999999
      ]
    ],
    "S40": [
      [
        "PAT_1176",
        0,
        1634.9314
      ],
      [
        "PAT_1176",
        0,
        3928.7056
      ]
    ],
    "S13": [
      [
        "PAT_0255",
        0,
        0.0
      ],
      [
        "PAT_0255",
        0,
        3587.1401
      ]
    ],
    "S41": [
      [
        "PAT_1320",
        0,
        0.0
      ],
      [
        "PAT_2312",
        0,
        2542.8537
      ]
    ],
    "S47": [
      [
        "PAT_0043",
        0,
        1279.7
      ]
    ],
    "S19": [
      [
        "PAT_1874",
        0,
        739.6671
      ],
      [
        "PAT_1874",
        0,
        3318.6682
      ]
    ],
    "S20": [
      [
        "PAT_0312",
        0,
        0.0
      ],
      [
        "PAT_2161",
        0,
        2770.8651
      ]
    ],
    "S48": [
      [
        "PAT_1179",
        0,
        0.0
      ],
      [
        "PAT_1179",
        0,
        2293.7742
      ]
    ],
    "S7": [
      [
        "PAT_0312",
        0,
        954.3489
      ],
      [
        "PAT_0312",
        0,
        3248.1231
      ]
    ],
    "S37": [
      [
        "PAT_0313",
        0,
        632.0593
      ],
      [
        "PAT_0019",
        0,
        2925.8334999999997
      ]
    ],
    "S14": [
      [
        "PAT_0014",
        0,
        0.0
      ]
    ],
    "S28": [
      [
        "PAT_0019",
        0,
        0.0
      ],
      [
        "PAT_0017",
        0,
        3587.1401
      ]
    ],
    "S29": [
      [
        "PAT_0014",
        0,
        0.0
      ],
      [
        "PAT_1396",
        1,
        3587.1401
      ]
    ],
    "S21": [
      [
        "PAT_0146",
        0,
        0.0
      ],
      [
        "PAT_0296",
        0,
        3587.1401
      ]
    ],
    "S42": [
      [
        "PAT_0065",
        0,
        1191.3365
      ]
    ],
    "S43": [
      [
        "PAT_3083",
        0,
        0.0
      ],
      [
        "PAT_3083",
        0,
        2579.0011
      ]
    ]
  }
}