{
  "instance": "SYN_BASELINE_133",
  "method": "TS",
  "start_method": "multistart",
  "time_limit": 60.0,
  "cost": 8877.8359,
  "is_feasible": true,
  "unmet": {},
  "overprod": {
    "P5": 1,
    "P6": 1,
    "P13": 1
  },
  "elapsed_sec": 60.01,
  "active": {
    "S9": [
      [
        "PAT_1080",
        0,
        0.0
      ],
      [
        "PAT_1080",
        0,
        3253.6279
      ]
    ],
    "S37": [
      [
        "PAT_1330",
        0,
        0.0
      ],
      [
        "PAT_1330",
        0,
        2485.9721
      ]
    ],
    "S11": [
      [
        "PAT_0015",
        0,
        1714.3302
      ],
      [
        "PAT_0015",
        0,
        4168.0283
      ]
    ],
    "S14": [
      [
        "PAT_0011",
        0,
        2871.0562
      ],
      [
        "PAT_0011",
        0,
        5324.7543000000005
      ]
    ],
    "S26": [
      [
        "PAT_1335",
        0,
        0.0
      ],
      [
        "PAT_1335",
        0,
        1610.2438
      ],
      [
        "PAT_0002",
        0,
        3220.4876
      ]
    ],
    "S4": [
      [
        "PAT_1324",
        0,
        0.0
      ],
      [
        "PAT_0754",
        0,
        2751.0091999999995
      ]
    ],
    "S13": [
      [
        "PAT_0042",
        0,
        1203.0041
      ]
    ],
    "S5": [
      [
        "PAT_1286",
        0,
        1597.6915
      ],
      [
        "PAT_1286",
        0,
        2755.2093
      ],
      [
        "PAT_1016",
        0,
        3912.7271
      ]
    ],
    "S24": [
      [
        "PAT_0220",
        0,
        0.0
      ]
    ],
    "S36": [
      [
        "PAT_1035",
        0,
        2907.3694
      ]
    ],
    "S17": [
      [
        "PAT_1307",
        0,
        0.0
      ],
      [
        "PAT_1116",
        0,
        2631.24
      ],
      [
        "PAT_1055",
        0,
        3788.7578
      ]
    ],
    "S21": [
      [
        "PAT_0963",
        0,
        0.0
      ],
      [
        "PAT_1323",
        0,
        4118.1894
      ]
    ],
    "S29": [
      [
        "PAT_1034",
        0,
        636.3309
      ]
    ],
    "S12": [
      [
        "PAT_0034",
        0,
        741.4226
      ]
    ],
    "S16": [
      [
        "PAT_1035",
        0,
        0.0
      ],
      [
        "PAT_1326",
        1,
        4764.3841
      ]
    ],
    "S3": [
      [
        "PAT_0042",
        0,
        978.0518
      ]
    ]
  }
}