{
  "instance": "SYN_BASELINE_145",
  "method": "greedy",
  "start_method": "none",
  "time_limit": 60.0,
  "cost": 12003.8954,
  "is_feasible": true,
  "unmet": {},
  "overprod": {
    "P3": 1,
    "P4": 2,
    "P5": 1,
    "P7": 1
  },
  "elapsed_sec": 0.99,
  "active": {
    "S46": [
      [
        "PAT_0191",
        0,
        0.0
      ],
      [
        "PAT_0191",
        0,
        1760.0786
      ],
      [
        "PAT_0083",
        0,
        3520.1572
      ]
    ],
    "S15": [
      [
        "PAT_5132",
        0,
        1082.657
      ],
      [
        "PAT_5132",
        0,
        3946.7470000000003
      ]
    ],
    "S2": [
      [
        "PAT_0259",
        0,
        0.0
      ],
      [
        "PAT_0259",
        0,
        1760.0786
      ],
      [
        "PAT_0259",
        0,
        3520.1572
      ],
      [
        "PAT_0061",
        0,
        5280.2358
      ]
    ],
    "S57": [
      [
        "PAT_5116",
        0,
        0.0
      ],
      [
        "PAT_0244",
        1,
        2864.09
      ]
    ],
    "S25": [
      [
        "PAT_0259",
        0,
        2185.315
      ],
      [
        "PAT_0259",
        0,
        3945.3936000000003
      ]
    ],
    "S55": [
      [
        "PAT_3589",
        0,
        0.0
      ],
      [
        "PAT_3589",
        0,
        3478.7074
      ]
    ],
    "S56": [
      [
        "PAT_4777",
        0,
        0.0
      ]
    ],
    "S18": [
      [
        "PAT_0332",
        0,
        0.0
      ]
    ],
    "S13": [
      [
        "PAT_2228",
        0,
        0.0
      ],
      [
        "PAT_0300",
        0,
        3478.7074
      ]
    ],
    "S35": [
      [
        "PAT_0301",
        0,
        1433.7636
      ]
    ],
    "S59": [
      [
        "PAT_1821",
        0,
        0.0
      ]
    ],
    "S37": [
      [
        "PAT_2423",
        0,
        1824.3849
      ]
    ],
    "S41": [
      [
        "PAT_1840",
        0,
        2361.0309
      ]
    ],
    "S23": [
      [
        "PAT_1839",
        0,
        0.0
      ]
    ],
    "S14": [
      [
        "PAT_1786",
        0,
        0.0
      ]
    ],
    "S7": [
      [
        "PAT_0318",
        0,
        1308.5003
      ]
    ],
    "S16": [
      [
        "PAT_0317",
        0,
        0.0
      ],
      [
        "PAT_0317",
        0,
        3478.7074
      ]
    ],
    "S44": [
      [
        "PAT_0317",
        0,
        0.0
      ]
    ],
    "S38": [
      [
        "PAT_0283",
        0,
        3911.6688
      ]
    ],
    "S34": [
      [
        "PAT_0283",
        0,
        4310.0193
      ]
    ],
    "S20": [
      [
        "PAT_0282",
        0,
        0.0
      ]
    ],
    "S8": [
      [
        "PAT_3171",
        0,
        1842.7401
      ]
    ],
    "S54": [
      [
        "PAT_0282",
        0,
        0.0
      ]
    ],
    "S33": [
      [
        "PAT_0282",
        0,
        3124.1376
      ]
    ],
    "S47": [
      [
        "PAT_0282",
        0,
        1186.2607
      ]
    ]
  }
}