{
  "instance": "SYN_BASELINE_063",
  "method": "TS",
  "start_method": "multistart",
  "time_limit": 60.0,
  "cost": 12466.887,
  "is_feasible": true,
  "unmet": {},
  "overprod": {
    "P9": 1,
    "P14": 1,
    "P15": 3
  },
  "elapsed_sec": 60.01,
  "active": {
    "S1": [
      [
        "PAT_1607",
        1,
        4282.416399999998
      ],
      [
        "PAT_1607",
        1,
        6991.704899999999
      ]
    ],
    "S18": [
      [
        "PAT_2240",
        0,
        0.0
      ],
      [
        "PAT_1502",
        0,
        4458.0657
      ]
    ],
    "S41": [
      [
        "PAT_2078",
        0,
        0.0
      ],
      [
        "PAT_2078",
        0,
        4163.3688
      ]
    ],
    "S11": [
      [
        "PAT_2265",
        0,
        1012.3027
      ]
    ],
    "S3": [
      [
        "PAT_1779",
        0,
        1553.5206
      ],
      [
        "PAT_1779",
        0,
        5716.8894
      ]
    ],
    "S16": [
      [
        "PAT_0029",
        0,
        0.0
      ]
    ],
    "S39": [
      [
        "PAT_0010",
        0,
        2838.5022
      ]
    ],
    "S15": [
      [
        "PAT_1631",
        0,
        0.0
      ],
      [
        "PAT_1631",
        1,
        3202.9753
      ],
      [
        "PAT_1631",
        1,
        5725.2557
      ]
    ],
    "S40": [
      [
        "PAT_0028",
        0,
        2172.4348
      ]
    ],
    "S20": [
      [
        "PAT_0010",
        0,
        0.0
      ]
    ],
    "S13": [
      [
        "PAT_1705",
        0,
        1414.1464
      ],
      [
        "PAT_1705",
        0,
        3663.2634000000003
      ]
    ],
    "S38": [
      [
        "PAT_1386",
        0,
        0.0
      ],
      [
        "PAT_1386",
        0,
        3622.7971
      ]
    ],
    "S34": [
      [
        "PAT_0010",
        0,
        0.0
      ]
    ],
    "S35": [
      [
        "PAT_0010",
        0,
        0.0
      ]
    ],
    "S14": [
      [
        "PAT_1690",
        0,
        0.0
      ],
      [
        "PAT_1690",
        0,
        2522.2804
      ]
    ],
    "S9": [
      [
        "PAT_1857",
        0,
        0.0
      ],
      [
        "PAT_1666",
        0,
        5770.411
      ]
    ],
    "S17": [
      [
        "PAT_1732",
        0,
        0.0
      ],
      [
        "PAT_1774",
        0,
        3284.4192
      ]
    ],
    "S12": [
      [
        "PAT_0011",
        0,
        3919.1518
      ]
    ],
    "S2": [
      [
        "PAT_0011",
        0,
        0.0
      ],
      [
        "PAT_0348",
        1,
        5239.2398
      ]
    ],
    "S31": [
      [
        "PAT_0475",
        0,
        0.0
      ],
      [
        "PAT_0358",
        1,
        3622.7971
      ]
    ],
    "S19": [
      [
        "PAT_1251",
        1,
        1534.0907
      ],
      [
        "PAT_1251",
        1,
        5156.8877999999995
      ]
    ],
    "S29": [
      [
        "PAT_1779",
        0,
        0.0
      ],
      [
        "PAT_0049",
        1,
        5045.1851
      ]
    ]
  }
}