{
  "instance": "SYN_BASELINE_063",
  "method": "VNS_SA",
  "start_method": "multistart",
  "time_limit": 60.0,
  "cost": 10718.2472,
  "is_feasible": true,
  "unmet": {},
  "overprod": {
    "P3": 3,
    "P14": 2,
    "P15": 1
  },
  "elapsed_sec": 37.85,
  "active": {
    "S41": [
      [
        "PAT_2078",
        0,
        0.0
      ],
      [
        "PAT_2078",
        0,
        4163.3688
      ]
    ],
    "S15": [
      [
        "PAT_1631",
        0,
        0.0
      ],
      [
        "PAT_1631",
        1,
        3202.9753
      ],
      [
        "PAT_0443",
        1,
        5725.2557
      ]
    ],
    "S38": [
      [
        "PAT_0585",
        0,
        0.0
      ],
      [
        "PAT_0585",
        0,
        3622.7971
      ]
    ],
    "S9": [
      [
        "PAT_2199",
        0,
        0.0
      ],
      [
        "PAT_1608",
        1,
        5770.411
      ]
    ],
    "S4": [
      [
        "PAT_2241",
        0,
        0.0
      ],
      [
        "PAT_0011",
        0,
        5162.156
      ]
    ],
    "S11": [
      [
        "PAT_2219",
        0,
        1012.3027
      ],
      [
        "PAT_1606",
        1,
        5175.6715
      ]
    ],
    "S18": [
      [
        "PAT_1808",
        0,
        3846.2188
      ]
    ],
    "S19": [
      [
        "PAT_1213",
        0,
        0.0
      ],
      [
        "PAT_1639",
        1,
        3752.553
      ],
      [
        "PAT_1118",
        0,
        6274.8333999999995
      ]
    ],
    "S2": [
      [
        "PAT_1780",
        0,
        0.0
      ],
      [
        "PAT_0348",
        1,
        5239.2398
      ]
    ],
    "S17": [
      [
        "PAT_1752",
        0,
        0.0
      ],
      [
        "PAT_0443",
        0,
        3698.0448
      ]
    ],
    "S14": [
      [
        "PAT_1690",
        0,
        0.0
      ],
      [
        "PAT_1485",
        0,
        2522.2804
      ],
      [
        "PAT_1751",
        0,
        6145.077499999999
      ]
    ],
    "S31": [
      [
        "PAT_1647",
        0,
        0.0
      ],
      [
        "PAT_1751",
        1,
        3382.8714
      ]
    ],
    "S7": [
      [
        "PAT_0499",
        0,
        4797.8674
      ]
    ],
    "S1": [
      [
        "PAT_1380",
        0,
        2105.5732
      ],
      [
        "PAT_0499",
        0,
        5728.3703
      ]
    ],
    "S29": [
      [
        "PAT_2139",
        0,
        0.0
      ],
      [
        "PAT_0010",
        1,
        5045.1851
      ]
    ],
    "S13": [
      [
        "PAT_0351",
        0,
        0.0
      ],
      [
        "PAT_1669",
        0,
        3622.7971
      ]
    ]
  }
}