{
  "instance": "SYN_BASELINE_110",
  "method": "ILS_SA",
  "start_method": "multistart",
  "time_limit": 60.0,
  "cost": 12532.4878,
  "is_feasible": true,
  "unmet": {},
  "overprod": {
    "P4": 1,
    "P10": 1,
    "P14": 1
  },
  "elapsed_sec": 60.07,
  "active": {
    "S36": [
      [
        "PAT_0037",
        0,
        0.0
      ],
      [
        "PAT_3519",
        0,
        2395.5346000000004
      ],
      [
        "PAT_3519",
        0,
        4506.2245
      ]
    ],
    "S16": [
      [
        "PAT_3584",
        0,
        0.0
      ],
      [
        "PAT_3567",
        0,
        2357.5961999999995
      ],
      [
        "PAT_3567",
        0,
        4468.286099999999
      ]
    ],
    "S20": [
      [
        "PAT_3577",
        0,
        1448.8848
      ],
      [
        "PAT_3577",
        0,
        3399.8724
      ]
    ],
    "S31": [
      [
        "PAT_0007",
        0,
        0.0
      ],
      [
        "PAT_0007",
        0,
        1791.5422
      ],
      [
        "PAT_0007",
        0,
        3583.0844
      ]
    ],
    "S9": [
      [
        "PAT_3644",
        0,
        0.0
      ],
      [
        "PAT_3644",
        0,
        1950.9876
      ],
      [
        "PAT_0032",
        0,
        3901.9752
      ]
    ],
    "S33": [
      [
        "PAT_0032",
        0,
        0.0
      ],
      [
        "PAT_0032",
        0,
        1791.5422
      ],
      [
        "PAT_3623",
        1,
        4683.1569
      ]
    ],
    "S53": [
      [
        "PAT_3615",
        0,
        1459.9536
      ],
      [
        "PAT_3615",
        0,
        3410.9412
      ]
    ],
    "S15": [
      [
        "PAT_3508",
        0,
        0.0
      ],
      [
        "PAT_0035",
        0,
        2110.6899
      ],
      [
        "PAT_0035",
        0,
        3902.2321
      ]
    ],
    "S14": [
      [
        "PAT_0826",
        0,
        587.3337
      ]
    ],
    "S18": [
      [
        "PAT_0055",
        0,
        767.2298
      ]
    ],
    "S30": [
      [
        "PAT_3521",
        0,
        0.0
      ],
      [
        "PAT_3521",
        0,
        2110.6899
      ],
      [
        "PAT_0010",
        0,
        4221.3798
      ]
    ],
    "S21": [
      [
        "PAT_0318",
        0,
        0.0
      ]
    ],
    "S40": [
      [
        "PAT_0346",
        0,
        0.0
      ]
    ],
    "S49": [
      [
        "PAT_0833",
        0,
        0.0
      ],
      [
        "PAT_3469",
        1,
        3751.4881
      ]
    ],
    "S34": [
      [
        "PAT_0713",
        0,
        0.0
      ]
    ],
    "S37": [
      [
        "PAT_0055",
        0,
        0.0
      ]
    ],
    "S17": [
      [
        "PAT_0052",
        0,
        0.0
      ],
      [
        "PAT_0040",
        0,
        1791.5422
      ],
      [
        "PAT_3623",
        0,
        3583.0844
      ]
    ],
    "S5": [
      [
        "PAT_0062",
        0,
        0.0
      ]
    ],
    "S13": [
      [
        "PAT_3625",
        0,
        0.0
      ],
      [
        "PAT_0008",
        1,
        3901.9752
      ]
    ],
    "S44": [
      [
        "PAT_0054",
        0,
        0.0
      ]
    ],
    "S45": [
      [
        "PAT_0235",
        0,
        0.0
      ]
    ],
    "S24": [
      [
        "PAT_0730",
        0,
        925.3503
      ]
    ],
    "S55": [
      [
        "PAT_1423",
        0,
        0.0
      ]
    ],
    "S6": [
      [
        "PAT_0328",
        0,
        0.0
      ]
    ]
  }
}