{
  "instance": "SYN_BASELINE_110",
  "method": "VNS_SA",
  "start_method": "greedy",
  "time_limit": 60.0,
  "cost": 11840.4193,
  "is_feasible": true,
  "unmet": {},
  "overprod": {
    "P1": 1,
    "P8": 1,
    "P11": 1
  },
  "elapsed_sec": 60.06,
  "active": {
    "S53": [
      [
        "PAT_3470",
        0,
        1459.9536
      ],
      [
        "PAT_3470",
        0,
        3570.6435
      ]
    ],
    "S40": [
      [
        "PAT_3578",
        0,
        0.0
      ],
      [
        "PAT_3582",
        0,
        1950.9876
      ]
    ],
    "S13": [
      [
        "PAT_0009",
        0,
        0.0
      ],
      [
        "PAT_0738",
        0,
        1791.5422
      ]
    ],
    "S15": [
      [
        "PAT_3577",
        0,
        0.0
      ],
      [
        "PAT_3564",
        0,
        2272.993100000001
      ],
      [
        "PAT_3564",
        0,
        4383.683000000001
      ]
    ],
    "S36": [
      [
        "PAT_0047",
        0,
        0.0
      ],
      [
        "PAT_3467",
        0,
        1879.5388
      ],
      [
        "PAT_3535",
        0,
        3990.2286999999997
      ]
    ],
    "S11": [
      [
        "PAT_0054",
        0,
        0.0
      ],
      [
        "PAT_3578",
        0,
        3751.4881
      ]
    ],
    "S24": [
      [
        "PAT_0605",
        0,
        925.3503
      ]
    ],
    "S12": [
      [
        "PAT_3577",
        0,
        0.0
      ],
      [
        "PAT_0543",
        0,
        1950.9876
      ]
    ],
    "S45": [
      [
        "PAT_0209",
        0,
        0.0
      ]
    ],
    "S17": [
      [
        "PAT_0046",
        0,
        0.0
      ],
      [
        "PAT_0032",
        0,
        1791.5422
      ],
      [
        "PAT_0032",
        0,
        3583.0844
      ]
    ],
    "S16": [
      [
        "PAT_3534",
        0,
        0.0
      ],
      [
        "PAT_0033",
        0,
        2110.6899
      ],
      [
        "PAT_0018",
        1,
        3902.2321
      ]
    ],
    "S41": [
      [
        "PAT_0124",
        0,
        1371.9555
      ]
    ],
    "S14": [
      [
        "PAT_0777",
        0,
        587.3337
      ]
    ],
    "S30": [
      [
        "PAT_3603",
        0,
        0.0
      ],
      [
        "PAT_3603",
        0,
        1950.9876
      ],
      [
        "PAT_0027",
        0,
        3901.9752
      ]
    ],
    "S49": [
      [
        "PAT_0102",
        0,
        0.0
      ],
      [
        "PAT_0007",
        0,
        3751.4881
      ]
    ],
    "S55": [
      [
        "PAT_0730",
        0,
        0.0
      ]
    ],
    "S34": [
      [
        "PAT_0166",
        0,
        0.0
      ]
    ],
    "S5": [
      [
        "PAT_0007",
        0,
        0.0
      ]
    ],
    "S33": [
      [
        "PAT_0591",
        0,
        0.0
      ],
      [
        "PAT_3529",
        0,
        3751.4881
      ]
    ],
    "S9": [
      [
        "PAT_3633",
        0,
        0.0
      ],
      [
        "PAT_3633",
        0,
        1950.9876
      ],
      [
        "PAT_0008",
        0,
        3901.9752
      ]
    ],
    "S52": [
      [
        "PAT_0044",
        0,
        0.0
      ],
      [
        "PAT_3615",
        0,
        2473.2926
      ]
    ]
  }
}