{
  "instance": "SYN_BASELINE_145",
  "method": "SA",
  "start_method": "multistart",
  "time_limit": 60.0,
  "cost": 9536.1343,
  "is_feasible": true,
  "unmet": {},
  "overprod": {
    "P3": 1,
    "P5": 1,
    "P7": 2
  },
  "elapsed_sec": 60.05,
  "active": {
    "S21": [
      [
        "PAT_0048",
        0,
        0.0
      ],
      [
        "PAT_5121",
        0,
        2800.2306
      ]
    ],
    "S13": [
      [
        "PAT_4932",
        0,
        0.0
      ],
      [
        "PAT_1831",
        0,
        3478.7074
      ]
    ],
    "S16": [
      [
        "PAT_3128",
        0,
        0.0
      ],
      [
        "PAT_5141",
        0,
        4018.6557
      ]
    ],
    "S57": [
      [
        "PAT_3819",
        0,
        0.0
      ],
      [
        "PAT_0097",
        0,
        3478.7074
      ]
    ],
    "S56": [
      [
        "PAT_1487",
        0,
        0.0
      ]
    ],
    "S2": [
      [
        "PAT_0259",
        0,
        0.0
      ],
      [
        "PAT_0259",
        0,
        1760.0786
      ],
      [
        "PAT_0259",
        0,
        3520.1572
      ]
    ],
    "S50": [
      [
        "PAT_0053",
        0,
        1655.4818
      ],
      [
        "PAT_3884",
        1,
        3415.5604000000003
      ]
    ],
    "S37": [
      [
        "PAT_1771",
        0,
        1824.3849
      ]
    ],
    "S55": [
      [
        "PAT_3451",
        0,
        0.0
      ],
      [
        "PAT_3501",
        0,
        3478.7074
      ]
    ],
    "S18": [
      [
        "PAT_4131",
        0,
        0.0
      ],
      [
        "PAT_0280",
        1,
        3478.7074
      ]
    ],
    "S59": [
      [
        "PAT_5114",
        0,
        0.0
      ],
      [
        "PAT_4971",
        0,
        2864.09
      ]
    ],
    "S25": [
      [
        "PAT_0149",
        0,
        2185.315
      ],
      [
        "PAT_1269",
        0,
        3945.3936000000003
      ]
    ],
    "S15": [
      [
        "PAT_0143",
        0,
        0.0
      ],
      [
        "PAT_1436",
        0,
        3035.6722
      ]
    ],
    "S8": [
      [
        "PAT_3483",
        0,
        1842.7401
      ]
    ],
    "S46": [
      [
        "PAT_0702",
        0,
        0.0
      ]
    ],
    "S7": [
      [
        "PAT_1285",
        0,
        1308.5003
      ]
    ],
    "S14": [
      [
        "PAT_1782",
        0,
        0.0
      ]
    ]
  }
}