{
  "instance": "SYN_BASELINE_092",
  "method": "SA",
  "start_method": "greedy",
  "time_limit": 60.0,
  "cost": 9102.9394,
  "is_feasible": true,
  "unmet": {},
  "overprod": {
    "P7": 1,
    "P9": 1,
    "P10": 2
  },
  "elapsed_sec": 60.02,
  "active": {
    "S9": [
      [
        "PAT_0519",
        0,
        0.0
      ],
      [
        "PAT_0229",
        0,
        2181.0105
      ],
      [
        "PAT_0438",
        0,
        2981.0105
      ]
    ],
    "S2": [
      [
        "PAT_0064",
        0,
        0.0
      ],
      [
        "PAT_0352",
        1,
        4249.8081
      ]
    ],
    "S25": [
      [
        "PAT_0328",
        0,
        0.0
      ],
      [
        "PAT_0496",
        0,
        2234.9378
      ],
      [
        "PAT_0496",
        0,
        4316.0126
      ]
    ],
    "S10": [
      [
        "PAT_0195",
        0,
        0.0
      ],
      [
        "PAT_0488",
        0,
        1636.9592999999995
      ],
      [
        "PAT_0333",
        0,
        3718.0340999999994
      ]
    ],
    "S3": [
      [
        "PAT_0217",
        0,
        0.0
      ],
      [
        "PAT_0002",
        0,
        2972.9537
      ]
    ],
    "S36": [
      [
        "PAT_0153",
        0,
        0.0
      ],
      [
        "PAT_0370",
        0,
        3737.0021
      ]
    ],
    "S21": [
      [
        "PAT_0226",
        0,
        0.0
      ],
      [
        "PAT_0457",
        0,
        800.0
      ],
      [
        "PAT_0113",
        0,
        2729.2981
      ]
    ],
    "S34": [
      [
        "PAT_0326",
        0,
        0.0
      ],
      [
        "PAT_0042",
        0,
        2234.9378
      ]
    ],
    "S17": [
      [
        "PAT_0255",
        0,
        0.0
      ],
      [
        "PAT_0448",
        0,
        800.0
      ],
      [
        "PAT_0029",
        0,
        2352.62
      ]
    ],
    "S7": [
      [
        "PAT_0320",
        0,
        0.0
      ],
      [
        "PAT_0024",
        0,
        3082.6094
      ]
    ],
    "S22": [
      [
        "PAT_0114",
        0,
        607.7747
      ]
    ],
    "S8": [
      [
        "PAT_0072",
        0,
        0.0
      ],
      [
        "PAT_0457",
        0,
        3737.0021
      ]
    ],
    "S37": [
      [
        "PAT_0282",
        0,
        0.0
      ],
      [
        "PAT_0104",
        0,
        1608.9733
      ]
    ],
    "S31": [
      [
        "PAT_0004",
        0,
        0.0
      ]
    ],
    "S13": [
      [
        "PAT_0107",
        0,
        0.0
      ]
    ]
  }
}