{
  "instance": "SYN_BASELINE_087",
  "method": "greedy",
  "start_method": "none",
  "time_limit": 60.0,
  "cost": 15869.7228,
  "is_feasible": true,
  "unmet": {},
  "overprod": {
    "P8": 2,
    "P9": 1,
    "P10": 2
  },
  "elapsed_sec": 0.12,
  "active": {
    "S16": [
      [
        "PAT_0044",
        0,
        1176.2576
      ]
    ],
    "S12": [
      [
        "PAT_0022",
        0,
        0.0
      ],
      [
        "PAT_0022",
        0,
        1835.1237
      ],
      [
        "PAT_0022",
        0,
        3670.2474
      ],
      [
        "PAT_0016",
        0,
        5505.3711
      ]
    ],
    "S33": [
      [
        "PAT_0018",
        0,
        2952.0398
      ],
      [
        "PAT_0018",
        0,
        4787.163500000001
      ],
      [
        "PAT_0018",
        0,
        6622.287200000001
      ]
    ],
    "S44": [
      [
        "PAT_0064",
        0,
        1911.1487
      ]
    ],
    "S20": [
      [
        "PAT_0017",
        0,
        2001.1684
      ],
      [
        "PAT_0017",
        0,
        3836.2921
      ]
    ],
    "S7": [
      [
        "PAT_0004",
        0,
        0.0
      ]
    ],
    "S3": [
      [
        "PAT_0004",
        0,
        3479.8576
      ]
    ],
    "S53": [
      [
        "PAT_0012",
        0,
        1575.2774
      ],
      [
        "PAT_0016",
        1,
        5741.9894
      ]
    ],
    "S34": [
      [
        "PAT_0003",
        0,
        0.0
      ]
    ],
    "S42": [
      [
        "PAT_0013",
        0,
        0.0
      ]
    ],
    "S46": [
      [
        "PAT_0031",
        0,
        3559.3026
      ]
    ],
    "S24": [
      [
        "PAT_0031",
        0,
        2498.0124
      ]
    ],
    "S40": [
      [
        "PAT_0030",
        0,
        0.0
      ]
    ],
    "S10": [
      [
        "PAT_0007",
        0,
        0.0
      ]
    ],
    "S18": [
      [
        "PAT_0007",
        0,
        0.0
      ]
    ],
    "S29": [
      [
        "PAT_0007",
        0,
        0.0
      ]
    ],
    "S23": [
      [
        "PAT_0030",
        0,
        1379.0315
      ]
    ],
    "S27": [
      [
        "PAT_0030",
        0,
        0.0
      ]
    ],
    "S31": [
      [
        "PAT_0007",
        0,
        0.0
      ]
    ],
    "S19": [
      [
        "PAT_0007",
        0,
        0.0
      ],
      [
        "PAT_0183",
        1,
        4166.712
      ]
    ],
    "S8": [
      [
        "PAT_0006",
        0,
        0.0
      ]
    ],
    "S41": [
      [
        "PAT_0092",
        0,
        0.0
      ],
      [
        "PAT_0299",
        0,
        3902.8232
      ]
    ],
    "S50": [
      [
        "PAT_0081",
        0,
        0.0
      ]
    ],
    "S2": [
      [
        "PAT_0081",
        0,
        2299.7451
      ]
    ],
    "S9": [
      [
        "PAT_0069",
        0,
        0.0
      ],
      [
        "PAT_0067",
        0,
        3902.8232
      ]
    ],
    "S13": [
      [
        "PAT_0068",
        0,
        0.0
      ]
    ],
    "S21": [
      [
        "PAT_0074",
        0,
        0.0
      ]
    ],
    "S47": [
      [
        "PAT_0074",
        0,
        2108.7949
      ]
    ],
    "S22": [
      [
        "PAT_0171",
        0,
        1886.634
      ]
    ],
    "S49": [
      [
        "PAT_0073",
        0,
        2098.9307
      ]
    ],
    "S1": [
      [
        "PAT_0073",
        0,
        1333.9648
      ]
    ],
    "S30": [
      [
        "PAT_0457",
        0,
        0.0
      ]
    ]
  }
}