{
  "instance": "SYN_BASELINE_110",
  "method": "SA",
  "start_method": "greedy",
  "time_limit": 60.0,
  "cost": 12221.6232,
  "is_feasible": true,
  "unmet": {},
  "overprod": {
    "P1": 1,
    "P3": 2,
    "P8": 2,
    "P11": 2
  },
  "elapsed_sec": 60.35,
  "active": {
    "S17": [
      [
        "PAT_3578",
        0,
        0.0
      ],
      [
        "PAT_0045",
        0,
        2014.4792999999997
      ],
      [
        "PAT_0045",
        0,
        3806.0215
      ]
    ],
    "S15": [
      [
        "PAT_0008",
        0,
        0.0
      ],
      [
        "PAT_3564",
        0,
        2272.993100000001
      ],
      [
        "PAT_3564",
        0,
        4383.683000000001
      ]
    ],
    "S13": [
      [
        "PAT_0009",
        0,
        0.0
      ],
      [
        "PAT_3595",
        0,
        1791.5422
      ],
      [
        "PAT_3623",
        0,
        3742.5298000000003
      ]
    ],
    "S11": [
      [
        "PAT_0063",
        0,
        0.0
      ],
      [
        "PAT_0009",
        0,
        3975.4266
      ]
    ],
    "S36": [
      [
        "PAT_3470",
        0,
        0.0
      ],
      [
        "PAT_3502",
        0,
        2307.3233000000005
      ],
      [
        "PAT_3561",
        0,
        4418.0132
      ]
    ],
    "S12": [
      [
        "PAT_3577",
        0,
        0.0
      ],
      [
        "PAT_0065",
        0,
        2373.2454000000002
      ]
    ],
    "S2": [
      [
        "PAT_0017",
        0,
        0.0
      ],
      [
        "PAT_0156",
        0,
        1791.5422
      ]
    ],
    "S16": [
      [
        "PAT_3546",
        0,
        0.0
      ],
      [
        "PAT_3546",
        0,
        2110.6899
      ],
      [
        "PAT_0022",
        1,
        4221.3798
      ]
    ],
    "S14": [
      [
        "PAT_0634",
        0,
        587.3337
      ]
    ],
    "S21": [
      [
        "PAT_0054",
        0,
        0.0
      ]
    ],
    "S18": [
      [
        "PAT_0076",
        0,
        767.2298
      ]
    ],
    "S24": [
      [
        "PAT_1396",
        0,
        925.3503
      ]
    ],
    "S34": [
      [
        "PAT_0534",
        0,
        0.0
      ]
    ],
    "S49": [
      [
        "PAT_0076",
        0,
        0.0
      ],
      [
        "PAT_0007",
        0,
        3751.4881
      ]
    ],
    "S5": [
      [
        "PAT_1087",
        0,
        0.0
      ]
    ],
    "S33": [
      [
        "PAT_0022",
        0,
        0.0
      ],
      [
        "PAT_0022",
        0,
        1791.5422
      ],
      [
        "PAT_3623",
        1,
        4683.1569
      ]
    ],
    "S44": [
      [
        "PAT_0701",
        0,
        0.0
      ]
    ],
    "S30": [
      [
        "PAT_3603",
        0,
        0.0
      ],
      [
        "PAT_3603",
        0,
        1950.9876
      ],
      [
        "PAT_0027",
        0,
        3901.9752
      ]
    ],
    "S40": [
      [
        "PAT_0384",
        0,
        0.0
      ]
    ],
    "S53": [
      [
        "PAT_0322",
        0,
        1459.9536
      ]
    ],
    "S9": [
      [
        "PAT_3597",
        0,
        0.0
      ],
      [
        "PAT_3597",
        0,
        1950.9876
      ],
      [
        "PAT_3637",
        0,
        3901.9752
      ]
    ],
    "S45": [
      [
        "PAT_3470",
        0,
        0.0
      ],
      [
        "PAT_0027",
        0,
        2110.6899
      ]
    ]
  }
}