{
  "instance": "SYN_BASELINE_116",
  "method": "GRASP_SA",
  "start_method": "none",
  "time_limit": 60.0,
  "cost": 7228.3664,
  "is_feasible": true,
  "unmet": {},
  "overprod": {
    "P4": 1,
    "P6": 1,
    "P7": 1,
    "P11": 1
  },
  "elapsed_sec": 54.73,
  "active": {
    "S15": [
      [
        "PAT_1335",
        0,
        0.0
      ],
      [
        "PAT_1335",
        0,
        2327.2312
      ]
    ],
    "S26": [
      [
        "PAT_0265",
        0,
        0.0
      ],
      [
        "PAT_0265",
        0,
        1972.7736
      ]
    ],
    "S14": [
      [
        "PAT_0519",
        0,
        0.0
      ],
      [
        "PAT_0519",
        0,
        2327.2312
      ]
    ],
    "S5": [
      [
        "PAT_2099",
        0,
        1859.5325
      ]
    ],
    "S8": [
      [
        "PAT_2003",
        0,
        684.5776
      ],
      [
        "PAT_0217",
        0,
        3011.8088000000002
      ]
    ],
    "S6": [
      [
        "PAT_0253",
        0,
        0.0
      ],
      [
        "PAT_0253",
        0,
        1972.7736
      ]
    ],
    "S4": [
      [
        "PAT_2378",
        0,
        0.0
      ],
      [
        "PAT_2325",
        0,
        2457.5020999999997
      ]
    ],
    "S29": [
      [
        "PAT_0066",
        0,
        0.0
      ],
      [
        "PAT_0066",
        0,
        1972.7736
      ]
    ],
    "S2": [
      [
        "PAT_0031",
        0,
        1014.0115
      ],
      [
        "PAT_0031",
        0,
        2986.7851
      ]
    ],
    "S16": [
      [
        "PAT_0122",
        0,
        359.6487
      ]
    ],
    "S20": [
      [
        "PAT_0004",
        0,
        0.0
      ],
      [
        "PAT_0754",
        0,
        2919.963
      ]
    ],
    "S24": [
      [
        "PAT_0348",
        0,
        1485.4972
      ]
    ],
    "S30": [
      [
        "PAT_0237",
        0,
        1558.5519
      ]
    ],
    "S3": [
      [
        "PAT_0008",
        0,
        2522.3328
      ]
    ],
    "S7": [
      [
        "PAT_0002",
        0,
        0.0
      ]
    ],
    "S18": [
      [
        "PAT_0177",
        0,
        0.0
      ],
      [
        "PAT_0177",
        0,
        1972.7736
      ]
    ]
  }
}