{
  "instance": "SYN_SWEEP5_SIZE_XL_009",
  "method": "SD",
  "start_method": "multistart",
  "time_limit": 60.0,
  "cost": 34038.2612,
  "is_feasible": true,
  "unmet": {},
  "overprod": {
    "P2": 5,
    "P5": 1,
    "P9": 3,
    "P16": 1,
    "P20": 2,
    "P27": 1,
    "P29": 6,
    "P30": 7
  },
  "elapsed_sec": 60.02,
  "active": {
    "S44": [
      [
        "PAT_3137",
        0,
        1944.9513
      ],
      [
        "PAT_3137",
        0,
        2807.2992
      ],
      [
        "PAT_3137",
        0,
        3669.6471
      ],
      [
        "PAT_3137",
        0,
        4531.995
      ],
      [
        "PAT_3137",
        0,
        5394.3429
      ]
    ],
    "S19": [
      [
        "PAT_0293",
        0,
        0.0
      ],
      [
        "PAT_0293",
        0,
        1121.3635
      ],
      [
        "PAT_0293",
        0,
        2242.727
      ],
      [
        "PAT_0293",
        0,
        3364.0905
      ],
      [
        "PAT_3156",
        0,
        4485.454
      ],
      [
        "PAT_3156",
        0,
        5347.8018999999995
      ]
    ],
    "S115": [
      [
        "PAT_0389",
        0,
        0.0
      ],
      [
        "PAT_0389",
        0,
        3492.4102
      ],
      [
        "PAT_3298",
        0,
        6984.8204
      ]
    ],
    "S140": [
      [
        "PAT_0580",
        0,
        1343.8132
      ],
      [
        "PAT_0580",
        0,
        4721.4357
      ],
      [
        "PAT_0329",
        1,
        8099.0581999999995
      ]
    ],
    "S1": [
      [
        "PAT_0023",
        0,
        0.0
      ],
      [
        "PAT_0023",
        0,
        3318.9254
      ]
    ],
    "S154": [
      [
        "PAT_2848",
        0,
        0.0
      ],
      [
        "PAT_2848",
        0,
        4238.1002
      ],
      [
        "PAT_3121",
        1,
        8476.2004
      ]
    ],
    "S114": [
      [
        "PAT_0364",
        0,
        2084.8125
      ],
      [
        "PAT_0364",
        0,
        4382.1144
      ]
    ],
    "S12": [
      [
        "PAT_0502",
        0,
        1421.9542
      ]
    ],
    "S25": [
      [
        "PAT_0568",
        0,
        0.0
      ],
      [
        "PAT_0568",
        0,
        3377.6225
      ],
      [
        "PAT_0273",
        0,
        6755.245
      ]
    ],
    "S28": [
      [
        "PAT_0011",
        0,
        0.0
      ],
      [
        "PAT_0011",
        0,
        3318.9254
      ],
      [
        "PAT_0302",
        0,
        6637.8508
      ]
    ],
    "S5": [
      [
        "PAT_2965",
        0,
        654.3097
      ]
    ],
    "S43": [
      [
        "PAT_1909",
        0,
        0.0
      ],
      [
        "PAT_2841",
        0,
        3646.2324
      ]
    ],
    "S158": [
      [
        "PAT_0045",
        0,
        0.0
      ],
      [
        "PAT_0045",
        0,
        3318.9254
      ]
    ],
    "S148": [
      [
        "PAT_2976",
        0,
        0.0
      ]
    ],
    "S123": [
      [
        "PAT_0417",
        0,
        1653.1818
      ]
    ],
    "S153": [
      [
        "PAT_2982",
        0,
        0.0
      ],
      [
        "PAT_0151",
        0,
        4238.1002
      ]
    ],
    "S62": [
      [
        "PAT_0599",
        0,
        1647.7446
      ],
      [
        "PAT_0599",
        0,
        5025.3670999999995
      ]
    ],
    "S112": [
      [
        "PAT_0368",
        0,
        0.0
      ],
      [
        "PAT_0368",
        0,
        3492.4102
      ]
    ],
    "S69": [
      [
        "PAT_0007",
        0,
        0.0
      ],
      [
        "PAT_0007",
        1,
        4650.1468
      ]
    ],
    "S108": [
      [
        "PAT_2937",
        0,
        0.0
      ],
      [
        "PAT_0395",
        0,
        4238.1002
      ]
    ],
    "S145": [
      [
        "PAT_0563",
        0,
        1023.0943
      ],
      [
        "PAT_0563",
        0,
        4400.7168
      ]
    ],
    "S68": [
      [
        "PAT_0014",
        0,
        0.0
      ],
      [
        "PAT_0014",
        0,
        3318.9254
      ]
    ],
    "S64": [
      [
        "PAT_0077",
        0,
        0.0
      ],
      [
        "PAT_0077",
        0,
        3318.9254
      ]
    ],
    "S101": [
      [
        "PAT_0063",
        0,
        2192.8699
      ],
      [
        "PAT_0063",
        0,
        5511.7953
      ]
    ],
    "S47": [
      [
        "PAT_0018",
        0,
        3717.0904
      ]
    ],
    "S77": [
      [
        "PAT_2834",
        0,
        1786.2699
      ]
    ],
    "S53": [
      [
        "PAT_0015",
        0,
        3315.6362
      ]
    ],
    "S3": [
      [
        "PAT_0563",
        0,
        3473.6181
      ]
    ],
    "S159": [
      [
        "PAT_2833",
        0,
        1831.4577
      ]
    ],
    "S116": [
      [
        "PAT_0086",
        0,
        2660.8972
      ]
    ],
    "S156": [
      [
        "PAT_0017",
        0,
        1848.9227
      ]
    ],
    "S142": [
      [
        "PAT_0086",
        0,
        0.0
      ],
      [
        "PAT_0001",
        1,
        4788.6467
      ]
    ],
    "S127": [
      [
        "PAT_0002",
        0,
        2489.7586
      ]
    ],
    "S89": [
      [
        "PAT_0002",
        0,
        0.0
      ],
      [
        "PAT_0001",
        0,
        3318.9254
      ]
    ],
    "S138": [
      [
        "PAT_0480",
        0,
        0.0
      ],
      [
        "PAT_0150",
        0,
        5064.0538
      ]
    ],
    "S7": [
      [
        "PAT_0421",
        0,
        1927.2049
      ]
    ],
    "S133": [
      [
        "PAT_0421",
        0,
        2865.2231
      ]
    ],
    "S136": [
      [
        "PAT_0366",
        0,
        0.0
      ]
    ],
    "S40": [
      [
        "PAT_0450",
        0,
        0.0
      ]
    ],
    "S147": [
      [
        "PAT_0439",
        0,
        0.0
      ]
    ],
    "S24": [
      [
        "PAT_0439",
        0,
        0.0
      ]
    ],
    "S141": [
      [
        "PAT_0450",
        0,
        0.0
      ]
    ],
    "S46": [
      [
        "PAT_0420",
        0,
        0.0
      ]
    ],
    "S91": [
      [
        "PAT_0420",
        0,
        0.0
      ]
    ],
    "S42": [
      [
        "PAT_0439",
        0,
        0.0
      ]
    ],
    "S122": [
      [
        "PAT_1234",
        0,
        1451.2648
      ],
      [
        "PAT_1234",
        0,
        4506.0894
      ]
    ],
    "S32": [
      [
        "PAT_0653",
        0,
        0.0
      ],
      [
        "PAT_0653",
        0,
        3054.8246
      ]
    ],
    "S94": [
      [
        "PAT_1384",
        0,
        0.0
      ],
      [
        "PAT_0631",
        0,
        3054.8246
      ]
    ],
    "S30": [
      [
        "PAT_0712",
        0,
        1627.6891
      ]
    ],
    "S36": [
      [
        "PAT_2751",
        0,
        0.0
      ],
      [
        "PAT_2751",
        0,
        3054.8246
      ],
      [
        "PAT_2751",
        0,
        6109.6492
      ]
    ],
    "S160": [
      [
        "PAT_2415",
        0,
        3760.2077
      ]
    ],
    "S45": [
      [
        "PAT_1804",
        0,
        2616.7873
      ],
      [
        "PAT_1804",
        0,
        5671.6119
      ]
    ],