{
  "instance": "SYN_SWEEP5_SIZE_XL_027",
  "method": "SA",
  "start_method": "multistart",
  "time_limit": 60.0,
  "cost": 17522.5858,
  "is_feasible": true,
  "unmet": {},
  "overprod": {
    "P5": 1,
    "P6": 3,
    "P9": 1,
    "P10": 1,
    "P17": 1
  },
  "elapsed_sec": 60.06,
  "active": {
    "S82": [
      [
        "PAT_0461",
        0,
        0.0
      ],
      [
        "PAT_0461",
        0,
        4076.8539
      ]
    ],
    "S15": [
      [
        "PAT_0013",
        0,
        0.0
      ],
      [
        "PAT_0417",
        0,
        3337.4663
      ],
      [
        "PAT_0257",
        0,
        5789.7881
      ]
    ],
    "S46": [
      [
        "PAT_0003",
        0,
        0.0
      ],
      [
        "PAT_0464",
        0,
        3516.7870000000003
      ]
    ],
    "S27": [
      [
        "PAT_0312",
        0,
        0.0
      ],
      [
        "PAT_0312",
        0,
        2463.9387
      ],
      [
        "PAT_0056",
        0,
        4927.8774
      ]
    ],
    "S81": [
      [
        "PAT_0339",
        0,
        0.0
      ],
      [
        "PAT_0009",
        0,
        5868.5648
      ]
    ],
    "S62": [
      [
        "PAT_0327",
        0,
        0.0
      ],
      [
        "PAT_0238",
        0,
        4884.4857
      ],
      [
        "PAT_0457",
        1,
        8355.2676
      ]
    ],
    "S63": [
      [
        "PAT_0301",
        0,
        0.0
      ],
      [
        "PAT_0444",
        0,
        2414.6322
      ],
      [
        "PAT_0284",
        0,
        4772.8441
      ],
      [
        "PAT_0020",
        1,
        7220.7952
      ]
    ],
    "S72": [
      [
        "PAT_0012",
        0,
        0.0
      ],
      [
        "PAT_0282",
        0,
        3371.1471
      ],
      [
        "PAT_0003",
        2,
        5785.7793
      ]
    ],
    "S26": [
      [
        "PAT_0336",
        0,
        0.0
      ],
      [
        "PAT_0030",
        0,
        4884.4857
      ]
    ],
    "S108": [
      [
        "PAT_0003",
        0,
        0.0
      ],
      [
        "PAT_0255",
        0,
        3566.760199999999
      ],
      [
        "PAT_0011",
        0,
        5569.850699999999
      ]
    ],
    "S1": [
      [
        "PAT_0021",
        0,
        0.0
      ],
      [
        "PAT_0009",
        0,
        2019.3875
      ],
      [
        "PAT_0457",
        2,
        4279.3519
      ],
      [
        "PAT_0004",
        0,
        5099.4468
      ]
    ],
    "S128": [
      [
        "PAT_0012",
        0,
        0.0
      ],
      [
        "PAT_0339",
        0,
        3337.4663
      ]
    ],
    "S33": [
      [
        "PAT_0437",
        0,
        0.0
      ],
      [
        "PAT_0451",
        1,
        2789.9793
      ]
    ],
    "S127": [
      [
        "PAT_0256",
        0,
        0.0
      ],
      [
        "PAT_0339",
        0,
        2003.0905
      ]
    ],
    "S110": [
      [
        "PAT_0415",
        0,
        0.0
      ],
      [
        "PAT_0327",
        0,
        2908.1819
      ]
    ],
    "S38": [
      [
        "PAT_0179",
        0,
        1523.2955
      ],
      [
        "PAT_0012",
        0,
        4814.9035
      ]
    ],
    "S35": [
      [
        "PAT_0447",
        0,
        0.0
      ],
      [
        "PAT_0457",
        0,
        2358.2119
      ],
      [
        "PAT_0457",
        0,
        3178.3068
      ],
      [
        "PAT_0285",
        0,
        3998.4017
      ]
    ],
    "S31": [
      [
        "PAT_0279",
        0,
        2276.5687
      ],
      [
        "PAT_0279",
        0,
        4691.2009
      ]
    ],
    "S125": [
      [
        "PAT_0453",
        0,
        0.0
      ],
      [
        "PAT_0002",
        0,
        2968.4832
      ]
    ],
    "S92": [
      [
        "PAT_0437",
        0,
        0.0
      ],
      [
        "PAT_0437",
        1,
        3609.8265
      ]
    ],
    "S16": [
      [
        "PAT_0391",
        0,
        0.0
      ],
      [
        "PAT_0009",
        0,
        2452.3218
      ],
      [
        "PAT_0457",
        0,
        4712.2862000000005
      ],
      [
        "PAT_0436",
        0,
        5532.3811000000005
      ]
    ],
    "S112": [
      [
        "PAT_0339",
        0,
        1329.6462
      ]
    ],
    "S79": [
      [
        "PAT_0244",
        0,
        0.0
      ],
      [
        "PAT_0398",
        0,
        3470.7819
      ]
    ],
    "S59": [
      [
        "PAT_0452",
        0,
        0.0
      ]
    ]
  }
}