{
  "instance": "SYN_SWEEP5_SIZE_XL_001",
  "method": "SD",
  "start_method": "greedy",
  "time_limit": 60.0,
  "cost": 32856.0672,
  "is_feasible": true,
  "unmet": {},
  "overprod": {
    "P1": 3,
    "P17": 2,
    "P22": 1,
    "P25": 1,
    "P28": 2,
    "P31": 4,
    "P39": 2
  },
  "elapsed_sec": 60.07,
  "active": {
    "S124": [
      [
        "PAT_12756",
        0,
        639.4339
      ],
      [
        "PAT_12756",
        0,
        1690.6186
      ],
      [
        "PAT_12756",
        0,
        2741.8033
      ]
    ],
    "S20": [
      [
        "PAT_18393",
        0,
        0.0
      ],
      [
        "PAT_18393",
        0,
        2711.7351
      ]
    ],
    "S17": [
      [
        "PAT_18187",
        0,
        1274.9326
      ]
    ],
    "S98": [
      [
        "PAT_12659",
        0,
        0.0
      ],
      [
        "PAT_12659",
        0,
        1051.1847
      ],
      [
        "PAT_12659",
        0,
        2102.3694
      ],
      [
        "PAT_12659",
        0,
        3153.5541000000003
      ]
    ],
    "S92": [
      [
        "PAT_17638",
        0,
        0.0
      ],
      [
        "PAT_17638",
        0,
        2841.7035
      ]
    ],
    "S129": [
      [
        "PAT_12875",
        0,
        0.0
      ],
      [
        "PAT_12875",
        0,
        1051.1847
      ],
      [
        "PAT_12875",
        0,
        2102.3694
      ],
      [
        "PAT_3062",
        0,
        3153.5541000000003
      ],
      [
        "PAT_3062",
        0,
        4388.7977
      ]
    ],
    "S104": [
      [
        "PAT_17273",
        0,
        0.0
      ],
      [
        "PAT_17273",
        0,
        2841.7035
      ]
    ],
    "S72": [
      [
        "PAT_12503",
        0,
        0.0
      ],
      [
        "PAT_0044",
        0,
        3388.2466
      ]
    ],
    "S64": [
      [
        "PAT_12357",
        0,
        0.0
      ]
    ],
    "S122": [
      [
        "PAT_18123",
        0,
        0.0
      ]
    ],
    "S86": [
      [
        "PAT_12435",
        0,
        796.5569
      ]
    ],
    "S23": [
      [
        "PAT_12372",
        0,
        2032.6763
      ]
    ],
    "S95": [
      [
        "PAT_18283",
        0,
        0.0
      ],
      [
        "PAT_18283",
        0,
        2711.7351
      ]
    ],
    "S120": [
      [
        "PAT_17801",
        0,
        0.0
      ],
      [
        "PAT_12813",
        0,
        2841.7035
      ],
      [
        "PAT_4933",
        1,
        3892.8882000000003
      ]
    ],
    "S45": [
      [
        "PAT_17899",
        0,
        0.0
      ],
      [
        "PAT_6757",
        0,
        2841.7035
      ]
    ],
    "S6": [
      [
        "PAT_17358",
        0,
        1588.3042
      ]
    ],
    "S114": [
      [
        "PAT_18431",
        0,
        0.0
      ],
      [
        "PAT_5613",
        1,
        2711.7351
      ]
    ],
    "S73": [
      [
        "PAT_17950",
        0,
        1828.1608
      ]
    ],
    "S71": [
      [
        "PAT_17953",
        0,
        376.5094
      ]
    ],
    "S88": [
      [
        "PAT_17980",
        0,
        0.0
      ],
      [
        "PAT_6722",
        2,
        3367.112
      ]
    ],
    "S139": [
      [
        "PAT_17980",
        0,
        2344.7464
      ]
    ],
    "S14": [
      [
        "PAT_13127",
        0,
        1545.8162
      ]
    ],
    "S89": [
      [
        "PAT_13127",
        0,
        872.5389
      ]
    ],
    "S38": [
      [
        "PAT_17979",
        0,
        0.0
      ]
    ],
    "S132": [
      [
        "PAT_13125",
        0,
        0.0
      ]
    ],
    "S134": [
      [
        "PAT_7001",
        0,
        0.0
      ]
    ],
    "S110": [
      [
        "PAT_7001",
        0,
        0.0
      ]
    ],
    "S115": [
      [
        "PAT_7001",
        0,
        0.0
      ]
    ],
    "S50": [
      [
        "PAT_7001",
        0,
        0.0
      ]
    ],
    "S29": [
      [
        "PAT_7001",
        0,
        0.0
      ]
    ],
    "S113": [
      [
        "PAT_7001",
        0,
        0.0
      ]
    ],
    "S16": [
      [
        "PAT_7001",
        0,
        742.8215
      ]
    ],
    "S28": [
      [
        "PAT_7001",
        0,
        1983.7223
      ]
    ],
    "S44": [
      [
        "PAT_7001",
        0,
        0.0
      ],
      [
        "PAT_0022",
        1,
        3643.2853
      ]
    ],
    "S135": [
      [
        "PAT_7001",
        0,
        2375.186
      ]
    ],
    "S49": [
      [
        "PAT_0778",
        0,
        1862.8646
      ],
      [
        "PAT_0778",
        0,
        3098.1082
      ]
    ],
    "S68": [
      [
        "PAT_12205",
        0,
        0.0
      ],
      [
        "PAT_3707",
        1,
        3643.2853
      ]
    ],
    "S116": [
      [
        "PAT_12347",
        0,
        0.0
      ],
      [
        "PAT_0065",
        0,
        3643.2853
      ]
    ],
    "S111": [
      [
        "PAT_12282",
        0,
        0.0
      ]
    ],
    "S52": [
      [
        "PAT_13143",
        0,
        0.0
      ]
    ],
    "S1": [
      [
        "PAT_7019",
        0,
        701.5522
      ]
    ],
    "S138": [
      [
        "PAT_14765",
        0,
        0.0
      ]
    ],
    "S54": [
      [
        "PAT_14940",
        0,
        0.0
      ]
    ],
    "S117": [
      [
        "PAT_12263",
        0,
        535.5939
      ]
    ],
    "S58": [
      [
        "PAT_13545",
        0,
        0.0
      ]
    ],
    "S30": [
      [
        "PAT_13112",
        0,
        0.0
      ]
    ],
    "S69": [
      [
        "PAT_13663",
        0,
        0.0
      ]
    ],
    "S32": [
      [
        "PAT_13954",
        0,
        0.0
      ]
    ],
    "S93": [
      [
        "PAT_15081",
        0,
        0.0
      ]
    ],
    "S35": [
      [
        "PAT_15081",
        0,
        0.0
      ]
    ],
    "S62": [
      [
        "PAT_9392",
        0,
        0.0
      ]
    ],
    "S101": [
      [
        "PAT_13119",
        0,
        0.0
      ]
    ],
    "S96": [
      [
        "PAT_13093",
        0,
        1005.7132
      ]
    ],
    "S27": [
      [
        "PAT_13093",
        0,
        0.0
      ]
    ],
    "S31": [
      [
        "PAT_7026",
        0,
        0.0
      ]
    ],
    "S67": [
      [
        "PAT_7026",
        0,
        382.6583
      ]
    ],
    "S33": [
      [
        "PAT_9740",
        0,
        0.0
      ]
    ],
    "S63": [
      [
        "PAT_7067",
        0,
        0.0
      ]
    ],
    "S75": [
      [
        "PAT_11087",
        0,
        0.0
      ]
    ],
    "S46": [
      [
        "PAT_11087",
        0,
        0.0
      ]
    ],
    "S78": [
      [
        "PAT_7063",
        0,
        0.0
      ]
    ],
    "S91": [
      [
        "PAT_11087",
        0,
        0.0
      ]
    ],
    "S119": [
      [
        "PAT_7063",
        0,
        0.0
      ]
    ],
    "S130": [
      [
        "PAT_7063",
        0,
        0.0
      ]
    ],
    "S140": [
      [
        "PAT_7063",
        0,
        1422.4335
      ]
    ],
    "S22": [
      [
        "PAT_7063",
        0,
        0.0
      ]
    ],
    "S106": [
      [
        "PAT_7063",
        0,
        0.0
      ]
    ],