{
  "instance": "SYN_SWEEP5_SIZE_L_028",
  "method": "VNS_SA",
  "start_method": "greedy",
  "time_limit": 60.0,
  "cost": 22790.3975,
  "is_feasible": true,
  "unmet": {},
  "overprod": {
    "P1": 1,
    "P4": 1,
    "P18": 1
  },
  "elapsed_sec": 53.69,
  "active": {
    "S63": [
      [
        "PAT_0443",
        0,
        0.0
      ],
      [
        "PAT_0427",
        0,
        4484.266999999998
      ],
      [
        "PAT_0427",
        0,
        7338.301899999999
      ]
    ],
    "S12": [
      [
        "PAT_0640",
        0,
        0.0
      ],
      [
        "PAT_0458",
        0,
        3831.8754
      ]
    ],
    "S19": [
      [
        "PAT_0640",
        0,
        0.0
      ],
      [
        "PAT_0349",
        0,
        3993.3507
      ]
    ],
    "S44": [
      [
        "PAT_0473",
        0,
        857.9745
      ],
      [
        "PAT_0430",
        1,
        4930.7605
      ]
    ],
    "S35": [
      [
        "PAT_0458",
        0,
        0.0
      ],
      [
        "PAT_0433",
        1,
        6640.2009
      ]
    ],
    "S83": [
      [
        "PAT_0430",
        0,
        2352.11
      ],
      [
        "PAT_0430",
        0,
        5206.1449
      ]
    ],
    "S2": [
      [
        "PAT_0237",
        0,
        0.0
      ],
      [
        "PAT_0237",
        0,
        2957.9894
      ]
    ],
    "S84": [
      [
        "PAT_0467",
        0,
        0.0
      ],
      [
        "PAT_0637",
        0,
        5994.481900000001
      ]
    ],
    "S29": [
      [
        "PAT_0640",
        0,
        0.0
      ],
      [
        "PAT_0841",
        0,
        5711.4697
      ]
    ],
    "S45": [
      [
        "PAT_0262",
        0,
        0.0
      ],
      [
        "PAT_0262",
        0,
        3091.2604
      ]
    ],
    "S48": [
      [
        "PAT_0469",
        0,
        0.0
      ]
    ],
    "S31": [
      [
        "PAT_0711",
        0,
        0.0
      ],
      [
        "PAT_0469",
        0,
        3917.3916
      ]
    ],
    "S52": [
      [
        "PAT_0883",
        0,
        0.0
      ],
      [
        "PAT_0882",
        0,
        2969.4635
      ],
      [
        "PAT_0882",
        0,
        5938.927
      ]
    ],
    "S11": [
      [
        "PAT_0328",
        0,
        2050.9994
      ],
      [
        "PAT_0328",
        0,
        5142.2598
      ]
    ],
    "S54": [
      [
        "PAT_0283",
        0,
        1523.6736
      ],
      [
        "PAT_0283",
        0,
        4614.934
      ]
    ],
    "S3": [
      [
        "PAT_0502",
        0,
        0.0
      ],
      [
        "PAT_0660",
        0,
        6299.5216
      ]
    ],
    "S60": [
      [
        "PAT_0637",
        0,
        0.0
      ],
      [
        "PAT_0504",
        1,
        6393.9157
      ]
    ],
    "S80": [
      [
        "PAT_0594",
        0,
        2221.7789
      ],
      [
        "PAT_0552",
        1,
        5487.6242
      ]
    ],
    "S26": [
      [
        "PAT_0380",
        0,
        0.0
      ],
      [
        "PAT_0672",
        0,
        5519.496
      ]
    ],
    "S59": [
      [
        "PAT_0454",
        0,
        0.0
      ],
      [
        "PAT_0407",
        0,
        1689.8407
      ]
    ],
    "S85": [
      [
        "PAT_0788",
        0,
        1337.1358
      ],
      [
        "PAT_0829",
        0,
        5002.8331
      ]
    ],
    "S23": [
      [
        "PAT_0648",
        0,
        0.0
      ],
      [
        "PAT_0637",
        0,
        3665.6973
      ]
    ],
    "S20": [
      [
        "PAT_0445",
        0,
        0.0
      ],
      [
        "PAT_0234",
        0,
        3459.7791
      ]
    ],
    "S13": [
      [
        "PAT_0452",
        0,
        0.0
      ],
      [
        "PAT_0577",
        0,
        2389.5311
      ],
      [
        "PAT_0577",
        0,
        5655.3764
      ]
    ],
    "S33": [
      [
        "PAT_0236",
        0,
        0.0
      ],
      [
        "PAT_0209",
        0,
        3443.298
      ]
    ],
    "S51": [
      [
        "PAT_0411",
        0,
        1566.9828
      ],
      [
        "PAT_0411",
        0,
        5198.91
      ]
    ],
    "S55": [
      [
        "PAT_0233",
        0,
        0.0
      ],
      [
        "PAT_0233",
        0,
        2957.9894
      ],
      [
        "PAT_0237",
        1,
        5955.5401
      ]
    ],
    "S39": [
      [
        "PAT_0205",
        0,
        0.0
      ],
      [
        "PAT_0214",
        0,
        4599.104
      ]
    ],
    "S7": [
      [
        "PAT_0682",
        0,
        2645.3932
      ],
      [
        "PAT_0237",
        0,
        6311.0905
      ]
    ],
    "S79": [
      [
        "PAT_0535",
        0,
        0.0
      ],
      [
        "PAT_0379",
        1,
        3265.8453
      ]
    ],
    "S62": [
      [
        "PAT_0104",
        0,
        0.0
      ],
      [
        "PAT_0464",
        1,
        3322.0003
      ]
    ],
    "S22": [
      [
        "PAT_0640",
        0,
        1901.8879
      ],
      [
        "PAT_0024",
        1,
        5567.5851999999995
      ]
    ],
    "S24": [
      [
        "PAT_0237",
        0,
        0.0
      ],
      [
        "PAT_0237",
        0,
        2957.9894
      ],
      [
        "PAT_0835",
        0,
        5915.9788
      ]
    ],
    "S57": [
      [
        "PAT_0549",
        0,
        0.0
      ],
      [
        "PAT_0882",
        1,
        4936.688
      ]
    ]
  }
}