{
  "instance": "SYN_SWEEP5_SIZE_XL_024",
  "method": "SA",
  "start_method": "greedy",
  "time_limit": 60.0,
  "cost": 28363.543,
  "is_feasible": true,
  "unmet": {},
  "overprod": {
    "P13": 1,
    "P23": 2,
    "P27": 3,
    "P29": 3,
    "P36": 1
  },
  "elapsed_sec": 60.54,
  "active": {
    "S115": [
      [
        "PAT_5985",
        0,
        0.0
      ],
      [
        "PAT_5754",
        0,
        1293.2127
      ],
      [
        "PAT_6475",
        0,
        2647.924
      ],
      [
        "PAT_6475",
        0,
        5268.2267
      ]
    ],
    "S72": [
      [
        "PAT_0869",
        0,
        0.0
      ],
      [
        "PAT_0869",
        0,
        3897.1288
      ]
    ],
    "S6": [
      [
        "PAT_1725",
        0,
        0.0
      ],
      [
        "PAT_1725",
        0,
        3897.1288
      ]
    ],
    "S125": [
      [
        "PAT_3084",
        0,
        0.0
      ],
      [
        "PAT_3084",
        0,
        3412.7496
      ]
    ],
    "S107": [
      [
        "PAT_8588",
        0,
        0.0
      ],
      [
        "PAT_8588",
        0,
        3161.5813
      ]
    ],
    "S36": [
      [
        "PAT_0474",
        0,
        0.0
      ],
      [
        "PAT_4065",
        0,
        3897.1288
      ]
    ],
    "S130": [
      [
        "PAT_2599",
        0,
        0.0
      ],
      [
        "PAT_2599",
        0,
        3412.7496
      ]
    ],
    "S60": [
      [
        "PAT_2121",
        0,
        1021.6265
      ]
    ],
    "S22": [
      [
        "PAT_4091",
        0,
        0.0
      ],
      [
        "PAT_4091",
        0,
        2615.8911
      ]
    ],
    "S94": [
      [
        "PAT_8049",
        0,
        0.0
      ],
      [
        "PAT_8738",
        0,
        3331.6326999999997
      ]
    ],
    "S33": [
      [
        "PAT_8049",
        0,
        0.0
      ],
      [
        "PAT_5733",
        1,
        3161.5813
      ],
      [
        "PAT_6590",
        1,
        4883.197999999999
      ]
    ],
    "S99": [
      [
        "PAT_8579",
        0,
        0.0
      ],
      [
        "PAT_1946",
        0,
        3307.1142999999997
      ]
    ],
    "S38": [
      [
        "PAT_1927",
        0,
        0.0
      ],
      [
        "PAT_10902",
        0,
        4241.721100000001
      ]
    ],
    "S20": [
      [
        "PAT_6350",
        0,
        0.0
      ],
      [
        "PAT_6350",
        0,
        2620.3027
      ],
      [
        "PAT_4090",
        0,
        5240.6054
      ]
    ],
    "S68": [
      [
        "PAT_5753",
        0,
        1407.521
      ],
      [
        "PAT_5753",
        0,
        2700.7336999999998
      ],
      [
        "PAT_5753",
        0,
        3993.9464
      ]
    ],
    "S88": [
      [
        "PAT_6292",
        0,
        0.0
      ],
      [
        "PAT_5584",
        0,
        1293.2127
      ],
      [
        "PAT_6316",
        0,
        3913.5154
      ]
    ],
    "S104": [
      [
        "PAT_4217",
        0,
        555.1543
      ],
      [
        "PAT_4448",
        0,
        3171.0454
      ],
      [
        "PAT_6297",
        1,
        6326.6945
      ]
    ],
    "S80": [
      [
        "PAT_6498",
        0,
        0.0
      ],
      [
        "PAT_5901",
        0,
        2876.188
      ],
      [
        "PAT_7406",
        0,
        4378.8969
      ]
    ],
    "S116": [
      [
        "PAT_10437",
        0,
        0.0
      ],
      [
        "PAT_9598",
        0,
        3629.3482
      ]
    ],
    "S26": [
      [
        "PAT_1850",
        0,
        0.0
      ],
      [
        "PAT_1850",
        0,
        3826.6693
      ]
    ],
    "S128": [
      [
        "PAT_6113",
        0,
        0.0
      ],
      [
        "PAT_3388",
        0,
        2624.1358
      ]
    ],
    "S2": [
      [
        "PAT_8334",
        0,
        0.0
      ],
      [
        "PAT_8334",
        0,
        3161.5813
      ]
    ],
    "S93": [
      [
        "PAT_5683",
        0,
        0.0
      ],
      [
        "PAT_4160",
        0,
        3233.8383
      ]
    ],
    "S123": [
      [
        "PAT_8049",
        0,
        0.0
      ]
    ],
    "S13": [
      [
        "PAT_7596",
        0,
        810.6464
      ],
      [
        "PAT_7596",
        0,
        3055.4318000000003
      ]
    ],
    "S131": [
      [
        "PAT_8736",
        0,
        0.0
      ]
    ],
    "S133": [
      [
        "PAT_1946",
        0,
        1932.1277
      ]
    ],
    "S59": [
      [
        "PAT_1821",
        0,
        0.0
      ],
      [
        "PAT_1798",
        0,
        2870.413
      ]
    ],
    "S7": [
      [
        "PAT_5584",
        0,
        0.0
      ],
      [
        "PAT_5584",
        0,
        2615.8911
      ]
    ],
    "S77": [
      [
        "PAT_3308",
        0,
        0.0
      ],
      [
        "PAT_7115",
        0,
        3412.7496
      ]
    ],
    "S11": [
      [
        "PAT_9957",
        0,
        0.0
      ]
    ],
    "S49": [
      [
        "PAT_8786",
        0,
        0.0
      ],
      [
        "PAT_5682",
        1,
        4432.2938
      ]
    ],
    "S42": [
      [
        "PAT_2011",
        0,
        0.0
      ],
      [
        "PAT_6166",
        1,
        3826.6693
      ]
    ],
    "S71": [
      [
        "PAT_1946",
        0,
        0.0
      ]
    ],
    "S106": [
      [
        "PAT_7220",
        0,
        0.0
      ],
      [
        "PAT_7220",
        0,
        2244.7854
      ],
      [
        "PAT_5667",
        0,
        4489.5708
      ]
    ],
    "S91": [
      [
        "PAT_1833",
        0,
        0.0
      ],
      [
        "PAT_9838",
        0,
        3826.6693
      ]
    ],
    "S79": [
      [
        "PAT_9463",
        0,
        0.0
      ],
      [
        "PAT_8731",
        0,
        3629.3482
      ]
    ],
    "S63": [
      [
        "PAT_1677",
        0,
        0.0
      ],
      [
        "PAT_6083",
        0,
        3897.1288
      ],
      [
        "PAT_6083",
        0,
        5190.3415
      ]
    ],
    "S66": [
      [
        "PAT_1860",
        0,
        0.0
      ]
    ],
    "S98": [
      [
        "PAT_8655",
        0,
        0.0
      ]
    ],
    "S19": [
      [
        "PAT_2431",
        0,
        0.0
      ],
      [
        "PAT_5684",
        0,
        4461.751
      ]
    ],
    "S113": [
      [
        "PAT_5683",
        0,
        0.0
      ]
    ],
    "S41": [
      [
        "PAT_4644",
        0,
        0.0
      ],
      [
        "PAT_5286",
        0,
        2615.8911
      ]
    ],
    "S110": [
      [
        "PAT_14124",
        0,
        1300.6052
      ]
    ],
    "S1": [
      [
        "PAT_2005",
        0,
        0.0
      ],
      [
        "PAT_4457",
        0,
        3826.6693
      ]
    ],
    "S28": [
      [
        "PAT_14245",
        0,
        0.0
      ],
      [
        "PAT_3318",
        0,
        3629.3482
      ]
    ]
  }
}