{
  "instance": "SYN_SWEEP5_SIZE_XL_025",
  "method": "SD",
  "start_method": "greedy",
  "time_limit": 60.0,
  "cost": 26152.406,
  "is_feasible": true,
  "unmet": {},
  "overprod": {
    "P8": 1,
    "P13": 2,
    "P14": 5,
    "P16": 1,
    "P21": 1,
    "P23": 1
  },
  "elapsed_sec": 60.03,
  "active": {
    "S46": [
      [
        "PAT_0453",
        0,
        2003.0814
      ],
      [
        "PAT_0453",
        0,
        3413.5231000000003
      ],
      [
        "PAT_0453",
        0,
        4823.964800000001
      ],
      [
        "PAT_0453",
        0,
        6234.406500000001
      ],
      [
        "PAT_0453",
        0,
        7644.848200000001
      ]
    ],
    "S3": [
      [
        "PAT_0154",
        0,
        0.0
      ],
      [
        "PAT_0018",
        1,
        4173.7189
      ]
    ],
    "S48": [
      [
        "PAT_1203",
        0,
        1845.2746
      ],
      [
        "PAT_1203",
        0,
        5129.5036
      ]
    ],
    "S55": [
      [
        "PAT_0082",
        0,
        0.0
      ],
      [
        "PAT_0082",
        0,
        3156.427
      ],
      [
        "PAT_0466",
        0,
        6312.854
      ]
    ],
    "S105": [
      [
        "PAT_0400",
        0,
        0.0
      ],
      [
        "PAT_0400",
        0,
        2548.7155
      ],
      [
        "PAT_0400",
        0,
        5097.431
      ]
    ],
    "S119": [
      [
        "PAT_0408",
        0,
        0.0
      ],
      [
        "PAT_0408",
        0,
        1410.4417
      ],
      [
        "PAT_0408",
        0,
        2820.8834
      ],
      [
        "PAT_0408",
        0,
        4231.3251
      ],
      [
        "PAT_0408",
        0,
        5641.7668
      ]
    ],
    "S1": [
      [
        "PAT_0418",
        0,
        2004.6512
      ],
      [
        "PAT_0418",
        0,
        3415.0929
      ],
      [
        "PAT_0418",
        0,
        4825.5346
      ]
    ],
    "S6": [
      [
        "PAT_1164",
        0,
        1617.6118
      ],
      [
        "PAT_1164",
        0,
        4901.8408
      ]
    ],
    "S113": [
      [
        "PAT_1207",
        0,
        0.0
      ],
      [
        "PAT_1207",
        0,
        3284.229
      ],
      [
        "PAT_0467",
        1,
        6568.458
      ],
      [
        "PAT_0467",
        1,
        7978.8997
      ]
    ],
    "S98": [
      [
        "PAT_0098",
        0,
        0.0
      ]
    ],
    "S94": [
      [
        "PAT_1206",
        0,
        0.0
      ],
      [
        "PAT_1206",
        0,
        3284.229
      ]
    ],
    "S107": [
      [
        "PAT_0098",
        0,
        1227.1111
      ]
    ],
    "S21": [
      [
        "PAT_0005",
        0,
        0.0
      ],
      [
        "PAT_1166",
        0,
        3156.427
      ]
    ],
    "S63": [
      [
        "PAT_0158",
        0,
        0.0
      ],
      [
        "PAT_0158",
        0,
        2901.4284
      ],
      [
        "PAT_0241",
        0,
        5802.8568
      ]
    ],
    "S42": [
      [
        "PAT_0158",
        0,
        0.0
      ],
      [
        "PAT_0158",
        0,
        2901.4284
      ],
      [
        "PAT_0466",
        1,
        5802.8568
      ]
    ],
    "S124": [
      [
        "PAT_0158",
        0,
        0.0
      ],
      [
        "PAT_0176",
        1,
        4016.9617
      ]
    ],
    "S82": [
      [
        "PAT_0108",
        0,
        1657.5764
      ]
    ],
    "S87": [
      [
        "PAT_0008",
        0,
        0.0
      ],
      [
        "PAT_0008",
        0,
        3156.427
      ]
    ],
    "S138": [
      [
        "PAT_0008",
        0,
        0.0
      ],
      [
        "PAT_0008",
        0,
        3156.427
      ]
    ],
    "S30": [
      [
        "PAT_0051",
        1,
        1915.8678
      ],
      [
        "PAT_0051",
        1,
        5072.2948
      ]
    ],
    "S109": [
      [
        "PAT_0009",
        0,
        0.0
      ]
    ],
    "S57": [
      [
        "PAT_0087",
        0,
        0.0
      ]
    ],
    "S49": [
      [
        "PAT_0135",
        0,
        0.0
      ],
      [
        "PAT_0372",
        0,
        4886.7837
      ]
    ],
    "S54": [
      [
        "PAT_0137",
        0,
        0.0
      ],
      [
        "PAT_0378",
        1,
        4955.5274
      ]
    ],
    "S56": [
      [
        "PAT_0090",
        0,
        876.4581
      ]
    ],
    "S90": [
      [
        "PAT_0090",
        0,
        0.0
      ]
    ],
    "S71": [
      [
        "PAT_0086",
        0,
        0.0
      ]
    ],
    "S91": [
      [
        "PAT_0134",
        0,
        631.1409
      ]
    ],
    "S65": [
      [
        "PAT_0134",
        0,
        0.0
      ]
    ],
    "S22": [
      [
        "PAT_0086",
        0,
        0.0
      ],
      [
        "PAT_0216",
        0,
        4886.7837
      ]
    ],
    "S14": [
      [
        "PAT_0104",
        0,
        0.0
      ]
    ],
    "S16": [
      [
        "PAT_0921",
        0,
        1568.4701
      ]
    ],
    "S66": [
      [
        "PAT_0228",
        0,
        0.0
      ],
      [
        "PAT_0228",
        0,
        2901.4284
      ],
      [
        "PAT_0228",
        0,
        5802.8568
      ]
    ],
    "S111": [
      [
        "PAT_1067",
        0,
        0.0
      ],
      [
        "PAT_1067",
        0,
        4106.3857
      ]
    ],
    "S43": [
      [
        "PAT_0304",
        0,
        1062.2658
      ],
      [
        "PAT_0304",
        0,
        3963.6942
      ]
    ],
    "S96": [
      [
        "PAT_0399",
        0,
        0.0
      ],
      [
        "PAT_0957",
        0,
        3814.9239
      ]
    ],
    "S112": [
      [
        "PAT_1150",
        0,
        1487.862
      ],
      [
        "PAT_0161",
        0,
        5594.2477
      ]
    ],
    "S62": [
      [
        "PAT_0512",
        0,
        0.0
      ],
      [
        "PAT_1149",
        0,
        4433.7088
      ]
    ],
    "S7": [
      [
        "PAT_0512",
        0,
        0.0
      ],
      [
        "PAT_0089",
        0,
        4106.3857
      ]
    ],
    "S118": [
      [
        "PAT_0512",
        0,
        1496.9369
      ]
    ],
    "S89": [
      [
        "PAT_0134",
        0,
        0.0
      ]
    ],
    "S45": [
      [
        "PAT_0512",
        0,
        2352.7609
      ]
    ]
  }
}