{
  "instance": "SYN_SWEEP5_SIZE_XL_012",
  "method": "GRASP_SA",
  "start_method": "none",
  "time_limit": 60.0,
  "cost": 31255.0145,
  "is_feasible": true,
  "unmet": {},
  "overprod": {
    "P6": 1,
    "P14": 2,
    "P15": 1,
    "P22": 2,
    "P30": 2,
    "P31": 1,
    "P33": 3,
    "P36": 1,
    "P40": 2,
    "P41": 1,
    "P43": 2,
    "P46": 1
  },
  "elapsed_sec": 61.37,
  "active": {
    "S105": [
      [
        "PAT_24037",
        0,
        0.0
      ],
      [
        "PAT_24037",
        0,
        3043.4791
      ]
    ],
    "S30": [
      [
        "PAT_23331",
        0,
        0.0
      ],
      [
        "PAT_23331",
        0,
        3043.4791
      ]
    ],
    "S14": [
      [
        "PAT_12810",
        0,
        0.0
      ],
      [
        "PAT_11747",
        0,
        2791.9013
      ]
    ],
    "S141": [
      [
        "PAT_14604",
        0,
        0.0
      ],
      [
        "PAT_14604",
        0,
        3025.2007
      ]
    ],
    "S8": [
      [
        "PAT_16464",
        0,
        0.0
      ],
      [
        "PAT_16464",
        0,
        3025.2007
      ]
    ],
    "S2": [
      [
        "PAT_16616",
        0,
        0.0
      ],
      [
        "PAT_16616",
        0,
        3043.4791
      ]
    ],
    "S23": [
      [
        "PAT_16593",
        0,
        0.0
      ],
      [
        "PAT_18724",
        0,
        4052.1744
      ]
    ],
    "S132": [
      [
        "PAT_16527",
        0,
        0.0
      ],
      [
        "PAT_10646",
        1,
        2517.2646999999984
      ],
      [
        "PAT_10646",
        1,
        5815.5783999999985
      ]
    ],
    "S7": [
      [
        "PAT_16534",
        0,
        4431.5472
      ],
      [
        "PAT_16534",
        0,
        6947.9748
      ]
    ],
    "S94": [
      [
        "PAT_11806",
        0,
        0.0
      ],
      [
        "PAT_11806",
        0,
        3576.3951
      ]
    ],
    "S127": [
      [
        "PAT_3657",
        0,
        0.0
      ],
      [
        "PAT_5256",
        0,
        4438.5724
      ]
    ],
    "S61": [
      [
        "PAT_11392",
        0,
        0.0
      ],
      [
        "PAT_11392",
        0,
        3298.3137
      ]
    ],
    "S31": [
      [
        "PAT_11874",
        0,
        0.0
      ],
      [
        "PAT_10270",
        0,
        3251.116
      ]
    ],
    "S72": [
      [
        "PAT_11735",
        0,
        0.0
      ],
      [
        "PAT_0054",
        0,
        3890.9212
      ]
    ],
    "S81": [
      [
        "PAT_11270",
        0,
        0.0
      ],
      [
        "PAT_11270",
        0,
        3298.3137
      ]
    ],
    "S99": [
      [
        "PAT_0003",
        0,
        0.0
      ],
      [
        "PAT_0003",
        0,
        4016.182
      ]
    ],
    "S129": [
      [
        "PAT_0040",
        0,
        1059.3066
      ]
    ],
    "S13": [
      [
        "PAT_11388",
        0,
        0.0
      ],
      [
        "PAT_10224",
        0,
        4495.7792
      ]
    ],
    "S39": [
      [
        "PAT_11784",
        0,
        0.0
      ],
      [
        "PAT_11784",
        0,
        3576.3951
      ]
    ],
    "S98": [
      [
        "PAT_11875",
        0,
        0.0
      ],
      [
        "PAT_11875",
        0,
        2992.5542
      ]
    ],
    "S74": [
      [
        "PAT_16593",
        0,
        0.0
      ],
      [
        "PAT_11472",
        0,
        3452.6432
      ]
    ],
    "S124": [
      [
        "PAT_10002",
        0,
        0.0
      ],
      [
        "PAT_10002",
        0,
        3963.4487
      ]
    ],
    "S102": [
      [
        "PAT_11054",
        0,
        0.0
      ],
      [
        "PAT_16563",
        0,
        3660.5744999999993
      ],
      [
        "PAT_16563",
        0,
        6704.053599999999
      ]
    ],
    "S101": [
      [
        "PAT_12709",
        0,
        0.0
      ],
      [
        "PAT_12709",
        0,
        2992.5542
      ]
    ],
    "S134": [
      [
        "PAT_16563",
        0,
        2218.9395
      ],
      [
        "PAT_16563",
        0,
        5262.4186
      ]
    ],
    "S106": [
      [
        "PAT_11785",
        0,
        0.0
      ],
      [
        "PAT_13780",
        0,
        3576.3951
      ]
    ],
    "S76": [
      [
        "PAT_11734",
        0,
        0.0
      ],
      [
        "PAT_16593",
        0,
        3623.8871000000004
      ]
    ],
    "S35": [
      [
        "PAT_12984",
        0,
        0.0
      ],
      [
        "PAT_13769",
        0,
        3658.4082
      ]
    ],
    "S56": [
      [
        "PAT_16335",
        0,
        0.0
      ],
      [
        "PAT_16335",
        0,
        3025.2007
      ],
      [
        "PAT_16335",
        0,
        6050.4014
      ]
    ],
    "S48": [
      [
        "PAT_12985",
        0,
        2012.6779
      ]
    ],
    "S20": [
      [
        "PAT_3819",
        0,
        0.0
      ]
    ],
    "S145": [
      [
        "PAT_17018",
        0,
        0.0
      ],
      [
        "PAT_17018",
        0,
        3043.4791
      ]
    ],
    "S44": [
      [
        "PAT_10086",
        0,
        659.9187
      ]
    ],
    "S47": [
      [
        "PAT_9481",
        0,
        0.0
      ],
      [
        "PAT_9481",
        0,
        4016.182
      ]
    ],
    "S142": [
      [
        "PAT_11334",
        0,
        3298.3137
      ]
    ],
    "S108": [
      [
        "PAT_12689",
        0,
        0.0
      ],
      [
        "PAT_12462",
        0,
        2992.5542
      ],
      [
        "PAT_11023",
        0,
        5985.1084
      ]
    ],
    "S100": [
      [
        "PAT_7446",
        0,
        0.0
      ],
      [
        "PAT_5842",
        0,
        4016.182
      ]
    ],
    "S45": [
      [
        "PAT_10120",
        0,
        0.0
      ],
      [
        "PAT_21789",
        1,
        4947.6465
      ]
    ],
    "S38": [
      [
        "PAT_5664",
        0,
        0.0
      ],
      [
        "PAT_13957",
        0,
        4016.182
      ]
    ],
    "S92": [
      [
        "PAT_0053",
        0,
        2852.5368
      ]
    ],
    "S77": [
      [
        "PAT_16469",
        0,
        0.0
      ],
      [
        "PAT_13719",
        1,
        3125.58
      ]
    ],
    "S135": [
      [
        "PAT_12943",
        0,
        0.0
      ],
      [
        "PAT_19056",
        1,
        3787.974
      ]
    ],
    "S17": [
      [
        "PAT_11223",
        0,
        2676.3153
      ],
      [
        "PAT_11223",
        0,
        5974.629000000001
      ]
    ],
    "S80": [
      [
        "PAT_10201",
        0,
        0.0
      ],
      [
        "PAT_10063",
        0,
        3963.4487
      ]
    ],
    "S67": [
      [
        "PAT_6333",
        0,
        2948.904
      ]
    ],
    "S112": [
      [
        "PAT_17018",
        0,
        2049.9989
      ],
      [
        "PAT_17018",
        0,
        5093.478
      ]
    ],
    "S73": [
      [
        "PAT_14761",
        0,
        0.0
      ],
      [
        "PAT_12417",
        0,
        3025.2007
      ],
      [
        "PAT_16525",
        0,
        6017.7549
      ]
    ],
    "S34": [
      [
        "PAT_12985",
        0,
        0.0
      ]
    ],