{
  "instance": "SYN_SWEEP5_SIZE_XL_020",
  "method": "SA",
  "start_method": "greedy",
  "time_limit": 60.0,
  "cost": 29330.2081,
  "is_feasible": true,
  "unmet": {},
  "overprod": {
    "P9": 1,
    "P24": 1,
    "P29": 3
  },
  "elapsed_sec": 60.09,
  "active": {
    "S136": [
      [
        "PAT_1768",
        0,
        1389.7088
      ]
    ],
    "S125": [
      [
        "PAT_1836",
        0,
        0.0
      ],
      [
        "PAT_1836",
        0,
        2450.4116
      ]
    ],
    "S105": [
      [
        "PAT_1744",
        0,
        0.0
      ],
      [
        "PAT_1744",
        0,
        2392.7634
      ]
    ],
    "S66": [
      [
        "PAT_1662",
        0,
        0.0
      ],
      [
        "PAT_0313",
        0,
        3578.3358
      ]
    ],
    "S2": [
      [
        "PAT_1613",
        0,
        0.0
      ],
      [
        "PAT_1495",
        1,
        3427.1472
      ]
    ],
    "S57": [
      [
        "PAT_0177",
        0,
        0.0
      ],
      [
        "PAT_1956",
        0,
        2782.9759
      ]
    ],
    "S80": [
      [
        "PAT_1800",
        0,
        0.0
      ],
      [
        "PAT_1536",
        0,
        3041.9482
      ]
    ],
    "S126": [
      [
        "PAT_1079",
        0,
        0.0
      ],
      [
        "PAT_0203",
        0,
        2707.5851999999995
      ]
    ],
    "S114": [
      [
        "PAT_1964",
        0,
        0.0
      ],
      [
        "PAT_1809",
        0,
        3301.6247
      ]
    ],
    "S22": [
      [
        "PAT_1801",
        0,
        0.0
      ],
      [
        "PAT_1743",
        1,
        4190.625
      ]
    ],
    "S138": [
      [
        "PAT_0373",
        0,
        0.0
      ],
      [
        "PAT_0028",
        0,
        2541.8459000000003
      ]
    ],
    "S53": [
      [
        "PAT_0209",
        0,
        0.0
      ],
      [
        "PAT_0292",
        0,
        1907.2551
      ],
      [
        "PAT_1141",
        0,
        3982.4851
      ]
    ],
    "S130": [
      [
        "PAT_1967",
        0,
        1440.1474
      ]
    ],
    "S5": [
      [
        "PAT_1744",
        0,
        0.0
      ],
      [
        "PAT_1744",
        0,
        2392.7634
      ]
    ],
    "S36": [
      [
        "PAT_0431",
        0,
        0.0
      ]
    ],
    "S38": [
      [
        "PAT_1807",
        0,
        1412.5983
      ]
    ],
    "S59": [
      [
        "PAT_1774",
        0,
        0.0
      ]
    ],
    "S93": [
      [
        "PAT_0769",
        0,
        0.0
      ],
      [
        "PAT_1466",
        0,
        3447.5339
      ]
    ],
    "S52": [
      [
        "PAT_0947",
        0,
        0.0
      ]
    ],
    "S21": [
      [
        "PAT_0098",
        0,
        1022.7212
      ]
    ],
    "S11": [
      [
        "PAT_1573",
        0,
        1077.128
      ]
    ],
    "S89": [
      [
        "PAT_0266",
        0,
        0.0
      ],
      [
        "PAT_0334",
        0,
        2129.366
      ]
    ],
    "S18": [
      [
        "PAT_0243",
        0,
        0.0
      ],
      [
        "PAT_1968",
        0,
        1907.2551
      ]
    ],
    "S78": [
      [
        "PAT_0944",
        0,
        0.0
      ]
    ],
    "S92": [
      [
        "PAT_1862",
        0,
        0.0
      ]
    ],
    "S120": [
      [
        "PAT_1635",
        0,
        1626.721
      ]
    ],
    "S77": [
      [
        "PAT_0343",
        0,
        0.0
      ],
      [
        "PAT_1684",
        0,
        2489.3651
      ]
    ],
    "S95": [
      [
        "PAT_1967",
        0,
        1463.4407
      ]
    ],
    "S29": [
      [
        "PAT_1821",
        0,
        0.0
      ]
    ],
    "S151": [
      [
        "PAT_0289",
        0,
        0.0
      ],
      [
        "PAT_1802",
        0,
        2459.9054
      ]
    ],
    "S134": [
      [
        "PAT_0944",
        0,
        0.0
      ]
    ],
    "S39": [
      [
        "PAT_0359",
        0,
        0.0
      ],
      [
        "PAT_1771",
        1,
        2865.3077
      ]
    ],
    "S54": [
      [
        "PAT_1967",
        0,
        0.0
      ]
    ],
    "S106": [
      [
        "PAT_1620",
        0,
        0.0
      ],
      [
        "PAT_0369",
        1,
        3809.0539
      ]
    ],
    "S122": [
      [
        "PAT_0477",
        0,
        0.0
      ],
      [
        "PAT_0280",
        1,
        4090.7227
      ]
    ],
    "S88": [
      [
        "PAT_1316",
        0,
        0.0
      ],
      [
        "PAT_0685",
        0,
        2339.5785
      ]
    ],
    "S144": [
      [
        "PAT_1968",
        0,
        638.6421
      ]
    ],
    "S73": [
      [
        "PAT_0947",
        0,
        0.0
      ]
    ],
    "S7": [
      [
        "PAT_1724",
        0,
        1136.7466
      ]
    ],
    "S87": [
      [
        "PAT_1953",
        0,
        0.0
      ]
    ],
    "S63": [
      [
        "PAT_0947",
        0,
        0.0
      ]
    ],
    "S74": [
      [
        "PAT_1577",
        0,
        0.0
      ]
    ],
    "S55": [
      [
        "PAT_1589",
        0,
        625.415
      ]
    ],
    "S101": [
      [
        "PAT_0186",
        0,
        0.0
      ]
    ],
    "S109": [
      [
        "PAT_1732",
        0,
        0.0
      ]
    ],
    "S43": [
      [
        "PAT_0658",
        0,
        0.0
      ]
    ],
    "S142": [
      [
        "PAT_0947",
        0,
        0.0
      ]
    ],
    "S1": [
      [
        "PAT_1692",
        0,
        0.0
      ],
      [
        "PAT_1752",
        0,
        3513.8791
      ]
    ],
    "S16": [
      [
        "PAT_0622",
        0,
        1969.8854
      ]
    ],
    "S117": [
      [
        "PAT_0314",
        0,
        0.0
      ]
    ],
    "S139": [
      [
        "PAT_0752",
        0,
        0.0
      ]
    ],
    "S33": [
      [
        "PAT_0952",
        0,
        0.0
      ]
    ],
    "S13": [
      [
        "PAT_0468",
        0,
        0.0
      ]
    ],
    "S48": [
      [
        "PAT_1684",
        0,
        0.0
      ]
    ],
    "S40": [
      [
        "PAT_0944",
        0,
        0.0
      ]
    ],
    "S34": [
      [
        "PAT_1672",
        0,
        0.0
      ]
    ],
    "S10": [
      [
        "PAT_1547",
        0,
        2019.5284
      ]
    ],
    "S84": [
      [
        "PAT_0135",
        0,
        1383.7733
      ]
    ],
    "S30": [
      [
        "PAT_1123",
        0,
        0.0
      ],
      [
        "PAT_0104",
        0,
        2339.5785
      ]
    ]
  }
}