{
  "instance": "SYN_SWEEP5_SIZE_XL_009",
  "method": "SA",
  "start_method": "greedy",
  "time_limit": 60.0,
  "cost": 31110.3977,
  "is_feasible": true,
  "unmet": {},
  "overprod": {
    "P9": 1,
    "P27": 1,
    "P29": 2,
    "P31": 2
  },
  "elapsed_sec": 60.04,
  "active": {
    "S44": [
      [
        "PAT_0626",
        0,
        0.0
      ],
      [
        "PAT_0318",
        0,
        3054.8246
      ],
      [
        "PAT_0318",
        0,
        4176.188099999999
      ],
      [
        "PAT_0318",
        0,
        5297.551599999999
      ]
    ],
    "S70": [
      [
        "PAT_0027",
        0,
        0.0
      ],
      [
        "PAT_0596",
        0,
        5158.0252
      ]
    ],
    "S148": [
      [
        "PAT_2829",
        0,
        0.0
      ],
      [
        "PAT_3130",
        1,
        5254.5541
      ]
    ],
    "S12": [
      [
        "PAT_2233",
        0,
        0.0
      ],
      [
        "PAT_0080",
        0,
        3353.0516
      ]
    ],
    "S101": [
      [
        "PAT_0316",
        0,
        0.0
      ],
      [
        "PAT_0212",
        0,
        3055.2178000000004
      ],
      [
        "PAT_0364",
        1,
        6374.1432
      ]
    ],
    "S1": [
      [
        "PAT_3272",
        0,
        0.0
      ],
      [
        "PAT_2534",
        0,
        862.3479
      ],
      [
        "PAT_2754",
        0,
        4092.6259
      ]
    ],
    "S77": [
      [
        "PAT_2652",
        0,
        1786.2699
      ],
      [
        "PAT_2526",
        0,
        4841.0945
      ]
    ],
    "S154": [
      [
        "PAT_2848",
        0,
        1074.2443999999996
      ],
      [
        "PAT_2848",
        0,
        5312.344599999999
      ]
    ],
    "S7": [
      [
        "PAT_0364",
        0,
        0.0
      ],
      [
        "PAT_0492",
        0,
        2297.3019
      ]
    ],
    "S5": [
      [
        "PAT_3302",
        0,
        1021.7218
      ],
      [
        "PAT_2906",
        0,
        1884.0697
      ]
    ],
    "S99": [
      [
        "PAT_0488",
        0,
        0.0
      ],
      [
        "PAT_3117",
        1,
        5064.0538
      ]
    ],
    "S64": [
      [
        "PAT_1202",
        0,
        0.0
      ],
      [
        "PAT_2834",
        0,
        3332.7298
      ]
    ],
    "S28": [
      [
        "PAT_0591",
        0,
        0.0
      ],
      [
        "PAT_3081",
        0,
        3377.6225
      ],
      [
        "PAT_0051",
        1,
        5254.7041
      ]
    ],
    "S19": [
      [
        "PAT_0217",
        0,
        0.0
      ],
      [
        "PAT_1874",
        0,
        3318.9254
      ]
    ],
    "S69": [
      [
        "PAT_0201",
        0,
        0.0
      ],
      [
        "PAT_0099",
        1,
        4650.1468
      ]
    ],
    "S156": [
      [
        "PAT_1201",
        0,
        0.0
      ],
      [
        "PAT_0017",
        0,
        3185.7793
      ]
    ],
    "S92": [
      [
        "PAT_0368",
        0,
        0.0
      ],
      [
        "PAT_0077",
        1,
        3492.4102
      ]
    ],
    "S115": [
      [
        "PAT_2834",
        0,
        0.0
      ],
      [
        "PAT_0002",
        0,
        4238.1002
      ]
    ],
    "S43": [
      [
        "PAT_3281",
        0,
        0.0
      ],
      [
        "PAT_0567",
        0,
        1014.2998999999995
      ],
      [
        "PAT_0369",
        1,
        4391.9223999999995
      ]
    ],
    "S158": [
      [
        "PAT_0133",
        0,
        0.0
      ],
      [
        "PAT_0388",
        0,
        3318.9254
      ]
    ],
    "S114": [
      [
        "PAT_3086",
        0,
        2084.8125
      ],
      [
        "PAT_0083",
        0,
        2947.1603999999998
      ]
    ],
    "S62": [
      [
        "PAT_0045",
        0,
        1647.7446
      ],
      [
        "PAT_0613",
        0,
        4966.67
      ]
    ],
    "S122": [
      [
        "PAT_0673",
        0,
        0.0
      ],
      [
        "PAT_0086",
        0,
        4481.4611
      ]
    ],
    "S160": [
      [
        "PAT_0323",
        0,
        1599.0302
      ],
      [
        "PAT_0587",
        0,
        3760.2077
      ]
    ],
    "S32": [
      [
        "PAT_3058",
        0,
        0.0
      ],
      [
        "PAT_0145",
        0,
        862.3479
      ],
      [
        "PAT_3072",
        0,
        4181.2733
      ],
      [
        "PAT_3165",
        1,
        5863.7713
      ]
    ],
    "S112": [
      [
        "PAT_0592",
        0,
        0.0
      ],
      [
        "PAT_2942",
        0,
        3377.6225
      ]
    ],
    "S159": [
      [
        "PAT_0250",
        0,
        1831.4577
      ]
    ],
    "S108": [
      [
        "PAT_0568",
        0,
        0.0
      ],
      [
        "PAT_0451",
        0,
        3377.6225
      ]
    ],
    "S153": [
      [
        "PAT_2977",
        0,
        0.0
      ],
      [
        "PAT_0397",
        0,
        4238.1002
      ]
    ],
    "S89": [
      [
        "PAT_0045",
        0,
        0.0
      ]
    ],
    "S53": [
      [
        "PAT_0388",
        0,
        0.0
      ],
      [
        "PAT_2937",
        0,
        3492.4102
      ]
    ],
    "S96": [
      [
        "PAT_1195",
        0,
        0.0
      ],
      [
        "PAT_0004",
        0,
        3054.8246
      ]
    ],
    "S140": [
      [
        "PAT_3089",
        0,
        1343.8132
      ],
      [
        "PAT_0169",
        0,
        2206.1611000000003
      ],
      [
        "PAT_0169",
        0,
        5525.0865
      ]
    ],
    "S47": [
      [
        "PAT_0508",
        0,
        2574.1866
      ]
    ],
    "S133": [
      [
        "PAT_0421",
        0,
        2865.2231
      ]
    ],
    "S123": [
      [
        "PAT_0455",
        0,
        1653.1818
      ]
    ],
    "S145": [
      [
        "PAT_2091",
        0,
        1023.0943
      ],
      [
        "PAT_0563",
        0,
        4077.9188999999997
      ]
    ],
    "S41": [
      [
        "PAT_0450",
        0,
        0.0
      ]
    ],
    "S84": [
      [
        "PAT_1878",
        0,
        0.0
      ],
      [
        "PAT_0055",
        0,
        3809.2068
      ]
    ],
    "S68": [
      [
        "PAT_2373",
        0,
        0.0
      ],
      [
        "PAT_2299",
        1,
        5337.3369
      ]
    ],
    "S25": [
      [
        "PAT_2464",
        0,
        0.0
      ],
      [
        "PAT_0492",
        0,
        3054.8246
      ]
    ],
    "S138": [
      [
        "PAT_0255",
        0,
        0.0
      ],
      [
        "PAT_0255",
        0,
        3318.9254
      ]
    ],
    "S3": [
      [
        "PAT_2322",
        0,
        1383.1212
      ]
    ],
    "S36": [
      [
        "PAT_0865",
        0,
        0.0
      ],
      [
        "PAT_0563",
        1,
        4920.0453
      ]
    ],
    "S48": [
      [
        "PAT_1368",
        0,
        3658.9347
      ]
    ],
    "S119": [
      [
        "PAT_0476",
        0,
        0.0
      ],
      [
        "PAT_1053",
        0,
        5064.0538
      ]
    ],
    "S30": [
      [
        "PAT_2820",
        0,
        1627.6891
      ]
    ],
    "S22": [
      [
        "PAT_2596",
        0,
        1841.3873
      ]
    ],