{
  "instance": "SYN_SWEEP5_SIZE_L_014",
  "method": "TS",
  "start_method": "multistart",
  "time_limit": 60.0,
  "cost": 12259.343,
  "is_feasible": true,
  "unmet": {},
  "overprod": {
    "P2": 1,
    "P13": 1,
    "P14": 1,
    "P15": 1
  },
  "elapsed_sec": 60.01,
  "active": {
    "S19": [
      [
        "PAT_1423",
        0,
        1435.0432
      ],
      [
        "PAT_1423",
        0,
        4367.9466
      ]
    ],
    "S7": [
      [
        "PAT_1401",
        0,
        0.0
      ],
      [
        "PAT_1538",
        0,
        2784.317499999999
      ],
      [
        "PAT_1538",
        0,
        5717.220899999999
      ]
    ],
    "S8": [
      [
        "PAT_1546",
        0,
        0.0
      ],
      [
        "PAT_1546",
        0,
        3553.7087
      ]
    ],
    "S5": [
      [
        "PAT_1531",
        0,
        0.0
      ],
      [
        "PAT_1584",
        0,
        2932.9034
      ]
    ],
    "S61": [
      [
        "PAT_1600",
        0,
        2412.4035999999996
      ]
    ],
    "S30": [
      [
        "PAT_1611",
        0,
        0.0
      ],
      [
        "PAT_1407",
        1,
        4672.1575
      ]
    ],
    "S27": [
      [
        "PAT_1359",
        0,
        0.0
      ],
      [
        "PAT_1359",
        0,
        2760.019
      ]
    ],
    "S37": [
      [
        "PAT_0929",
        0,
        0.0
      ],
      [
        "PAT_0767",
        0,
        3683.934
      ]
    ],
    "S22": [
      [
        "PAT_0643",
        0,
        0.0
      ],
      [
        "PAT_0643",
        0,
        2760.019
      ]
    ],
    "S51": [
      [
        "PAT_1603",
        0,
        0.0
      ],
      [
        "PAT_0761",
        0,
        4664.8598
      ]
    ],
    "S13": [
      [
        "PAT_0868",
        0,
        0.0
      ],
      [
        "PAT_0868",
        0,
        2760.019
      ]
    ],
    "S58": [
      [
        "PAT_1373",
        0,
        752.0556
      ],
      [
        "PAT_1373",
        0,
        3512.0746
      ]
    ],
    "S39": [
      [
        "PAT_1380",
        0,
        0.0
      ],
      [
        "PAT_1380",
        0,
        2760.019
      ]
    ],
    "S40": [
      [
        "PAT_1381",
        0,
        0.0
      ]
    ],
    "S48": [
      [
        "PAT_0002",
        0,
        603.8422
      ],
      [
        "PAT_0859",
        0,
        4121.4418
      ]
    ],
    "S18": [
      [
        "PAT_1601",
        0,
        3434.626
      ]
    ],
    "S28": [
      [
        "PAT_0287",
        0,
        0.0
      ],
      [
        "PAT_0004",
        0,
        2760.019
      ],
      [
        "PAT_0004",
        0,
        5091.1602
      ]
    ],
    "S50": [
      [
        "PAT_0071",
        0,
        0.0
      ],
      [
        "PAT_0071",
        0,
        2463.3335
      ],
      [
        "PAT_0001",
        0,
        4926.667
      ]
    ],
    "S14": [
      [
        "PAT_0322",
        0,
        0.0
      ],
      [
        "PAT_1553",
        0,
        3901.2961
      ]
    ],
    "S9": [
      [
        "PAT_1384",
        0,
        0.0
      ]
    ],
    "S57": [
      [
        "PAT_1633",
        0,
        1824.179
      ]
    ]
  }
}