{
  "instance": "SYN_SWEEP5_SIZE_XL_001",
  "method": "VNS_SA",
  "start_method": "multistart",
  "time_limit": 60.0,
  "cost": 32044.4766,
  "is_feasible": true,
  "unmet": {},
  "overprod": {
    "P1": 4,
    "P4": 3,
    "P13": 5,
    "P20": 1,
    "P28": 2,
    "P31": 2,
    "P39": 1,
    "P40": 1
  },
  "elapsed_sec": 205.51,
  "active": {
    "S20": [
      [
        "PAT_12904",
        0,
        0.0
      ],
      [
        "PAT_12904",
        0,
        1051.1847
      ],
      [
        "PAT_12904",
        0,
        2102.3694
      ],
      [
        "PAT_12904",
        0,
        3153.5541000000003
      ],
      [
        "PAT_12904",
        0,
        4204.7388
      ]
    ],
    "S104": [
      [
        "PAT_18384",
        0,
        0.0
      ],
      [
        "PAT_18384",
        0,
        2711.7351
      ]
    ],
    "S98": [
      [
        "PAT_12734",
        0,
        0.0
      ],
      [
        "PAT_12734",
        0,
        1051.1847
      ],
      [
        "PAT_12555",
        0,
        3153.5541000000003
      ]
    ],
    "S17": [
      [
        "PAT_12520",
        0,
        1274.9326
      ]
    ],
    "S114": [
      [
        "PAT_12480",
        0,
        0.0
      ]
    ],
    "S95": [
      [
        "PAT_18283",
        0,
        0.0
      ],
      [
        "PAT_18283",
        0,
        2711.7351
      ]
    ],
    "S27": [
      [
        "PAT_18428",
        0,
        0.0
      ],
      [
        "PAT_5239",
        2,
        2724.9221
      ]
    ],
    "S14": [
      [
        "PAT_12566",
        0,
        0.0
      ],
      [
        "PAT_13127",
        0,
        1545.8162
      ]
    ],
    "S38": [
      [
        "PAT_7064",
        0,
        0.0
      ]
    ],
    "S30": [
      [
        "PAT_13112",
        0,
        0.0
      ],
      [
        "PAT_3822",
        1,
        4811.5246
      ]
    ],
    "S111": [
      [
        "PAT_13094",
        0,
        0.0
      ]
    ],
    "S96": [
      [
        "PAT_12094",
        0,
        1235.2436
      ]
    ],
    "S71": [
      [
        "PAT_17949",
        0,
        376.5094
      ]
    ],
    "S63": [
      [
        "PAT_12734",
        0,
        0.0
      ],
      [
        "PAT_14868",
        0,
        1823.6752
      ]
    ],
    "S23": [
      [
        "PAT_18267",
        0,
        2032.6763
      ]
    ],
    "S93": [
      [
        "PAT_12639",
        0,
        0.0
      ],
      [
        "PAT_14993",
        0,
        1051.1847
      ]
    ],
    "S67": [
      [
        "PAT_13093",
        0,
        382.6583
      ]
    ],
    "S115": [
      [
        "PAT_7001",
        0,
        0.0
      ]
    ],
    "S138": [
      [
        "PAT_14765",
        0,
        0.0
      ]
    ],
    "S32": [
      [
        "PAT_13102",
        0,
        0.0
      ]
    ],
    "S88": [
      [
        "PAT_3773",
        0,
        0.0
      ],
      [
        "PAT_18054",
        0,
        1235.2436
      ]
    ],
    "S86": [
      [
        "PAT_18010",
        0,
        796.5569
      ]
    ],
    "S68": [
      [
        "PAT_3789",
        0,
        0.0
      ],
      [
        "PAT_4931",
        0,
        1235.2436
      ]
    ],
    "S49": [
      [
        "PAT_13120",
        0,
        420.5332
      ]
    ],
    "S45": [
      [
        "PAT_15081",
        0,
        0.0
      ]
    ],
    "S110": [
      [
        "PAT_10168",
        0,
        0.0
      ]
    ],
    "S54": [
      [
        "PAT_15037",
        0,
        0.0
      ]
    ],
    "S28": [
      [
        "PAT_7001",
        0,
        1983.7223
      ]
    ],
    "S79": [
      [
        "PAT_13108",
        0,
        0.0
      ]
    ],
    "S46": [
      [
        "PAT_9175",
        0,
        0.0
      ]
    ],
    "S139": [
      [
        "PAT_7002",
        0,
        2344.7464
      ]
    ],
    "S33": [
      [
        "PAT_7067",
        0,
        0.0
      ]
    ],
    "S89": [
      [
        "PAT_12139",
        0,
        872.5389
      ]
    ],
    "S19": [
      [
        "PAT_8102",
        0,
        2151.8246
      ]
    ],
    "S31": [
      [
        "PAT_13110",
        0,
        0.0
      ]
    ],
    "S36": [
      [
        "PAT_18302",
        0,
        1298.1112
      ]
    ],
    "S72": [
      [
        "PAT_12496",
        0,
        0.0
      ],
      [
        "PAT_12738",
        1,
        3388.2466
      ]
    ],
    "S44": [
      [
        "PAT_9176",
        0,
        0.0
      ]
    ],
    "S6": [
      [
        "PAT_17353",
        0,
        1588.3042
      ]
    ],
    "S29": [
      [
        "PAT_7001",
        0,
        0.0
      ]
    ],
    "S1": [
      [
        "PAT_0757",
        0,
        701.5522
      ],
      [
        "PAT_10880",
        0,
        1936.7957999999999
      ]
    ],
    "S64": [
      [
        "PAT_6715",
        0,
        0.0
      ],
      [
        "PAT_17905",
        0,
        1235.2436
      ]
    ],
    "S26": [
      [
        "PAT_12412",
        0,
        1285.6543
      ]
    ],
    "S62": [
      [
        "PAT_11279",
        0,
        0.0
      ]
    ],
    "S50": [
      [
        "PAT_7001",
        0,
        0.0
      ]
    ],
    "S15": [
      [
        "PAT_0815",
        0,
        2124.5659
      ]
    ],
    "S116": [
      [
        "PAT_2828",
        0,
        0.0
      ],
      [
        "PAT_8051",
        0,
        1235.2436
      ]
    ],
    "S84": [
      [
        "PAT_3500",
        0,
        0.0
      ],
      [
        "PAT_12875",
        0,
        1235.2436
      ],
      [
        "PAT_12875",
        0,
        2286.4283
      ]
    ],
    "S73": [
      [
        "PAT_12877",
        0,
        0.0
      ],
      [
        "PAT_13127",
        0,
        1051.1847
      ]
    ],
    "S52": [
      [
        "PAT_9740",
        0,
        0.0
      ]
    ],
    "S120": [
      [
        "PAT_17761",
        0,
        0.0
      ],
      [
        "PAT_17348",
        0,
        2841.7035
      ]
    ],
    "S122": [
      [
        "PAT_18259",
        0,
        0.0
      ]
    ],
    "S92": [
      [
        "PAT_17747",
        0,
        0.0
      ],
      [
        "PAT_17337",
        0,
        2841.7035
      ]
    ],
    "S58": [
      [
        "PAT_0068",
        0,
        0.0
      ],
      [
        "PAT_7008",
        0,
        2200.6563
      ]
    ],
    "S22": [
      [
        "PAT_10169",
        0,
        0.0
      ]
    ],
    "S69": [
      [
        "PAT_9946",
        0,
        0.0
      ]
    ],
    "S9": [
      [
        "PAT_14980",
        0,
        0.0
      ]
    ],
    "S101": [
      [
        "PAT_11158",
        0,
        0.0
      ]
    ],
    "S16": [
      [
        "PAT_11545",
        0,
        742.8215
      ]
    ],
    "S11": [
      [
        "PAT_10500",
        0,
        2086.2321
      ]
    ],
    "S129": [
      [
        "PAT_17861",
        0,
        0.0
      ],
      [
        "PAT_17861",
        0,
        2841.7035
      ]
    ],
    "S35": [
      [
        "PAT_13657",
        0,
        0.0
      ],
      [
        "PAT_2750",
        0,
        3850.232
      ]
    ],
    "S134": [
      [
        "PAT_7001",
        0,
        0.0
      ]
    ],
    "S124": [
      [
        "PAT_18189",
        0,
        534.8306
      ]
    ]
  }
}