{
  "instance": "SYN_SWEEP5_SIZE_L_004",
  "method": "SA",
  "start_method": "multistart",
  "time_limit": 60.0,
  "cost": 14037.1576,
  "is_feasible": true,
  "unmet": {},
  "overprod": {
    "P7": 1,
    "P11": 1,
    "P14": 1
  },
  "elapsed_sec": 60.18,
  "active": {
    "S49": [
      [
        "PAT_0539",
        0,
        1226.5005
      ],
      [
        "PAT_0539",
        0,
        3940.2542000000003
      ]
    ],
    "S39": [
      [
        "PAT_0025",
        0,
        1784.1832
      ]
    ],
    "S38": [
      [
        "PAT_11747",
        0,
        1600.0
      ]
    ],
    "S5": [
      [
        "PAT_0029",
        0,
        0.0
      ],
      [
        "PAT_0749",
        1,
        5005.3969
      ]
    ],
    "S43": [
      [
        "PAT_0025",
        0,
        1270.0878
      ]
    ],
    "S63": [
      [
        "PAT_1499",
        0,
        0.0
      ],
      [
        "PAT_7553",
        0,
        800.0
      ],
      [
        "PAT_0636",
        0,
        2154.9218
      ]
    ],
    "S65": [
      [
        "PAT_6684",
        0,
        0.0
      ],
      [
        "PAT_0744",
        0,
        800.0
      ],
      [
        "PAT_0133",
        0,
        2236.6979000000006
      ]
    ],
    "S52": [
      [
        "PAT_0197",
        0,
        1645.1325
      ]
    ],
    "S26": [
      [
        "PAT_11715",
        0,
        1489.8719
      ]
    ],
    "S15": [
      [
        "PAT_11720",
        0,
        2451.3513
      ]
    ],
    "S2": [
      [
        "PAT_11686",
        0,
        0.0
      ],
      [
        "PAT_0583",
        0,
        3675.6663
      ]
    ],
    "S21": [
      [
        "PAT_0502",
        0,
        0.0
      ]
    ],
    "S42": [
      [
        "PAT_11756",
        0,
        1085.2263
      ]
    ],
    "S7": [
      [
        "PAT_0197",
        0,
        800.0
      ]
    ],
    "S10": [
      [
        "PAT_9659",
        0,
        875.2921
      ],
      [
        "PAT_0657",
        0,
        1821.6137000000003
      ]
    ],
    "S66": [
      [
        "PAT_0115",
        0,
        0.0
      ]
    ],
    "S12": [
      [
        "PAT_0407",
        0,
        0.0
      ],
      [
        "PAT_2363",
        0,
        4762.350399999999
      ]
    ],
    "S16": [
      [
        "PAT_10296",
        0,
        0.0
      ],
      [
        "PAT_11747",
        0,
        800.0
      ],
      [
        "PAT_0748",
        2,
        5347.8123
      ]
    ],
    "S14": [
      [
        "PAT_0581",
        0,
        0.0
      ]
    ],
    "S60": [
      [
        "PAT_0260",
        0,
        0.0
      ]
    ],
    "S35": [
      [
        "PAT_0031",
        0,
        2748.3919
      ]
    ],
    "S53": [
      [
        "PAT_0031",
        0,
        849.5185
      ]
    ],
    "S25": [
      [
        "PAT_0598",
        0,
        0.0
      ],
      [
        "PAT_0535",
        0,
        2713.7537
      ]
    ],
    "S27": [
      [
        "PAT_11729",
        0,
        1808.6468
      ]
    ],
    "S9": [
      [
        "PAT_11751",
        0,
        0.0
      ]
    ],
    "S59": [
      [
        "PAT_0740",
        0,
        0.0
      ],
      [
        "PAT_11756",
        0,
        800.0
      ]
    ]
  }
}