{
  "instance": "SYN_SWEEP5_SIZE_L_023",
  "method": "ILS_SA",
  "start_method": "multistart",
  "time_limit": 60.0,
  "cost": 14784.6527,
  "is_feasible": true,
  "unmet": {},
  "overprod": {
    "P1": 2,
    "P17": 1,
    "P19": 1
  },
  "elapsed_sec": 60.16,
  "active": {
    "S19": [
      [
        "PAT_3704",
        0,
        0.0
      ],
      [
        "PAT_3704",
        0,
        3252.2391
      ]
    ],
    "S56": [
      [
        "PAT_3686",
        0,
        0.0
      ]
    ],
    "S18": [
      [
        "PAT_0784",
        0,
        0.0
      ],
      [
        "PAT_3664",
        0,
        1416.3243
      ],
      [
        "PAT_3664",
        0,
        3769.7581
      ]
    ],
    "S36": [
      [
        "PAT_3132",
        0,
        0.0
      ]
    ],
    "S34": [
      [
        "PAT_2358",
        0,
        0.0
      ],
      [
        "PAT_3680",
        0,
        2844.134
      ]
    ],
    "S3": [
      [
        "PAT_3681",
        0,
        0.0
      ],
      [
        "PAT_1462",
        0,
        3252.2391
      ],
      [
        "PAT_1462",
        0,
        4290.3811
      ]
    ],
    "S55": [
      [
        "PAT_2856",
        0,
        1386.4979
      ]
    ],
    "S2": [
      [
        "PAT_2828",
        0,
        0.0
      ]
    ],
    "S42": [
      [
        "PAT_1703",
        0,
        0.0
      ]
    ],
    "S60": [
      [
        "PAT_3681",
        0,
        1469.29
      ]
    ],
    "S69": [
      [
        "PAT_3681",
        0,
        0.0
      ]
    ],
    "S39": [
      [
        "PAT_0445",
        0,
        0.0
      ],
      [
        "PAT_0077",
        0,
        1562.0265000000002
      ],
      [
        "PAT_3405",
        0,
        3192.5865000000003
      ]
    ],
    "S30": [
      [
        "PAT_2355",
        0,
        2876.271
      ]
    ],
    "S50": [
      [
        "PAT_1699",
        0,
        1038.142
      ]
    ],
    "S63": [
      [
        "PAT_3388",
        0,
        0.0
      ],
      [
        "PAT_3388",
        0,
        1975.9047
      ],
      [
        "PAT_2554",
        0,
        3951.8094
      ]
    ],
    "S20": [
      [
        "PAT_1274",
        0,
        0.0
      ],
      [
        "PAT_2358",
        0,
        1038.142
      ],
      [
        "PAT_2358",
        0,
        3882.276
      ]
    ],
    "S64": [
      [
        "PAT_3059",
        0,
        1636.4062
      ]
    ],
    "S61": [
      [
        "PAT_2492",
        0,
        0.0
      ],
      [
        "PAT_2001",
        0,
        2052.8255
      ]
    ],
    "S46": [
      [
        "PAT_2199",
        0,
        0.0
      ]
    ],
    "S11": [
      [
        "PAT_2316",
        0,
        0.0
      ]
    ],
    "S67": [
      [
        "PAT_0198",
        0,
        0.0
      ],
      [
        "PAT_0198",
        0,
        1038.142
      ],
      [
        "PAT_3351",
        0,
        2076.284
      ]
    ],
    "S47": [
      [
        "PAT_3187",
        0,
        0.0
      ],
      [
        "PAT_0347",
        0,
        4252.8405
      ]
    ],
    "S48": [
      [
        "PAT_2091",
        0,
        0.0
      ]
    ],
    "S32": [
      [
        "PAT_1391",
        0,
        0.0
      ],
      [
        "PAT_3252",
        0,
        1038.142
      ]
    ],
    "S14": [
      [
        "PAT_0030",
        0,
        0.0
      ],
      [
        "PAT_1705",
        0,
        2318.7598
      ]
    ],
    "S12": [
      [
        "PAT_0337",
        0,
        0.0
      ],
      [
        "PAT_3299",
        0,
        1559.18
      ]
    ],
    "S35": [
      [
        "PAT_2781",
        0,
        0.0
      ],
      [
        "PAT_3412",
        0,
        2052.8255
      ]
    ]
  }
}