{
  "instance": "SYN_SWEEP5_SIZE_XL_010",
  "method": "VNS_SA",
  "start_method": "greedy",
  "time_limit": 60.0,
  "cost": 25682.8182,
  "is_feasible": true,
  "unmet": {},
  "overprod": {
    "P9": 1,
    "P12": 1,
    "P13": 1
  },
  "elapsed_sec": 60.8,
  "active": {
    "S3": [
      [
        "PAT_0555",
        0,
        0.0
      ],
      [
        "PAT_0555",
        0,
        3984.9236
      ]
    ],
    "S28": [
      [
        "PAT_0152",
        0,
        0.0
      ],
      [
        "PAT_0349",
        0,
        4716.4735
      ]
    ],
    "S138": [
      [
        "PAT_0001",
        0,
        0.0
      ],
      [
        "PAT_0371",
        0,
        4095.568799999999
      ]
    ],
    "S90": [
      [
        "PAT_0002",
        0,
        0.0
      ],
      [
        "PAT_0336",
        0,
        3761.3385
      ]
    ],
    "S30": [
      [
        "PAT_0352",
        0,
        0.0
      ],
      [
        "PAT_0352",
        0,
        3603.1986
      ]
    ],
    "S26": [
      [
        "PAT_0610",
        0,
        0.0
      ],
      [
        "PAT_0683",
        0,
        5253.8806
      ]
    ],
    "S55": [
      [
        "PAT_0552",
        0,
        0.0
      ],
      [
        "PAT_0552",
        0,
        3984.9236
      ]
    ],
    "S13": [
      [
        "PAT_0647",
        0,
        0.0
      ],
      [
        "PAT_0647",
        0,
        1909.8446
      ],
      [
        "PAT_0647",
        0,
        3819.6892
      ],
      [
        "PAT_0338",
        0,
        5729.533799999999
      ]
    ],
    "S34": [
      [
        "PAT_0610",
        0,
        0.0
      ],
      [
        "PAT_0756",
        0,
        3274.3655
      ],
      [
        "PAT_0573",
        1,
        5877.7628
      ]
    ],
    "S123": [
      [
        "PAT_0151",
        0,
        0.0
      ],
      [
        "PAT_0186",
        0,
        4231.3616999999995
      ]
    ],
    "S85": [
      [
        "PAT_0378",
        0,
        0.0
      ],
      [
        "PAT_0158",
        0,
        4489.6085
      ]
    ],
    "S101": [
      [
        "PAT_0682",
        0,
        2892.4404999999997
      ]
    ],
    "S58": [
      [
        "PAT_0443",
        0,
        1154.1921
      ],
      [
        "PAT_0443",
        0,
        5326.8125
      ]
    ],
    "S14": [
      [
        "PAT_0454",
        0,
        988.1755
      ],
      [
        "PAT_0680",
        1,
        4973.0991
      ]
    ],
    "S140": [
      [
        "PAT_0129",
        0,
        0.0
      ],
      [
        "PAT_0758",
        1,
        4903.3665
      ]
    ],
    "S20": [
      [
        "PAT_0037",
        0,
        0.0
      ],
      [
        "PAT_0682",
        0,
        3761.3385
      ]
    ],
    "S136": [
      [
        "PAT_0639",
        0,
        0.0
      ],
      [
        "PAT_0629",
        0,
        2764.2182
      ],
      [
        "PAT_0629",
        0,
        4674.0628
      ]
    ],
    "S86": [
      [
        "PAT_0581",
        0,
        0.0
      ],
      [
        "PAT_0460",
        0,
        3449.0784
      ]
    ],
    "S73": [
      [
        "PAT_0555",
        0,
        0.0
      ],
      [
        "PAT_0555",
        0,
        3984.9236
      ]
    ],
    "S79": [
      [
        "PAT_0129",
        0,
        0.0
      ]
    ],
    "S65": [
      [
        "PAT_0395",
        0,
        0.0
      ]
    ],
    "S116": [
      [
        "PAT_0726",
        0,
        0.0
      ],
      [
        "PAT_0063",
        1,
        2771.3526
      ],
      [
        "PAT_0753",
        2,
        6532.6911
      ]
    ],
    "S105": [
      [
        "PAT_0352",
        0,
        0.0
      ],
      [
        "PAT_0718",
        0,
        3603.1986
      ]
    ],
    "S112": [
      [
        "PAT_0562",
        0,
        0.0
      ],
      [
        "PAT_0401",
        0,
        3449.0784
      ]
    ],
    "S43": [
      [
        "PAT_0629",
        0,
        0.0
      ],
      [
        "PAT_0367",
        0,
        1909.8446
      ]
    ],
    "S5": [
      [
        "PAT_0115",
        0,
        0.0
      ],
      [
        "PAT_0346",
        0,
        3761.3385
      ]
    ],
    "S41": [
      [
        "PAT_0583",
        0,
        0.0
      ],
      [
        "PAT_0376",
        0,
        3449.0784
      ]
    ],
    "S106": [
      [
        "PAT_0638",
        0,
        0.0
      ],
      [
        "PAT_0337",
        1,
        1909.8446
      ],
      [
        "PAT_0337",
        1,
        5440.8873
      ]
    ],
    "S94": [
      [
        "PAT_0565",
        0,
        0.0
      ],
      [
        "PAT_0597",
        0,
        3926.8657
      ]
    ],
    "S6": [
      [
        "PAT_0574",
        0,
        0.0
      ],
      [
        "PAT_0597",
        0,
        3449.0784
      ]
    ],
    "S119": [
      [
        "PAT_0395",
        0,
        0.0
      ]
    ],
    "S25": [
      [
        "PAT_0593",
        0,
        0.0
      ],
      [
        "PAT_0600",
        0,
        3274.3655
      ]
    ],
    "S66": [
      [
        "PAT_0378",
        0,
        3590.2278
      ]
    ],
    "S93": [
      [
        "PAT_0430",
        0,
        0.0
      ],
      [
        "PAT_0427",
        0,
        4172.6204
      ]
    ],
    "S69": [
      [
        "PAT_0378",
        0,
        3924.8074
      ]
    ],
    "S135": [
      [
        "PAT_0402",
        0,
        2300.32
      ]
    ],
    "S143": [
      [
        "PAT_0756",
        0,
        0.0
      ],
      [
        "PAT_0756",
        0,
        1272.4615
      ],
      [
        "PAT_0730",
        0,
        2544.923
      ]
    ],
    "S125": [
      [
        "PAT_0283",
        0,
        0.0
      ],
      [
        "PAT_0210",
        0,
        3904.605
      ]
    ],
    "S50": [
      [
        "PAT_0226",
        0,
        0.0
      ],
      [
        "PAT_0572",
        0,
        3904.605
      ],
      [
        "PAT_0747",
        0,
        7353.6834
      ]
    ]
  }
}