{
  "instance": "SYN_SWEEP5_SIZE_XL_029",
  "method": "GRASP_SA",
  "start_method": "none",
  "time_limit": 60.0,
  "cost": 24830.3249,
  "is_feasible": true,
  "unmet": {},
  "overprod": {
    "P2": 2,
    "P20": 4,
    "P25": 3
  },
  "elapsed_sec": 60.11,
  "active": {
    "S125": [
      [
        "PAT_0531",
        0,
        0.0
      ],
      [
        "PAT_0531",
        0,
        4002.8747
      ]
    ],
    "S61": [
      [
        "PAT_0419",
        0,
        1431.8005
      ],
      [
        "PAT_0643",
        0,
        4690.163700000001
      ],
      [
        "PAT_0643",
        0,
        6498.786300000001
      ]
    ],
    "S32": [
      [
        "PAT_0644",
        0,
        0.0
      ],
      [
        "PAT_0570",
        0,
        2369.6944
      ],
      [
        "PAT_0570",
        0,
        4739.3888
      ],
      [
        "PAT_0570",
        0,
        7109.083199999999
      ]
    ],
    "S132": [
      [
        "PAT_0671",
        0,
        0.0
      ],
      [
        "PAT_0191",
        0,
        1970.6277999999993
      ],
      [
        "PAT_0663",
        0,
        7313.202899999999
      ]
    ],
    "S84": [
      [
        "PAT_0304",
        0,
        0.0
      ],
      [
        "PAT_0304",
        0,
        3842.4234
      ]
    ],
    "S16": [
      [
        "PAT_0657",
        0,
        0.0
      ],
      [
        "PAT_0662",
        0,
        3696.8391
      ],
      [
        "PAT_0662",
        0,
        5621.2788
      ],
      [
        "PAT_0662",
        0,
        7545.7185
      ]
    ],
    "S57": [
      [
        "PAT_0634",
        0,
        0.0
      ]
    ],
    "S90": [
      [
        "PAT_0278",
        0,
        0.0
      ],
      [
        "PAT_0278",
        0,
        3776.7654
      ]
    ],
    "S63": [
      [
        "PAT_0020",
        0,
        0.0
      ],
      [
        "PAT_0280",
        0,
        5693.0229
      ]
    ],
    "S35": [
      [
        "PAT_0290",
        0,
        0.0
      ],
      [
        "PAT_0446",
        1,
        3776.7654
      ]
    ],
    "S68": [
      [
        "PAT_0272",
        0,
        0.0
      ],
      [
        "PAT_0445",
        0,
        3782.0523
      ]
    ],
    "S113": [
      [
        "PAT_0273",
        0,
        1729.5757
      ],
      [
        "PAT_0264",
        0,
        5506.341100000001
      ]
    ],
    "S109": [
      [
        "PAT_0315",
        0,
        0.0
      ],
      [
        "PAT_0315",
        0,
        3536.7794
      ]
    ],
    "S71": [
      [
        "PAT_0662",
        0,
        0.0
      ],
      [
        "PAT_0307",
        0,
        2849.311
      ],
      [
        "PAT_0661",
        1,
        6691.7344
      ]
    ],
    "S20": [
      [
        "PAT_0640",
        0,
        0.0
      ],
      [
        "PAT_0640",
        0,
        1808.6226
      ],
      [
        "PAT_0640",
        0,
        3617.2452
      ],
      [
        "PAT_0644",
        0,
        7234.4904
      ]
    ],
    "S97": [
      [
        "PAT_0321",
        0,
        1339.7712
      ],
      [
        "PAT_0321",
        0,
        4876.5506
      ]
    ],
    "S78": [
      [
        "PAT_0315",
        0,
        1517.1497
      ]
    ],
    "S108": [
      [
        "PAT_0254",
        0,
        705.1875
      ]
    ],
    "S67": [
      [
        "PAT_0658",
        0,
        0.0
      ],
      [
        "PAT_0657",
        0,
        3564.7229
      ]
    ],
    "S56": [
      [
        "PAT_0021",
        0,
        0.0
      ],
      [
        "PAT_0670",
        1,
        6157.0495
      ]
    ],
    "S55": [
      [
        "PAT_0313",
        0,
        0.0
      ]
    ],
    "S48": [
      [
        "PAT_0273",
        0,
        0.0
      ]
    ],
    "S54": [
      [
        "PAT_0303",
        0,
        0.0
      ]
    ],
    "S19": [
      [
        "PAT_0658",
        0,
        0.0
      ],
      [
        "PAT_0657",
        0,
        3564.7229
      ]
    ],
    "S117": [
      [
        "PAT_0315",
        0,
        0.0
      ]
    ],
    "S115": [
      [
        "PAT_0632",
        0,
        0.0
      ]
    ],
    "S92": [
      [
        "PAT_0037",
        0,
        1304.234
      ]
    ],
    "S89": [
      [
        "PAT_0559",
        0,
        0.0
      ],
      [
        "PAT_0583",
        0,
        1671.5847
      ],
      [
        "PAT_0596",
        0,
        4041.2790999999997
      ]
    ],
    "S81": [
      [
        "PAT_0500",
        0,
        0.0
      ],
      [
        "PAT_0273",
        1,
        5562.9594
      ]
    ],
    "S128": [
      [
        "PAT_0477",
        0,
        2113.8178
      ]
    ],
    "S15": [
      [
        "PAT_0543",
        0,
        0.0
      ],
      [
        "PAT_0667",
        1,
        4002.8747
      ]
    ],
    "S65": [
      [
        "PAT_0315",
        0,
        0.0
      ],
      [
        "PAT_0315",
        0,
        3536.7794
      ]
    ],
    "S29": [
      [
        "PAT_0105",
        0,
        2864.7229
      ]
    ],
    "S58": [
      [
        "PAT_0438",
        0,
        0.0
      ],
      [
        "PAT_0469",
        1,
        4065.0683
      ]
    ],
    "S123": [
      [
        "PAT_0632",
        0,
        2145.8205
      ]
    ],
    "S45": [
      [
        "PAT_0267",
        0,
        0.0
      ],
      [
        "PAT_0666",
        0,
        2185.1528
      ],
      [
        "PAT_0666",
        0,
        4109.5925
      ],
      [
        "PAT_0666",
        0,
        6034.0322
      ]
    ],
    "S91": [
      [
        "PAT_0333",
        0,
        0.0
      ],
      [
        "PAT_0396",
        0,
        3536.7794
      ]
    ],
    "S26": [
      [
        "PAT_0550",
        0,
        1646.422
      ]
    ],
    "S112": [
      [
        "PAT_0658",
        0,
        0.0
      ]
    ],
    "S59": [
      [
        "PAT_0362",
        0,
        0.0
      ]
    ]
  }
}