{
  "instance": "SYN_SWEEP5_SIZE_L_002",
  "method": "FI",
  "start_method": "greedy",
  "time_limit": 60.0,
  "cost": 10577.7701,
  "is_feasible": true,
  "unmet": {},
  "overprod": {
    "P1": 2,
    "P3": 1,
    "P4": 1,
    "P7": 3
  },
  "elapsed_sec": 60.0,
  "active": {
    "S56": [
      [
        "PAT_0134",
        0,
        0.0
      ],
      [
        "PAT_0134",
        0,
        2828.9283
      ]
    ],
    "S11": [
      [
        "PAT_0015",
        0,
        0.0
      ],
      [
        "PAT_0200",
        0,
        1466.4899999999998
      ],
      [
        "PAT_0200",
        0,
        3530.4559999999997
      ]
    ],
    "S10": [
      [
        "PAT_0125",
        0,
        0.0
      ],
      [
        "PAT_0191",
        0,
        2611.6143
      ]
    ],
    "S48": [
      [
        "PAT_0243",
        0,
        0.0
      ],
      [
        "PAT_0243",
        0,
        2408.3699
      ],
      [
        "PAT_0030",
        0,
        4816.7398
      ],
      [
        "PAT_0030",
        0,
        5916.6720000000005
      ]
    ],
    "S15": [
      [
        "PAT_0147",
        0,
        1345.372
      ]
    ],
    "S25": [
      [
        "PAT_0047",
        0,
        0.0
      ],
      [
        "PAT_0047",
        0,
        2837.03
      ]
    ],
    "S24": [
      [
        "PAT_0182",
        0,
        0.0
      ],
      [
        "PAT_0164",
        0,
        4646.8894
      ]
    ],
    "S36": [
      [
        "PAT_0164",
        0,
        0.0
      ],
      [
        "PAT_0164",
        0,
        2674.9833
      ]
    ],
    "S68": [
      [
        "PAT_0184",
        0,
        0.0
      ],
      [
        "PAT_0184",
        0,
        3366.4353
      ]
    ],
    "S61": [
      [
        "PAT_0180",
        0,
        0.0
      ]
    ],
    "S2": [
      [
        "PAT_0167",
        0,
        0.0
      ],
      [
        "PAT_0212",
        0,
        2674.9833
      ]
    ],
    "S27": [
      [
        "PAT_0179",
        0,
        0.0
      ]
    ],
    "S20": [
      [
        "PAT_0022",
        0,
        0.0
      ],
      [
        "PAT_0184",
        0,
        3473.8886
      ]
    ],
    "S19": [
      [
        "PAT_0184",
        0,
        0.0
      ],
      [
        "PAT_0029",
        0,
        3366.4353
      ],
      [
        "PAT_0092",
        1,
        4907.2072
      ],
      [
        "PAT_0092",
        1,
        5903.4361
      ]
    ],
    "S16": [
      [
        "PAT_0211",
        0,
        1809.8862
      ]
    ],
    "S22": [
      [
        "PAT_0216",
        0,
        0.0
      ]
    ],
    "S49": [
      [
        "PAT_0159",
        0,
        0.0
      ]
    ],
    "S9": [
      [
        "PAT_0009",
        0,
        0.0
      ],
      [
        "PAT_0141",
        0,
        2115.6714
      ],
      [
        "PAT_0141",
        0,
        4579.2531
      ]
    ]
  }
}