{
  "instance": "SYN_SWEEP5_SIZE_L_026",
  "method": "VNS_SA",
  "start_method": "multistart",
  "time_limit": 60.0,
  "cost": 16745.092,
  "is_feasible": true,
  "unmet": {},
  "overprod": {
    "P3": 1,
    "P6": 1,
    "P9": 1,
    "P10": 1,
    "P11": 1
  },
  "elapsed_sec": 37.18,
  "active": {
    "S85": [
      [
        "PAT_0410",
        0,
        0.0
      ],
      [
        "PAT_0410",
        0,
        3307.2579
      ]
    ],
    "S53": [
      [
        "PAT_0020",
        0,
        0.0
      ],
      [
        "PAT_0009",
        0,
        4964.0727
      ]
    ],
    "S17": [
      [
        "PAT_0385",
        0,
        0.0
      ],
      [
        "PAT_0386",
        0,
        4051.9257000000002
      ]
    ],
    "S67": [
      [
        "PAT_0019",
        0,
        0.0
      ],
      [
        "PAT_0019",
        0,
        3691.3166
      ]
    ],
    "S73": [
      [
        "PAT_0019",
        0,
        0.0
      ],
      [
        "PAT_0019",
        0,
        3691.3166
      ]
    ],
    "S45": [
      [
        "PAT_0410",
        0,
        0.0
      ],
      [
        "PAT_0422",
        0,
        3842.7140999999997
      ]
    ],
    "S61": [
      [
        "PAT_0005",
        0,
        0.0
      ],
      [
        "PAT_0004",
        0,
        3455.284
      ]
    ],
    "S26": [
      [
        "PAT_0065",
        0,
        0.0
      ],
      [
        "PAT_0081",
        0,
        2749.3588
      ],
      [
        "PAT_0081",
        0,
        5498.7176
      ]
    ],
    "S54": [
      [
        "PAT_0339",
        0,
        0.0
      ],
      [
        "PAT_0012",
        0,
        2271.9738
      ],
      [
        "PAT_0012",
        0,
        4615.3554
      ]
    ],
    "S16": [
      [
        "PAT_0400",
        0,
        0.0
      ],
      [
        "PAT_0018",
        0,
        2159.0532
      ],
      [
        "PAT_0018",
        0,
        4867.3704
      ]
    ],
    "S34": [
      [
        "PAT_0421",
        0,
        0.0
      ],
      [
        "PAT_0082",
        0,
        3389.7458
      ]
    ],
    "S27": [
      [
        "PAT_0417",
        0,
        0.0
      ],
      [
        "PAT_0413",
        0,
        3307.2579
      ]
    ],
    "S7": [
      [
        "PAT_0039",
        0,
        2340.5233
      ]
    ],
    "S38": [
      [
        "PAT_0413",
        0,
        1646.4027
      ]
    ],
    "S42": [
      [
        "PAT_0020",
        0,
        0.0
      ],
      [
        "PAT_0412",
        0,
        3691.3166
      ]
    ],
    "S5": [
      [
        "PAT_0386",
        0,
        0.0
      ],
      [
        "PAT_0007",
        0,
        3551.9066
      ]
    ],
    "S70": [
      [
        "PAT_0308",
        0,
        0.0
      ],
      [
        "PAT_0386",
        0,
        2039.9138
      ]
    ],
    "S31": [
      [
        "PAT_0384",
        0,
        0.0
      ],
      [
        "PAT_0012",
        1,
        4616.4192
      ]
    ],
    "S23": [
      [
        "PAT_0199",
        0,
        0.0
      ],
      [
        "PAT_0008",
        0,
        2749.3588
      ]
    ],
    "S48": [
      [
        "PAT_0428",
        0,
        0.0
      ],
      [
        "PAT_0427",
        0,
        3691.6933
      ]
    ],
    "S74": [
      [
        "PAT_0168",
        0,
        0.0
      ],
      [
        "PAT_0385",
        2,
        2749.3588
      ]
    ],
    "S14": [
      [
        "PAT_0102",
        0,
        0.0
      ],
      [
        "PAT_0386",
        0,
        4718.5906
      ]
    ],
    "S75": [
      [
        "PAT_0012",
        0,
        2495.8366
      ],
      [
        "PAT_0020",
        0,
        4839.2182
      ]
    ],
    "S82": [
      [
        "PAT_0020",
        0,
        0.0
      ],
      [
        "PAT_0387",
        0,
        3691.3166
      ]
    ],
    "S80": [
      [
        "PAT_0008",
        0,
        1560.2258
      ]
    ],
    "S71": [
      [
        "PAT_0029",
        0,
        0.0
      ],
      [
        "PAT_0009",
        0,
        1108.0841
      ],
      [
        "PAT_0419",
        0,
        4499.2633000000005
      ]
    ]
  }
}