{
  "instance": "SYN_SWEEP5_SIZE_L_006",
  "method": "VNS_SA",
  "start_method": "multistart",
  "time_limit": 60.0,
  "cost": 12787.4108,
  "is_feasible": true,
  "unmet": {},
  "overprod": {
    "P1": 1,
    "P5": 1,
    "P10": 2,
    "P13": 1
  },
  "elapsed_sec": 60.01,
  "active": {
    "S14": [
      [
        "PAT_0588",
        0,
        0.0
      ],
      [
        "PAT_0584",
        0,
        3492.2722
      ]
    ],
    "S7": [
      [
        "PAT_1127",
        0,
        0.0
      ],
      [
        "PAT_0579",
        0,
        3804.5679
      ],
      [
        "PAT_0086",
        2,
        6512.570299999999
      ]
    ],
    "S11": [
      [
        "PAT_0561",
        0,
        0.0
      ],
      [
        "PAT_0561",
        0,
        2646.2366
      ]
    ],
    "S12": [
      [
        "PAT_0555",
        0,
        0.0
      ],
      [
        "PAT_0538",
        0,
        2658.8532999999998
      ]
    ],
    "S18": [
      [
        "PAT_1127",
        0,
        0.0
      ],
      [
        "PAT_0036",
        0,
        3191.5045
      ],
      [
        "PAT_0064",
        1,
        4368.5684
      ],
      [
        "PAT_0455",
        1,
        5545.6323
      ]
    ],
    "S46": [
      [
        "PAT_1127",
        0,
        0.0
      ],
      [
        "PAT_0872",
        0,
        3191.5045
      ]
    ],
    "S40": [
      [
        "PAT_0451",
        0,
        0.0
      ],
      [
        "PAT_0451",
        0,
        1699.4755
      ],
      [
        "PAT_0509",
        1,
        4457.9336
      ]
    ],
    "S67": [
      [
        "PAT_0496",
        0,
        0.0
      ],
      [
        "PAT_0233",
        0,
        2646.2366
      ]
    ],
    "S88": [
      [
        "PAT_0725",
        0,
        0.0
      ],
      [
        "PAT_0584",
        0,
        3141.1789
      ]
    ],
    "S80": [
      [
        "PAT_0456",
        0,
        0.0
      ],
      [
        "PAT_0433",
        0,
        1699.4755
      ]
    ],
    "S42": [
      [
        "PAT_0864",
        0,
        0.0
      ],
      [
        "PAT_0072",
        0,
        3141.1789
      ],
      [
        "PAT_0582",
        1,
        4601.18
      ]
    ],
    "S65": [
      [
        "PAT_0496",
        0,
        0.0
      ]
    ],
    "S54": [
      [
        "PAT_0065",
        0,
        0.0
      ],
      [
        "PAT_0065",
        0,
        1177.0639
      ],
      [
        "PAT_0664",
        0,
        2354.1278
      ],
      [
        "PAT_0460",
        1,
        5570.1037
      ]
    ],
    "S86": [
      [
        "PAT_0579",
        0,
        0.0
      ],
      [
        "PAT_0777",
        0,
        2708.0024
      ]
    ],
    "S4": [
      [
        "PAT_0210",
        0,
        0.0
      ],
      [
        "PAT_0425",
        0,
        3173.9448
      ]
    ],
    "S19": [
      [
        "PAT_0694",
        0,
        0.0
      ],
      [
        "PAT_0191",
        0,
        3141.1789
      ]
    ],
    "S77": [
      [
        "PAT_0431",
        0,
        1470.4395
      ]
    ],
    "S16": [
      [
        "PAT_0571",
        0,
        0.0
      ],
      [
        "PAT_0214",
        1,
        2861.9146
      ]
    ],
    "S50": [
      [
        "PAT_0206",
        0,
        0.0
      ]
    ],
    "S84": [
      [
        "PAT_0144",
        0,
        679.8038
      ]
    ]
  }
}