{
  "instance": "SYN_SWEEP5_SIZE_L_007",
  "method": "GRASP_SA",
  "start_method": "none",
  "time_limit": 60.0,
  "cost": 11382.2302,
  "is_feasible": true,
  "unmet": {},
  "overprod": {
    "P3": 1,
    "P4": 1,
    "P13": 1,
    "P15": 1
  },
  "elapsed_sec": 60.12,
  "active": {
    "S20": [
      [
        "PAT_0421",
        0,
        0.0
      ],
      [
        "PAT_0421",
        0,
        3259.155
      ]
    ],
    "S9": [
      [
        "PAT_0012",
        0,
        2629.3634
      ],
      [
        "PAT_0012",
        0,
        5241.4508000000005
      ]
    ],
    "S64": [
      [
        "PAT_0077",
        0,
        1325.162
      ]
    ],
    "S16": [
      [
        "PAT_0081",
        0,
        0.0
      ],
      [
        "PAT_0007",
        0,
        3259.155
      ]
    ],
    "S32": [
      [
        "PAT_0660",
        0,
        3326.2244
      ]
    ],
    "S2": [
      [
        "PAT_0022",
        0,
        1261.4815
      ]
    ],
    "S49": [
      [
        "PAT_0028",
        0,
        0.0
      ],
      [
        "PAT_0028",
        0,
        3324.504
      ],
      [
        "PAT_0012",
        0,
        6649.008
      ]
    ],
    "S22": [
      [
        "PAT_0022",
        0,
        2333.0964
      ]
    ],
    "S51": [
      [
        "PAT_0082",
        0,
        0.0
      ],
      [
        "PAT_1353",
        0,
        3259.155
      ]
    ],
    "S25": [
      [
        "PAT_1391",
        0,
        0.0
      ],
      [
        "PAT_1180",
        0,
        3200.0299
      ],
      [
        "PAT_0007",
        0,
        6448.7705000000005
      ]
    ],
    "S66": [
      [
        "PAT_0627",
        0,
        0.0
      ],
      [
        "PAT_1323",
        0,
        2945.647
      ]
    ],
    "S48": [
      [
        "PAT_1131",
        0,
        0.0
      ],
      [
        "PAT_1162",
        0,
        3248.7406
      ]
    ],
    "S29": [
      [
        "PAT_1071",
        0,
        3572.0624
      ]
    ],
    "S15": [
      [
        "PAT_0972",
        0,
        488.727
      ],
      [
        "PAT_0012",
        1,
        3737.4676
      ]
    ],
    "S27": [
      [
        "PAT_1464",
        0,
        0.0
      ],
      [
        "PAT_1074",
        1,
        4836.4394
      ]
    ],
    "S56": [
      [
        "PAT_1542",
        0,
        905.8077
      ],
      [
        "PAT_1573",
        0,
        4105.8376
      ]
    ],
    "S35": [
      [
        "PAT_0764",
        0,
        2144.1418
      ]
    ],
    "S28": [
      [
        "PAT_0685",
        0,
        685.1757
      ]
    ],
    "S44": [
      [
        "PAT_1373",
        0,
        0.0
      ]
    ],
    "S4": [
      [
        "PAT_1325",
        0,
        0.0
      ],
      [
        "PAT_1353",
        0,
        3626.1134
      ]
    ]
  }
}