{
  "instance": "SYN_SWEEP5_SIZE_XL_012",
  "method": "ILS_SA",
  "start_method": "multistart",
  "time_limit": 60.0,
  "cost": 30215.0607,
  "is_feasible": true,
  "unmet": {},
  "overprod": {
    "P6": 2,
    "P10": 1,
    "P16": 2,
    "P17": 2,
    "P31": 1,
    "P40": 2,
    "P46": 1
  },
  "elapsed_sec": 290.1,
  "active": {
    "S108": [
      [
        "PAT_12297",
        0,
        0.0
      ],
      [
        "PAT_12297",
        0,
        2992.5542
      ],
      [
        "PAT_12297",
        0,
        5985.1084
      ]
    ],
    "S105": [
      [
        "PAT_11814",
        0,
        0.0
      ],
      [
        "PAT_11814",
        0,
        3576.3951
      ]
    ],
    "S47": [
      [
        "PAT_10157",
        0,
        0.0
      ],
      [
        "PAT_10157",
        0,
        3963.4487
      ]
    ],
    "S119": [
      [
        "PAT_14904",
        0,
        989.9709
      ],
      [
        "PAT_14904",
        0,
        4015.1715999999997
      ]
    ],
    "S132": [
      [
        "PAT_16520",
        0,
        0.0
      ],
      [
        "PAT_10982",
        0,
        2517.2646999999984
      ],
      [
        "PAT_10982",
        0,
        5815.5783999999985
      ]
    ],
    "S23": [
      [
        "PAT_11876",
        0,
        0.0
      ],
      [
        "PAT_14443",
        0,
        4052.1744
      ]
    ],
    "S2": [
      [
        "PAT_11731",
        0,
        0.0
      ],
      [
        "PAT_11731",
        0,
        3298.3137
      ]
    ],
    "S30": [
      [
        "PAT_12072",
        0,
        0.0
      ],
      [
        "PAT_12072",
        0,
        2992.5542
      ]
    ],
    "S94": [
      [
        "PAT_10223",
        0,
        0.0
      ],
      [
        "PAT_10223",
        0,
        3298.3137
      ]
    ],
    "S81": [
      [
        "PAT_11270",
        0,
        0.0
      ],
      [
        "PAT_11270",
        0,
        3298.3137
      ],
      [
        "PAT_16519",
        0,
        6596.6274
      ]
    ],
    "S127": [
      [
        "PAT_3874",
        0,
        0.0
      ],
      [
        "PAT_10005",
        0,
        4328.7466
      ]
    ],
    "S7": [
      [
        "PAT_11876",
        0,
        2664.7418
      ],
      [
        "PAT_10004",
        0,
        5657.296
      ]
    ],
    "S112": [
      [
        "PAT_12943",
        0,
        2049.9989
      ],
      [
        "PAT_12943",
        0,
        5075.1996
      ]
    ],
    "S100": [
      [
        "PAT_8893",
        0,
        0.0
      ],
      [
        "PAT_8893",
        0,
        4016.182
      ]
    ],
    "S77": [
      [
        "PAT_8109",
        0,
        0.0
      ],
      [
        "PAT_16615",
        1,
        4016.182
      ]
    ],
    "S56": [
      [
        "PAT_0039",
        0,
        0.0
      ],
      [
        "PAT_0039",
        0,
        4016.182
      ]
    ],
    "S128": [
      [
        "PAT_23461",
        0,
        0.0
      ],
      [
        "PAT_23461",
        0,
        3043.4791
      ]
    ],
    "S60": [
      [
        "PAT_0052",
        0,
        0.0
      ]
    ],
    "S90": [
      [
        "PAT_0052",
        0,
        2554.4515
      ]
    ],
    "S95": [
      [
        "PAT_0003",
        0,
        2382.9736
      ]
    ],
    "S102": [
      [
        "PAT_16619",
        0,
        2786.804
      ],
      [
        "PAT_16619",
        0,
        5830.283100000001
      ]
    ],
    "S17": [
      [
        "PAT_16619",
        0,
        2676.3153
      ],
      [
        "PAT_16619",
        0,
        5719.794400000001
      ]
    ],
    "S98": [
      [
        "PAT_16563",
        0,
        0.0
      ],
      [
        "PAT_16563",
        0,
        3043.4791
      ]
    ],
    "S42": [
      [
        "PAT_0050",
        0,
        0.0
      ],
      [
        "PAT_7904",
        0,
        4106.4803
      ]
    ],
    "S40": [
      [
        "PAT_16593",
        0,
        0.0
      ]
    ],
    "S8": [
      [
        "PAT_15611",
        0,
        0.0
      ],
      [
        "PAT_15611",
        0,
        3025.2007
      ]
    ],
    "S20": [
      [
        "PAT_10217",
        0,
        0.0
      ]
    ],
    "S145": [
      [
        "PAT_17018",
        0,
        0.0
      ],
      [
        "PAT_17018",
        0,
        3043.4791
      ]
    ],
    "S141": [
      [
        "PAT_11407",
        0,
        0.0
      ],
      [
        "PAT_11407",
        0,
        3298.3137
      ]
    ],
    "S107": [
      [
        "PAT_11349",
        0,
        0.0
      ]
    ],
    "S92": [
      [
        "PAT_0004",
        0,
        2852.5368
      ]
    ],
    "S142": [
      [
        "PAT_12745",
        0,
        0.0
      ],
      [
        "PAT_12931",
        0,
        1770.9116
      ],
      [
        "PAT_12931",
        0,
        3541.8232
      ],
      [
        "PAT_12931",
        0,
        5312.7348
      ]
    ],
    "S129": [
      [
        "PAT_13432",
        0,
        1059.3066
      ],
      [
        "PAT_13432",
        0,
        4084.5072999999998
      ]
    ],
    "S14": [
      [
        "PAT_4715",
        0,
        2791.9013
      ]
    ],
    "S69": [
      [
        "PAT_10001",
        0,
        0.0
      ]
    ],
    "S99": [
      [
        "PAT_15611",
        0,
        1732.8504
      ],
      [
        "PAT_15611",
        0,
        4758.0511
      ]
    ],
    "S39": [
      [
        "PAT_11736",
        0,
        3604.1607
      ]
    ],
    "S101": [
      [
        "PAT_23882",
        0,
        0.0
      ],
      [
        "PAT_23882",
        0,
        3043.4791
      ]
    ],
    "S31": [
      [
        "PAT_16527",
        0,
        0.0
      ],
      [
        "PAT_3487",
        0,
        2795.0212
      ]
    ],
    "S13": [
      [
        "PAT_10557",
        0,
        0.0
      ],
      [
        "PAT_16559",
        0,
        4495.7792
      ]
    ],
    "S1": [
      [
        "PAT_16588",
        0,
        0.0
      ],
      [
        "PAT_19521",
        1,
        3043.4791
      ]
    ],
    "S126": [
      [
        "PAT_15644",
        0,
        0.0
      ]
    ],
    "S131": [
      [
        "PAT_24289",
        0,
        0.0
      ],
      [
        "PAT_16948",
        0,
        3043.4791
      ],
      [
        "PAT_24474",
        1,
        6091.065
      ]
    ],
    "S106": [
      [
        "PAT_6198",
        0,
        2377.3219
      ]
    ],
    "S45": [
      [
        "PAT_11816",
        0,
        0.0
      ],
      [
        "PAT_13642",
        1,
        4947.6465
      ]
    ],
    "S73": [
      [
        "PAT_14482",
        0,
        0.0
      ],
      [
        "PAT_14482",
        0,
        3025.2007
      ],
      [
        "PAT_16525",
        0,
        6050.4014
      ]
    ],
    "S38": [
      [
        "PAT_11368",
        0,
        0.0
      ],
      [
        "PAT_16520",
        1,
        4646.5672
      ]
    ],
    "S72": [
      [
        "PAT_11831",
        0,
        3890.9212
      ]
    ],
    "S44": [
      [
        "PAT_3869",
        0,
        659.9187
      ]
    ],
    "S61": [
      [
        "PAT_0047",
        0,
        1621.3932
      ]
    ],
    "S41": [
      [
        "PAT_16982",
        0,
        1176.0463
      ]
    ]
  }
}