{
  "instance": "SYN_SWEEP5_SIZE_XL_004",
  "method": "ILS_SA",
  "start_method": "multistart",
  "time_limit": 60.0,
  "cost": 37129.8318,
  "is_feasible": true,
  "unmet": {},
  "overprod": {
    "P20": 1,
    "P24": 1,
    "P30": 1
  },
  "elapsed_sec": 60.04,
  "active": {
    "S4": [
      [
        "PAT_0774",
        0,
        0.0
      ],
      [
        "PAT_1964",
        0,
        2245.7421000000004
      ],
      [
        "PAT_1964",
        0,
        3045.7421000000004
      ],
      [
        "PAT_1964",
        0,
        3845.7421000000004
      ],
      [
        "PAT_1964",
        0,
        4645.7421
      ],
      [
        "PAT_1964",
        0,
        5445.7421
      ],
      [
        "PAT_1964",
        0,
        6245.7421
      ]
    ],
    "S74": [
      [
        "PAT_0816",
        0,
        866.0426
      ],
      [
        "PAT_0816",
        0,
        2566.4888
      ],
      [
        "PAT_2019",
        1,
        4266.935
      ]
    ],
    "S29": [
      [
        "PAT_0047",
        0,
        654.8478
      ]
    ],
    "S90": [
      [
        "PAT_2016",
        0,
        0.0
      ],
      [
        "PAT_2084",
        0,
        2627.7302000000004
      ]
    ],
    "S134": [
      [
        "PAT_0837",
        0,
        0.0
      ],
      [
        "PAT_2024",
        0,
        3201.9554
      ]
    ],
    "S112": [
      [
        "PAT_0007",
        0,
        1797.9644
      ]
    ],
    "S118": [
      [
        "PAT_0017",
        0,
        0.0
      ],
      [
        "PAT_0017",
        0,
        3191.8068
      ]
    ],
    "S64": [
      [
        "PAT_0014",
        0,
        0.0
      ],
      [
        "PAT_0007",
        0,
        3229.4032000000007
      ]
    ],
    "S133": [
      [
        "PAT_0006",
        0,
        0.0
      ],
      [
        "PAT_0006",
        0,
        3263.749
      ]
    ],
    "S93": [
      [
        "PAT_0002",
        0,
        0.0
      ]
    ],
    "S81": [
      [
        "PAT_0002",
        0,
        1701.0592
      ]
    ],
    "S140": [
      [
        "PAT_0002",
        0,
        2050.3472
      ]
    ],
    "S78": [
      [
        "PAT_0718",
        0,
        0.0
      ]
    ],
    "S16": [
      [
        "PAT_0010",
        0,
        0.0
      ]
    ],
    "S77": [
      [
        "PAT_0010",
        0,
        0.0
      ]
    ],
    "S14": [
      [
        "PAT_0849",
        0,
        0.0
      ],
      [
        "PAT_0849",
        0,
        2817.1833
      ]
    ],
    "S132": [
      [
        "PAT_0017",
        0,
        2399.4869
      ]
    ],
    "S130": [
      [
        "PAT_2017",
        0,
        0.0
      ],
      [
        "PAT_2017",
        0,
        2565.6882
      ]
    ],
    "S86": [
      [
        "PAT_0011",
        0,
        0.0
      ],
      [
        "PAT_0856",
        0,
        3191.8068
      ]
    ],
    "S127": [
      [
        "PAT_0953",
        0,
        2314.3367
      ]
    ],
    "S62": [
      [
        "PAT_0778",
        0,
        1776.4272
      ]
    ],
    "S32": [
      [
        "PAT_0722",
        0,
        0.0
      ]
    ],
    "S40": [
      [
        "PAT_0728",
        0,
        0.0
      ]
    ],
    "S113": [
      [
        "PAT_0010",
        0,
        0.0
      ]
    ],
    "S103": [
      [
        "PAT_1904",
        0,
        0.0
      ]
    ],
    "S69": [
      [
        "PAT_1904",
        0,
        774.4628
      ]
    ],
    "S98": [
      [
        "PAT_1904",
        0,
        2399.3491
      ]
    ],
    "S42": [
      [
        "PAT_0681",
        0,
        0.0
      ],
      [
        "PAT_0032",
        0,
        2587.1154
      ]
    ],
    "S91": [
      [
        "PAT_0799",
        0,
        0.0
      ],
      [
        "PAT_1199",
        1,
        3762.3521
      ]
    ],
    "S19": [
      [
        "PAT_0014",
        0,
        0.0
      ],
      [
        "PAT_0015",
        0,
        3505.8696999999997
      ]
    ],
    "S106": [
      [
        "PAT_0813",
        0,
        0.0
      ],
      [
        "PAT_0799",
        0,
        1700.4462
      ]
    ],
    "S89": [
      [
        "PAT_1907",
        0,
        0.0
      ]
    ],
    "S126": [
      [
        "PAT_0714",
        0,
        0.0
      ]
    ],
    "S10": [
      [
        "PAT_2016",
        0,
        1148.2321
      ]
    ],
    "S65": [
      [
        "PAT_0778",
        0,
        0.0
      ]
    ],
    "S110": [
      [
        "PAT_1907",
        0,
        0.0
      ],
      [
        "PAT_0010",
        1,
        3728.6665
      ]
    ],
    "S51": [
      [
        "PAT_1521",
        0,
        0.0
      ],
      [
        "PAT_1521",
        0,
        2817.1833
      ]
    ],
    "S102": [
      [
        "PAT_1907",
        0,
        0.0
      ]
    ],
    "S33": [
      [
        "PAT_0130",
        0,
        0.0
      ],
      [
        "PAT_0018",
        0,
        2699.1355
      ]
    ],
    "S21": [
      [
        "PAT_0556",
        0,
        0.0
      ],
      [
        "PAT_0018",
        0,
        2587.1154
      ]
    ],
    "S35": [
      [
        "PAT_0102",
        0,
        0.0
      ]
    ],
    "S43": [
      [
        "PAT_0010",
        0,
        0.0
      ],
      [
        "PAT_0813",
        0,
        3191.8068
      ]
    ],
    "S54": [
      [
        "PAT_0712",
        0,
        0.0
      ]
    ],
    "S39": [
      [
        "PAT_0778",
        0,
        0.0
      ]
    ],
    "S83": [
      [
        "PAT_0778",
        0,
        0.0
      ]
    ],
    "S37": [
      [
        "PAT_0796",
        0,
        0.0
      ]
    ],
    "S38": [
      [
        "PAT_0796",
        0,
        1683.0707
      ]
    ],
    "S59": [
      [
        "PAT_0051",
        0,
        1224.8441
      ]
    ],
    "S84": [
      [
        "PAT_0850",
        0,
        0.0
      ]
    ],
    "S41": [
      [
        "PAT_2017",
        0,
        0.0
      ]
    ],
    "S45": [
      [
        "PAT_0002",
        0,
        852.9284
      ]
    ],
    "S9": [
      [
        "PAT_0002",
        0,
        0.0
      ]
    ],
    "S68": [
      [
        "PAT_1908",
        0,
        2333.1041
      ]
    ],
    "S66": [
      [
        "PAT_0778",
        0,
        1925.4427
      ]
    ],
    "S73": [
      [
        "PAT_0803",
        0,
        0.0
      ]
    ],
    "S56": [
      [
        "PAT_0755",
        0,
        0.0
      ],
      [
        "PAT_2099",
        0,
        1548.7174
      ],
      [
        "PAT_2099",
        0,
        4002.7318
      ]
    ],
    "S105": [
      [
        "PAT_0722",
        0,
        0.0
      ]
    ],
    "S55": [
      [
        "PAT_1908",
        0,
        446.0864
      ]
    ],
    "S61": [
      [
        "PAT_1904",
        0,
        2109.7312
      ]
    ],
    "S97": [
      [
        "PAT_0718",
        0,
        1053.1206
      ]
    ],
    "S129": [
      [
        "PAT_2058",
        0,
        693.5866
      ],
      [
        "PAT_1978",
        0,
        3944.5531
      ]
    ],
    "S131": [
      [
        "PAT_2023",
        0,
        0.0
      ],
      [
        "PAT_2093",
        0,
        3250.9665
      ]
    ],
    "S5": [
      [
        "PAT_1904",
        0,
        1376.6355
      ]
    ],