{
  "instance": "SYN_SWEEP5_SIZE_XL_009",
  "method": "ILS_SA",
  "start_method": "multistart",
  "time_limit": 60.0,
  "cost": 32400.8712,
  "is_feasible": true,
  "unmet": {},
  "overprod": {
    "P2": 4,
    "P20": 1,
    "P24": 2,
    "P31": 2
  },
  "elapsed_sec": 60.05,
  "active": {
    "S19": [
      [
        "PAT_0293",
        0,
        0.0
      ],
      [
        "PAT_0293",
        0,
        1121.3635
      ],
      [
        "PAT_0293",
        0,
        2242.727
      ],
      [
        "PAT_0293",
        0,
        3364.0905
      ],
      [
        "PAT_3156",
        0,
        4485.454
      ],
      [
        "PAT_3156",
        0,
        5347.8018999999995
      ]
    ],
    "S115": [
      [
        "PAT_0389",
        0,
        0.0
      ],
      [
        "PAT_0389",
        0,
        3492.4102
      ]
    ],
    "S43": [
      [
        "PAT_0364",
        0,
        0.0
      ],
      [
        "PAT_2841",
        0,
        3646.2324
      ]
    ],
    "S148": [
      [
        "PAT_2976",
        0,
        0.0
      ]
    ],
    "S62": [
      [
        "PAT_0599",
        0,
        1647.7446
      ],
      [
        "PAT_0599",
        0,
        5025.3670999999995
      ]
    ],
    "S69": [
      [
        "PAT_0007",
        0,
        0.0
      ],
      [
        "PAT_0007",
        1,
        4650.1468
      ]
    ],
    "S145": [
      [
        "PAT_0563",
        0,
        1023.0943
      ],
      [
        "PAT_0563",
        0,
        4400.7168
      ]
    ],
    "S68": [
      [
        "PAT_0014",
        0,
        0.0
      ],
      [
        "PAT_0014",
        0,
        3318.9254
      ]
    ],
    "S64": [
      [
        "PAT_0077",
        0,
        0.0
      ],
      [
        "PAT_0077",
        0,
        3318.9254
      ]
    ],
    "S47": [
      [
        "PAT_2770",
        0,
        1144.5519
      ],
      [
        "PAT_0018",
        0,
        4322.5208999999995
      ]
    ],
    "S156": [
      [
        "PAT_0017",
        0,
        1848.9227
      ]
    ],
    "S91": [
      [
        "PAT_0420",
        0,
        0.0
      ]
    ],
    "S32": [
      [
        "PAT_0653",
        0,
        0.0
      ],
      [
        "PAT_0653",
        0,
        3054.8246
      ]
    ],
    "S160": [
      [
        "PAT_1804",
        0,
        1599.0302
      ],
      [
        "PAT_2415",
        0,
        4726.241
      ]
    ],
    "S70": [
      [
        "PAT_0016",
        0,
        0.0
      ],
      [
        "PAT_1909",
        0,
        5013.5521
      ]
    ],
    "S45": [
      [
        "PAT_1804",
        0,
        2616.7873
      ],
      [
        "PAT_1804",
        0,
        5671.6119
      ]
    ],
    "S118": [
      [
        "PAT_0647",
        0,
        0.0
      ],
      [
        "PAT_0647",
        0,
        3054.8246
      ],
      [
        "PAT_0646",
        0,
        6109.6492
      ]
    ],
    "S92": [
      [
        "PAT_3298",
        0,
        0.0
      ],
      [
        "PAT_2833",
        0,
        2324.7917
      ]
    ],
    "S1": [
      [
        "PAT_0129",
        0,
        0.0
      ],
      [
        "PAT_0129",
        0,
        3318.9254
      ]
    ],
    "S84": [
      [
        "PAT_2363",
        0,
        0.0
      ],
      [
        "PAT_2597",
        1,
        3809.2068
      ]
    ],
    "S89": [
      [
        "PAT_0002",
        0,
        0.0
      ],
      [
        "PAT_0150",
        0,
        3318.9254
      ]
    ],
    "S44": [
      [
        "PAT_0712",
        0,
        0.0
      ],
      [
        "PAT_3150",
        0,
        3066.1622000000007
      ],
      [
        "PAT_3059",
        0,
        3928.5101000000004
      ],
      [
        "PAT_3059",
        0,
        4790.858
      ],
      [
        "PAT_3059",
        0,
        5653.2059
      ]
    ],
    "S142": [
      [
        "PAT_0002",
        0,
        0.0
      ]
    ],
    "S101": [
      [
        "PAT_0063",
        0,
        2192.8699
      ],
      [
        "PAT_0063",
        0,
        5511.7953
      ]
    ],
    "S147": [
      [
        "PAT_0439",
        0,
        0.0
      ]
    ],
    "S36": [
      [
        "PAT_2775",
        0,
        0.0
      ],
      [
        "PAT_2751",
        0,
        3054.8246
      ],
      [
        "PAT_2751",
        0,
        6109.6492
      ]
    ],
    "S153": [
      [
        "PAT_2982",
        0,
        0.0
      ],
      [
        "PAT_0151",
        0,
        4238.1002
      ]
    ],
    "S158": [
      [
        "PAT_0088",
        0,
        0.0
      ],
      [
        "PAT_0828",
        0,
        3318.9254
      ]
    ],
    "S12": [
      [
        "PAT_0502",
        0,
        1421.9542
      ]
    ],
    "S123": [
      [
        "PAT_0421",
        0,
        1653.1818
      ]
    ],
    "S59": [
      [
        "PAT_0446",
        0,
        1915.248
      ]
    ],
    "S154": [
      [
        "PAT_2848",
        0,
        862.3479
      ],
      [
        "PAT_2848",
        0,
        5100.4481
      ]
    ],
    "S141": [
      [
        "PAT_0440",
        0,
        0.0
      ]
    ],
    "S7": [
      [
        "PAT_0364",
        0,
        0.0
      ],
      [
        "PAT_0492",
        0,
        2297.3019
      ]
    ],
    "S108": [
      [
        "PAT_2937",
        0,
        0.0
      ],
      [
        "PAT_0367",
        0,
        4238.1002
      ]
    ],
    "S25": [
      [
        "PAT_0568",
        0,
        0.0
      ],
      [
        "PAT_0568",
        0,
        3377.6225
      ],
      [
        "PAT_0273",
        0,
        6755.245
      ]
    ],
    "S112": [
      [
        "PAT_0368",
        0,
        0.0
      ],
      [
        "PAT_0368",
        0,
        3492.4102
      ]
    ],
    "S28": [
      [
        "PAT_0011",
        0,
        0.0
      ],
      [
        "PAT_0011",
        0,
        3318.9254
      ],
      [
        "PAT_0284",
        0,
        6637.8508
      ]
    ],
    "S136": [
      [
        "PAT_0366",
        0,
        0.0
      ]
    ],
    "S128": [
      [
        "PAT_0563",
        0,
        2842.7271
      ]
    ],
    "S138": [
      [
        "PAT_0480",
        0,
        0.0
      ],
      [
        "PAT_0001",
        0,
        5064.0538
      ]
    ],
    "S42": [
      [
        "PAT_0440",
        0,
        0.0
      ]
    ],
    "S126": [
      [
        "PAT_1804",
        0,
        2562.2856
      ]
    ],
    "S94": [
      [
        "PAT_1765",
        0,
        0.0
      ],
      [
        "PAT_0902",
        0,
        3054.8246
      ]
    ],
    "S40": [
      [
        "PAT_0647",
        0,
        1983.7779
      ]
    ],
    "S99": [
      [
        "PAT_0471",
        0,
        0.0
      ]
    ],
    "S61": [
      [
        "PAT_0475",
        0,
        0.0
      ]
    ],
    "S41": [
      [
        "PAT_0828",
        0,
        0.0
      ]
    ],
    "S140": [
      [
        "PAT_0580",
        0,
        1343.8132
      ],
      [
        "PAT_0580",
        0,
        4721.4357
      ],
      [
        "PAT_0326",
        1,
        8099.0581999999995
      ]
    ],
    "S3": [
      [
        "PAT_0002",
        0,
        3473.6181
      ]
    ],
    "S95": [
      [
        "PAT_0646",
        0,
        4371.9796
      ]
    ],