{
  "instance": "SYN_SWEEP5_SIZE_L_014",
  "method": "SA",
  "start_method": "multistart",
  "time_limit": 60.0,
  "cost": 11312.464,
  "is_feasible": true,
  "unmet": {},
  "overprod": {
    "P2": 1,
    "P12": 1,
    "P14": 1,
    "P15": 2
  },
  "elapsed_sec": 60.03,
  "active": {
    "S28": [
      [
        "PAT_1314",
        0,
        0.0
      ],
      [
        "PAT_0004",
        0,
        3040.9903000000004
      ],
      [
        "PAT_0004",
        0,
        5372.1315
      ]
    ],
    "S37": [
      [
        "PAT_0929",
        0,
        0.0
      ],
      [
        "PAT_0767",
        0,
        3683.934
      ]
    ],
    "S19": [
      [
        "PAT_1590",
        0,
        0.0
      ],
      [
        "PAT_1601",
        0,
        3877.6557000000003
      ]
    ],
    "S58": [
      [
        "PAT_0115",
        0,
        752.0556
      ],
      [
        "PAT_1482",
        0,
        3973.2681000000002
      ]
    ],
    "S50": [
      [
        "PAT_0071",
        0,
        0.0
      ],
      [
        "PAT_0071",
        0,
        2463.3335
      ],
      [
        "PAT_0002",
        0,
        4926.667
      ]
    ],
    "S30": [
      [
        "PAT_1611",
        0,
        0.0
      ],
      [
        "PAT_0649",
        1,
        4913.9489
      ]
    ],
    "S18": [
      [
        "PAT_1590",
        0,
        0.0
      ],
      [
        "PAT_1403",
        0,
        3553.7087
      ]
    ],
    "S7": [
      [
        "PAT_1461",
        0,
        0.0
      ],
      [
        "PAT_0435",
        1,
        2932.9034
      ],
      [
        "PAT_1449",
        0,
        5692.9223999999995
      ]
    ],
    "S9": [
      [
        "PAT_1603",
        0,
        0.0
      ],
      [
        "PAT_1333",
        0,
        3799.9723
      ]
    ],
    "S51": [
      [
        "PAT_1515",
        0,
        0.0
      ],
      [
        "PAT_1387",
        0,
        4664.8598
      ]
    ],
    "S14": [
      [
        "PAT_0952",
        0,
        0.0
      ],
      [
        "PAT_1636",
        0,
        3901.2961
      ]
    ],
    "S5": [
      [
        "PAT_1468",
        0,
        0.0
      ],
      [
        "PAT_1584",
        0,
        2932.9034
      ]
    ],
    "S61": [
      [
        "PAT_0966",
        0,
        0.0
      ],
      [
        "PAT_0953",
        0,
        2760.019
      ]
    ],
    "S8": [
      [
        "PAT_1546",
        0,
        0.0
      ],
      [
        "PAT_0246",
        0,
        3686.6639
      ]
    ],
    "S22": [
      [
        "PAT_0636",
        0,
        0.0
      ],
      [
        "PAT_1600",
        0,
        2760.019
      ],
      [
        "PAT_0001",
        0,
        6313.7276999999995
      ]
    ],
    "S57": [
      [
        "PAT_1412",
        0,
        0.0
      ],
      [
        "PAT_0490",
        0,
        2932.9034
      ]
    ],
    "S27": [
      [
        "PAT_0859",
        0,
        0.0
      ],
      [
        "PAT_0859",
        0,
        2760.019
      ]
    ]
  }
}