{
  "instance": "SYN_SWEEP5_SIZE_XL_021",
  "method": "ILS_SA",
  "start_method": "greedy",
  "time_limit": 60.0,
  "cost": 20955.036,
  "is_feasible": true,
  "unmet": {},
  "overprod": {
    "P2": 2,
    "P7": 1,
    "P11": 1
  },
  "elapsed_sec": 60.03,
  "active": {
    "S72": [
      [
        "PAT_0074",
        0,
        0.0
      ],
      [
        "PAT_0074",
        0,
        935.1309
      ],
      [
        "PAT_0074",
        0,
        1870.2618
      ],
      [
        "PAT_0074",
        0,
        2805.3927
      ],
      [
        "PAT_0074",
        0,
        3740.5236
      ],
      [
        "PAT_0074",
        0,
        4675.6545
      ]
    ],
    "S55": [
      [
        "PAT_0232",
        0,
        0.0
      ],
      [
        "PAT_0062",
        0,
        2636.5433000000003
      ]
    ],
    "S117": [
      [
        "PAT_0166",
        0,
        0.0
      ],
      [
        "PAT_0166",
        0,
        2657.7021
      ]
    ],
    "S35": [
      [
        "PAT_0649",
        0,
        0.0
      ],
      [
        "PAT_0543",
        0,
        3184.4167
      ]
    ],
    "S87": [
      [
        "PAT_0610",
        0,
        0.0
      ],
      [
        "PAT_0201",
        0,
        2574.1517
      ],
      [
        "PAT_0201",
        0,
        4003.4564
      ]
    ],
    "S37": [
      [
        "PAT_0152",
        0,
        0.0
      ],
      [
        "PAT_0152",
        0,
        2657.7021
      ]
    ],
    "S94": [
      [
        "PAT_0549",
        0,
        0.0
      ],
      [
        "PAT_0549",
        0,
        2480.8516
      ]
    ],
    "S2": [
      [
        "PAT_0086",
        0,
        1505.5288
      ]
    ],
    "S131": [
      [
        "PAT_0091",
        0,
        0.0
      ],
      [
        "PAT_0091",
        0,
        2720.7822
      ]
    ],
    "S80": [
      [
        "PAT_0184",
        0,
        0.0
      ],
      [
        "PAT_0653",
        0,
        2679.7576999999997
      ]
    ],
    "S113": [
      [
        "PAT_0612",
        0,
        0.0
      ],
      [
        "PAT_0241",
        0,
        2480.8516
      ]
    ],
    "S123": [
      [
        "PAT_0184",
        0,
        0.0
      ],
      [
        "PAT_0554",
        0,
        2192.1635
      ]
    ],
    "S47": [
      [
        "PAT_0483",
        0,
        0.0
      ],
      [
        "PAT_0231",
        0,
        3347.5041
      ]
    ],
    "S88": [
      [
        "PAT_0184",
        0,
        0.0
      ],
      [
        "PAT_0186",
        1,
        2192.1635
      ]
    ],
    "S111": [
      [
        "PAT_0094",
        0,
        1774.0595
      ]
    ],
    "S106": [
      [
        "PAT_0555",
        0,
        0.0
      ],
      [
        "PAT_0509",
        0,
        2537.6084999999994
      ]
    ],
    "S76": [
      [
        "PAT_0145",
        0,
        694.1866
      ],
      [
        "PAT_0193",
        0,
        3351.8887
      ]
    ],
    "S50": [
      [
        "PAT_0617",
        0,
        0.0
      ],
      [
        "PAT_0526",
        0,
        2480.8516
      ]
    ],
    "S8": [
      [
        "PAT_0093",
        0,
        0.0
      ],
      [
        "PAT_0516",
        0,
        2720.7822
      ]
    ],
    "S63": [
      [
        "PAT_0184",
        0,
        0.0
      ]
    ],
    "S99": [
      [
        "PAT_0012",
        0,
        0.0
      ]
    ],
    "S65": [
      [
        "PAT_0652",
        0,
        0.0
      ]
    ],
    "S93": [
      [
        "PAT_0271",
        0,
        0.0
      ]
    ],
    "S56": [
      [
        "PAT_0538",
        0,
        0.0
      ],
      [
        "PAT_0508",
        0,
        1590.0632
      ]
    ],
    "S78": [
      [
        "PAT_0177",
        0,
        0.0
      ],
      [
        "PAT_0177",
        0,
        2192.1635
      ]
    ],
    "S11": [
      [
        "PAT_0653",
        0,
        1247.0678
      ]
    ],
    "S104": [
      [
        "PAT_0388",
        0,
        0.0
      ]
    ],
    "S86": [
      [
        "PAT_0292",
        0,
        0.0
      ]
    ],
    "S125": [
      [
        "PAT_0017",
        0,
        0.0
      ],
      [
        "PAT_0524",
        0,
        3651.3682
      ]
    ],
    "S118": [
      [
        "PAT_0458",
        0,
        0.0
      ]
    ],
    "S124": [
      [
        "PAT_0267",
        0,
        0.0
      ]
    ],
    "S96": [
      [
        "PAT_0271",
        0,
        0.0
      ]
    ],
    "S71": [
      [
        "PAT_0227",
        0,
        0.0
      ],
      [
        "PAT_0170",
        0,
        2110.7239
      ]
    ],
    "S43": [
      [
        "PAT_0358",
        0,
        0.0
      ]
    ],
    "S61": [
      [
        "PAT_0271",
        0,
        0.0
      ]
    ],
    "S18": [
      [
        "PAT_0316",
        0,
        0.0
      ]
    ],
    "S41": [
      [
        "PAT_0211",
        0,
        0.0
      ],
      [
        "PAT_0211",
        0,
        1429.3047
      ],
      [
        "PAT_0211",
        0,
        2858.6094
      ]
    ],
    "S28": [
      [
        "PAT_0271",
        0,
        0.0
      ],
      [
        "PAT_0198",
        0,
        3347.5041
      ]
    ],
    "S36": [
      [
        "PAT_0357",
        0,
        1299.6061
      ]
    ]
  }
}