{
  "instance": "SYN_SWEEP5_SIZE_L_026",
  "method": "SD",
  "start_method": "multistart",
  "time_limit": 60.0,
  "cost": 17431.7724,
  "is_feasible": true,
  "unmet": {},
  "overprod": {
    "P1": 1,
    "P12": 1,
    "P14": 1,
    "P16": 3
  },
  "elapsed_sec": 25.94,
  "active": {
    "S16": [
      [
        "PAT_0018",
        0,
        2159.0532
      ],
      [
        "PAT_0018",
        0,
        4867.3704
      ]
    ],
    "S48": [
      [
        "PAT_0428",
        0,
        0.0
      ],
      [
        "PAT_0428",
        0,
        3691.6933
      ]
    ],
    "S7": [
      [
        "PAT_0039",
        0,
        2340.5233
      ]
    ],
    "S31": [
      [
        "PAT_0384",
        0,
        0.0
      ],
      [
        "PAT_0012",
        1,
        4616.4192
      ]
    ],
    "S61": [
      [
        "PAT_0004",
        0,
        0.0
      ],
      [
        "PAT_0004",
        0,
        3455.284
      ]
    ],
    "S27": [
      [
        "PAT_0416",
        0,
        0.0
      ],
      [
        "PAT_0416",
        0,
        3307.2579
      ]
    ],
    "S54": [
      [
        "PAT_0012",
        0,
        2271.9738
      ],
      [
        "PAT_0012",
        0,
        4615.3554
      ]
    ],
    "S34": [
      [
        "PAT_0421",
        0,
        0.0
      ],
      [
        "PAT_0011",
        0,
        3389.7458
      ]
    ],
    "S85": [
      [
        "PAT_0410",
        0,
        0.0
      ],
      [
        "PAT_0410",
        0,
        3307.2579
      ]
    ],
    "S38": [
      [
        "PAT_0413",
        0,
        1646.4027
      ]
    ],
    "S53": [
      [
        "PAT_0020",
        0,
        0.0
      ],
      [
        "PAT_0022",
        0,
        3691.3166
      ],
      [
        "PAT_0009",
        0,
        4964.0727
      ]
    ],
    "S71": [
      [
        "PAT_0027",
        0,
        0.0
      ],
      [
        "PAT_0009",
        0,
        1269.0931000000005
      ],
      [
        "PAT_0419",
        0,
        4660.2723000000005
      ]
    ],
    "S23": [
      [
        "PAT_0103",
        0,
        0.0
      ],
      [
        "PAT_0008",
        0,
        2871.9561
      ]
    ],
    "S42": [
      [
        "PAT_0008",
        0,
        0.0
      ],
      [
        "PAT_0412",
        0,
        3391.1792
      ]
    ],
    "S70": [
      [
        "PAT_0386",
        0,
        0.0
      ],
      [
        "PAT_0399",
        0,
        3551.9066
      ]
    ],
    "S5": [
      [
        "PAT_0386",
        0,
        0.0
      ],
      [
        "PAT_0409",
        0,
        3551.9066
      ]
    ],
    "S47": [
      [
        "PAT_0020",
        0,
        0.0
      ],
      [
        "PAT_0002",
        0,
        3691.3166
      ]
    ],
    "S80": [
      [
        "PAT_0386",
        0,
        0.0
      ],
      [
        "PAT_0294",
        0,
        3551.9066
      ]
    ],
    "S17": [
      [
        "PAT_0385",
        0,
        0.0
      ],
      [
        "PAT_0386",
        0,
        4051.9257000000002
      ]
    ],
    "S82": [
      [
        "PAT_0020",
        0,
        0.0
      ],
      [
        "PAT_0007",
        1,
        4902.1814
      ]
    ],
    "S75": [
      [
        "PAT_0020",
        0,
        2495.8366
      ],
      [
        "PAT_0342",
        1,
        6493.928
      ]
    ],
    "S18": [
      [
        "PAT_0385",
        0,
        1493.7808
      ],
      [
        "PAT_0385",
        0,
        5045.6874
      ]
    ],
    "S67": [
      [
        "PAT_0019",
        0,
        0.0
      ],
      [
        "PAT_0019",
        0,
        3691.3166
      ]
    ],
    "S73": [
      [
        "PAT_0019",
        0,
        0.0
      ],
      [
        "PAT_0019",
        0,
        3691.3166
      ]
    ],
    "S15": [
      [
        "PAT_0143",
        0,
        0.0
      ],
      [
        "PAT_0143",
        0,
        2749.3588
      ]
    ],
    "S26": [
      [
        "PAT_0116",
        0,
        0.0
      ],
      [
        "PAT_0116",
        0,
        2749.3588
      ],
      [
        "PAT_0116",
        0,
        5498.7176
      ]
    ],
    "S45": [
      [
        "PAT_0410",
        0,
        0.0
      ],
      [
        "PAT_0422",
        0,
        3842.7140999999997
      ]
    ],
    "S8": [
      [
        "PAT_0043",
        0,
        1708.7852
      ]
    ]
  }
}