{
  "instance": "SYN_SWEEP5_SIZE_L_002",
  "method": "TS",
  "start_method": "greedy",
  "time_limit": 60.0,
  "cost": 9805.961,
  "is_feasible": true,
  "unmet": {},
  "overprod": {
    "P3": 1,
    "P4": 1,
    "P7": 3,
    "P9": 1
  },
  "elapsed_sec": 60.0,
  "active": {
    "S56": [
      [
        "PAT_0134",
        0,
        0.0
      ],
      [
        "PAT_0134",
        0,
        2828.9283
      ]
    ],
    "S11": [
      [
        "PAT_0200",
        0,
        1099.9322
      ],
      [
        "PAT_0200",
        0,
        3530.4559999999997
      ]
    ],
    "S10": [
      [
        "PAT_0125",
        0,
        0.0
      ],
      [
        "PAT_0191",
        0,
        2611.6143
      ]
    ],
    "S25": [
      [
        "PAT_0047",
        0,
        0.0
      ],
      [
        "PAT_0047",
        0,
        2837.03
      ]
    ],
    "S68": [
      [
        "PAT_0184",
        0,
        0.0
      ],
      [
        "PAT_0184",
        0,
        3366.4353
      ]
    ],
    "S19": [
      [
        "PAT_0184",
        0,
        0.0
      ],
      [
        "PAT_0092",
        1,
        4907.2072
      ],
      [
        "PAT_0092",
        1,
        5903.4361
      ]
    ],
    "S2": [
      [
        "PAT_0167",
        0,
        0.0
      ],
      [
        "PAT_0225",
        0,
        2674.9833
      ]
    ],
    "S71": [
      [
        "PAT_0147",
        0,
        0.0
      ],
      [
        "PAT_0209",
        0,
        4179.0768
      ]
    ],
    "S48": [
      [
        "PAT_0243",
        0,
        0.0
      ],
      [
        "PAT_0243",
        0,
        2408.3699
      ],
      [
        "PAT_0036",
        0,
        4816.7398
      ],
      [
        "PAT_0036",
        0,
        5916.6720000000005
      ]
    ],
    "S54": [
      [
        "PAT_0156",
        0,
        0.0
      ],
      [
        "PAT_0179",
        0,
        2674.9833
      ]
    ],
    "S9": [
      [
        "PAT_0034",
        0,
        0.0
      ],
      [
        "PAT_0141",
        0,
        2115.6714
      ],
      [
        "PAT_0141",
        0,
        4579.2531
      ]
    ],
    "S36": [
      [
        "PAT_0164",
        0,
        0.0
      ],
      [
        "PAT_0164",
        0,
        2674.9833
      ]
    ],
    "S49": [
      [
        "PAT_0007",
        0,
        0.0
      ],
      [
        "PAT_0184",
        0,
        1334.2071
      ]
    ],
    "S22": [
      [
        "PAT_0234",
        0,
        0.0
      ]
    ],
    "S61": [
      [
        "PAT_0180",
        0,
        0.0
      ]
    ],
    "S24": [
      [
        "PAT_0174",
        0,
        0.0
      ],
      [
        "PAT_0182",
        0,
        2674.9833
      ]
    ]
  }
}