{
  "instance": "SYN_SWEEP5_SIZE_XL_011",
  "method": "SA",
  "start_method": "greedy",
  "time_limit": 60.0,
  "cost": 34554.2424,
  "is_feasible": true,
  "unmet": {},
  "overprod": {
    "P11": 1,
    "P24": 1,
    "P28": 1
  },
  "elapsed_sec": 60.05,
  "active": {
    "S108": [
      [
        "PAT_0601",
        0,
        0.0
      ],
      [
        "PAT_0601",
        0,
        2976.6928
      ],
      [
        "PAT_0328",
        1,
        5953.3856
      ]
    ],
    "S154": [
      [
        "PAT_0726",
        0,
        0.0
      ],
      [
        "PAT_0523",
        0,
        3604.115
      ]
    ],
    "S8": [
      [
        "PAT_0556",
        0,
        0.0
      ],
      [
        "PAT_0607",
        1,
        4267.3774
      ]
    ],
    "S10": [
      [
        "PAT_0717",
        0,
        0.0
      ],
      [
        "PAT_0714",
        1,
        4298.8993
      ]
    ],
    "S75": [
      [
        "PAT_0496",
        0,
        0.0
      ],
      [
        "PAT_0321",
        0,
        3509.0392
      ],
      [
        "PAT_0501",
        1,
        4500.8359
      ]
    ],
    "S103": [
      [
        "PAT_0491",
        0,
        0.0
      ],
      [
        "PAT_0728",
        0,
        3571.9218
      ]
    ],
    "S9": [
      [
        "PAT_0336",
        0,
        0.0
      ],
      [
        "PAT_0571",
        0,
        1103.6512999999995
      ],
      [
        "PAT_0571",
        0,
        4360.1185
      ]
    ],
    "S135": [
      [
        "PAT_0563",
        0,
        0.0
      ],
      [
        "PAT_0647",
        0,
        3168.683
      ]
    ],
    "S13": [
      [
        "PAT_0491",
        0,
        878.6548000000003
      ],
      [
        "PAT_0698",
        0,
        4387.694
      ]
    ],
    "S144": [
      [
        "PAT_0392",
        0,
        0.0
      ],
      [
        "PAT_0427",
        0,
        3509.0392
      ]
    ],
    "S18": [
      [
        "PAT_0456",
        0,
        0.0
      ],
      [
        "PAT_0704",
        0,
        3509.0392
      ]
    ],
    "S43": [
      [
        "PAT_0558",
        0,
        0.0
      ],
      [
        "PAT_0558",
        0,
        3057.1959
      ]
    ],
    "S123": [
      [
        "PAT_0718",
        0,
        0.0
      ]
    ],
    "S36": [
      [
        "PAT_0578",
        0,
        2152.0969
      ]
    ],
    "S84": [
      [
        "PAT_0562",
        0,
        0.0
      ],
      [
        "PAT_0505",
        0,
        3168.683
      ]
    ],
    "S155": [
      [
        "PAT_0490",
        0,
        1397.6375
      ],
      [
        "PAT_0267",
        0,
        4906.6767
      ]
    ],
    "S125": [
      [
        "PAT_0501",
        0,
        0.0
      ],
      [
        "PAT_0704",
        0,
        1715.5579
      ]
    ],
    "S138": [
      [
        "PAT_0705",
        0,
        1409.3005
      ]
    ],
    "S3": [
      [
        "PAT_0558",
        0,
        0.0
      ],
      [
        "PAT_0561",
        0,
        3057.1959
      ]
    ],
    "S120": [
      [
        "PAT_0606",
        0,
        1494.8086
      ],
      [
        "PAT_0650",
        0,
        4471.5014
      ]
    ],
    "S72": [
      [
        "PAT_0028",
        0,
        0.0
      ],
      [
        "PAT_0709",
        0,
        3987.1911
      ]
    ],
    "S5": [
      [
        "PAT_0165",
        0,
        0.0
      ],
      [
        "PAT_0280",
        0,
        3492.849
      ]
    ],
    "S25": [
      [
        "PAT_0501",
        0,
        0.0
      ],
      [
        "PAT_0562",
        1,
        3645.8844
      ]
    ],
    "S6": [
      [
        "PAT_0562",
        0,
        0.0
      ],
      [
        "PAT_0650",
        0,
        3168.683
      ]
    ],
    "S85": [
      [
        "PAT_0033",
        0,
        1547.3595
      ]
    ],
    "S53": [
      [
        "PAT_0207",
        0,
        0.0
      ],
      [
        "PAT_0726",
        0,
        3387.3746
      ]
    ],
    "S156": [
      [
        "PAT_0054",
        0,
        0.0
      ],
      [
        "PAT_0935",
        0,
        2465.2232000000004
      ]
    ],
    "S60": [
      [
        "PAT_0019",
        0,
        0.0
      ],
      [
        "PAT_0714",
        0,
        3987.1911
      ]
    ],
    "S134": [
      [
        "PAT_0650",
        0,
        0.0
      ],
      [
        "PAT_0634",
        1,
        3589.4018
      ]
    ],
    "S66": [
      [
        "PAT_1173",
        0,
        0.0
      ]
    ],
    "S122": [
      [
        "PAT_0672",
        0,
        0.0
      ],
      [
        "PAT_0672",
        0,
        2976.6928
      ]
    ],
    "S141": [
      [
        "PAT_0099",
        0,
        0.0
      ],
      [
        "PAT_1079",
        0,
        2152.0969
      ]
    ],
    "S90": [
      [
        "PAT_0717",
        0,
        0.0
      ],
      [
        "PAT_0608",
        0,
        3445.2418
      ]
    ],
    "S132": [
      [
        "PAT_0606",
        0,
        0.0
      ]
    ],
    "S109": [
      [
        "PAT_0011",
        0,
        0.0
      ],
      [
        "PAT_0650",
        0,
        3987.1911
      ]
    ],
    "S73": [
      [
        "PAT_0504",
        0,
        0.0
      ]
    ],
    "S139": [
      [
        "PAT_1126",
        0,
        0.0
      ]
    ],
    "S7": [
      [
        "PAT_0558",
        0,
        1139.1209
      ]
    ],
    "S98": [
      [
        "PAT_0028",
        0,
        0.0
      ],
      [
        "PAT_0714",
        1,
        3987.1911
      ]
    ],
    "S105": [
      [
        "PAT_0577",
        0,
        0.0
      ]
    ],
    "S158": [
      [
        "PAT_0676",
        0,
        0.0
      ],
      [
        "PAT_0898",
        0,
        2976.6928
      ]
    ],
    "S119": [
      [
        "PAT_0849",
        0,
        0.0
      ]
    ],
    "S22": [
      [
        "PAT_0515",
        0,
        1093.7502
      ]
    ],
    "S24": [
      [
        "PAT_0353",
        0,
        0.0
      ],
      [
        "PAT_0788",
        0,
        853.6575
      ]
    ],
    "S1": [
      [
        "PAT_0500",
        0,
        0.0
      ],
      [
        "PAT_0015",
        0,
        1715.5579
      ]
    ],
    "S153": [
      [
        "PAT_1185",
        0,
        0.0
      ]
    ],
    "S33": [
      [
        "PAT_0704",
        0,
        2198.4457
      ]
    ],
    "S57": [
      [
        "PAT_0726",
        0,
        0.0
      ]
    ],
    "S46": [
      [
        "PAT_0606",
        0,
        1637.4736
      ]
    ],
    "S2": [
      [
        "PAT_0732",
        0,
        0.0
      ]
    ],
    "S94": [
      [
        "PAT_0554",
        0,
        1252.6916
      ]
    ],
    "S149": [
      [
        "PAT_0695",
        0,
        0.0
      ]
    ],
    "S107": [
      [
        "PAT_0527",
        0,
        0.0
      ]
    ],
    "S145": [
      [
        "PAT_0558",
        0,
        0.0
      ]
    ],
    "S117": [
      [
        "PAT_0501",
        0,
        0.0
      ],
      [
        "PAT_0995",
        0,
        1715.5579
      ]
    ],
    "S79": [
      [
        "PAT_0935",
        0,
        0.0
      ]
    ],
    "S74": [
      [
        "PAT_1126",
        0,
        2273.241
      ]
    ]
  }
}