{
  "instance": "SYN_SWEEP5_SIZE_L_012",
  "method": "GRASP_SA",
  "start_method": "none",
  "time_limit": 60.0,
  "cost": 18064.8143,
  "is_feasible": true,
  "unmet": {},
  "overprod": {
    "P3": 1,
    "P13": 1,
    "P19": 1
  },
  "elapsed_sec": 60.04,
  "active": {
    "S55": [
      [
        "PAT_0600",
        0,
        0.0
      ],
      [
        "PAT_0547",
        0,
        2129.9276999999997
      ]
    ],
    "S3": [
      [
        "PAT_1177",
        0,
        1074.053
      ]
    ],
    "S42": [
      [
        "PAT_1167",
        0,
        0.0
      ]
    ],
    "S75": [
      [
        "PAT_1039",
        0,
        0.0
      ],
      [
        "PAT_1173",
        0,
        1505.6314
      ]
    ],
    "S35": [
      [
        "PAT_1194",
        0,
        1392.0445
      ]
    ],
    "S63": [
      [
        "PAT_1069",
        0,
        0.0
      ],
      [
        "PAT_1110",
        0,
        2383.6865
      ],
      [
        "PAT_1110",
        0,
        3919.6745
      ]
    ],
    "S29": [
      [
        "PAT_1172",
        0,
        0.0
      ]
    ],
    "S11": [
      [
        "PAT_1186",
        0,
        0.0
      ]
    ],
    "S43": [
      [
        "PAT_1158",
        0,
        0.0
      ],
      [
        "PAT_1190",
        0,
        2057.48
      ]
    ],
    "S14": [
      [
        "PAT_1116",
        0,
        0.0
      ],
      [
        "PAT_1186",
        0,
        1535.988
      ]
    ],
    "S45": [
      [
        "PAT_0623",
        0,
        0.0
      ]
    ],
    "S64": [
      [
        "PAT_1107",
        0,
        0.0
      ],
      [
        "PAT_1089",
        0,
        1817.0041999999999
      ]
    ],
    "S44": [
      [
        "PAT_0255",
        0,
        2300.5362999999998
      ]
    ],
    "S68": [
      [
        "PAT_1079",
        0,
        0.0
      ],
      [
        "PAT_0630",
        0,
        2219.6318
      ]
    ],
    "S59": [
      [
        "PAT_1140",
        0,
        0.0
      ],
      [
        "PAT_1172",
        0,
        1535.988
      ]
    ],
    "S37": [
      [
        "PAT_0694",
        0,
        0.0
      ]
    ],
    "S62": [
      [
        "PAT_0623",
        0,
        0.0
      ]
    ],
    "S36": [
      [
        "PAT_1089",
        0,
        0.0
      ]
    ],
    "S47": [
      [
        "PAT_1117",
        0,
        0.0
      ],
      [
        "PAT_0694",
        0,
        1535.988
      ]
    ],
    "S79": [
      [
        "PAT_1089",
        0,
        0.0
      ]
    ],
    "S17": [
      [
        "PAT_0568",
        0,
        0.0
      ],
      [
        "PAT_0025",
        0,
        1815.1764
      ],
      [
        "PAT_0025",
        0,
        3511.3466
      ]
    ],
    "S2": [
      [
        "PAT_1191",
        0,
        1482.3545
      ]
    ],
    "S61": [
      [
        "PAT_1167",
        0,
        1780.558
      ]
    ],
    "S10": [
      [
        "PAT_1166",
        0,
        0.0
      ]
    ],
    "S20": [
      [
        "PAT_1186",
        0,
        961.022
      ]
    ],
    "S57": [
      [
        "PAT_1089",
        0,
        431.2873
      ]
    ],
    "S77": [
      [
        "PAT_1107",
        0,
        0.0
      ],
      [
        "PAT_1084",
        0,
        2564.0562
      ]
    ],
    "S38": [
      [
        "PAT_0343",
        0,
        0.0
      ],
      [
        "PAT_0343",
        0,
        1696.1702
      ],
      [
        "PAT_0322",
        0,
        3392.3404
      ]
    ],
    "S32": [
      [
        "PAT_1085",
        0,
        2245.1812
      ]
    ],
    "S33": [
      [
        "PAT_0557",
        0,
        0.0
      ]
    ],
    "S9": [
      [
        "PAT_0975",
        0,
        0.0
      ],
      [
        "PAT_1198",
        0,
        2547.6557
      ]
    ],
    "S28": [
      [
        "PAT_0872",
        0,
        0.0
      ],
      [
        "PAT_1112",
        0,
        2547.6557
      ]
    ],
    "S74": [
      [
        "PAT_1089",
        0,
        0.0
      ]
    ],
    "S41": [
      [
        "PAT_0666",
        0,
        1546.0929
      ]
    ],
    "S51": [
      [
        "PAT_1035",
        0,
        0.0
      ],
      [
        "PAT_0810",
        0,
        1505.6314
      ]
    ],
    "S58": [
      [
        "PAT_0597",
        0,
        0.0
      ],
      [
        "PAT_1186",
        0,
        1815.1764
      ]
    ],
    "S60": [
      [
        "PAT_0847",
        0,
        0.0
      ]
    ]
  }
}