{
  "instance": "SYN_SWEEP5_SIZE_XL_000",
  "method": "SA",
  "start_method": "multistart",
  "time_limit": 60.0,
  "cost": 23592.4373,
  "is_feasible": true,
  "unmet": {},
  "overprod": {
    "P8": 1,
    "P19": 2,
    "P26": 4,
    "P27": 1,
    "P29": 1,
    "P36": 1
  },
  "elapsed_sec": 125.07,
  "active": {
    "S1": [
      [
        "PAT_4591",
        0,
        1093.0186
      ],
      [
        "PAT_4591",
        0,
        3591.9483
      ]
    ],
    "S18": [
      [
        "PAT_1258",
        0,
        0.0
      ],
      [
        "PAT_1356",
        0,
        3716.9653
      ]
    ],
    "S62": [
      [
        "PAT_4557",
        0,
        0.0
      ],
      [
        "PAT_0082",
        0,
        3470.2559
      ]
    ],
    "S139": [
      [
        "PAT_6093",
        0,
        1427.5367
      ],
      [
        "PAT_6025",
        0,
        2802.9317
      ],
      [
        "PAT_6025",
        0,
        4178.3267
      ],
      [
        "PAT_6025",
        0,
        5553.7217
      ]
    ],
    "S55": [
      [
        "PAT_4620",
        0,
        0.0
      ],
      [
        "PAT_0841",
        1,
        3651.8298999999997
      ]
    ],
    "S102": [
      [
        "PAT_5914",
        0,
        0.0
      ],
      [
        "PAT_0864",
        0,
        4434.6671
      ]
    ],
    "S71": [
      [
        "PAT_5197",
        0,
        0.0
      ],
      [
        "PAT_1407",
        0,
        3516.3906
      ]
    ],
    "S70": [
      [
        "PAT_5810",
        0,
        353.7462
      ],
      [
        "PAT_2189",
        1,
        5437.0914999999995
      ]
    ],
    "S90": [
      [
        "PAT_1510",
        0,
        0.0
      ],
      [
        "PAT_1398",
        1,
        3398.2769
      ]
    ],
    "S101": [
      [
        "PAT_5991",
        0,
        0.0
      ],
      [
        "PAT_1903",
        0,
        1929.6870999999996
      ],
      [
        "PAT_1352",
        0,
        4588.9823
      ]
    ],
    "S40": [
      [
        "PAT_1697",
        0,
        1814.9307
      ],
      [
        "PAT_4547",
        1,
        5432.3661
      ]
    ],
    "S19": [
      [
        "PAT_1347",
        0,
        0.0
      ],
      [
        "PAT_1397",
        1,
        2894.3144
      ]
    ],
    "S95": [
      [
        "PAT_0007",
        0,
        0.0
      ],
      [
        "PAT_4557",
        0,
        3454.2
      ]
    ],
    "S47": [
      [
        "PAT_1277",
        0,
        936.0017
      ],
      [
        "PAT_1277",
        0,
        3830.3161
      ]
    ],
    "S24": [
      [
        "PAT_4556",
        0,
        1017.8971999999999
      ],
      [
        "PAT_0002",
        0,
        3516.8269
      ]
    ],
    "S14": [
      [
        "PAT_5920",
        0,
        2481.379
      ]
    ],
    "S10": [
      [
        "PAT_4929",
        0,
        0.0
      ]
    ],
    "S125": [
      [
        "PAT_1803",
        0,
        0.0
      ],
      [
        "PAT_1702",
        0,
        3358.4212
      ],
      [
        "PAT_4465",
        0,
        6017.7164
      ]
    ],
    "S133": [
      [
        "PAT_4377",
        0,
        0.0
      ],
      [
        "PAT_0836",
        0,
        990.5884
      ],
      [
        "PAT_4605",
        0,
        3404.6991000000003
      ]
    ],
    "S137": [
      [
        "PAT_0002",
        0,
        1616.9782
      ]
    ],
    "S20": [
      [
        "PAT_1276",
        0,
        1468.4049
      ]
    ],
    "S6": [
      [
        "PAT_0788",
        0,
        0.0
      ]
    ],
    "S16": [
      [
        "PAT_5436",
        0,
        0.0
      ],
      [
        "PAT_1283",
        0,
        3454.5606
      ]
    ],
    "S119": [
      [
        "PAT_1340",
        0,
        0.0
      ],
      [
        "PAT_4580",
        0,
        2894.3144
      ]
    ],
    "S27": [
      [
        "PAT_5306",
        0,
        0.0
      ],
      [
        "PAT_1258",
        0,
        3454.5606
      ]
    ],
    "S37": [
      [
        "PAT_1342",
        0,
        0.0
      ],
      [
        "PAT_0428",
        0,
        2894.3144
      ]
    ],
    "S141": [
      [
        "PAT_0081",
        0,
        0.0
      ],
      [
        "PAT_1701",
        0,
        3454.2
      ]
    ],
    "S48": [
      [
        "PAT_1397",
        0,
        2839.3771
      ]
    ],
    "S114": [
      [
        "PAT_0168",
        0,
        0.0
      ],
      [
        "PAT_0168",
        0,
        3454.2
      ]
    ],
    "S53": [
      [
        "PAT_0217",
        0,
        1292.8336
      ]
    ],
    "S50": [
      [
        "PAT_3273",
        0,
        0.0
      ],
      [
        "PAT_0938",
        0,
        990.5884
      ],
      [
        "PAT_4569",
        0,
        3404.6991000000003
      ]
    ],
    "S79": [
      [
        "PAT_5494",
        0,
        0.0
      ]
    ],
    "S108": [
      [
        "PAT_2694",
        0,
        0.0
      ],
      [
        "PAT_0736",
        0,
        2494.4716
      ]
    ],
    "S74": [
      [
        "PAT_0800",
        0,
        1719.9101
      ]
    ],
    "S56": [
      [
        "PAT_4674",
        0,
        0.0
      ]
    ],
    "S13": [
      [
        "PAT_1354",
        0,
        0.0
      ],
      [
        "PAT_0294",
        0,
        2894.3144
      ]
    ],
    "S26": [
      [
        "PAT_1099",
        0,
        0.0
      ],
      [
        "PAT_1099",
        0,
        2414.1107
      ],
      [
        "PAT_6066",
        0,
        4828.2214
      ]
    ],
    "S29": [
      [
        "PAT_1868",
        0,
        886.2535
      ],
      [
        "PAT_1717",
        0,
        3545.5487000000003
      ]
    ],
    "S143": [
      [
        "PAT_4488",
        0,
        0.0
      ],
      [
        "PAT_5162",
        0,
        990.5884
      ]
    ]
  }
}