{
  "instance": "SYN_SWEEP5_SIZE_L_005",
  "method": "GRASP_SA",
  "start_method": "none",
  "time_limit": 60.0,
  "cost": 12305.3832,
  "is_feasible": true,
  "unmet": {},
  "overprod": {
    "P9": 1,
    "P14": 1,
    "P16": 1
  },
  "elapsed_sec": 60.11,
  "active": {
    "S22": [
      [
        "PAT_1191",
        0,
        0.0
      ],
      [
        "PAT_0493",
        0,
        3900.5066
      ],
      [
        "PAT_0493",
        0,
        6133.3864
      ]
    ],
    "S64": [
      [
        "PAT_1275",
        0,
        0.0
      ],
      [
        "PAT_1275",
        0,
        3601.869
      ]
    ],
    "S17": [
      [
        "PAT_2037",
        0,
        0.0
      ],
      [
        "PAT_0160",
        0,
        3485.9375000000005
      ],
      [
        "PAT_0160",
        0,
        5718.817300000001
      ]
    ],
    "S63": [
      [
        "PAT_2045",
        0,
        0.0
      ],
      [
        "PAT_1172",
        0,
        3680.4162
      ]
    ],
    "S60": [
      [
        "PAT_1050",
        0,
        0.0
      ],
      [
        "PAT_2042",
        0,
        4050.9429
      ]
    ],
    "S24": [
      [
        "PAT_2037",
        0,
        0.0
      ],
      [
        "PAT_2036",
        0,
        3390.2032
      ]
    ],
    "S38": [
      [
        "PAT_1481",
        0,
        0.0
      ],
      [
        "PAT_1481",
        0,
        3601.869
      ]
    ],
    "S21": [
      [
        "PAT_1489",
        0,
        0.0
      ]
    ],
    "S8": [
      [
        "PAT_1988",
        0,
        0.0
      ],
      [
        "PAT_1988",
        0,
        3867.3637
      ]
    ],
    "S41": [
      [
        "PAT_1051",
        0,
        0.0
      ],
      [
        "PAT_1451",
        0,
        3601.869
      ]
    ],
    "S46": [
      [
        "PAT_2037",
        0,
        0.0
      ],
      [
        "PAT_1745",
        0,
        4142.9087
      ]
    ],
    "S49": [
      [
        "PAT_1361",
        0,
        0.0
      ]
    ],
    "S13": [
      [
        "PAT_1619",
        0,
        1813.6915
      ]
    ],
    "S65": [
      [
        "PAT_1454",
        0,
        0.0
      ]
    ],
    "S29": [
      [
        "PAT_1841",
        0,
        0.0
      ],
      [
        "PAT_1902",
        0,
        3867.3637
      ]
    ],
    "S61": [
      [
        "PAT_1376",
        0,
        0.0
      ],
      [
        "PAT_1818",
        0,
        3601.869
      ]
    ],
    "S40": [
      [
        "PAT_1935",
        0,
        0.0
      ],
      [
        "PAT_1191",
        0,
        3867.3637
      ]
    ],
    "S25": [
      [
        "PAT_1550",
        0,
        0.0
      ]
    ],
    "S11": [
      [
        "PAT_1697",
        0,
        0.0
      ],
      [
        "PAT_2024",
        1,
        4434.1171
      ]
    ],
    "S30": [
      [
        "PAT_2042",
        1,
        3070.0369
      ]
    ]
  }
}