{
  "instance": "SYN_SWEEP5_SIZE_L_003",
  "method": "SA",
  "start_method": "greedy",
  "time_limit": 60.0,
  "cost": 17137.8065,
  "is_feasible": true,
  "unmet": {},
  "overprod": {
    "P5": 2,
    "P10": 1,
    "P12": 1,
    "P13": 1,
    "P22": 1
  },
  "elapsed_sec": 60.07,
  "active": {
    "S63": [
      [
        "PAT_0377",
        0,
        904.4948
      ],
      [
        "PAT_2368",
        0,
        3803.7254999999996
      ]
    ],
    "S71": [
      [
        "PAT_1689",
        0,
        1001.9265000000005
      ],
      [
        "PAT_1434",
        0,
        3585.0748000000003
      ]
    ],
    "S76": [
      [
        "PAT_2310",
        0,
        0.0
      ],
      [
        "PAT_3900",
        0,
        2819.3764
      ]
    ],
    "S8": [
      [
        "PAT_2423",
        0,
        0.0
      ],
      [
        "PAT_2907",
        0,
        3461.9393
      ]
    ],
    "S30": [
      [
        "PAT_0206",
        0,
        0.0
      ],
      [
        "PAT_0206",
        0,
        2411.4494
      ]
    ],
    "S53": [
      [
        "PAT_1374",
        0,
        0.0
      ],
      [
        "PAT_2395",
        0,
        3171.8147
      ]
    ],
    "S59": [
      [
        "PAT_3306",
        0,
        0.0
      ],
      [
        "PAT_2253",
        0,
        2110.4882
      ]
    ],
    "S12": [
      [
        "PAT_0055",
        0,
        0.0
      ],
      [
        "PAT_0343",
        0,
        2411.4494
      ]
    ],
    "S32": [
      [
        "PAT_2338",
        0,
        0.0
      ],
      [
        "PAT_2358",
        0,
        963.3560000000002
      ],
      [
        "PAT_2691",
        1,
        1763.3560000000002
      ],
      [
        "PAT_1373",
        0,
        3873.8442
      ]
    ],
    "S54": [
      [
        "PAT_0041",
        0,
        0.0
      ],
      [
        "PAT_0512",
        1,
        3296.0326
      ],
      [
        "PAT_2345",
        2,
        6098.76
      ]
    ],
    "S48": [
      [
        "PAT_0386",
        0,
        0.0
      ],
      [
        "PAT_0386",
        0,
        2802.7274
      ]
    ],
    "S21": [
      [
        "PAT_1692",
        0,
        0.0
      ],
      [
        "PAT_2434",
        0,
        2583.1483
      ]
    ],
    "S3": [
      [
        "PAT_1562",
        0,
        0.0
      ],
      [
        "PAT_2458",
        0,
        2583.1483
      ]
    ],
    "S19": [
      [
        "PAT_3822",
        0,
        0.0
      ],
      [
        "PAT_0001",
        1,
        2411.3176
      ]
    ],
    "S34": [
      [
        "PAT_4144",
        0,
        0.0
      ],
      [
        "PAT_0023",
        0,
        2110.4882
      ]
    ],
    "S67": [
      [
        "PAT_3395",
        0,
        0.0
      ],
      [
        "PAT_0529",
        0,
        2110.4882
      ]
    ],
    "S84": [
      [
        "PAT_2451",
        0,
        0.0
      ],
      [
        "PAT_1829",
        1,
        3966.193
      ]
    ],
    "S18": [
      [
        "PAT_3396",
        0,
        0.0
      ],
      [
        "PAT_2423",
        0,
        3319.5559
      ]
    ],
    "S38": [
      [
        "PAT_2433",
        0,
        0.0
      ],
      [
        "PAT_1829",
        0,
        3461.9393
      ]
    ],
    "S56": [
      [
        "PAT_2402",
        0,
        0.0
      ],
      [
        "PAT_0714",
        1,
        3142.8175
      ]
    ],
    "S23": [
      [
        "PAT_0211",
        0,
        0.0
      ],
      [
        "PAT_0362",
        0,
        2411.4494
      ]
    ],
    "S28": [
      [
        "PAT_2100",
        0,
        0.0
      ],
      [
        "PAT_1114",
        0,
        2583.1483
      ]
    ],
    "S57": [
      [
        "PAT_2960",
        0,
        0.0
      ]
    ],
    "S39": [
      [
        "PAT_1400",
        0,
        0.0
      ]
    ],
    "S31": [
      [
        "PAT_0740",
        0,
        0.0
      ],
      [
        "PAT_2459",
        0,
        2802.7274
      ]
    ],
    "S42": [
      [
        "PAT_1553",
        0,
        0.0
      ],
      [
        "PAT_2384",
        0,
        3154.9489
      ]
    ],
    "S17": [
      [
        "PAT_1053",
        0,
        0.0
      ],
      [
        "PAT_2425",
        0,
        2802.7274
      ]
    ],
    "S62": [
      [
        "PAT_0365",
        0,
        2104.6084
      ]
    ]
  }
}