{
  "instance": "SYN_SWEEP5_SIZE_XL_010",
  "method": "SD",
  "start_method": "multistart",
  "time_limit": 60.0,
  "cost": 27373.0364,
  "is_feasible": true,
  "unmet": {},
  "overprod": {
    "P8": 1,
    "P12": 2,
    "P13": 3,
    "P16": 2,
    "P29": 1
  },
  "elapsed_sec": 60.01,
  "active": {
    "S65": [
      [
        "PAT_0693",
        0,
        0.0
      ],
      [
        "PAT_0657",
        0,
        2771.3526
      ],
      [
        "PAT_0657",
        0,
        4681.1972000000005
      ]
    ],
    "S13": [
      [
        "PAT_0757",
        0,
        0.0
      ],
      [
        "PAT_0757",
        0,
        1272.4615
      ],
      [
        "PAT_0757",
        0,
        2544.923
      ],
      [
        "PAT_0757",
        0,
        3817.3844999999997
      ],
      [
        "PAT_0594",
        0,
        5089.846
      ]
    ],
    "S43": [
      [
        "PAT_0566",
        0,
        0.0
      ],
      [
        "PAT_0566",
        0,
        3449.0784
      ]
    ],
    "S5": [
      [
        "PAT_0360",
        0,
        0.0
      ],
      [
        "PAT_0360",
        0,
        3603.1986
      ],
      [
        "PAT_0613",
        1,
        7206.3972
      ]
    ],
    "S86": [
      [
        "PAT_0677",
        0,
        0.0
      ],
      [
        "PAT_0677",
        0,
        1909.8446
      ],
      [
        "PAT_0677",
        0,
        3819.6892
      ],
      [
        "PAT_0747",
        0,
        5729.533799999999
      ]
    ],
    "S58": [
      [
        "PAT_0443",
        0,
        1154.1921
      ],
      [
        "PAT_0443",
        0,
        5326.8125
      ]
    ],
    "S93": [
      [
        "PAT_0428",
        0,
        0.0
      ],
      [
        "PAT_0428",
        0,
        4172.6204
      ]
    ],
    "S30": [
      [
        "PAT_0628",
        0,
        0.0
      ],
      [
        "PAT_0628",
        0,
        1909.8446
      ],
      [
        "PAT_0628",
        0,
        3819.6892
      ],
      [
        "PAT_0628",
        0,
        5729.533799999999
      ]
    ],
    "S70": [
      [
        "PAT_0702",
        0,
        904.0721
      ],
      [
        "PAT_0702",
        0,
        3675.4247
      ],
      [
        "PAT_0747",
        0,
        6446.7773
      ]
    ],
    "S136": [
      [
        "PAT_0368",
        0,
        2764.2182
      ]
    ],
    "S143": [
      [
        "PAT_0606",
        0,
        0.0
      ],
      [
        "PAT_0606",
        0,
        3274.3655
      ]
    ],
    "S55": [
      [
        "PAT_0552",
        0,
        0.0
      ],
      [
        "PAT_0552",
        0,
        3984.9236
      ]
    ],
    "S3": [
      [
        "PAT_0555",
        0,
        0.0
      ],
      [
        "PAT_0555",
        0,
        3984.9236
      ]
    ],
    "S41": [
      [
        "PAT_0462",
        0,
        0.0
      ],
      [
        "PAT_0642",
        0,
        3984.9236
      ],
      [
        "PAT_0750",
        1,
        6121.0163
      ]
    ],
    "S116": [
      [
        "PAT_0389",
        0,
        1735.6837
      ]
    ],
    "S25": [
      [
        "PAT_0466",
        0,
        0.0
      ],
      [
        "PAT_0708",
        0,
        3984.9236
      ]
    ],
    "S34": [
      [
        "PAT_0353",
        0,
        0.0
      ],
      [
        "PAT_0003",
        0,
        5877.7628
      ]
    ],
    "S50": [
      [
        "PAT_0597",
        0,
        0.0
      ],
      [
        "PAT_0597",
        0,
        3274.3655
      ]
    ],
    "S101": [
      [
        "PAT_0391",
        0,
        1619.979
      ]
    ],
    "S26": [
      [
        "PAT_0338",
        0,
        0.0
      ],
      [
        "PAT_0683",
        0,
        5253.8806
      ]
    ],
    "S119": [
      [
        "PAT_0350",
        0,
        0.0
      ]
    ],
    "S20": [
      [
        "PAT_0336",
        0,
        0.0
      ],
      [
        "PAT_0682",
        0,
        3644.2855
      ]
    ],
    "S73": [
      [
        "PAT_0572",
        0,
        0.0
      ],
      [
        "PAT_0572",
        0,
        3449.0784
      ]
    ],
    "S123": [
      [
        "PAT_0372",
        0,
        1542.7405
      ]
    ],
    "S106": [
      [
        "PAT_0002",
        1,
        1736.5189
      ],
      [
        "PAT_0002",
        1,
        5497.8574
      ]
    ],
    "S71": [
      [
        "PAT_0337",
        0,
        0.0
      ],
      [
        "PAT_0571",
        0,
        3531.0427
      ]
    ],
    "S133": [
      [
        "PAT_0681",
        0,
        899.8411
      ]
    ],
    "S10": [
      [
        "PAT_0597",
        0,
        1538.8659
      ]
    ],
    "S85": [
      [
        "PAT_0681",
        0,
        0.0
      ],
      [
        "PAT_0571",
        0,
        4019.1678
      ]
    ],
    "S21": [
      [
        "PAT_0572",
        0,
        3437.3019
      ]
    ],
    "S28": [
      [
        "PAT_0152",
        0,
        0.0
      ],
      [
        "PAT_0337",
        0,
        4788.6294
      ]
    ],
    "S79": [
      [
        "PAT_0002",
        0,
        0.0
      ],
      [
        "PAT_0419",
        0,
        3761.3385
      ]
    ],
    "S90": [
      [
        "PAT_0581",
        0,
        0.0
      ],
      [
        "PAT_0596",
        0,
        3449.0784
      ]
    ],
    "S69": [
      [
        "PAT_0447",
        0,
        0.0
      ],
      [
        "PAT_0371",
        0,
        4445.5442
      ]
    ],
    "S95": [
      [
        "PAT_0375",
        0,
        0.0
      ],
      [
        "PAT_0151",
        0,
        4489.6085
      ]
    ],
    "S66": [
      [
        "PAT_0378",
        0,
        3590.2278
      ]
    ],
    "S135": [
      [
        "PAT_0375",
        0,
        2300.32
      ]
    ],
    "S125": [
      [
        "PAT_0073",
        0,
        0.0
      ],
      [
        "PAT_0073",
        0,
        3761.3385
      ]
    ],
    "S99": [
      [
        "PAT_0452",
        0,
        0.0
      ],
      [
        "PAT_0026",
        0,
        3984.9236
      ]
    ],
    "S76": [
      [
        "PAT_0292",
        0,
        0.0
      ],
      [
        "PAT_0016",
        0,
        3904.605
      ]
    ],
    "S105": [
      [
        "PAT_0162",
        0,
        0.0
      ],
      [
        "PAT_0143",
        0,
        3904.605
      ]
    ],
    "S91": [
      [
        "PAT_0319",
        0,
        0.0
      ],
      [
        "PAT_0004",
        0,
        3904.605
      ]
    ],
    "S6": [
      [
        "PAT_0375",
        0,
        0.0
      ],
      [
        "PAT_0153",
        0,
        4955.498800000001
      ]
    ]
  }
}