{
  "instance": "SYN_SWEEP5_SIZE_L_001",
  "method": "greedy",
  "start_method": "none",
  "time_limit": 60.0,
  "cost": 20667.7619,
  "is_feasible": true,
  "unmet": {},
  "overprod": {
    "P1": 3,
    "P4": 1,
    "P16": 2,
    "P17": 1,
    "P18": 2,
    "P23": 3,
    "P30": 1
  },
  "elapsed_sec": 2.46,
  "active": {
    "S46": [
      [
        "PAT_2883",
        0,
        0.0
      ],
      [
        "PAT_2883",
        0,
        2349.7382
      ],
      [
        "PAT_3164",
        0,
        4699.4764
      ]
    ],
    "S81": [
      [
        "PAT_5817",
        0,
        2238.684
      ],
      [
        "PAT_5817",
        0,
        4878.7237000000005
      ]
    ],
    "S20": [
      [
        "PAT_5683",
        0,
        558.3417
      ],
      [
        "PAT_3159",
        0,
        3078.3106
      ]
    ],
    "S55": [
      [
        "PAT_2482",
        0,
        2748.649
      ]
    ],
    "S56": [
      [
        "PAT_3522",
        0,
        1575.1553
      ],
      [
        "PAT_3522",
        0,
        4524.4362
      ]
    ],
    "S8": [
      [
        "PAT_3150",
        0,
        1193.5585
      ],
      [
        "PAT_3150",
        0,
        3543.2967
      ]
    ],
    "S58": [
      [
        "PAT_5832",
        0,
        1353.5019
      ],
      [
        "PAT_5832",
        0,
        3993.5415999999996
      ]
    ],
    "S33": [
      [
        "PAT_3087",
        0,
        0.0
      ],
      [
        "PAT_3174",
        1,
        2979.1486
      ]
    ],
    "S72": [
      [
        "PAT_2549",
        0,
        2183.873
      ],
      [
        "PAT_2549",
        0,
        4533.611199999999
      ]
    ],
    "S24": [
      [
        "PAT_3155",
        0,
        1381.4364
      ],
      [
        "PAT_3155",
        0,
        3263.0884
      ]
    ],
    "S13": [
      [
        "PAT_2384",
        0,
        3396.7662
      ]
    ],
    "S78": [
      [
        "PAT_5675",
        0,
        3633.8285
      ],
      [
        "PAT_5675",
        0,
        6153.7973999999995
      ]
    ],
    "S5": [
      [
        "PAT_3195",
        0,
        3724.3268
      ]
    ],
    "S74": [
      [
        "PAT_2461",
        0,
        0.0
      ],
      [
        "PAT_2461",
        0,
        3803.4146
      ]
    ],
    "S67": [
      [
        "PAT_2549",
        0,
        2588.7301
      ]
    ],
    "S68": [
      [
        "PAT_5675",
        0,
        2451.4772
      ],
      [
        "PAT_1634",
        0,
        4971.446099999999
      ]
    ],
    "S18": [
      [
        "PAT_4005",
        0,
        2164.6691
      ]
    ],
    "S25": [
      [
        "PAT_4547",
        0,
        0.0
      ],
      [
        "PAT_4547",
        0,
        4395.4249
      ]
    ],
    "S7": [
      [
        "PAT_4004",
        0,
        1275.3685
      ]
    ],
    "S43": [
      [
        "PAT_2474",
        0,
        1255.0866
      ]
    ],
    "S71": [
      [
        "PAT_4003",
        0,
        0.0
      ],
      [
        "PAT_2028",
        0,
        4395.4249
      ]
    ],
    "S36": [
      [
        "PAT_3961",
        0,
        0.0
      ],
      [
        "PAT_3961",
        0,
        2949.2809
      ]
    ],
    "S27": [
      [
        "PAT_2163",
        0,
        1483.8814
      ],
      [
        "PAT_2163",
        0,
        3946.3736
      ]
    ],
    "S22": [
      [
        "PAT_5124",
        0,
        0.0
      ]
    ],
    "S37": [
      [
        "PAT_2314",
        0,
        0.0
      ],
      [
        "PAT_2314",
        0,
        2462.4922
      ],
      [
        "PAT_2004",
        0,
        4924.9844
      ]
    ],
    "S10": [
      [
        "PAT_5348",
        0,
        0.0
      ],
      [
        "PAT_5348",
        0,
        4395.4249
      ]
    ],
    "S45": [
      [
        "PAT_2013",
        0,
        0.0
      ],
      [
        "PAT_2013",
        0,
        2462.4922
      ],
      [
        "PAT_2013",
        0,
        4924.9844
      ]
    ],
    "S12": [
      [
        "PAT_5358",
        0,
        0.0
      ]
    ],
    "S6": [
      [
        "PAT_0049",
        0,
        1925.267
      ]
    ],
    "S2": [
      [
        "PAT_4896",
        0,
        0.0
      ]
    ],
    "S30": [
      [
        "PAT_3994",
        0,
        1733.8167
      ]
    ],
    "S31": [
      [
        "PAT_3999",
        0,
        0.0
      ]
    ],
    "S49": [
      [
        "PAT_3994",
        0,
        1224.0498
      ]
    ],
    "S82": [
      [
        "PAT_3994",
        0,
        0.0
      ]
    ],
    "S66": [
      [
        "PAT_3999",
        0,
        1245.6383
      ]
    ],
    "S23": [
      [
        "PAT_4887",
        0,
        2383.389
      ]
    ],
    "S42": [
      [
        "PAT_3999",
        0,
        0.0
      ]
    ],
    "S63": [
      [
        "PAT_5656",
        0,
        0.0
      ]
    ],
    "S59": [
      [
        "PAT_3998",
        0,
        977.7245
      ]
    ]
  }
}