{
  "instance": "SYN_SWEEP5_SIZE_XL_027",
  "method": "SD",
  "start_method": "multistart",
  "time_limit": 60.0,
  "cost": 18213.2695,
  "is_feasible": true,
  "unmet": {},
  "overprod": {
    "P4": 1,
    "P8": 1,
    "P9": 1
  },
  "elapsed_sec": 55.53,
  "active": {
    "S100": [
      [
        "PAT_0275",
        0,
        0.0
      ],
      [
        "PAT_0244",
        0,
        2414.6322
      ]
    ],
    "S87": [
      [
        "PAT_0021",
        0,
        2053.2869
      ],
      [
        "PAT_0021",
        0,
        4072.6744
      ]
    ],
    "S35": [
      [
        "PAT_0457",
        0,
        0.0
      ],
      [
        "PAT_0457",
        0,
        820.0949
      ],
      [
        "PAT_0457",
        0,
        1640.1898
      ],
      [
        "PAT_0457",
        0,
        2460.2847
      ],
      [
        "PAT_0457",
        0,
        3280.3796
      ],
      [
        "PAT_0447",
        1,
        4326.2253
      ]
    ],
    "S86": [
      [
        "PAT_0256",
        0,
        0.0
      ],
      [
        "PAT_0256",
        0,
        2003.0905
      ],
      [
        "PAT_0256",
        0,
        4006.181
      ]
    ],
    "S27": [
      [
        "PAT_0312",
        0,
        0.0
      ],
      [
        "PAT_0312",
        0,
        2463.9387
      ],
      [
        "PAT_0235",
        0,
        4927.8774
      ]
    ],
    "S1": [
      [
        "PAT_0009",
        0,
        1584.8866
      ],
      [
        "PAT_0009",
        0,
        3844.8509999999997
      ],
      [
        "PAT_0009",
        0,
        6104.8153999999995
      ]
    ],
    "S16": [
      [
        "PAT_0453",
        0,
        0.0
      ],
      [
        "PAT_0453",
        0,
        2968.4832
      ],
      [
        "PAT_0436",
        0,
        5936.9664
      ]
    ],
    "S26": [
      [
        "PAT_0322",
        0,
        0.0
      ],
      [
        "PAT_0001",
        0,
        4884.4857
      ]
    ],
    "S128": [
      [
        "PAT_0444",
        0,
        0.0
      ],
      [
        "PAT_0437",
        1,
        3148.404
      ],
      [
        "PAT_0437",
        1,
        5843.3302
      ]
    ],
    "S46": [
      [
        "PAT_0012",
        0,
        0.0
      ],
      [
        "PAT_0464",
        0,
        3516.7870000000003
      ]
    ],
    "S82": [
      [
        "PAT_0461",
        0,
        0.0
      ],
      [
        "PAT_0461",
        0,
        4076.8539
      ]
    ],
    "S31": [
      [
        "PAT_0279",
        0,
        2276.5687
      ],
      [
        "PAT_0279",
        0,
        4691.2009
      ]
    ],
    "S6": [
      [
        "PAT_0341",
        0,
        0.0
      ]
    ],
    "S79": [
      [
        "PAT_0437",
        0,
        0.0
      ],
      [
        "PAT_0001",
        0,
        2694.9262
      ]
    ],
    "S125": [
      [
        "PAT_0003",
        0,
        0.0
      ],
      [
        "PAT_0003",
        0,
        3438.0785
      ]
    ],
    "S15": [
      [
        "PAT_0013",
        0,
        0.0
      ],
      [
        "PAT_0279",
        1,
        5102.1492
      ]
    ],
    "S57": [
      [
        "PAT_0011",
        0,
        0.0
      ],
      [
        "PAT_0011",
        0,
        3337.4663
      ]
    ],
    "S108": [
      [
        "PAT_0011",
        0,
        0.0
      ],
      [
        "PAT_0011",
        0,
        3337.4663
      ]
    ],
    "S127": [
      [
        "PAT_0002",
        0,
        0.0
      ],
      [
        "PAT_0002",
        0,
        3438.0785
      ]
    ],
    "S112": [
      [
        "PAT_0003",
        0,
        1329.6462
      ],
      [
        "PAT_0352",
        0,
        4767.7247
      ]
    ],
    "S76": [
      [
        "PAT_0327",
        0,
        497.071
      ]
    ],
    "S62": [
      [
        "PAT_0327",
        0,
        0.0
      ],
      [
        "PAT_0097",
        0,
        4884.4857
      ]
    ],
    "S110": [
      [
        "PAT_0327",
        0,
        3753.63
      ]
    ],
    "S42": [
      [
        "PAT_0326",
        0,
        2153.3912
      ]
    ],
    "S47": [
      [
        "PAT_0148",
        0,
        0.0
      ],
      [
        "PAT_0148",
        0,
        3291.608
      ]
    ],
    "S63": [
      [
        "PAT_0417",
        0,
        0.0
      ],
      [
        "PAT_0417",
        0,
        2452.3218
      ],
      [
        "PAT_0417",
        0,
        4904.6436
      ]
    ],
    "S49": [
      [
        "PAT_0450",
        0,
        0.0
      ],
      [
        "PAT_0279",
        0,
        3091.1365
      ],
      [
        "PAT_0279",
        0,
        5505.7687000000005
      ]
    ],
    "S71": [
      [
        "PAT_0338",
        0,
        2165.8389
      ]
    ]
  }
}