{
  "instance": "SYN_SWEEP5_SIZE_XL_003",
  "method": "SA",
  "start_method": "greedy",
  "time_limit": 60.0,
  "cost": 24557.4722,
  "is_feasible": true,
  "unmet": {},
  "overprod": {
    "P8": 1,
    "P12": 1,
    "P18": 2,
    "P41": 1
  },
  "elapsed_sec": 60.13,
  "active": {
    "S119": [
      [
        "PAT_4651",
        0,
        0.0
      ],
      [
        "PAT_4018",
        0,
        4090.9958000000006
      ]
    ],
    "S152": [
      [
        "PAT_1770",
        0,
        0.0
      ],
      [
        "PAT_4508",
        0,
        2515.0894
      ]
    ],
    "S88": [
      [
        "PAT_1850",
        0,
        1541.8202
      ]
    ],
    "S64": [
      [
        "PAT_4686",
        0,
        0.0
      ],
      [
        "PAT_3136",
        0,
        3537.4351
      ]
    ],
    "S15": [
      [
        "PAT_1852",
        0,
        0.0
      ]
    ],
    "S17": [
      [
        "PAT_1853",
        0,
        0.0
      ]
    ],
    "S94": [
      [
        "PAT_2082",
        0,
        1201.6838
      ]
    ],
    "S19": [
      [
        "PAT_1852",
        0,
        0.0
      ]
    ],
    "S60": [
      [
        "PAT_1873",
        0,
        0.0
      ]
    ],
    "S123": [
      [
        "PAT_1854",
        0,
        0.0
      ]
    ],
    "S29": [
      [
        "PAT_1852",
        0,
        1282.7359
      ]
    ],
    "S109": [
      [
        "PAT_3077",
        0,
        0.0
      ],
      [
        "PAT_4108",
        0,
        1775.5191000000004
      ]
    ],
    "S49": [
      [
        "PAT_8445",
        0,
        0.0
      ],
      [
        "PAT_1754",
        0,
        3254.2794
      ]
    ],
    "S65": [
      [
        "PAT_1818",
        0,
        2370.5301
      ]
    ],
    "S52": [
      [
        "PAT_1911",
        0,
        2726.7965
      ]
    ],
    "S68": [
      [
        "PAT_0106",
        0,
        0.0
      ],
      [
        "PAT_1788",
        0,
        3220.3562
      ]
    ],
    "S135": [
      [
        "PAT_0043",
        0,
        0.0
      ]
    ],
    "S56": [
      [
        "PAT_4637",
        0,
        0.0
      ],
      [
        "PAT_1850",
        0,
        3261.458
      ]
    ],
    "S46": [
      [
        "PAT_0051",
        0,
        0.0
      ]
    ],
    "S51": [
      [
        "PAT_1758",
        0,
        723.2891
      ],
      [
        "PAT_0097",
        0,
        3238.3785
      ]
    ],
    "S141": [
      [
        "PAT_2077",
        0,
        0.0
      ]
    ],
    "S150": [
      [
        "PAT_0607",
        0,
        0.0
      ],
      [
        "PAT_4678",
        0,
        3220.3562
      ],
      [
        "PAT_2291",
        1,
        5323.3615
      ]
    ],
    "S130": [
      [
        "PAT_0050",
        0,
        0.0
      ]
    ],
    "S129": [
      [
        "PAT_0165",
        0,
        0.0
      ],
      [
        "PAT_2011",
        0,
        3220.3562
      ]
    ],
    "S47": [
      [
        "PAT_1852",
        0,
        0.0
      ]
    ],
    "S20": [
      [
        "PAT_2067",
        0,
        0.0
      ],
      [
        "PAT_0098",
        0,
        4010.7121
      ]
    ],
    "S63": [
      [
        "PAT_1897",
        0,
        0.0
      ]
    ],
    "S99": [
      [
        "PAT_3087",
        0,
        0.0
      ],
      [
        "PAT_4314",
        2,
        2647.0955
      ]
    ],
    "S139": [
      [
        "PAT_7086",
        0,
        0.0
      ],
      [
        "PAT_1845",
        0,
        3254.2794
      ]
    ],
    "S89": [
      [
        "PAT_2529",
        0,
        0.0
      ],
      [
        "PAT_2529",
        0,
        1503.1245
      ],
      [
        "PAT_4685",
        0,
        3006.249
      ]
    ],
    "S28": [
      [
        "PAT_1441",
        0,
        1278.0203
      ]
    ],
    "S13": [
      [
        "PAT_1549",
        0,
        1534.5933
      ]
    ],
    "S93": [
      [
        "PAT_1872",
        0,
        0.0
      ]
    ],
    "S71": [
      [
        "PAT_0002",
        0,
        0.0
      ]
    ],
    "S84": [
      [
        "PAT_1870",
        0,
        0.0
      ]
    ],
    "S155": [
      [
        "PAT_0097",
        0,
        0.0
      ]
    ],
    "S82": [
      [
        "PAT_1635",
        0,
        0.0
      ],
      [
        "PAT_4632",
        1,
        4384.425
      ]
    ],
    "S8": [
      [
        "PAT_6638",
        0,
        0.0
      ],
      [
        "PAT_6806",
        0,
        3980.0773
      ]
    ],
    "S148": [
      [
        "PAT_6192",
        0,
        0.0
      ],
      [
        "PAT_4737",
        0,
        3254.2794
      ]
    ],
    "S79": [
      [
        "PAT_5907",
        0,
        0.0
      ],
      [
        "PAT_4676",
        0,
        3254.2794
      ]
    ],
    "S74": [
      [
        "PAT_0052",
        0,
        0.0
      ]
    ],
    "S140": [
      [
        "PAT_0024",
        0,
        741.6019
      ]
    ],
    "S157": [
      [
        "PAT_1873",
        0,
        0.0
      ]
    ],
    "S100": [
      [
        "PAT_0014",
        0,
        1806.0847
      ]
    ],
    "S39": [
      [
        "PAT_1635",
        0,
        948.8037
      ]
    ],
    "S58": [
      [
        "PAT_1873",
        0,
        0.0
      ]
    ]
  }
}