{
  "instance": "SYN_SWEEP5_SIZE_L_012",
  "method": "FI",
  "start_method": "multistart",
  "time_limit": 60.0,
  "cost": 19506.5748,
  "is_feasible": true,
  "unmet": {},
  "overprod": {
    "P6": 5,
    "P21": 1,
    "P26": 1
  },
  "elapsed_sec": 60.01,
  "active": {
    "S55": [
      [
        "PAT_0036",
        0,
        0.0
      ],
      [
        "PAT_1049",
        0,
        1776.5773
      ],
      [
        "PAT_1049",
        0,
        3282.2087
      ]
    ],
    "S51": [
      [
        "PAT_0597",
        0,
        0.0
      ],
      [
        "PAT_0597",
        0,
        1815.1764
      ]
    ],
    "S45": [
      [
        "PAT_0519",
        0,
        0.0
      ],
      [
        "PAT_1102",
        0,
        2678.2849
      ]
    ],
    "S9": [
      [
        "PAT_1080",
        0,
        0.0
      ],
      [
        "PAT_1096",
        0,
        2659.6012999999994
      ],
      [
        "PAT_1096",
        0,
        4195.5893
      ]
    ],
    "S38": [
      [
        "PAT_1108",
        0,
        0.0
      ],
      [
        "PAT_1108",
        0,
        1535.988
      ],
      [
        "PAT_1062",
        0,
        3071.976
      ]
    ],
    "S60": [
      [
        "PAT_0630",
        0,
        0.0
      ]
    ],
    "S6": [
      [
        "PAT_0528",
        0,
        0.0
      ],
      [
        "PAT_1079",
        0,
        2678.2849
      ]
    ],
    "S37": [
      [
        "PAT_0685",
        0,
        0.0
      ]
    ],
    "S62": [
      [
        "PAT_0618",
        0,
        0.0
      ]
    ],
    "S61": [
      [
        "PAT_0061",
        0,
        0.0
      ],
      [
        "PAT_1107",
        0,
        1936.4643
      ],
      [
        "PAT_1107",
        0,
        3472.4523
      ]
    ],
    "S2": [
      [
        "PAT_1191",
        0,
        1482.3545
      ]
    ],
    "S3": [
      [
        "PAT_0656",
        0,
        1074.053
      ]
    ],
    "S17": [
      [
        "PAT_1180",
        0,
        2030.1588000000006
      ]
    ],
    "S68": [
      [
        "PAT_1074",
        0,
        0.0
      ],
      [
        "PAT_0623",
        0,
        2318.9986999999996
      ]
    ],
    "S75": [
      [
        "PAT_1197",
        0,
        617.9741
      ]
    ],
    "S29": [
      [
        "PAT_1167",
        0,
        0.0
      ]
    ],
    "S42": [
      [
        "PAT_1172",
        0,
        0.0
      ]
    ],
    "S28": [
      [
        "PAT_1176",
        0,
        0.0
      ]
    ],
    "S59": [
      [
        "PAT_0622",
        0,
        0.0
      ],
      [
        "PAT_0023",
        0,
        3470.4184
      ]
    ],
    "S65": [
      [
        "PAT_1167",
        0,
        1642.4075
      ]
    ],
    "S63": [
      [
        "PAT_1172",
        0,
        0.0
      ],
      [
        "PAT_0016",
        0,
        3257.2708
      ]
    ],
    "S11": [
      [
        "PAT_1186",
        0,
        0.0
      ]
    ],
    "S36": [
      [
        "PAT_1186",
        0,
        0.0
      ]
    ],
    "S20": [
      [
        "PAT_1186",
        0,
        961.022
      ]
    ],
    "S34": [
      [
        "PAT_1186",
        0,
        1695.044
      ]
    ],
    "S74": [
      [
        "PAT_1186",
        0,
        0.0
      ]
    ],
    "S46": [
      [
        "PAT_1089",
        0,
        0.0
      ]
    ],
    "S14": [
      [
        "PAT_1089",
        0,
        0.0
      ]
    ],
    "S57": [
      [
        "PAT_1089",
        0,
        431.2873
      ]
    ],
    "S33": [
      [
        "PAT_0954",
        0,
        0.0
      ]
    ],
    "S30": [
      [
        "PAT_0797",
        0,
        0.0
      ],
      [
        "PAT_0797",
        0,
        2547.6557
      ]
    ],
    "S64": [
      [
        "PAT_0758",
        0,
        0.0
      ],
      [
        "PAT_0524",
        0,
        2547.6557
      ]
    ],
    "S77": [
      [
        "PAT_1158",
        0,
        0.0
      ],
      [
        "PAT_0026",
        0,
        2564.0562
      ]
    ],
    "S10": [
      [
        "PAT_0621",
        0,
        0.0
      ]
    ],
    "S35": [
      [
        "PAT_1186",
        0,
        1392.0445
      ]
    ],
    "S79": [
      [
        "PAT_1089",
        0,
        0.0
      ]
    ],
    "S54": [
      [
        "PAT_1089",
        0,
        1861.4077
      ]
    ],
    "S32": [
      [
        "PAT_1191",
        0,
        977.6943
      ]
    ],
    "S50": [
      [
        "PAT_0247",
        0,
        0.0
      ],
      [
        "PAT_0727",
        0,
        1696.1702
      ]
    ],
    "S47": [
      [
        "PAT_0379",
        0,
        0.0
      ],
      [
        "PAT_1176",
        0,
        1696.1702
      ]
    ],
    "S40": [
      [
        "PAT_1068",
        0,
        0.0
      ]
    ]
  }
}