{
  "instance": "SYN_SWEEP5_SIZE_L_004",
  "method": "multistart",
  "start_method": "none",
  "time_limit": 60.0,
  "cost": 15072.346,
  "is_feasible": true,
  "unmet": {},
  "overprod": {
    "P1": 1,
    "P3": 1,
    "P5": 2,
    "P7": 1,
    "P14": 1
  },
  "elapsed_sec": 25.17,
  "active": {
    "S10": [
      [
        "PAT_0658",
        0,
        875.2921
      ],
      [
        "PAT_6756",
        1,
        4395.2672
      ]
    ],
    "S12": [
      [
        "PAT_0441",
        0,
        1253.783
      ],
      [
        "PAT_4655",
        0,
        5216.1334
      ]
    ],
    "S25": [
      [
        "PAT_0554",
        0,
        0.0
      ],
      [
        "PAT_0554",
        0,
        2713.7537
      ]
    ],
    "S2": [
      [
        "PAT_11740",
        0,
        1867.6078
      ],
      [
        "PAT_6228",
        1,
        5543.2741
      ]
    ],
    "S42": [
      [
        "PAT_0561",
        0,
        1085.2263
      ],
      [
        "PAT_0561",
        0,
        3798.9800000000005
      ]
    ],
    "S21": [
      [
        "PAT_0361",
        0,
        0.0
      ]
    ],
    "S49": [
      [
        "PAT_0539",
        0,
        1226.5005
      ],
      [
        "PAT_0539",
        0,
        3940.2542000000003
      ]
    ],
    "S63": [
      [
        "PAT_0636",
        0,
        2154.9218
      ]
    ],
    "S15": [
      [
        "PAT_11724",
        0,
        2451.3513
      ]
    ],
    "S26": [
      [
        "PAT_11715",
        0,
        1489.8719
      ]
    ],
    "S65": [
      [
        "PAT_0126",
        0,
        0.0
      ],
      [
        "PAT_9612",
        1,
        4351.193
      ],
      [
        "PAT_9612",
        1,
        5151.193
      ]
    ],
    "S59": [
      [
        "PAT_11753",
        0,
        0.0
      ]
    ],
    "S5": [
      [
        "PAT_0029",
        0,
        0.0
      ]
    ],
    "S28": [
      [
        "PAT_0565",
        0,
        2940.0888
      ]
    ],
    "S7": [
      [
        "PAT_0028",
        0,
        693.0703
      ]
    ],
    "S43": [
      [
        "PAT_0025",
        0,
        1270.0878
      ]
    ],
    "S39": [
      [
        "PAT_0025",
        0,
        0.0
      ]
    ],
    "S60": [
      [
        "PAT_11751",
        0,
        0.0
      ]
    ],
    "S66": [
      [
        "PAT_0115",
        0,
        0.0
      ],
      [
        "PAT_0749",
        1,
        3962.3504
      ]
    ],
    "S38": [
      [
        "PAT_11747",
        0,
        0.0
      ],
      [
        "PAT_0742",
        1,
        4547.8123
      ],
      [
        "PAT_0742",
        1,
        5347.8123
      ]
    ],
    "S16": [
      [
        "PAT_11747",
        0,
        0.0
      ],
      [
        "PAT_2483",
        1,
        4547.8123
      ],
      [
        "PAT_0748",
        2,
        5347.8123
      ]
    ],
    "S30": [
      [
        "PAT_11728",
        0,
        0.0
      ]
    ],
    "S52": [
      [
        "PAT_0031",
        0,
        1645.1325
      ]
    ],
    "S53": [
      [
        "PAT_0031",
        0,
        849.5185
      ]
    ],
    "S35": [
      [
        "PAT_0031",
        0,
        2748.3919
      ]
    ],
    "S9": [
      [
        "PAT_0031",
        0,
        0.0
      ]
    ],
    "S62": [
      [
        "PAT_11746",
        0,
        0.0
      ]
    ],
    "S18": [
      [
        "PAT_11746",
        0,
        1564.7682
      ]
    ],
    "S8": [
      [
        "PAT_0031",
        0,
        0.0
      ]
    ]
  }
}