{
  "instance": "SYN_SWEEP5_SIZE_L_026",
  "method": "GRASP_SA",
  "start_method": "none",
  "time_limit": 60.0,
  "cost": 16697.6589,
  "is_feasible": true,
  "unmet": {},
  "overprod": {
    "P8": 1,
    "P11": 1,
    "P14": 1
  },
  "elapsed_sec": 60.05,
  "active": {
    "S70": [
      [
        "PAT_0017",
        0,
        0.0
      ],
      [
        "PAT_0017",
        0,
        2708.3172
      ]
    ],
    "S45": [
      [
        "PAT_0020",
        0,
        0.0
      ],
      [
        "PAT_0422",
        0,
        3842.7140999999997
      ]
    ],
    "S53": [
      [
        "PAT_0020",
        0,
        0.0
      ],
      [
        "PAT_0009",
        0,
        4964.0727
      ]
    ],
    "S26": [
      [
        "PAT_0410",
        0,
        0.0
      ],
      [
        "PAT_0008",
        0,
        4980.7428
      ]
    ],
    "S47": [
      [
        "PAT_0020",
        0,
        0.0
      ],
      [
        "PAT_0010",
        0,
        3691.3166
      ]
    ],
    "S67": [
      [
        "PAT_0019",
        0,
        0.0
      ],
      [
        "PAT_0019",
        0,
        3691.3166
      ]
    ],
    "S18": [
      [
        "PAT_0385",
        0,
        1493.7808
      ],
      [
        "PAT_0385",
        0,
        5045.6874
      ]
    ],
    "S61": [
      [
        "PAT_0005",
        0,
        0.0
      ],
      [
        "PAT_0004",
        0,
        3455.284
      ]
    ],
    "S7": [
      [
        "PAT_0012",
        0,
        409.0857
      ],
      [
        "PAT_0013",
        0,
        2852.6757000000002
      ]
    ],
    "S85": [
      [
        "PAT_0410",
        0,
        0.0
      ],
      [
        "PAT_0410",
        0,
        3307.2579
      ]
    ],
    "S38": [
      [
        "PAT_0386",
        0,
        982.3034
      ],
      [
        "PAT_0028",
        1,
        5940.5452
      ]
    ],
    "S71": [
      [
        "PAT_0009",
        0,
        0.0
      ],
      [
        "PAT_0387",
        0,
        3391.1792
      ]
    ],
    "S34": [
      [
        "PAT_0410",
        0,
        0.0
      ],
      [
        "PAT_0082",
        0,
        3307.2579
      ]
    ],
    "S23": [
      [
        "PAT_0020",
        0,
        2487.635
      ]
    ],
    "S27": [
      [
        "PAT_0039",
        0,
        0.0
      ],
      [
        "PAT_0392",
        0,
        2855.31
      ]
    ],
    "S17": [
      [
        "PAT_0406",
        0,
        847.6576
      ],
      [
        "PAT_0406",
        0,
        4154.9155
      ]
    ],
    "S5": [
      [
        "PAT_0389",
        0,
        0.0
      ],
      [
        "PAT_0007",
        0,
        3551.9066
      ]
    ],
    "S12": [
      [
        "PAT_0420",
        1,
        1312.9564
      ],
      [
        "PAT_0420",
        1,
        4702.7022
      ]
    ],
    "S48": [
      [
        "PAT_0428",
        0,
        0.0
      ],
      [
        "PAT_0428",
        0,
        3691.6933
      ]
    ],
    "S80": [
      [
        "PAT_0182",
        0,
        0.0
      ],
      [
        "PAT_0182",
        0,
        2749.3588
      ]
    ],
    "S42": [
      [
        "PAT_0020",
        0,
        0.0
      ],
      [
        "PAT_0412",
        0,
        3691.3166
      ]
    ],
    "S31": [
      [
        "PAT_0391",
        0,
        0.0
      ],
      [
        "PAT_0410",
        1,
        3551.9066
      ]
    ],
    "S35": [
      [
        "PAT_0385",
        0,
        0.0
      ]
    ],
    "S16": [
      [
        "PAT_0247",
        0,
        0.0
      ],
      [
        "PAT_0092",
        0,
        2159.0532
      ],
      [
        "PAT_0092",
        0,
        4908.412
      ]
    ],
    "S54": [
      [
        "PAT_0275",
        0,
        0.0
      ],
      [
        "PAT_0400",
        2,
        2271.9738
      ],
      [
        "PAT_0012",
        0,
        3832.1996
      ]
    ],
    "S82": [
      [
        "PAT_0008",
        0,
        0.0
      ],
      [
        "PAT_0409",
        1,
        4902.1814
      ]
    ],
    "S58": [
      [
        "PAT_0015",
        0,
        0.0
      ]
    ]
  }
}