{
  "instance": "SYN_SWEEP5_SIZE_XL_004",
  "method": "FI",
  "start_method": "greedy",
  "time_limit": 60.0,
  "cost": 39234.217,
  "is_feasible": false,
  "unmet": {
    "P9": 1
  },
  "overprod": {
    "P6": 2,
    "P8": 1,
    "P19": 3,
    "P25": 1
  },
  "elapsed_sec": 70.75,
  "active": {
    "S4": [
      [
        "PAT_1964",
        0,
        0.0
      ],
      [
        "PAT_1964",
        0,
        800.0
      ],
      [
        "PAT_1964",
        0,
        1600.0
      ],
      [
        "PAT_1964",
        0,
        2400.0
      ],
      [
        "PAT_1964",
        0,
        3200.0
      ],
      [
        "PAT_1964",
        0,
        4000.0
      ],
      [
        "PAT_1964",
        0,
        4800.0
      ]
    ],
    "S21": [
      [
        "PAT_0768",
        0,
        0.0
      ],
      [
        "PAT_0768",
        0,
        1548.7174
      ],
      [
        "PAT_0768",
        0,
        3097.4348
      ]
    ],
    "S42": [
      [
        "PAT_0090",
        0,
        0.0
      ],
      [
        "PAT_0032",
        0,
        2641.2019000000005
      ]
    ],
    "S90": [
      [
        "PAT_0814",
        0,
        0.0
      ],
      [
        "PAT_0790",
        0,
        2116.3446000000004
      ]
    ],
    "S29": [
      [
        "PAT_0815",
        0,
        0.0
      ],
      [
        "PAT_0815",
        0,
        1700.4462
      ],
      [
        "PAT_0815",
        0,
        3400.8924
      ]
    ],
    "S60": [
      [
        "PAT_0851",
        0,
        0.0
      ],
      [
        "PAT_0041",
        0,
        2944.9233000000004
      ]
    ],
    "S32": [
      [
        "PAT_2018",
        0,
        0.0
      ],
      [
        "PAT_2018",
        0,
        2565.6882
      ]
    ],
    "S96": [
      [
        "PAT_0061",
        0,
        1174.3605
      ]
    ],
    "S105": [
      [
        "PAT_2018",
        0,
        0.0
      ],
      [
        "PAT_2018",
        0,
        2565.6882
      ]
    ],
    "S40": [
      [
        "PAT_0047",
        0,
        2574.7992999999997
      ]
    ],
    "S73": [
      [
        "PAT_2024",
        0,
        884.8474
      ]
    ],
    "S99": [
      [
        "PAT_2084",
        0,
        2011.1472
      ]
    ],
    "S126": [
      [
        "PAT_0714",
        0,
        0.0
      ]
    ],
    "S132": [
      [
        "PAT_2023",
        0,
        2399.4869
      ]
    ],
    "S78": [
      [
        "PAT_0045",
        0,
        0.0
      ]
    ],
    "S112": [
      [
        "PAT_0015",
        0,
        1797.9644
      ]
    ],
    "S118": [
      [
        "PAT_0014",
        0,
        0.0
      ],
      [
        "PAT_0014",
        0,
        3191.8068
      ]
    ],
    "S64": [
      [
        "PAT_0014",
        0,
        0.0
      ],
      [
        "PAT_0014",
        0,
        3191.8068
      ]
    ],
    "S133": [
      [
        "PAT_0006",
        0,
        0.0
      ],
      [
        "PAT_0006",
        0,
        3263.749
      ]
    ],
    "S86": [
      [
        "PAT_0007",
        0,
        0.0
      ],
      [
        "PAT_0856",
        0,
        3263.749
      ]
    ],
    "S104": [
      [
        "PAT_0007",
        0,
        0.0
      ]
    ],
    "S59": [
      [
        "PAT_0015",
        0,
        1635.71
      ]
    ],
    "S102": [
      [
        "PAT_0725",
        0,
        0.0
      ]
    ],
    "S122": [
      [
        "PAT_0713",
        0,
        0.0
      ]
    ],
    "S25": [
      [
        "PAT_0725",
        0,
        0.0
      ]
    ],
    "S19": [
      [
        "PAT_0003",
        0,
        0.0
      ],
      [
        "PAT_0084",
        0,
        3715.1402
      ]
    ],
    "S81": [
      [
        "PAT_0002",
        0,
        1701.0592
      ]
    ],
    "S93": [
      [
        "PAT_0002",
        0,
        0.0
      ]
    ],
    "S140": [
      [
        "PAT_0002",
        0,
        2050.3472
      ]
    ],
    "S9": [
      [
        "PAT_0002",
        0,
        0.0
      ]
    ],
    "S134": [
      [
        "PAT_0011",
        0,
        3201.9554
      ]
    ],
    "S5": [
      [
        "PAT_0718",
        0,
        1376.6355
      ]
    ],
    "S97": [
      [
        "PAT_0718",
        0,
        1053.1206
      ]
    ],
    "S51": [
      [
        "PAT_0718",
        0,
        0.0
      ]
    ],
    "S33": [
      [
        "PAT_0011",
        0,
        2167.1409
      ]
    ],
    "S16": [
      [
        "PAT_0010",
        0,
        0.0
      ]
    ],
    "S14": [
      [
        "PAT_0001",
        0,
        0.0
      ]
    ],
    "S69": [
      [
        "PAT_0010",
        0,
        774.4628
      ]
    ],
    "S77": [
      [
        "PAT_0010",
        0,
        0.0
      ]
    ],
    "S113": [
      [
        "PAT_0010",
        0,
        0.0
      ]
    ],
    "S80": [
      [
        "PAT_0010",
        0,
        0.0
      ]
    ],
    "S38": [
      [
        "PAT_0010",
        0,
        0.0
      ]
    ],
    "S142": [
      [
        "PAT_0010",
        0,
        2518.4296
      ]
    ],
    "S37": [
      [
        "PAT_1904",
        0,
        0.0
      ],
      [
        "PAT_0821",
        0,
        3728.6665
      ]
    ],
    "S100": [
      [
        "PAT_0717",
        0,
        0.0
      ]
    ],
    "S65": [
      [
        "PAT_1904",
        0,
        0.0
      ]
    ],
    "S98": [
      [
        "PAT_1904",
        0,
        2399.3491
      ]
    ],
    "S89": [
      [
        "PAT_1904",
        0,
        0.0
      ]
    ],
    "S62": [
      [
        "PAT_0778",
        0,
        1776.4272
      ]
    ],
    "S68": [
      [
        "PAT_1904",
        0,
        1368.5569
      ]
    ],
    "S45": [
      [
        "PAT_1904",
        0,
        852.9284
      ]
    ],
    "S61": [
      [
        "PAT_1904",
        0,
        2882.3154
      ]
    ],
    "S66": [
      [
        "PAT_0778",
        0,
        1925.4427
      ]
    ],
    "S124": [
      [
        "PAT_1904",
        0,
        2479.1296
      ]
    ],
    "S46": [
      [
        "PAT_0778",
        0,
        877.9386
      ]
    ],
    "S22": [
      [
        "PAT_1904",
        0,
        0.0
      ]
    ],
    "S57": [
      [
        "PAT_1907",
        0,
        472.7405
      ]
    ],
    "S83": [
      [
        "PAT_0778",
        0,
        0.0
      ]
    ],
    "S39": [
      [
        "PAT_0778",
        0,
        0.0
      ]
    ],
    "S72": [
      [
        "PAT_0778",
        0,
        0.0
      ]
    ],
    "S95": [
      [
        "PAT_1907",
        0,
        0.0
      ]
    ],
    "S50": [
      [
        "PAT_1907",
        0,
        0.0
      ]
    ],
    "S55": [
      [
        "PAT_1904",
        0,
        446.0864
      ]
    ],
    "S70": [
      [
        "PAT_1904",
        0,
        1696.3512
      ]
    ],
    "S91": [
      [
        "PAT_0778",
        0,
        0.0
      ],
      [
        "PAT_1743",
        1,
        3762.3521
      ]
    ],
    "S26": [
      [
        "PAT_0778",
        0,
        0.0
      ]
    ],
    "S49": [
      [
        "PAT_0835",
        0,
        0.0
      ],
      [
        "PAT_0112",
        0,
        3422.192
      ]
    ],