{
  "instance": "SYN_SWEEP5_SIZE_L_000",
  "method": "ILS_SA",
  "start_method": "greedy",
  "time_limit": 60.0,
  "cost": 16992.6758,
  "is_feasible": true,
  "unmet": {},
  "overprod": {
    "P7": 1,
    "P8": 1,
    "P9": 1,
    "P10": 2,
    "P21": 1
  },
  "elapsed_sec": 60.11,
  "active": {
    "S16": [
      [
        "PAT_0622",
        0,
        0.0
      ],
      [
        "PAT_0622",
        0,
        2767.4626
      ]
    ],
    "S43": [
      [
        "PAT_9991",
        0,
        0.0
      ],
      [
        "PAT_9991",
        0,
        2286.9271
      ],
      [
        "PAT_9991",
        0,
        4573.8542
      ]
    ],
    "S13": [
      [
        "PAT_9715",
        0,
        969.1927
      ],
      [
        "PAT_9715",
        0,
        3256.1198
      ]
    ],
    "S68": [
      [
        "PAT_8146",
        0,
        0.0
      ],
      [
        "PAT_0635",
        0,
        2055.7929999999997
      ],
      [
        "PAT_0635",
        0,
        4328.356
      ]
    ],
    "S38": [
      [
        "PAT_0512",
        0,
        0.0
      ]
    ],
    "S7": [
      [
        "PAT_0034",
        0,
        0.0
      ]
    ],
    "S18": [
      [
        "PAT_0541",
        0,
        1024.3716
      ]
    ],
    "S1": [
      [
        "PAT_0640",
        0,
        0.0
      ],
      [
        "PAT_7251",
        0,
        2272.563
      ],
      [
        "PAT_0639",
        1,
        4137.826
      ]
    ],
    "S44": [
      [
        "PAT_0639",
        0,
        0.0
      ]
    ],
    "S14": [
      [
        "PAT_3617",
        0,
        0.0
      ],
      [
        "PAT_3617",
        0,
        1480.5428
      ],
      [
        "PAT_2632",
        0,
        2961.0856
      ]
    ],
    "S57": [
      [
        "PAT_9669",
        0,
        0.0
      ],
      [
        "PAT_0703",
        0,
        2446.0981999999995
      ],
      [
        "PAT_0703",
        0,
        3926.6409999999996
      ]
    ],
    "S30": [
      [
        "PAT_0714",
        0,
        757.9423
      ],
      [
        "PAT_0714",
        0,
        2238.4851
      ],
      [
        "PAT_0714",
        0,
        3719.0279
      ]
    ],
    "S3": [
      [
        "PAT_0646",
        0,
        0.0
      ],
      [
        "PAT_0646",
        0,
        1480.5428
      ],
      [
        "PAT_0646",
        0,
        2961.0856
      ]
    ],
    "S71": [
      [
        "PAT_0646",
        0,
        0.0
      ],
      [
        "PAT_0646",
        0,
        1480.5428
      ],
      [
        "PAT_0646",
        0,
        2961.0856
      ]
    ],
    "S52": [
      [
        "PAT_0714",
        0,
        0.0
      ],
      [
        "PAT_0714",
        0,
        1480.5428
      ]
    ],
    "S63": [
      [
        "PAT_0255",
        0,
        2606.7054
      ]
    ],
    "S29": [
      [
        "PAT_2337",
        0,
        800.9358
      ],
      [
        "PAT_0640",
        0,
        2733.8781
      ]
    ],
    "S72": [
      [
        "PAT_0003",
        0,
        485.634
      ]
    ],
    "S48": [
      [
        "PAT_0933",
        0,
        0.0
      ],
      [
        "PAT_2923",
        1,
        3017.7836
      ],
      [
        "PAT_2923",
        1,
        4498.3264
      ]
    ],
    "S21": [
      [
        "PAT_4583",
        0,
        0.0
      ],
      [
        "PAT_4565",
        0,
        2174.5724
      ],
      [
        "PAT_4565",
        0,
        3655.1152
      ]
    ],
    "S59": [
      [
        "PAT_4908",
        0,
        1779.7955000000004
      ],
      [
        "PAT_0004",
        0,
        3260.3383000000003
      ]
    ],
    "S26": [
      [
        "PAT_0429",
        0,
        825.8854
      ],
      [
        "PAT_9907",
        1,
        4415.0135
      ]
    ],
    "S8": [
      [
        "PAT_0540",
        0,
        1265.5657
      ]
    ],
    "S22": [
      [
        "PAT_0511",
        0,
        1149.0082
      ]
    ],
    "S49": [
      [
        "PAT_0572",
        0,
        0.0
      ],
      [
        "PAT_0918",
        0,
        2767.4626
      ],
      [
        "PAT_0665",
        1,
        4248.0054
      ]
    ],
    "S34": [
      [
        "PAT_0512",
        0,
        0.0
      ]
    ],
    "S67": [
      [
        "PAT_3525",
        0,
        0.0
      ],
      [
        "PAT_0635",
        0,
        1480.5428
      ],
      [
        "PAT_0635",
        0,
        3753.1058000000003
      ]
    ],
    "S60": [
      [
        "PAT_0408",
        0,
        0.0
      ]
    ],
    "S19": [
      [
        "PAT_9875",
        0,
        0.0
      ],
      [
        "PAT_9875",
        0,
        2286.9271
      ],
      [
        "PAT_9886",
        0,
        4573.8542
      ]
    ],
    "S27": [
      [
        "PAT_2358",
        0,
        0.0
      ],
      [
        "PAT_0647",
        1,
        2442.326
      ],
      [
        "PAT_0641",
        0,
        3922.8688
      ]
    ],
    "S62": [
      [
        "PAT_9946",
        0,
        0.0
      ],
      [
        "PAT_9648",
        0,
        2286.9271
      ]
    ]
  }
}