{
  "instance": "SYN_SWEEP5_SIZE_L_014",
  "method": "VNS_SA",
  "start_method": "greedy",
  "time_limit": 60.0,
  "cost": 12050.3272,
  "is_feasible": true,
  "unmet": {},
  "overprod": {
    "P2": 1,
    "P9": 1,
    "P15": 2
  },
  "elapsed_sec": 21.64,
  "active": {
    "S19": [
      [
        "PAT_1633",
        0,
        0.0
      ],
      [
        "PAT_1633",
        0,
        3553.7087
      ]
    ],
    "S7": [
      [
        "PAT_0435",
        0,
        0.0
      ],
      [
        "PAT_1407",
        0,
        2784.317499999999
      ],
      [
        "PAT_1407",
        0,
        5717.220899999999
      ]
    ],
    "S51": [
      [
        "PAT_1603",
        0,
        0.0
      ],
      [
        "PAT_0741",
        0,
        4664.8598
      ]
    ],
    "S28": [
      [
        "PAT_0670",
        0,
        0.0
      ],
      [
        "PAT_0070",
        0,
        2776.6057000000005
      ],
      [
        "PAT_0070",
        0,
        5239.939200000001
      ]
    ],
    "S37": [
      [
        "PAT_0576",
        0,
        0.0
      ],
      [
        "PAT_0531",
        0,
        3683.934
      ]
    ],
    "S8": [
      [
        "PAT_1558",
        0,
        0.0
      ],
      [
        "PAT_1553",
        0,
        3686.6639
      ]
    ],
    "S61": [
      [
        "PAT_0952",
        0,
        0.0
      ],
      [
        "PAT_0495",
        0,
        2760.019
      ]
    ],
    "S15": [
      [
        "PAT_0114",
        0,
        0.0
      ]
    ],
    "S57": [
      [
        "PAT_0104",
        0,
        0.0
      ],
      [
        "PAT_0850",
        0,
        2760.019
      ]
    ],
    "S48": [
      [
        "PAT_0002",
        0,
        603.8422
      ],
      [
        "PAT_0787",
        0,
        4121.4418
      ]
    ],
    "S22": [
      [
        "PAT_0512",
        0,
        0.0
      ],
      [
        "PAT_0121",
        0,
        2760.019
      ],
      [
        "PAT_0922",
        0,
        5520.038
      ]
    ],
    "S5": [
      [
        "PAT_1367",
        0,
        0.0
      ],
      [
        "PAT_1575",
        0,
        2760.019
      ]
    ],
    "S30": [
      [
        "PAT_1477",
        0,
        0.0
      ],
      [
        "PAT_1382",
        1,
        4672.1575
      ]
    ],
    "S18": [
      [
        "PAT_1412",
        0,
        0.0
      ],
      [
        "PAT_1611",
        0,
        3434.626
      ]
    ],
    "S13": [
      [
        "PAT_1553",
        0,
        0.0
      ],
      [
        "PAT_0868",
        0,
        3553.7087
      ]
    ],
    "S50": [
      [
        "PAT_1511",
        0,
        0.0
      ],
      [
        "PAT_0003",
        0,
        2932.9034
      ]
    ],
    "S6": [
      [
        "PAT_0003",
        0,
        0.0
      ],
      [
        "PAT_0003",
        0,
        2331.1412
      ],
      [
        "PAT_0023",
        0,
        4662.2824
      ]
    ],
    "S27": [
      [
        "PAT_1508",
        0,
        0.0
      ],
      [
        "PAT_1543",
        0,
        2932.9034
      ]
    ],
    "S9": [
      [
        "PAT_1557",
        0,
        0.0
      ],
      [
        "PAT_0797",
        0,
        3553.7087
      ]
    ]
  }
}