{
  "instance": "SYN_SWEEP5_SIZE_XL_029",
  "method": "SA",
  "start_method": "multistart",
  "time_limit": 60.0,
  "cost": 24484.0059,
  "is_feasible": true,
  "unmet": {},
  "overprod": {
    "P1": 1,
    "P2": 1,
    "P6": 2,
    "P7": 1,
    "P8": 2,
    "P9": 1,
    "P10": 1,
    "P12": 1,
    "P25": 1
  },
  "elapsed_sec": 60.1,
  "active": {
    "S63": [
      [
        "PAT_0020",
        0,
        0.0
      ],
      [
        "PAT_0304",
        0,
        5342.5751
      ]
    ],
    "S125": [
      [
        "PAT_0640",
        0,
        0.0
      ],
      [
        "PAT_0648",
        0,
        1892.8389999999997
      ],
      [
        "PAT_0648",
        0,
        3701.4615999999996
      ],
      [
        "PAT_0673",
        1,
        5510.084199999999
      ],
      [
        "PAT_0673",
        1,
        7434.523899999999
      ]
    ],
    "S55": [
      [
        "PAT_0284",
        0,
        0.0
      ],
      [
        "PAT_0674",
        1,
        4203.1017
      ],
      [
        "PAT_0556",
        1,
        6687.1364
      ]
    ],
    "S65": [
      [
        "PAT_0279",
        0,
        0.0
      ],
      [
        "PAT_0278",
        0,
        3776.7654
      ]
    ],
    "S16": [
      [
        "PAT_0642",
        0,
        0.0
      ],
      [
        "PAT_0273",
        0,
        2100.177599999999
      ],
      [
        "PAT_0273",
        0,
        5876.942999999999
      ]
    ],
    "S58": [
      [
        "PAT_0570",
        0,
        0.0
      ],
      [
        "PAT_0265",
        0,
        2923.496799999999
      ],
      [
        "PAT_0659",
        0,
        5108.649599999999
      ]
    ],
    "S108": [
      [
        "PAT_0660",
        0,
        705.1875
      ],
      [
        "PAT_0579",
        0,
        4269.910400000001
      ]
    ],
    "S119": [
      [
        "PAT_0444",
        0,
        0.0
      ],
      [
        "PAT_0662",
        0,
        3842.4234
      ]
    ],
    "S83": [
      [
        "PAT_0651",
        0,
        0.0
      ],
      [
        "PAT_0368",
        0,
        3494.4723
      ]
    ],
    "S84": [
      [
        "PAT_0135",
        0,
        0.0
      ],
      [
        "PAT_0299",
        1,
        5342.5751
      ]
    ],
    "S5": [
      [
        "PAT_0382",
        0,
        0.0
      ],
      [
        "PAT_0471",
        0,
        5111.7216
      ]
    ],
    "S132": [
      [
        "PAT_0633",
        0,
        0.0
      ],
      [
        "PAT_0369",
        0,
        5423.0221
      ]
    ],
    "S35": [
      [
        "PAT_0289",
        0,
        0.0
      ],
      [
        "PAT_0279",
        1,
        3776.7654
      ]
    ],
    "S92": [
      [
        "PAT_0665",
        0,
        426.6397
      ],
      [
        "PAT_0632",
        0,
        2351.0794
      ]
    ],
    "S95": [
      [
        "PAT_0327",
        0,
        0.0
      ],
      [
        "PAT_0658",
        0,
        4023.1491
      ]
    ],
    "S88": [
      [
        "PAT_0292",
        0,
        0.0
      ],
      [
        "PAT_0309",
        0,
        4716.3048
      ]
    ],
    "S81": [
      [
        "PAT_0463",
        0,
        0.0
      ],
      [
        "PAT_0554",
        0,
        3778.6343
      ],
      [
        "PAT_0362",
        1,
        5562.9594
      ]
    ],
    "S90": [
      [
        "PAT_0445",
        0,
        0.0
      ],
      [
        "PAT_0445",
        0,
        3778.6343
      ]
    ],
    "S15": [
      [
        "PAT_0543",
        0,
        0.0
      ],
      [
        "PAT_0651",
        1,
        4002.8747
      ]
    ],
    "S121": [
      [
        "PAT_0188",
        0,
        0.0
      ],
      [
        "PAT_0650",
        1,
        6977.4778
      ]
    ],
    "S97": [
      [
        "PAT_0500",
        0,
        0.0
      ],
      [
        "PAT_0359",
        0,
        4002.8747
      ]
    ],
    "S91": [
      [
        "PAT_0312",
        0,
        0.0
      ]
    ],
    "S20": [
      [
        "PAT_0513",
        0,
        0.0
      ],
      [
        "PAT_0592",
        0,
        4002.8747
      ],
      [
        "PAT_0592",
        0,
        6372.5691
      ]
    ],
    "S71": [
      [
        "PAT_0672",
        0,
        0.0
      ],
      [
        "PAT_0362",
        0,
        2849.311
      ]
    ],
    "S3": [
      [
        "PAT_0672",
        0,
        0.0
      ],
      [
        "PAT_0662",
        1,
        4538.69
      ]
    ],
    "S32": [
      [
        "PAT_0542",
        0,
        0.0
      ],
      [
        "PAT_0633",
        0,
        4198.1528
      ]
    ],
    "S23": [
      [
        "PAT_0069",
        0,
        0.0
      ]
    ],
    "S94": [
      [
        "PAT_0421",
        0,
        0.0
      ],
      [
        "PAT_0315",
        1,
        3040.3197
      ]
    ],
    "S89": [
      [
        "PAT_0372",
        0,
        0.0
      ],
      [
        "PAT_0570",
        0,
        3779.7634
      ]
    ],
    "S76": [
      [
        "PAT_0644",
        0,
        0.0
      ],
      [
        "PAT_0358",
        0,
        2951.2049
      ]
    ],
    "S128": [
      [
        "PAT_0671",
        0,
        2113.8178
      ],
      [
        "PAT_0671",
        0,
        4038.2574999999997
      ]
    ],
    "S57": [
      [
        "PAT_0199",
        0,
        0.0
      ]
    ],
    "S45": [
      [
        "PAT_0455",
        0,
        0.0
      ],
      [
        "PAT_0298",
        0,
        3778.6343
      ]
    ],
    "S19": [
      [
        "PAT_0658",
        0,
        0.0
      ]
    ],
    "S40": [
      [
        "PAT_0144",
        0,
        1309.5272
      ]
    ],
    "S115": [
      [
        "PAT_0265",
        0,
        0.0
      ],
      [
        "PAT_0145",
        1,
        2870.3479
      ]
    ]
  }
}