{
  "instance": "SYN_SWEEP5_SIZE_L_008",
  "method": "SA",
  "start_method": "multistart",
  "time_limit": 60.0,
  "cost": 19729.2038,
  "is_feasible": true,
  "unmet": {},
  "overprod": {
    "P3": 1,
    "P8": 1,
    "P11": 1,
    "P23": 1,
    "P28": 1
  },
  "elapsed_sec": 60.06,
  "active": {
    "S28": [
      [
        "PAT_0453",
        0,
        0.0
      ],
      [
        "PAT_0453",
        0,
        3820.8629
      ]
    ],
    "S47": [
      [
        "PAT_0269",
        0,
        0.0
      ],
      [
        "PAT_0269",
        0,
        3930.5373
      ]
    ],
    "S64": [
      [
        "PAT_0456",
        0,
        0.0
      ],
      [
        "PAT_0736",
        1,
        5411.6404
      ]
    ],
    "S40": [
      [
        "PAT_0666",
        0,
        0.0
      ],
      [
        "PAT_0782",
        0,
        2448.9988000000008
      ],
      [
        "PAT_0125",
        1,
        4827.222900000001
      ]
    ],
    "S39": [
      [
        "PAT_0560",
        0,
        0.0
      ],
      [
        "PAT_0470",
        0,
        3652.2021
      ]
    ],
    "S35": [
      [
        "PAT_0493",
        0,
        0.0
      ],
      [
        "PAT_0420",
        0,
        2052.8239999999996
      ],
      [
        "PAT_0499",
        1,
        6673.7768
      ]
    ],
    "S54": [
      [
        "PAT_0465",
        0,
        0.0
      ],
      [
        "PAT_0379",
        0,
        3067.5525
      ]
    ],
    "S56": [
      [
        "PAT_0435",
        0,
        0.0
      ],
      [
        "PAT_0435",
        0,
        2611.2797
      ],
      [
        "PAT_0395",
        0,
        5222.5594
      ]
    ],
    "S34": [
      [
        "PAT_0419",
        0,
        0.0
      ],
      [
        "PAT_0560",
        0,
        3545.0663999999997
      ]
    ],
    "S15": [
      [
        "PAT_0468",
        0,
        924.4819
      ],
      [
        "PAT_0624",
        1,
        5145.6385
      ]
    ],
    "S27": [
      [
        "PAT_0555",
        0,
        0.0
      ],
      [
        "PAT_0461",
        0,
        3275.8611
      ]
    ],
    "S23": [
      [
        "PAT_0551",
        0,
        0.0
      ],
      [
        "PAT_0464",
        0,
        3279.3412
      ]
    ],
    "S17": [
      [
        "PAT_0458",
        0,
        2270.4156
      ]
    ],
    "S52": [
      [
        "PAT_0804",
        0,
        0.0
      ],
      [
        "PAT_0472",
        1,
        4291.419
      ]
    ],
    "S6": [
      [
        "PAT_0464",
        0,
        0.0
      ]
    ],
    "S32": [
      [
        "PAT_0409",
        0,
        0.0
      ],
      [
        "PAT_0818",
        0,
        2581.4407
      ]
    ],
    "S51": [
      [
        "PAT_0580",
        0,
        2390.993
      ]
    ],
    "S19": [
      [
        "PAT_0789",
        0,
        0.0
      ]
    ],
    "S45": [
      [
        "PAT_0456",
        0,
        0.0
      ]
    ],
    "S31": [
      [
        "PAT_0456",
        0,
        0.0
      ]
    ],
    "S43": [
      [
        "PAT_0431",
        0,
        0.0
      ],
      [
        "PAT_0152",
        0,
        2611.2797
      ]
    ],
    "S36": [
      [
        "PAT_0512",
        0,
        0.0
      ],
      [
        "PAT_0512",
        0,
        1564.1792
      ],
      [
        "PAT_0512",
        0,
        3128.3584
      ],
      [
        "PAT_0478",
        0,
        4692.5376
      ]
    ],
    "S30": [
      [
        "PAT_0551",
        0,
        0.0
      ],
      [
        "PAT_0274",
        1,
        3275.8611
      ]
    ],
    "S70": [
      [
        "PAT_0081",
        0,
        0.0
      ],
      [
        "PAT_0550",
        0,
        4525.4453
      ]
    ],
    "S78": [
      [
        "PAT_0455",
        0,
        0.0
      ]
    ],
    "S50": [
      [
        "PAT_0231",
        0,
        0.0
      ],
      [
        "PAT_0235",
        0,
        2941.8999
      ]
    ],
    "S7": [
      [
        "PAT_0346",
        0,
        0.0
      ],
      [
        "PAT_0468",
        1,
        4636.7775
      ]
    ],
    "S80": [
      [
        "PAT_0430",
        0,
        0.0
      ],
      [
        "PAT_0761",
        0,
        2611.2797
      ]
    ],
    "S44": [
      [
        "PAT_0433",
        0,
        0.0
      ],
      [
        "PAT_0087",
        0,
        2611.2797
      ]
    ],
    "S18": [
      [
        "PAT_0449",
        0,
        0.0
      ],
      [
        "PAT_0226",
        0,
        3080.9012
      ]
    ],
    "S57": [
      [
        "PAT_0407",
        0,
        0.0
      ],
      [
        "PAT_0407",
        0,
        2284.0634
      ],
      [
        "PAT_0083",
        0,
        4568.1268
      ]
    ],
    "S66": [
      [
        "PAT_0293",
        0,
        0.0
      ],
      [
        "PAT_0503",
        0,
        3930.5373
      ]
    ]
  }
}