{
  "instance": "SYN_SWEEP5_SIZE_L_013",
  "method": "FI",
  "start_method": "multistart",
  "time_limit": 60.0,
  "cost": 19652.7028,
  "is_feasible": true,
  "unmet": {},
  "overprod": {
    "P11": 1,
    "P17": 1,
    "P26": 2
  },
  "elapsed_sec": 60.02,
  "active": {
    "S52": [
      [
        "PAT_9784",
        0,
        0.0
      ],
      [
        "PAT_9784",
        0,
        2773.1158
      ]
    ],
    "S69": [
      [
        "PAT_9397",
        0,
        0.0
      ],
      [
        "PAT_9397",
        0,
        2073.277
      ],
      [
        "PAT_9397",
        0,
        4146.554
      ]
    ],
    "S12": [
      [
        "PAT_10199",
        0,
        1323.313
      ]
    ],
    "S76": [
      [
        "PAT_9273",
        0,
        1814.619
      ],
      [
        "PAT_9273",
        0,
        3887.8959999999997
      ]
    ],
    "S42": [
      [
        "PAT_9306",
        0,
        0.0
      ],
      [
        "PAT_9306",
        0,
        2073.277
      ]
    ],
    "S79": [
      [
        "PAT_9229",
        0,
        0.0
      ],
      [
        "PAT_9229",
        0,
        2073.277
      ]
    ],
    "S25": [
      [
        "PAT_10072",
        0,
        0.0
      ],
      [
        "PAT_10072",
        0,
        3277.8702
      ]
    ],
    "S4": [
      [
        "PAT_9245",
        0,
        1948.7193
      ]
    ],
    "S84": [
      [
        "PAT_10094",
        0,
        1544.3747
      ]
    ],
    "S39": [
      [
        "PAT_9638",
        0,
        2015.5231
      ]
    ],
    "S73": [
      [
        "PAT_10189",
        0,
        1473.3064
      ]
    ],
    "S20": [
      [
        "PAT_9347",
        0,
        717.6287
      ],
      [
        "PAT_0065",
        0,
        2790.9057000000003
      ]
    ],
    "S1": [
      [
        "PAT_9982",
        0,
        911.3939
      ]
    ],
    "S66": [
      [
        "PAT_10017",
        0,
        0.0
      ],
      [
        "PAT_10017",
        0,
        3277.8702
      ]
    ],
    "S63": [
      [
        "PAT_10188",
        0,
        2131.4137
      ]
    ],
    "S13": [
      [
        "PAT_0038",
        0,
        0.0
      ],
      [
        "PAT_10169",
        0,
        3077.1232
      ]
    ],
    "S8": [
      [
        "PAT_10017",
        0,
        2644.5799
      ]
    ],
    "S74": [
      [
        "PAT_10187",
        0,
        0.0
      ]
    ],
    "S41": [
      [
        "PAT_4640",
        0,
        838.8477
      ],
      [
        "PAT_10114",
        0,
        3710.0230999999994
      ]
    ],
    "S58": [
      [
        "PAT_10107",
        0,
        1333.831
      ]
    ],
    "S55": [
      [
        "PAT_9961",
        0,
        0.0
      ],
      [
        "PAT_9961",
        0,
        3277.8702
      ]
    ],
    "S37": [
      [
        "PAT_8481",
        0,
        0.0
      ]
    ],
    "S54": [
      [
        "PAT_7461",
        0,
        2972.9787
      ]
    ],
    "S11": [
      [
        "PAT_0045",
        0,
        0.0
      ],
      [
        "PAT_4851",
        1,
        3338.733
      ]
    ],
    "S46": [
      [
        "PAT_0038",
        0,
        0.0
      ],
      [
        "PAT_4444",
        1,
        4652.6912
      ]
    ],
    "S26": [
      [
        "PAT_5207",
        0,
        1097.9251
      ],
      [
        "PAT_5207",
        0,
        3844.8359
      ]
    ],
    "S10": [
      [
        "PAT_0058",
        0,
        0.0
      ],
      [
        "PAT_0058",
        0,
        2746.9108
      ]
    ],
    "S18": [
      [
        "PAT_0058",
        1,
        889.2055
      ],
      [
        "PAT_0058",
        1,
        3636.1163
      ]
    ],
    "S33": [
      [
        "PAT_10017",
        0,
        818.217
      ]
    ],
    "S24": [
      [
        "PAT_0027",
        0,
        0.0
      ],
      [
        "PAT_9334",
        0,
        3527.4974
      ],
      [
        "PAT_9334",
        0,
        5600.7744
      ]
    ],
    "S85": [
      [
        "PAT_9961",
        0,
        0.0
      ]
    ],
    "S9": [
      [
        "PAT_10106",
        0,
        1028.0871
      ]
    ],
    "S48": [
      [
        "PAT_0038",
        0,
        0.0
      ]
    ],
    "S14": [
      [
        "PAT_0058",
        0,
        1968.151
      ]
    ],
    "S77": [
      [
        "PAT_0064",
        0,
        3005.8918
      ]
    ],
    "S60": [
      [
        "PAT_9972",
        0,
        0.0
      ],
      [
        "PAT_9135",
        0,
        3277.8702
      ]
    ],
    "S86": [
      [
        "PAT_9633",
        0,
        0.0
      ],
      [
        "PAT_10147",
        0,
        2073.277
      ]
    ],
    "S83": [
      [
        "PAT_7459",
        0,
        0.0
      ],
      [
        "PAT_10097",
        0,
        2849.8926
      ]
    ],
    "S36": [
      [
        "PAT_5841",
        0,
        3043.3277
      ]
    ],
    "S51": [
      [
        "PAT_8549",
        0,
        0.0
      ],
      [
        "PAT_10141",
        0,
        2746.9108
      ]
    ]
  }
}