{
  "instance": "SYN_SWEEP5_SIZE_L_014",
  "method": "SA",
  "start_method": "greedy",
  "time_limit": 60.0,
  "cost": 11951.6097,
  "is_feasible": true,
  "unmet": {},
  "overprod": {
    "P4": 1,
    "P14": 2,
    "P15": 1
  },
  "elapsed_sec": 60.04,
  "active": {
    "S18": [
      [
        "PAT_1587",
        0,
        0.0
      ],
      [
        "PAT_1554",
        0,
        3779.9352
      ]
    ],
    "S28": [
      [
        "PAT_1352",
        0,
        0.0
      ],
      [
        "PAT_0070",
        0,
        2908.7980000000002
      ],
      [
        "PAT_0004",
        0,
        5372.1315
      ]
    ],
    "S37": [
      [
        "PAT_0116",
        0,
        0.0
      ],
      [
        "PAT_0663",
        0,
        3683.934
      ]
    ],
    "S56": [
      [
        "PAT_0104",
        0,
        733.3064
      ],
      [
        "PAT_1352",
        1,
        4992.906
      ]
    ],
    "S57": [
      [
        "PAT_1306",
        0,
        0.0
      ],
      [
        "PAT_0003",
        0,
        3758.4592000000002
      ]
    ],
    "S19": [
      [
        "PAT_1633",
        0,
        0.0
      ],
      [
        "PAT_1588",
        0,
        3877.6557000000003
      ]
    ],
    "S51": [
      [
        "PAT_0690",
        0,
        0.0
      ],
      [
        "PAT_0659",
        0,
        4664.8598
      ]
    ],
    "S8": [
      [
        "PAT_0774",
        0,
        0.0
      ],
      [
        "PAT_1610",
        0,
        3686.6639
      ]
    ],
    "S22": [
      [
        "PAT_1570",
        0,
        0.0
      ],
      [
        "PAT_1570",
        0,
        3553.7087
      ]
    ],
    "S13": [
      [
        "PAT_1622",
        0,
        0.0
      ],
      [
        "PAT_1566",
        0,
        3553.7087
      ]
    ],
    "S9": [
      [
        "PAT_0197",
        0,
        0.0
      ],
      [
        "PAT_1557",
        0,
        2760.019
      ]
    ],
    "S7": [
      [
        "PAT_0062",
        0,
        0.0
      ],
      [
        "PAT_1407",
        0,
        2463.3335
      ],
      [
        "PAT_1407",
        0,
        5396.2369
      ]
    ],
    "S24": [
      [
        "PAT_0793",
        0,
        0.0
      ],
      [
        "PAT_0199",
        0,
        4514.6559
      ]
    ],
    "S30": [
      [
        "PAT_1513",
        0,
        0.0
      ],
      [
        "PAT_0890",
        1,
        4913.9489
      ]
    ],
    "S5": [
      [
        "PAT_1477",
        0,
        0.0
      ],
      [
        "PAT_0487",
        0,
        3842.2798
      ]
    ],
    "S61": [
      [
        "PAT_1421",
        0,
        0.0
      ],
      [
        "PAT_0121",
        0,
        2932.9034
      ]
    ],
    "S48": [
      [
        "PAT_0027",
        0,
        603.8422
      ],
      [
        "PAT_1374",
        0,
        4121.4418
      ]
    ],
    "S26": [
      [
        "PAT_0326",
        0,
        0.0
      ]
    ],
    "S50": [
      [
        "PAT_1541",
        0,
        0.0
      ],
      [
        "PAT_0004",
        0,
        2932.9034
      ]
    ]
  }
}