{
  "instance": "SYN_SWEEP5_SIZE_XL_009",
  "method": "VNS_SA",
  "start_method": "greedy",
  "time_limit": 60.0,
  "cost": 31106.0215,
  "is_feasible": true,
  "unmet": {},
  "overprod": {
    "P6": 1,
    "P9": 3,
    "P31": 1
  },
  "elapsed_sec": 60.05,
  "active": {
    "S43": [
      [
        "PAT_0596",
        0,
        0.0
      ],
      [
        "PAT_0596",
        0,
        3377.6225
      ],
      [
        "PAT_3273",
        1,
        6755.245
      ]
    ],
    "S25": [
      [
        "PAT_0568",
        0,
        0.0
      ],
      [
        "PAT_0568",
        0,
        3377.6225
      ]
    ],
    "S140": [
      [
        "PAT_0169",
        0,
        2704.7695999999996
      ],
      [
        "PAT_0169",
        0,
        6023.695
      ]
    ],
    "S112": [
      [
        "PAT_0002",
        0,
        0.0
      ],
      [
        "PAT_2942",
        0,
        3459.2568
      ]
    ],
    "S62": [
      [
        "PAT_0006",
        0,
        1647.7446
      ],
      [
        "PAT_0006",
        0,
        4966.67
      ]
    ],
    "S30": [
      [
        "PAT_0626",
        0,
        0.0
      ],
      [
        "PAT_0626",
        0,
        3054.8246
      ]
    ],
    "S99": [
      [
        "PAT_2834",
        0,
        0.0
      ],
      [
        "PAT_0364",
        0,
        4238.1002
      ]
    ],
    "S1": [
      [
        "PAT_2829",
        0,
        0.0
      ],
      [
        "PAT_0364",
        0,
        4858.041499999999
      ]
    ],
    "S108": [
      [
        "PAT_2937",
        0,
        0.0
      ],
      [
        "PAT_0388",
        0,
        4238.1002
      ]
    ],
    "S64": [
      [
        "PAT_0403",
        0,
        0.0
      ],
      [
        "PAT_0403",
        0,
        3492.4102
      ],
      [
        "PAT_3085",
        0,
        6984.8204
      ]
    ],
    "S44": [
      [
        "PAT_2759",
        0,
        0.0
      ],
      [
        "PAT_0357",
        0,
        3151.463300000001
      ],
      [
        "PAT_0275",
        0,
        4272.826800000001
      ],
      [
        "PAT_0275",
        0,
        5394.1903
      ]
    ],
    "S107": [
      [
        "PAT_1686",
        0,
        0.0
      ],
      [
        "PAT_1686",
        0,
        3054.8246
      ]
    ],
    "S47": [
      [
        "PAT_2421",
        0,
        1144.5519
      ],
      [
        "PAT_0600",
        0,
        4199.3765
      ]
    ],
    "S118": [
      [
        "PAT_2286",
        0,
        0.0
      ],
      [
        "PAT_0647",
        0,
        3054.8246
      ],
      [
        "PAT_0646",
        0,
        6109.6492
      ]
    ],
    "S153": [
      [
        "PAT_2977",
        0,
        0.0
      ],
      [
        "PAT_0151",
        0,
        4238.1002
      ]
    ],
    "S12": [
      [
        "PAT_2545",
        0,
        0.0
      ],
      [
        "PAT_0080",
        0,
        3212.0127
      ]
    ],
    "S158": [
      [
        "PAT_0086",
        0,
        0.0
      ],
      [
        "PAT_2413",
        0,
        3793.0188
      ]
    ],
    "S53": [
      [
        "PAT_0447",
        0,
        0.0
      ],
      [
        "PAT_2318",
        0,
        5064.0538
      ]
    ],
    "S138": [
      [
        "PAT_0563",
        0,
        0.0
      ],
      [
        "PAT_0563",
        0,
        3377.6225
      ]
    ],
    "S91": [
      [
        "PAT_0420",
        0,
        0.0
      ]
    ],
    "S148": [
      [
        "PAT_0113",
        0,
        0.0
      ],
      [
        "PAT_3057",
        0,
        3318.9254
      ]
    ],
    "S27": [
      [
        "PAT_0450",
        0,
        0.0
      ],
      [
        "PAT_0027",
        1,
        5064.0538
      ]
    ],
    "S5": [
      [
        "PAT_3129",
        0,
        0.0
      ],
      [
        "PAT_2906",
        0,
        1021.7218000000003
      ],
      [
        "PAT_3159",
        1,
        5259.822
      ]
    ],
    "S154": [
      [
        "PAT_2848",
        0,
        0.0
      ],
      [
        "PAT_2848",
        0,
        4238.1002
      ],
      [
        "PAT_3059",
        1,
        8476.2004
      ]
    ],
    "S28": [
      [
        "PAT_0189",
        0,
        0.0
      ],
      [
        "PAT_3274",
        0,
        3318.9254
      ],
      [
        "PAT_0064",
        1,
        5254.7041
      ]
    ],
    "S101": [
      [
        "PAT_0288",
        0,
        0.0
      ],
      [
        "PAT_0093",
        0,
        2192.8699
      ],
      [
        "PAT_0093",
        0,
        5511.7953
      ]
    ],
    "S145": [
      [
        "PAT_0250",
        0,
        1023.0943
      ],
      [
        "PAT_0250",
        0,
        4342.0197
      ]
    ],
    "S92": [
      [
        "PAT_0396",
        0,
        0.0
      ],
      [
        "PAT_1961",
        1,
        3492.4102
      ]
    ],
    "S32": [
      [
        "PAT_2230",
        0,
        0.0
      ],
      [
        "PAT_0727",
        0,
        3917.1724999999997
      ]
    ],
    "S70": [
      [
        "PAT_2254",
        0,
        862.3479
      ],
      [
        "PAT_2206",
        0,
        5013.5521
      ]
    ],
    "S7": [
      [
        "PAT_0124",
        0,
        0.0
      ],
      [
        "PAT_0643",
        0,
        3672.6474
      ]
    ],
    "S17": [
      [
        "PAT_0647",
        0,
        0.0
      ],
      [
        "PAT_2769",
        1,
        4674.9323
      ]
    ],
    "S41": [
      [
        "PAT_2368",
        0,
        0.0
      ],
      [
        "PAT_0646",
        0,
        3054.8246
      ]
    ],
    "S115": [
      [
        "PAT_2834",
        0,
        862.3479
      ],
      [
        "PAT_2819",
        0,
        5100.4481
      ]
    ],
    "S81": [
      [
        "PAT_0446",
        0,
        0.0
      ],
      [
        "PAT_0103",
        0,
        5064.0538
      ]
    ],
    "S114": [
      [
        "PAT_3194",
        0,
        0.0
      ],
      [
        "PAT_0418",
        0,
        2084.8125
      ]
    ],
    "S68": [
      [
        "PAT_0480",
        0,
        0.0
      ],
      [
        "PAT_0563",
        1,
        5337.3369
      ]
    ],
    "S19": [
      [
        "PAT_3268",
        0,
        0.0
      ],
      [
        "PAT_3268",
        0,
        862.3479
      ],
      [
        "PAT_3268",
        0,
        1724.6958
      ],
      [
        "PAT_3272",
        0,
        2587.0437
      ],
      [
        "PAT_0297",
        0,
        3449.3916
      ]
    ],
    "S24": [
      [
        "PAT_0446",
        0,
        1432.8665
      ]
    ],
    "S147": [
      [
        "PAT_0439",
        0,
        0.0
      ]
    ],
    "S116": [
      [
        "PAT_0086",
        0,
        2660.8972
      ]
    ],
    "S102": [
      [
        "PAT_0420",
        0,
        0.0
      ]
    ],
    "S40": [
      [
        "PAT_0439",
        0,
        0.0
      ]
    ],
    "S122": [
      [
        "PAT_1917",
        0,
        0.0
      ],
      [
        "PAT_0613",
        0,
        4481.4611
      ]
    ],
    "S123": [
      [
        "PAT_0421",
        0,
        1653.1818
      ]
    ],
    "S69": [
      [
        "PAT_0081",
        0,
        0.0
      ],
      [
        "PAT_0081",
        1,
        4650.1468
      ]
    ],