{
  "instance": "SYN_SWEEP5_SIZE_L_009",
  "method": "SD",
  "start_method": "greedy",
  "time_limit": 60.0,
  "cost": 11594.9882,
  "is_feasible": true,
  "unmet": {},
  "overprod": {
    "P9": 2,
    "P11": 2,
    "P25": 2
  },
  "elapsed_sec": 60.4,
  "active": {
    "S52": [
      [
        "PAT_4638",
        0,
        0.0
      ],
      [
        "PAT_4638",
        0,
        2420.7664
      ]
    ],
    "S20": [
      [
        "PAT_4972",
        0,
        0.0
      ],
      [
        "PAT_4972",
        0,
        2420.7664
      ]
    ],
    "S3": [
      [
        "PAT_0020",
        1,
        1350.4875
      ],
      [
        "PAT_0020",
        1,
        3413.3166
      ]
    ],
    "S31": [
      [
        "PAT_5090",
        0,
        0.0
      ],
      [
        "PAT_4333",
        0,
        2370.5021999999994
      ],
      [
        "PAT_4333",
        0,
        4791.268599999999
      ]
    ],
    "S37": [
      [
        "PAT_1583",
        0,
        1537.4645
      ]
    ],
    "S13": [
      [
        "PAT_9073",
        0,
        0.0
      ],
      [
        "PAT_1594",
        0,
        2862.1472
      ]
    ],
    "S56": [
      [
        "PAT_0003",
        0,
        0.0
      ],
      [
        "PAT_3971",
        0,
        2062.8291
      ]
    ],
    "S26": [
      [
        "PAT_1591",
        0,
        0.0
      ]
    ],
    "S29": [
      [
        "PAT_1648",
        0,
        0.0
      ],
      [
        "PAT_1648",
        0,
        2681.4265
      ]
    ],
    "S23": [
      [
        "PAT_1650",
        0,
        4382.9073
      ]
    ],
    "S57": [
      [
        "PAT_5027",
        0,
        0.0
      ],
      [
        "PAT_0070",
        0,
        2388.5507
      ]
    ],
    "S25": [
      [
        "PAT_0069",
        0,
        0.0
      ],
      [
        "PAT_3971",
        0,
        2971.0803
      ]
    ],
    "S51": [
      [
        "PAT_10325",
        1,
        1545.613
      ],
      [
        "PAT_10325",
        1,
        3857.2499
      ]
    ],
    "S38": [
      [
        "PAT_1159",
        0,
        1972.0789
      ]
    ],
    "S32": [
      [
        "PAT_8586",
        1,
        1126.8307
      ],
      [
        "PAT_8586",
        1,
        3438.4676
      ]
    ],
    "S34": [
      [
        "PAT_3853",
        0,
        0.0
      ],
      [
        "PAT_3853",
        0,
        2681.4265
      ]
    ],
    "S35": [
      [
        "PAT_3253",
        0,
        1701.4827
      ],
      [
        "PAT_3253",
        0,
        4382.9092
      ]
    ],
    "S18": [
      [
        "PAT_3793",
        0,
        0.0
      ],
      [
        "PAT_1623",
        0,
        2681.4265
      ]
    ],
    "S55": [
      [
        "PAT_3729",
        0,
        0.0
      ],
      [
        "PAT_1606",
        0,
        2681.4265
      ]
    ],
    "S10": [
      [
        "PAT_5679",
        0,
        1681.7592
      ],
      [
        "PAT_5679",
        0,
        3993.3961
      ]
    ],
    "S49": [
      [
        "PAT_5090",
        0,
        1292.1374
      ]
    ],
    "S19": [
      [
        "PAT_5089",
        0,
        0.0
      ]
    ],
    "S28": [
      [
        "PAT_1621",
        0,
        1952.7495
      ]
    ]
  }
}