{
  "instance": "SYN_SWEEP5_SIZE_XL_026",
  "method": "TS",
  "start_method": "greedy",
  "time_limit": 60.0,
  "cost": 19573.3004,
  "is_feasible": true,
  "unmet": {},
  "overprod": {
    "P4": 2,
    "P5": 1,
    "P15": 1,
    "P16": 2,
    "P17": 1,
    "P19": 2
  },
  "elapsed_sec": 60.01,
  "active": {
    "S35": [
      [
        "PAT_0188",
        0,
        0.0
      ],
      [
        "PAT_0188",
        0,
        2266.6043
      ]
    ],
    "S33": [
      [
        "PAT_0156",
        0,
        0.0
      ],
      [
        "PAT_0156",
        0,
        1635.3597
      ],
      [
        "PAT_0156",
        0,
        3270.7194
      ],
      [
        "PAT_0156",
        0,
        4906.0791
      ]
    ],
    "S103": [
      [
        "PAT_0355",
        0,
        0.0
      ],
      [
        "PAT_0131",
        1,
        2853.0019
      ],
      [
        "PAT_0131",
        1,
        3653.0019
      ],
      [
        "PAT_0131",
        1,
        4453.0019
      ],
      [
        "PAT_0131",
        1,
        5253.0019
      ]
    ],
    "S73": [
      [
        "PAT_0148",
        0,
        968.4333
      ],
      [
        "PAT_0148",
        0,
        2603.793
      ],
      [
        "PAT_0148",
        0,
        4239.152700000001
      ]
    ],
    "S26": [
      [
        "PAT_0211",
        0,
        0.0
      ],
      [
        "PAT_0211",
        0,
        2266.6043
      ]
    ],
    "S25": [
      [
        "PAT_0112",
        0,
        1629.8409
      ]
    ],
    "S101": [
      [
        "PAT_0111",
        0,
        0.0
      ]
    ],
    "S71": [
      [
        "PAT_0822",
        0,
        0.0
      ],
      [
        "PAT_0822",
        0,
        3219.0712
      ]
    ],
    "S148": [
      [
        "PAT_0053",
        0,
        1334.7569000000003
      ],
      [
        "PAT_0053",
        0,
        4008.5532000000003
      ]
    ],
    "S5": [
      [
        "PAT_0008",
        0,
        0.0
      ],
      [
        "PAT_0008",
        0,
        2673.7963
      ]
    ],
    "S98": [
      [
        "PAT_0821",
        0,
        0.0
      ],
      [
        "PAT_0821",
        0,
        3219.0712
      ]
    ],
    "S134": [
      [
        "PAT_0828",
        0,
        0.0
      ],
      [
        "PAT_0828",
        0,
        3219.0712
      ]
    ],
    "S18": [
      [
        "PAT_0818",
        0,
        0.0
      ],
      [
        "PAT_0961",
        0,
        3219.0712
      ]
    ],
    "S106": [
      [
        "PAT_0818",
        0,
        3314.1931
      ]
    ],
    "S113": [
      [
        "PAT_0845",
        0,
        0.0
      ],
      [
        "PAT_0845",
        0,
        3456.7602
      ]
    ],
    "S87": [
      [
        "PAT_0845",
        0,
        0.0
      ],
      [
        "PAT_0845",
        0,
        3456.7602
      ]
    ],
    "S83": [
      [
        "PAT_0003",
        0,
        1871.6366
      ]
    ],
    "S29": [
      [
        "PAT_0003",
        0,
        0.0
      ]
    ],
    "S147": [
      [
        "PAT_0222",
        0,
        0.0
      ],
      [
        "PAT_0222",
        0,
        2351.8047
      ],
      [
        "PAT_0889",
        0,
        4703.6094
      ]
    ],
    "S10": [
      [
        "PAT_0237",
        0,
        1282.5398999999998
      ],
      [
        "PAT_0237",
        0,
        3634.3446
      ]
    ],
    "S90": [
      [
        "PAT_0007",
        0,
        0.0
      ],
      [
        "PAT_0788",
        0,
        3576.1542
      ],
      [
        "PAT_0788",
        0,
        5927.9589
      ]
    ],
    "S115": [
      [
        "PAT_0163",
        0,
        0.0
      ],
      [
        "PAT_0042",
        0,
        2450.966
      ],
      [
        "PAT_0042",
        0,
        5124.7623
      ]
    ],
    "S47": [
      [
        "PAT_0669",
        0,
        3044.3847
      ],
      [
        "PAT_0669",
        0,
        5396.1894
      ]
    ],
    "S136": [
      [
        "PAT_0004",
        0,
        0.0
      ],
      [
        "PAT_0717",
        0,
        4059.0259
      ]
    ],
    "S138": [
      [
        "PAT_0934",
        0,
        828.7320999999997
      ],
      [
        "PAT_0934",
        0,
        4285.4923
      ]
    ],
    "S75": [
      [
        "PAT_0942",
        0,
        0.0
      ],
      [
        "PAT_0817",
        0,
        3681.6484
      ]
    ],
    "S95": [
      [
        "PAT_0897",
        0,
        0.0
      ],
      [
        "PAT_0897",
        0,
        3456.7602
      ]
    ],
    "S1": [
      [
        "PAT_0121",
        0,
        0.0
      ],
      [
        "PAT_0121",
        0,
        2079.8375
      ]
    ],
    "S80": [
      [
        "PAT_0776",
        0,
        0.0
      ],
      [
        "PAT_0878",
        0,
        3671.9543
      ]
    ],
    "S9": [
      [
        "PAT_0002",
        0,
        0.0
      ]
    ],
    "S39": [
      [
        "PAT_0088",
        0,
        951.0647
      ],
      [
        "PAT_0088",
        0,
        3624.861
      ]
    ],
    "S42": [
      [
        "PAT_0003",
        0,
        0.0
      ]
    ],
    "S30": [
      [
        "PAT_0043",
        0,
        0.0
      ],
      [
        "PAT_0194",
        0,
        2673.7963
      ]
    ]
  }
}