{
  "instance": "SYN_SWEEP5_SIZE_L_017",
  "method": "GRASP_SA",
  "start_method": "none",
  "time_limit": 60.0,
  "cost": 13853.9523,
  "is_feasible": true,
  "unmet": {},
  "overprod": {
    "P2": 1,
    "P6": 1,
    "P20": 1
  },
  "elapsed_sec": 60.04,
  "active": {
    "S15": [
      [
        "PAT_0105",
        0,
        0.0
      ],
      [
        "PAT_0018",
        0,
        2959.4248
      ],
      [
        "PAT_0018",
        0,
        6113.346299999999
      ]
    ],
    "S11": [
      [
        "PAT_0030",
        0,
        0.0
      ],
      [
        "PAT_0476",
        0,
        4637.5543
      ]
    ],
    "S3": [
      [
        "PAT_0467",
        0,
        2118.666
      ]
    ],
    "S48": [
      [
        "PAT_0096",
        0,
        0.0
      ],
      [
        "PAT_0024",
        0,
        2991.8098
      ]
    ],
    "S14": [
      [
        "PAT_0119",
        0,
        0.0
      ],
      [
        "PAT_0145",
        0,
        5258.6821
      ]
    ],
    "S43": [
      [
        "PAT_0408",
        0,
        0.0
      ],
      [
        "PAT_0108",
        0,
        4836.5912
      ]
    ],
    "S6": [
      [
        "PAT_0478",
        0,
        0.0
      ],
      [
        "PAT_0028",
        0,
        4321.7568
      ]
    ],
    "S44": [
      [
        "PAT_0442",
        0,
        0.0
      ],
      [
        "PAT_0456",
        0,
        3909.282
      ]
    ],
    "S34": [
      [
        "PAT_0040",
        0,
        0.0
      ],
      [
        "PAT_0454",
        0,
        4637.5543
      ]
    ],
    "S55": [
      [
        "PAT_0119",
        0,
        0.0
      ]
    ],
    "S63": [
      [
        "PAT_0142",
        0,
        0.0
      ],
      [
        "PAT_0079",
        0,
        2959.4248
      ],
      [
        "PAT_0023",
        0,
        4102.134599999999
      ]
    ],
    "S10": [
      [
        "PAT_0460",
        0,
        1315.685
      ],
      [
        "PAT_0264",
        1,
        6118.9228
      ]
    ],
    "S57": [
      [
        "PAT_0083",
        0,
        0.0
      ],
      [
        "PAT_0014",
        0,
        3384.14
      ]
    ],
    "S37": [
      [
        "PAT_0065",
        0,
        0.0
      ],
      [
        "PAT_0005",
        0,
        2475.0101
      ]
    ],
    "S30": [
      [
        "PAT_0076",
        0,
        0.0
      ],
      [
        "PAT_0022",
        0,
        1142.7098
      ]
    ],
    "S2": [
      [
        "PAT_0115",
        0,
        2309.6283
      ]
    ],
    "S7": [
      [
        "PAT_0142",
        0,
        0.0
      ],
      [
        "PAT_0001",
        0,
        2959.4248
      ]
    ],
    "S52": [
      [
        "PAT_0431",
        0,
        0.0
      ],
      [
        "PAT_0021",
        0,
        2307.2534
      ]
    ],
    "S40": [
      [
        "PAT_0379",
        0,
        0.0
      ],
      [
        "PAT_0024",
        0,
        2016.0148
      ]
    ],
    "S60": [
      [
        "PAT_0307",
        0,
        0.0
      ],
      [
        "PAT_0436",
        0,
        2016.0148
      ],
      [
        "PAT_0436",
        0,
        4323.2682
      ]
    ],
    "S35": [
      [
        "PAT_0471",
        0,
        0.0
      ]
    ]
  }
}