{
  "instance": "SYN_SWEEP5_SIZE_L_017",
  "method": "SA",
  "start_method": "multistart",
  "time_limit": 60.0,
  "cost": 13273.2235,
  "is_feasible": true,
  "unmet": {},
  "overprod": {
    "P6": 1,
    "P10": 1,
    "P16": 1
  },
  "elapsed_sec": 60.01,
  "active": {
    "S43": [
      [
        "PAT_0408",
        0,
        0.0
      ],
      [
        "PAT_0424",
        0,
        5414.5097000000005
      ]
    ],
    "S37": [
      [
        "PAT_0104",
        0,
        0.0
      ],
      [
        "PAT_0018",
        0,
        3461.3047
      ]
    ],
    "S52": [
      [
        "PAT_0119",
        0,
        0.0
      ],
      [
        "PAT_0145",
        1,
        6446.8635
      ]
    ],
    "S22": [
      [
        "PAT_0459",
        0,
        1775.7589
      ],
      [
        "PAT_0318",
        0,
        5685.0409
      ]
    ],
    "S30": [
      [
        "PAT_0101",
        0,
        0.0
      ],
      [
        "PAT_0013",
        0,
        2844.4811999999997
      ]
    ],
    "S65": [
      [
        "PAT_0080",
        0,
        0.0
      ],
      [
        "PAT_0119",
        0,
        2600.7986
      ]
    ],
    "S11": [
      [
        "PAT_0472",
        0,
        0.0
      ],
      [
        "PAT_0043",
        0,
        4321.7568
      ]
    ],
    "S3": [
      [
        "PAT_0480",
        0,
        2118.666
      ]
    ],
    "S14": [
      [
        "PAT_0456",
        0,
        0.0
      ],
      [
        "PAT_0054",
        0,
        4294.546899999999
      ]
    ],
    "S44": [
      [
        "PAT_0442",
        0,
        0.0
      ],
      [
        "PAT_0471",
        0,
        4166.5279
      ]
    ],
    "S15": [
      [
        "PAT_0077",
        0,
        0.0
      ],
      [
        "PAT_0429",
        1,
        1145.9948
      ],
      [
        "PAT_0115",
        0,
        3453.2482
      ],
      [
        "PAT_0106",
        0,
        6749.0484
      ]
    ],
    "S48": [
      [
        "PAT_0065",
        0,
        0.0
      ],
      [
        "PAT_0029",
        0,
        1950.0534
      ]
    ],
    "S57": [
      [
        "PAT_0215",
        0,
        0.0
      ],
      [
        "PAT_0006",
        0,
        3384.14
      ]
    ],
    "S34": [
      [
        "PAT_0225",
        0,
        0.0
      ],
      [
        "PAT_0034",
        0,
        3158.7246
      ]
    ],
    "S40": [
      [
        "PAT_0136",
        0,
        0.0
      ],
      [
        "PAT_0054",
        0,
        2959.4248
      ]
    ],
    "S35": [
      [
        "PAT_0456",
        0,
        0.0
      ]
    ],
    "S55": [
      [
        "PAT_0477",
        0,
        0.0
      ],
      [
        "PAT_0465",
        0,
        4321.7568
      ]
    ],
    "S60": [
      [
        "PAT_0148",
        0,
        0.0
      ],
      [
        "PAT_0018",
        0,
        2959.4248
      ]
    ],
    "S62": [
      [
        "PAT_0054",
        0,
        582.836
      ],
      [
        "PAT_0079",
        0,
        5220.3903
      ]
    ],
    "S53": [
      [
        "PAT_0040",
        0,
        2335.1747
      ]
    ]
  }
}