{
  "instance": "SYN_SWEEP5_SIZE_XL_004",
  "method": "FI",
  "start_method": "multistart",
  "time_limit": 60.0,
  "cost": 38277.5234,
  "is_feasible": true,
  "unmet": {},
  "overprod": {
    "P8": 1,
    "P19": 1,
    "P25": 1
  },
  "elapsed_sec": 60.02,
  "active": {
    "S4": [
      [
        "PAT_1964",
        0,
        0.0
      ],
      [
        "PAT_1964",
        0,
        800.0
      ],
      [
        "PAT_1964",
        0,
        1600.0
      ],
      [
        "PAT_1964",
        0,
        2400.0
      ],
      [
        "PAT_1964",
        0,
        3200.0
      ],
      [
        "PAT_1964",
        0,
        4000.0
      ],
      [
        "PAT_1964",
        0,
        4800.0
      ]
    ],
    "S21": [
      [
        "PAT_0768",
        0,
        0.0
      ],
      [
        "PAT_0768",
        0,
        1548.7174
      ],
      [
        "PAT_0768",
        0,
        3097.4348
      ]
    ],
    "S56": [
      [
        "PAT_2099",
        0,
        591.255
      ],
      [
        "PAT_2099",
        0,
        3045.2694
      ]
    ],
    "S42": [
      [
        "PAT_0031",
        0,
        2641.2019000000005
      ]
    ],
    "S45": [
      [
        "PAT_0789",
        0,
        852.9284
      ]
    ],
    "S74": [
      [
        "PAT_0816",
        0,
        866.0426
      ],
      [
        "PAT_0816",
        0,
        2566.4888
      ],
      [
        "PAT_2019",
        1,
        4266.935
      ]
    ],
    "S60": [
      [
        "PAT_0402",
        0,
        0.0
      ],
      [
        "PAT_0069",
        0,
        2944.9233000000004
      ]
    ],
    "S96": [
      [
        "PAT_0064",
        0,
        1174.3605
      ]
    ],
    "S29": [
      [
        "PAT_0047",
        0,
        654.8478
      ]
    ],
    "S86": [
      [
        "PAT_2019",
        0,
        0.0
      ],
      [
        "PAT_0814",
        0,
        2565.6882
      ]
    ],
    "S90": [
      [
        "PAT_2093",
        0,
        0.0
      ],
      [
        "PAT_2084",
        0,
        2627.7302000000004
      ]
    ],
    "S134": [
      [
        "PAT_1436",
        0,
        0.0
      ],
      [
        "PAT_2024",
        0,
        3298.5708
      ]
    ],
    "S9": [
      [
        "PAT_0045",
        0,
        0.0
      ]
    ],
    "S131": [
      [
        "PAT_2023",
        0,
        0.0
      ],
      [
        "PAT_0625",
        0,
        3250.9665
      ]
    ],
    "S112": [
      [
        "PAT_0007",
        0,
        1797.9644
      ]
    ],
    "S126": [
      [
        "PAT_0714",
        0,
        0.0
      ]
    ],
    "S118": [
      [
        "PAT_0017",
        0,
        0.0
      ],
      [
        "PAT_0017",
        0,
        3191.8068
      ]
    ],
    "S99": [
      [
        "PAT_0018",
        0,
        2011.1472
      ]
    ],
    "S32": [
      [
        "PAT_0722",
        0,
        0.0
      ]
    ],
    "S133": [
      [
        "PAT_0006",
        0,
        0.0
      ],
      [
        "PAT_0006",
        0,
        3263.749
      ]
    ],
    "S59": [
      [
        "PAT_0015",
        0,
        1635.71
      ]
    ],
    "S33": [
      [
        "PAT_0673",
        0,
        0.0
      ],
      [
        "PAT_0018",
        0,
        2699.1355
      ]
    ],
    "S54": [
      [
        "PAT_0014",
        0,
        885.7502
      ]
    ],
    "S132": [
      [
        "PAT_0813",
        0,
        0.0
      ],
      [
        "PAT_0014",
        0,
        2399.4869
      ]
    ],
    "S93": [
      [
        "PAT_0002",
        0,
        0.0
      ]
    ],
    "S81": [
      [
        "PAT_0002",
        0,
        1701.0592
      ]
    ],
    "S140": [
      [
        "PAT_0002",
        0,
        2050.3472
      ]
    ],
    "S122": [
      [
        "PAT_0614",
        0,
        0.0
      ],
      [
        "PAT_0011",
        0,
        2774.7937
      ]
    ],
    "S66": [
      [
        "PAT_0002",
        0,
        1925.4427
      ]
    ],
    "S139": [
      [
        "PAT_0002",
        0,
        2493.6655
      ]
    ],
    "S104": [
      [
        "PAT_0011",
        0,
        0.0
      ]
    ],
    "S78": [
      [
        "PAT_0718",
        0,
        0.0
      ]
    ],
    "S97": [
      [
        "PAT_0718",
        0,
        1053.1206
      ]
    ],
    "S55": [
      [
        "PAT_0722",
        0,
        446.0864
      ]
    ],
    "S103": [
      [
        "PAT_0010",
        0,
        0.0
      ]
    ],
    "S113": [
      [
        "PAT_0010",
        0,
        0.0
      ]
    ],
    "S38": [
      [
        "PAT_0778",
        0,
        0.0
      ]
    ],
    "S37": [
      [
        "PAT_1904",
        0,
        0.0
      ]
    ],
    "S65": [
      [
        "PAT_0778",
        0,
        0.0
      ],
      [
        "PAT_0022",
        0,
        3762.3521
      ]
    ],
    "S98": [
      [
        "PAT_1904",
        0,
        2399.3491
      ]
    ],
    "S62": [
      [
        "PAT_0778",
        0,
        1776.4272
      ]
    ],
    "S95": [
      [
        "PAT_1907",
        0,
        0.0
      ]
    ],
    "S57": [
      [
        "PAT_1907",
        0,
        472.7405
      ]
    ],
    "S72": [
      [
        "PAT_1904",
        1,
        1348.4707
      ]
    ],
    "S83": [
      [
        "PAT_0778",
        0,
        0.0
      ]
    ],
    "S46": [
      [
        "PAT_0778",
        0,
        1713.7618999999995
      ]
    ],
    "S110": [
      [
        "PAT_0010",
        0,
        0.0
      ],
      [
        "PAT_1907",
        1,
        3217.6169000000004
      ]
    ],
    "S70": [
      [
        "PAT_1904",
        0,
        1696.3512
      ]
    ],
    "S91": [
      [
        "PAT_1904",
        0,
        0.0
      ],
      [
        "PAT_1438",
        1,
        3728.6665
      ]
    ],
    "S51": [
      [
        "PAT_1639",
        0,
        0.0
      ],
      [
        "PAT_1639",
        0,
        2817.1833
      ]
    ],
    "S49": [
      [
        "PAT_0551",
        0,
        3422.192
      ]
    ],
    "S58": [
      [
        "PAT_0855",
        0,
        537.5072
      ],
      [
        "PAT_0855",
        0,
        3354.6905
      ]
    ],
    "S14": [
      [
        "PAT_0849",
        0,
        0.0
      ],
      [
        "PAT_0849",
        0,
        2817.1833
      ]
    ],
    "S39": [
      [
        "PAT_1904",
        0,
        0.0
      ]
    ],
    "S16": [
      [
        "PAT_0010",
        0,
        0.0
      ]
    ],
    "S77": [
      [
        "PAT_0010",
        0,
        0.0
      ]
    ],
    "S40": [
      [
        "PAT_0728",
        0,
        0.0
      ]
    ],
    "S43": [
      [
        "PAT_1171",
        0,
        0.0
      ],
      [
        "PAT_0849",
        0,
        2817.1833
      ]
    ],
    "S12": [
      [
        "PAT_0712",
        0,
        681.3058
      ]
    ],
    "S102": [
      [
        "PAT_1904",
        0,
        0.0
      ]
    ],
    "S68": [
      [
        "PAT_1904",
        0,
        1368.5569
      ]
    ],
    "S129": [
      [
        "PAT_2058",
        0,
        693.5866
      ]
    ],
    "S50": [
      [
        "PAT_1907",
        0,
        0.0
      ]
    ],
    "S22": [
      [
        "PAT_0778",
        0,
        0.0
      ]
    ],