{
  "instance": "SYN_SWEEP5_SIZE_L_004",
  "method": "SA",
  "start_method": "greedy",
  "time_limit": 60.0,
  "cost": 13417.0122,
  "is_feasible": true,
  "unmet": {},
  "overprod": {
    "P1": 2,
    "P7": 1,
    "P8": 1,
    "P16": 1
  },
  "elapsed_sec": 60.05,
  "active": {
    "S49": [
      [
        "PAT_0495",
        0,
        0.0
      ],
      [
        "PAT_0539",
        0,
        4378.9821999999995
      ]
    ],
    "S59": [
      [
        "PAT_11753",
        0,
        0.0
      ],
      [
        "PAT_9959",
        1,
        4547.8123
      ]
    ],
    "S5": [
      [
        "PAT_0640",
        0,
        0.0
      ]
    ],
    "S63": [
      [
        "PAT_8729",
        0,
        0.0
      ],
      [
        "PAT_1564",
        0,
        800.0
      ],
      [
        "PAT_11718",
        0,
        2199.0111
      ]
    ],
    "S10": [
      [
        "PAT_0663",
        0,
        0.0
      ],
      [
        "PAT_0656",
        0,
        875.2921
      ]
    ],
    "S15": [
      [
        "PAT_11705",
        0,
        2451.3513
      ]
    ],
    "S16": [
      [
        "PAT_0745",
        0,
        0.0
      ],
      [
        "PAT_11747",
        0,
        800.0
      ],
      [
        "PAT_0703",
        2,
        5347.8123
      ]
    ],
    "S26": [
      [
        "PAT_0100",
        0,
        1671.0111000000002
      ]
    ],
    "S12": [
      [
        "PAT_5764",
        0,
        1253.783
      ],
      [
        "PAT_0178",
        0,
        2053.783
      ]
    ],
    "S43": [
      [
        "PAT_0025",
        0,
        1270.0878
      ]
    ],
    "S39": [
      [
        "PAT_11747",
        0,
        0.0
      ]
    ],
    "S38": [
      [
        "PAT_0260",
        0,
        0.0
      ],
      [
        "PAT_0529",
        0,
        4020.6130999999996
      ]
    ],
    "S7": [
      [
        "PAT_0197",
        0,
        693.0703
      ]
    ],
    "S21": [
      [
        "PAT_11713",
        0,
        0.0
      ],
      [
        "PAT_0748",
        0,
        3675.6663
      ]
    ],
    "S42": [
      [
        "PAT_0319",
        0,
        1885.2263
      ]
    ],
    "S66": [
      [
        "PAT_10777",
        0,
        0.0
      ],
      [
        "PAT_11747",
        0,
        800.0
      ]
    ],
    "S25": [
      [
        "PAT_0613",
        0,
        0.0
      ],
      [
        "PAT_0569",
        0,
        2713.7537
      ]
    ],
    "S53": [
      [
        "PAT_0031",
        0,
        849.5185
      ]
    ],
    "S2": [
      [
        "PAT_8191",
        0,
        0.0
      ],
      [
        "PAT_0462",
        0,
        1867.6078
      ]
    ],
    "S65": [
      [
        "PAT_0617",
        0,
        0.0
      ],
      [
        "PAT_0543",
        0,
        2713.7537
      ]
    ],
    "S60": [
      [
        "PAT_0260",
        0,
        0.0
      ]
    ],
    "S52": [
      [
        "PAT_0060",
        0,
        1645.1325
      ]
    ],
    "S9": [
      [
        "PAT_11751",
        0,
        0.0
      ]
    ],
    "S35": [
      [
        "PAT_0031",
        0,
        2748.3919
      ]
    ]
  }
}