{
  "instance": "SYN_SWEEP5_SIZE_L_009",
  "method": "SA",
  "start_method": "multistart",
  "time_limit": 60.0,
  "cost": 11265.1966,
  "is_feasible": true,
  "unmet": {},
  "overprod": {
    "P9": 4,
    "P14": 2,
    "P21": 3
  },
  "elapsed_sec": 60.23,
  "active": {
    "S52": [
      [
        "PAT_4638",
        0,
        0.0
      ],
      [
        "PAT_4638",
        0,
        2420.7664
      ]
    ],
    "S31": [
      [
        "PAT_9193",
        0,
        0.0
      ],
      [
        "PAT_4333",
        0,
        2370.5021999999994
      ],
      [
        "PAT_4333",
        0,
        4791.268599999999
      ]
    ],
    "S32": [
      [
        "PAT_1606",
        0,
        0.0
      ],
      [
        "PAT_3234",
        1,
        2681.4265
      ]
    ],
    "S20": [
      [
        "PAT_4972",
        0,
        0.0
      ],
      [
        "PAT_4972",
        0,
        2420.7664
      ]
    ],
    "S13": [
      [
        "PAT_5089",
        0,
        0.0
      ],
      [
        "PAT_0088",
        0,
        2862.1472
      ]
    ],
    "S3": [
      [
        "PAT_0020",
        1,
        1350.4875
      ],
      [
        "PAT_0020",
        1,
        3413.3166
      ]
    ],
    "S23": [
      [
        "PAT_1579",
        0,
        4382.9073
      ]
    ],
    "S57": [
      [
        "PAT_0388",
        0,
        0.0
      ],
      [
        "PAT_11717",
        0,
        2971.0803
      ]
    ],
    "S35": [
      [
        "PAT_11724",
        0,
        1701.4827
      ],
      [
        "PAT_0175",
        0,
        4013.1196
      ]
    ],
    "S34": [
      [
        "PAT_1808",
        0,
        0.0
      ],
      [
        "PAT_2057",
        0,
        2681.4265
      ]
    ],
    "S55": [
      [
        "PAT_6559",
        0,
        0.0
      ],
      [
        "PAT_5853",
        1,
        2311.6369
      ]
    ],
    "S59": [
      [
        "PAT_3972",
        0,
        0.0
      ]
    ],
    "S53": [
      [
        "PAT_2169",
        0,
        0.0
      ],
      [
        "PAT_2410",
        1,
        3962.8151
      ]
    ],
    "S26": [
      [
        "PAT_0520",
        0,
        0.0
      ],
      [
        "PAT_0003",
        0,
        2971.0803
      ]
    ],
    "S37": [
      [
        "PAT_0306",
        0,
        1537.4645
      ]
    ],
    "S51": [
      [
        "PAT_8597",
        0,
        0.0
      ],
      [
        "PAT_2536",
        1,
        2311.6369
      ]
    ],
    "S29": [
      [
        "PAT_1762",
        0,
        0.0
      ],
      [
        "PAT_9193",
        1,
        3059.3679
      ]
    ],
    "S10": [
      [
        "PAT_2812",
        0,
        2072.779
      ],
      [
        "PAT_5679",
        1,
        4754.2055
      ]
    ],
    "S46": [
      [
        "PAT_9089",
        0,
        0.0
      ]
    ],
    "S25": [
      [
        "PAT_2086",
        0,
        0.0
      ]
    ],
    "S44": [
      [
        "PAT_2129",
        0,
        1737.14
      ]
    ]
  }
}