{
  "instance": "SYN_SWEEP5_SIZE_XL_008",
  "method": "GRASP_SA",
  "start_method": "none",
  "time_limit": 60.0,
  "cost": 32456.0633,
  "is_feasible": true,
  "unmet": {},
  "overprod": {
    "P5": 1,
    "P7": 1,
    "P8": 2,
    "P13": 1,
    "P14": 6,
    "P20": 2,
    "P21": 2,
    "P22": 2,
    "P31": 2,
    "P32": 3,
    "P37": 1
  },
  "elapsed_sec": 60.34,
  "active": {
    "S4": [
      [
        "PAT_1801",
        0,
        0.0
      ],
      [
        "PAT_1801",
        0,
        1909.7084
      ],
      [
        "PAT_6313",
        1,
        5415.0988
      ]
    ],
    "S47": [
      [
        "PAT_5299",
        0,
        2649.8428
      ],
      [
        "PAT_5299",
        0,
        5995.076999999999
      ]
    ],
    "S39": [
      [
        "PAT_0341",
        0,
        0.0
      ],
      [
        "PAT_0341",
        0,
        2293.8796
      ],
      [
        "PAT_0341",
        0,
        4587.7592
      ]
    ],
    "S33": [
      [
        "PAT_4731",
        0,
        0.0
      ],
      [
        "PAT_4731",
        0,
        3345.2342
      ],
      [
        "PAT_2275",
        1,
        6690.4684
      ]
    ],
    "S74": [
      [
        "PAT_6172",
        0,
        0.0
      ],
      [
        "PAT_6172",
        0,
        3278.8529
      ]
    ],
    "S61": [
      [
        "PAT_0995",
        0,
        0.0
      ],
      [
        "PAT_3895",
        1,
        5012.9024
      ]
    ],
    "S119": [
      [
        "PAT_1994",
        0,
        2765.5489
      ],
      [
        "PAT_1994",
        0,
        5472.616099999999
      ]
    ],
    "S84": [
      [
        "PAT_0541",
        0,
        0.0
      ],
      [
        "PAT_0541",
        0,
        2293.8796
      ],
      [
        "PAT_0541",
        0,
        4587.7592
      ]
    ],
    "S89": [
      [
        "PAT_5868",
        0,
        0.0
      ],
      [
        "PAT_5868",
        0,
        3278.8529
      ],
      [
        "PAT_2293",
        2,
        6557.7058
      ]
    ],
    "S19": [
      [
        "PAT_0950",
        0,
        0.0
      ],
      [
        "PAT_0950",
        0,
        2293.8796
      ],
      [
        "PAT_2440",
        1,
        5366.069
      ]
    ],
    "S103": [
      [
        "PAT_1870",
        0,
        0.0
      ],
      [
        "PAT_1504",
        0,
        3314.2809
      ]
    ],
    "S86": [
      [
        "PAT_1856",
        0,
        0.0
      ],
      [
        "PAT_1741",
        1,
        3641.061800000001
      ],
      [
        "PAT_1741",
        1,
        5550.770200000001
      ],
      [
        "PAT_1741",
        1,
        7460.4786
      ]
    ],
    "S30": [
      [
        "PAT_2012",
        0,
        0.0
      ],
      [
        "PAT_2012",
        0,
        2707.0672
      ],
      [
        "PAT_2446",
        0,
        5414.1344
      ]
    ],
    "S132": [
      [
        "PAT_2412",
        0,
        0.0
      ],
      [
        "PAT_2412",
        0,
        3470.8928
      ]
    ],
    "S104": [
      [
        "PAT_6319",
        0,
        0.0
      ],
      [
        "PAT_6319",
        0,
        2111.6893
      ],
      [
        "PAT_6319",
        0,
        4223.3786
      ]
    ],
    "S150": [
      [
        "PAT_2420",
        0,
        0.0
      ],
      [
        "PAT_2420",
        0,
        3470.8928
      ]
    ],
    "S21": [
      [
        "PAT_1856",
        0,
        0.0
      ],
      [
        "PAT_2099",
        0,
        3660.4084
      ],
      [
        "PAT_2099",
        0,
        6367.4756
      ]
    ],
    "S44": [
      [
        "PAT_2432",
        0,
        3459.2265
      ],
      [
        "PAT_2432",
        0,
        5453.0416000000005
      ],
      [
        "PAT_2432",
        0,
        7446.8567
      ]
    ],
    "S58": [
      [
        "PAT_2012",
        0,
        0.0
      ],
      [
        "PAT_2431",
        0,
        2752.9329
      ],
      [
        "PAT_2376",
        0,
        4746.748
      ]
    ],
    "S98": [
      [
        "PAT_2301",
        0,
        0.0
      ],
      [
        "PAT_2301",
        0,
        3141.9469
      ]
    ],
    "S66": [
      [
        "PAT_2333",
        0,
        0.0
      ],
      [
        "PAT_2212",
        0,
        3470.8928
      ]
    ],
    "S153": [
      [
        "PAT_2402",
        0,
        2879.0543
      ]
    ],
    "S16": [
      [
        "PAT_0971",
        0,
        0.0
      ],
      [
        "PAT_0971",
        0,
        4326.6361
      ]
    ],
    "S76": [
      [
        "PAT_1887",
        0,
        1389.3696
      ],
      [
        "PAT_1443",
        0,
        5195.219500000001
      ]
    ],
    "S152": [
      [
        "PAT_1858",
        0,
        0.0
      ],
      [
        "PAT_0965",
        0,
        4332.3668
      ]
    ],
    "S40": [
      [
        "PAT_0965",
        0,
        0.0
      ],
      [
        "PAT_2234",
        0,
        4600.7226
      ]
    ],
    "S8": [
      [
        "PAT_2301",
        0,
        0.0
      ],
      [
        "PAT_2301",
        0,
        3141.9469
      ]
    ],
    "S95": [
      [
        "PAT_1336",
        0,
        0.0
      ],
      [
        "PAT_6341",
        1,
        7154.34
      ]
    ],
    "S139": [
      [
        "PAT_0978",
        1,
        1154.396
      ]
    ],
    "S121": [
      [
        "PAT_1859",
        0,
        1075.3064
      ],
      [
        "PAT_0978",
        0,
        4750.634
      ]
    ],
    "S124": [
      [
        "PAT_1125",
        0,
        0.0
      ],
      [
        "PAT_1697",
        1,
        4326.6361
      ]
    ],
    "S3": [
      [
        "PAT_1936",
        0,
        0.0
      ]
    ],
    "S141": [
      [
        "PAT_2443",
        0,
        1441.2168
      ],
      [
        "PAT_1127",
        0,
        4257.2296
      ]
    ],
    "S23": [
      [
        "PAT_2136",
        0,
        0.0
      ],
      [
        "PAT_2136",
        0,
        2707.0672
      ]
    ],
    "S82": [
      [
        "PAT_1101",
        0,
        0.0
      ],
      [
        "PAT_1259",
        0,
        4384.2971
      ]
    ],
    "S120": [
      [
        "PAT_1115",
        0,
        1056.9987
      ]
    ],
    "S51": [
      [
        "PAT_2305",
        0,
        0.0
      ],
      [
        "PAT_2305",
        0,
        3141.9469
      ]
    ],
    "S127": [
      [
        "PAT_2305",
        0,
        0.0
      ],
      [
        "PAT_2305",
        0,
        3141.9469
      ]
    ],
    "S148": [
      [
        "PAT_2305",
        0,
        0.0
      ],
      [
        "PAT_2305",
        0,
        3141.9469
      ]
    ],
    "S31": [
      [
        "PAT_1904",
        1,
        1244.4953
      ],
      [
        "PAT_1904",
        1,
        4558.7762
      ]
    ],
    "S1": [
      [
        "PAT_1504",
        0,
        0.0
      ],
      [
        "PAT_1504",
        0,
        3138.1067
      ]
    ],
    "S65": [
      [
        "PAT_0963",
        0,
        1596.1497
      ]
    ],
    "S38": [
      [
        "PAT_1859",
        0,
        2913.1571
      ],
      [
        "PAT_1859",
        0,
        6227.438
      ]
    ],