{
  "instance": "SYN_SWEEP5_SIZE_L_006",
  "method": "VNS_SA",
  "start_method": "greedy",
  "time_limit": 60.0,
  "cost": 13622.6319,
  "is_feasible": true,
  "unmet": {},
  "overprod": {
    "P10": 1,
    "P13": 1,
    "P16": 1
  },
  "elapsed_sec": 56.44,
  "active": {
    "S54": [
      [
        "PAT_1127",
        0,
        0.0
      ],
      [
        "PAT_0201",
        0,
        3191.5045
      ]
    ],
    "S19": [
      [
        "PAT_0583",
        0,
        0.0
      ],
      [
        "PAT_1126",
        0,
        3065.1647
      ]
    ],
    "S18": [
      [
        "PAT_0182",
        0,
        0.0
      ],
      [
        "PAT_0909",
        1,
        4234.6043
      ]
    ],
    "S14": [
      [
        "PAT_0457",
        0,
        0.0
      ],
      [
        "PAT_0034",
        0,
        1699.4755
      ],
      [
        "PAT_1127",
        0,
        3492.2722
      ]
    ],
    "S84": [
      [
        "PAT_0581",
        0,
        0.0
      ],
      [
        "PAT_0570",
        1,
        3065.1647
      ]
    ],
    "S7": [
      [
        "PAT_0561",
        0,
        0.0
      ],
      [
        "PAT_0456",
        1,
        2646.2366
      ],
      [
        "PAT_0426",
        0,
        4345.712100000001
      ]
    ],
    "S11": [
      [
        "PAT_0089",
        0,
        0.0
      ],
      [
        "PAT_0452",
        0,
        1177.0639
      ],
      [
        "PAT_0901",
        0,
        2876.5394
      ]
    ],
    "S80": [
      [
        "PAT_0817",
        0,
        0.0
      ],
      [
        "PAT_0468",
        0,
        3141.1789
      ]
    ],
    "S12": [
      [
        "PAT_0522",
        0,
        0.0
      ],
      [
        "PAT_0519",
        0,
        2646.2366
      ]
    ],
    "S88": [
      [
        "PAT_0065",
        0,
        0.0
      ],
      [
        "PAT_0065",
        0,
        1177.0639
      ],
      [
        "PAT_0065",
        0,
        2354.1278
      ],
      [
        "PAT_0579",
        0,
        3531.1917000000003
      ]
    ],
    "S50": [
      [
        "PAT_0411",
        0,
        0.0
      ],
      [
        "PAT_1125",
        0,
        3173.9448
      ]
    ],
    "S40": [
      [
        "PAT_0694",
        0,
        0.0
      ],
      [
        "PAT_0488",
        1,
        4457.9336
      ]
    ],
    "S39": [
      [
        "PAT_0502",
        0,
        0.0
      ],
      [
        "PAT_0582",
        0,
        2646.2366
      ]
    ],
    "S42": [
      [
        "PAT_0035",
        0,
        0.0
      ],
      [
        "PAT_0275",
        0,
        1177.0639
      ],
      [
        "PAT_0652",
        1,
        4601.18
      ]
    ],
    "S61": [
      [
        "PAT_0554",
        0,
        1177.0639
      ],
      [
        "PAT_0577",
        0,
        3910.3327
      ]
    ],
    "S86": [
      [
        "PAT_0619",
        0,
        0.0
      ],
      [
        "PAT_0496",
        0,
        3141.1789
      ]
    ],
    "S72": [
      [
        "PAT_0791",
        0,
        2915.658
      ]
    ],
    "S67": [
      [
        "PAT_0496",
        0,
        0.0
      ],
      [
        "PAT_0576",
        0,
        2646.2366
      ]
    ],
    "S77": [
      [
        "PAT_0210",
        0,
        1470.4395
      ]
    ],
    "S4": [
      [
        "PAT_0427",
        0,
        0.0
      ],
      [
        "PAT_0175",
        0,
        3173.9448
      ]
    ],
    "S46": [
      [
        "PAT_0583",
        0,
        0.0
      ],
      [
        "PAT_0143",
        0,
        3065.1647
      ]
    ]
  }
}