{
  "instance": "SYN_SWEEP5_SIZE_XL_025",
  "method": "SA",
  "start_method": "greedy",
  "time_limit": 60.0,
  "cost": 24925.3469,
  "is_feasible": true,
  "unmet": {},
  "overprod": {
    "P7": 1,
    "P9": 1,
    "P14": 1,
    "P23": 1
  },
  "elapsed_sec": 60.03,
  "active": {
    "S62": [
      [
        "PAT_1234",
        0,
        0.0
      ],
      [
        "PAT_0436",
        1,
        3456.9637999999995
      ],
      [
        "PAT_0401",
        0,
        6115.6152999999995
      ]
    ],
    "S113": [
      [
        "PAT_0045",
        0,
        0.0
      ],
      [
        "PAT_1207",
        0,
        3156.427
      ],
      [
        "PAT_0364",
        0,
        6440.656
      ]
    ],
    "S104": [
      [
        "PAT_0228",
        0,
        0.0
      ],
      [
        "PAT_0228",
        0,
        2901.4284
      ]
    ],
    "S111": [
      [
        "PAT_0108",
        0,
        0.0
      ],
      [
        "PAT_0217",
        0,
        5812.5775
      ]
    ],
    "S48": [
      [
        "PAT_0408",
        0,
        0.0
      ],
      [
        "PAT_0418",
        0,
        1410.4417
      ],
      [
        "PAT_1233",
        0,
        2842.3720000000008
      ],
      [
        "PAT_1233",
        0,
        6126.601000000001
      ]
    ],
    "S66": [
      [
        "PAT_0306",
        0,
        0.0
      ],
      [
        "PAT_0419",
        0,
        2901.4284
      ],
      [
        "PAT_0841",
        1,
        5097.1572
      ]
    ],
    "S42": [
      [
        "PAT_0640",
        0,
        0.0
      ],
      [
        "PAT_0289",
        0,
        4106.3857
      ]
    ],
    "S96": [
      [
        "PAT_0198",
        0,
        0.0
      ],
      [
        "PAT_0104",
        1,
        2901.4284
      ]
    ],
    "S69": [
      [
        "PAT_0202",
        0,
        0.0
      ],
      [
        "PAT_1225",
        0,
        3118.0669
      ]
    ],
    "S46": [
      [
        "PAT_0323",
        0,
        0.0
      ],
      [
        "PAT_0426",
        0,
        3103.2318000000005
      ],
      [
        "PAT_0115",
        0,
        4513.673500000001
      ]
    ],
    "S3": [
      [
        "PAT_0154",
        0,
        0.0
      ],
      [
        "PAT_0082",
        1,
        4173.7189
      ]
    ],
    "S138": [
      [
        "PAT_0413",
        0,
        0.0
      ],
      [
        "PAT_0470",
        0,
        1606.6174
      ],
      [
        "PAT_0470",
        0,
        3017.0591000000004
      ],
      [
        "PAT_0667",
        1,
        4427.500800000001
      ]
    ],
    "S49": [
      [
        "PAT_0045",
        0,
        0.0
      ],
      [
        "PAT_0420",
        0,
        4009.6202999999996
      ],
      [
        "PAT_1213",
        0,
        5420.062
      ]
    ],
    "S98": [
      [
        "PAT_0112",
        0,
        0.0
      ]
    ],
    "S63": [
      [
        "PAT_0367",
        0,
        0.0
      ],
      [
        "PAT_0186",
        0,
        2901.4284
      ],
      [
        "PAT_0462",
        1,
        7626.2988
      ]
    ],
    "S105": [
      [
        "PAT_1269",
        0,
        0.0
      ],
      [
        "PAT_0418",
        0,
        3284.229
      ],
      [
        "PAT_0045",
        0,
        4694.6707
      ]
    ],
    "S30": [
      [
        "PAT_0045",
        0,
        0.0
      ],
      [
        "PAT_0087",
        0,
        3156.427
      ]
    ],
    "S57": [
      [
        "PAT_0449",
        0,
        0.0
      ],
      [
        "PAT_0137",
        0,
        1410.4417
      ]
    ],
    "S107": [
      [
        "PAT_0112",
        0,
        1227.1111
      ]
    ],
    "S94": [
      [
        "PAT_0678",
        0,
        0.0
      ],
      [
        "PAT_0051",
        0,
        4106.3857
      ]
    ],
    "S6": [
      [
        "PAT_0401",
        0,
        1617.6118
      ],
      [
        "PAT_0735",
        0,
        5081.8595
      ]
    ],
    "S116": [
      [
        "PAT_0453",
        0,
        0.0
      ],
      [
        "PAT_0093",
        0,
        1410.4417
      ]
    ],
    "S91": [
      [
        "PAT_0108",
        0,
        631.1409
      ]
    ],
    "S54": [
      [
        "PAT_0401",
        0,
        0.0
      ],
      [
        "PAT_0465",
        0,
        2548.7155
      ],
      [
        "PAT_1045",
        0,
        3959.1571999999996
      ]
    ],
    "S67": [
      [
        "PAT_0051",
        0,
        0.0
      ],
      [
        "PAT_0361",
        1,
        4068.7601
      ]
    ],
    "S34": [
      [
        "PAT_0090",
        0,
        0.0
      ]
    ],
    "S119": [
      [
        "PAT_0424",
        0,
        0.0
      ],
      [
        "PAT_0726",
        0,
        1410.4417
      ],
      [
        "PAT_0417",
        0,
        5516.8274
      ]
    ],
    "S89": [
      [
        "PAT_0134",
        0,
        0.0
      ]
    ],
    "S19": [
      [
        "PAT_0134",
        0,
        0.0
      ]
    ],
    "S118": [
      [
        "PAT_0040",
        0,
        1127.5058
      ],
      [
        "PAT_0875",
        1,
        4283.9328000000005
      ]
    ],
    "S87": [
      [
        "PAT_0542",
        0,
        0.0
      ],
      [
        "PAT_1183",
        0,
        4106.3857
      ]
    ],
    "S14": [
      [
        "PAT_0676",
        0,
        0.0
      ]
    ],
    "S82": [
      [
        "PAT_0117",
        0,
        0.0
      ]
    ],
    "S112": [
      [
        "PAT_0102",
        0,
        0.0
      ],
      [
        "PAT_0057",
        0,
        4886.7837
      ]
    ],
    "S55": [
      [
        "PAT_0024",
        0,
        0.0
      ],
      [
        "PAT_0473",
        0,
        3156.427
      ],
      [
        "PAT_0189",
        0,
        4566.8687
      ]
    ],
    "S109": [
      [
        "PAT_0036",
        0,
        0.0
      ]
    ]
  }
}