{
  "instance": "SYN_SWEEP5_SIZE_XL_001",
  "method": "VNS_SA",
  "start_method": "greedy",
  "time_limit": 60.0,
  "cost": 31746.4588,
  "is_feasible": true,
  "unmet": {},
  "overprod": {
    "P1": 2,
    "P13": 1,
    "P28": 1,
    "P39": 2,
    "P41": 1
  },
  "elapsed_sec": 61.29,
  "active": {
    "S20": [
      [
        "PAT_18393",
        0,
        0.0
      ],
      [
        "PAT_18393",
        0,
        2711.7351
      ]
    ],
    "S98": [
      [
        "PAT_12659",
        0,
        0.0
      ],
      [
        "PAT_12659",
        0,
        1051.1847
      ],
      [
        "PAT_12659",
        0,
        2102.3694
      ],
      [
        "PAT_12659",
        0,
        3153.5541000000003
      ]
    ],
    "S64": [
      [
        "PAT_12357",
        0,
        0.0
      ]
    ],
    "S86": [
      [
        "PAT_12435",
        0,
        796.5569
      ]
    ],
    "S23": [
      [
        "PAT_12372",
        0,
        2032.6763
      ]
    ],
    "S95": [
      [
        "PAT_18283",
        0,
        0.0
      ],
      [
        "PAT_18283",
        0,
        2711.7351
      ]
    ],
    "S45": [
      [
        "PAT_17899",
        0,
        0.0
      ]
    ],
    "S14": [
      [
        "PAT_13127",
        0,
        1545.8162
      ]
    ],
    "S132": [
      [
        "PAT_13125",
        0,
        0.0
      ]
    ],
    "S44": [
      [
        "PAT_7001",
        0,
        0.0
      ],
      [
        "PAT_0022",
        1,
        3643.2853
      ]
    ],
    "S52": [
      [
        "PAT_13143",
        0,
        0.0
      ]
    ],
    "S54": [
      [
        "PAT_14940",
        0,
        1480.9062000000004
      ]
    ],
    "S93": [
      [
        "PAT_15081",
        0,
        0.0
      ]
    ],
    "S59": [
      [
        "PAT_13093",
        0,
        0.0
      ],
      [
        "PAT_2828",
        1,
        3850.232
      ]
    ],
    "S71": [
      [
        "PAT_17979",
        0,
        376.5094
      ]
    ],
    "S38": [
      [
        "PAT_7067",
        0,
        0.0
      ]
    ],
    "S32": [
      [
        "PAT_15081",
        0,
        0.0
      ]
    ],
    "S67": [
      [
        "PAT_7026",
        0,
        382.6583
      ]
    ],
    "S72": [
      [
        "PAT_12503",
        0,
        0.0
      ]
    ],
    "S88": [
      [
        "PAT_3773",
        0,
        0.0
      ],
      [
        "PAT_18266",
        0,
        1235.2436
      ]
    ],
    "S69": [
      [
        "PAT_13710",
        0,
        0.0
      ]
    ],
    "S126": [
      [
        "PAT_13912",
        0,
        0.0
      ],
      [
        "PAT_3674",
        2,
        3850.232
      ]
    ],
    "S134": [
      [
        "PAT_7001",
        0,
        0.0
      ]
    ],
    "S96": [
      [
        "PAT_12094",
        0,
        1005.7132
      ]
    ],
    "S138": [
      [
        "PAT_13437",
        0,
        0.0
      ]
    ],
    "S46": [
      [
        "PAT_11499",
        0,
        0.0
      ]
    ],
    "S73": [
      [
        "PAT_12685",
        0,
        0.0
      ],
      [
        "PAT_12927",
        0,
        1114.7139
      ],
      [
        "PAT_17950",
        0,
        2165.8986
      ]
    ],
    "S104": [
      [
        "PAT_17861",
        0,
        0.0
      ],
      [
        "PAT_17861",
        0,
        2841.7035
      ]
    ],
    "S89": [
      [
        "PAT_13127",
        0,
        1235.2436
      ]
    ],
    "S110": [
      [
        "PAT_7001",
        0,
        0.0
      ]
    ],
    "S124": [
      [
        "PAT_17352",
        0,
        534.8306
      ],
      [
        "PAT_12784",
        0,
        3379.4959
      ]
    ],
    "S6": [
      [
        "PAT_17164",
        0,
        1588.3042
      ]
    ],
    "S120": [
      [
        "PAT_3805",
        0,
        0.0
      ],
      [
        "PAT_17801",
        0,
        1235.2436
      ]
    ],
    "S33": [
      [
        "PAT_9946",
        0,
        0.0
      ]
    ],
    "S35": [
      [
        "PAT_9946",
        1,
        2054.5858
      ]
    ],
    "S129": [
      [
        "PAT_12875",
        0,
        0.0
      ],
      [
        "PAT_12875",
        0,
        1051.1847
      ],
      [
        "PAT_12875",
        0,
        2102.3694
      ],
      [
        "PAT_3062",
        0,
        3153.5541000000003
      ],
      [
        "PAT_3062",
        0,
        4388.7977
      ]
    ],
    "S31": [
      [
        "PAT_13093",
        0,
        0.0
      ]
    ],
    "S62": [
      [
        "PAT_9392",
        0,
        0.0
      ]
    ],
    "S22": [
      [
        "PAT_13119",
        0,
        0.0
      ]
    ],
    "S58": [
      [
        "PAT_13545",
        0,
        1993.7096000000001
      ]
    ],
    "S63": [
      [
        "PAT_12213",
        0,
        1823.6752
      ]
    ],
    "S114": [
      [
        "PAT_18431",
        0,
        0.0
      ],
      [
        "PAT_12748",
        1,
        2711.7351
      ]
    ],
    "S29": [
      [
        "PAT_7001",
        0,
        0.0
      ]
    ],
    "S84": [
      [
        "PAT_6954",
        0,
        0.0
      ],
      [
        "PAT_12794",
        0,
        1235.2436
      ],
      [
        "PAT_12794",
        0,
        2286.4283
      ]
    ],
    "S1": [
      [
        "PAT_7019",
        0,
        701.5522
      ],
      [
        "PAT_12804",
        1,
        4344.8375
      ]
    ],
    "S139": [
      [
        "PAT_0072",
        0,
        0.0
      ],
      [
        "PAT_17980",
        0,
        2344.7464
      ]
    ],
    "S49": [
      [
        "PAT_0886",
        0,
        1862.8646
      ],
      [
        "PAT_0886",
        0,
        3098.1082
      ]
    ],
    "S92": [
      [
        "PAT_17747",
        0,
        0.0
      ],
      [
        "PAT_17342",
        0,
        2841.7035
      ]
    ],
    "S115": [
      [
        "PAT_7001",
        0,
        0.0
      ]
    ],
    "S30": [
      [
        "PAT_1430",
        0,
        0.0
      ],
      [
        "PAT_12795",
        0,
        1235.2436
      ],
      [
        "PAT_13111",
        0,
        2286.4283
      ]
    ],
    "S116": [
      [
        "PAT_11225",
        0,
        0.0
      ]
    ],
    "S111": [
      [
        "PAT_11521",
        0,
        0.0
      ]
    ],
    "S117": [
      [
        "PAT_10490",
        0,
        535.5939
      ]
    ],
    "S17": [
      [
        "PAT_18204",
        0,
        1274.9326
      ]
    ],
    "S28": [
      [
        "PAT_7063",
        0,
        1983.7223
      ]
    ],
    "S91": [
      [
        "PAT_11087",
        0,
        0.0
      ]
    ],
    "S68": [
      [
        "PAT_12266",
        0,
        0.0
      ]
    ],
    "S122": [
      [
        "PAT_18090",
        0,
        0.0
      ]
    ],
    "S135": [
      [
        "PAT_7001",
        0,
        2375.186
      ]
    ],
    "S113": [
      [
        "PAT_7001",
        0,
        0.0
      ]
    ],
    "S16": [
      [
        "PAT_11499",
        0,
        1517.9214
      ]
    ],
    "S75": [
      [
        "PAT_7063",
        0,
        0.0
      ]
    ],
    "S50": [
      [
        "PAT_7001",
        0,
        0.0
      ]
    ],
    "S27": [
      [
        "PAT_11546",
        0,
        0.0
      ]
    ]
  }
}