{
  "instance": "SYN_SWEEP5_SIZE_L_004",
  "method": "TS",
  "start_method": "greedy",
  "time_limit": 60.0,
  "cost": 14944.0412,
  "is_feasible": true,
  "unmet": {},
  "overprod": {
    "P7": 2,
    "P8": 1,
    "P9": 1,
    "P13": 1,
    "P22": 1
  },
  "elapsed_sec": 60.03,
  "active": {
    "S21": [
      [
        "PAT_11713",
        0,
        0.0
      ]
    ],
    "S25": [
      [
        "PAT_0550",
        0,
        0.0
      ],
      [
        "PAT_0550",
        0,
        2713.7537
      ]
    ],
    "S65": [
      [
        "PAT_0543",
        0,
        0.0
      ],
      [
        "PAT_0543",
        0,
        2713.7537
      ]
    ],
    "S49": [
      [
        "PAT_0539",
        0,
        1226.5005
      ],
      [
        "PAT_0539",
        0,
        3940.2542000000003
      ]
    ],
    "S5": [
      [
        "PAT_0635",
        0,
        0.0
      ],
      [
        "PAT_0743",
        1,
        5005.3969
      ]
    ],
    "S26": [
      [
        "PAT_0495",
        0,
        1489.8719
      ]
    ],
    "S15": [
      [
        "PAT_11705",
        0,
        2451.3513
      ]
    ],
    "S59": [
      [
        "PAT_11753",
        0,
        0.0
      ]
    ],
    "S42": [
      [
        "PAT_0527",
        0,
        0.0
      ],
      [
        "PAT_0029",
        0,
        3064.0945000000006
      ]
    ],
    "S43": [
      [
        "PAT_0114",
        0,
        1270.0878
      ]
    ],
    "S7": [
      [
        "PAT_11751",
        0,
        0.0
      ]
    ],
    "S66": [
      [
        "PAT_11747",
        0,
        0.0
      ]
    ],
    "S16": [
      [
        "PAT_11747",
        0,
        0.0
      ],
      [
        "PAT_10539",
        1,
        4547.8123
      ],
      [
        "PAT_5665",
        2,
        5347.8123
      ]
    ],
    "S53": [
      [
        "PAT_0031",
        0,
        849.5185
      ]
    ],
    "S52": [
      [
        "PAT_0031",
        0,
        1645.1325
      ]
    ],
    "S35": [
      [
        "PAT_0024",
        0,
        2748.3919
      ]
    ],
    "S60": [
      [
        "PAT_0024",
        0,
        0.0
      ]
    ],
    "S9": [
      [
        "PAT_0031",
        0,
        0.0
      ]
    ],
    "S18": [
      [
        "PAT_0031",
        0,
        1564.7682
      ]
    ],
    "S39": [
      [
        "PAT_0748",
        0,
        0.0
      ],
      [
        "PAT_0748",
        0,
        800.0
      ],
      [
        "PAT_0025",
        0,
        1600.0
      ]
    ],
    "S55": [
      [
        "PAT_0637",
        0,
        0.0
      ]
    ],
    "S38": [
      [
        "PAT_11363",
        0,
        0.0
      ],
      [
        "PAT_11363",
        0,
        800.0
      ],
      [
        "PAT_11747",
        0,
        1600.0
      ]
    ],
    "S63": [
      [
        "PAT_9329",
        0,
        0.0
      ],
      [
        "PAT_11718",
        0,
        2199.0111
      ]
    ],
    "S10": [
      [
        "PAT_0655",
        0,
        1675.2921000000001
      ]
    ],
    "S8": [
      [
        "PAT_0260",
        0,
        0.0
      ]
    ],
    "S33": [
      [
        "PAT_0137",
        0,
        0.0
      ]
    ],
    "S2": [
      [
        "PAT_10033",
        0,
        0.0
      ],
      [
        "PAT_0755",
        0,
        800.0
      ],
      [
        "PAT_0362",
        0,
        1867.6078
      ]
    ],
    "S12": [
      [
        "PAT_4617",
        0,
        1253.783
      ],
      [
        "PAT_0438",
        0,
        2053.783
      ]
    ]
  }
}