{
  "instance": "SYN_SWEEP5_SIZE_L_004",
  "method": "FI",
  "start_method": "greedy",
  "time_limit": 60.0,
  "cost": 15016.3453,
  "is_feasible": true,
  "unmet": {},
  "overprod": {
    "P3": 1,
    "P7": 1,
    "P22": 1
  },
  "elapsed_sec": 60.02,
  "active": {
    "S10": [
      [
        "PAT_0658",
        0,
        875.2921
      ],
      [
        "PAT_1299",
        0,
        4395.2672
      ]
    ],
    "S12": [
      [
        "PAT_0441",
        0,
        1253.783
      ]
    ],
    "S21": [
      [
        "PAT_11713",
        0,
        0.0
      ],
      [
        "PAT_0746",
        0,
        4475.6663
      ]
    ],
    "S25": [
      [
        "PAT_0550",
        0,
        0.0
      ],
      [
        "PAT_0550",
        0,
        2713.7537
      ]
    ],
    "S65": [
      [
        "PAT_0543",
        0,
        0.0
      ],
      [
        "PAT_0543",
        0,
        2713.7537
      ]
    ],
    "S2": [
      [
        "PAT_10080",
        0,
        0.0
      ],
      [
        "PAT_0755",
        0,
        1841.2975000000001
      ],
      [
        "PAT_0362",
        0,
        2641.2975
      ]
    ],
    "S63": [
      [
        "PAT_0742",
        0,
        0.0
      ],
      [
        "PAT_11718",
        0,
        2199.0111
      ]
    ],
    "S49": [
      [
        "PAT_0539",
        0,
        1226.5005
      ],
      [
        "PAT_0539",
        0,
        3940.2542000000003
      ]
    ],
    "S5": [
      [
        "PAT_0635",
        0,
        0.0
      ],
      [
        "PAT_0743",
        1,
        5005.3969
      ]
    ],
    "S26": [
      [
        "PAT_0495",
        0,
        1489.8719
      ]
    ],
    "S15": [
      [
        "PAT_11705",
        0,
        2451.3513
      ]
    ],
    "S59": [
      [
        "PAT_11753",
        0,
        0.0
      ]
    ],
    "S42": [
      [
        "PAT_0527",
        0,
        0.0
      ],
      [
        "PAT_0029",
        0,
        3064.0945000000006
      ]
    ],
    "S43": [
      [
        "PAT_0114",
        0,
        1270.0878
      ]
    ],
    "S7": [
      [
        "PAT_11751",
        0,
        0.0
      ]
    ],
    "S39": [
      [
        "PAT_0025",
        0,
        0.0
      ],
      [
        "PAT_0748",
        1,
        4107.7613
      ],
      [
        "PAT_0748",
        1,
        4907.7613
      ]
    ],
    "S66": [
      [
        "PAT_11747",
        0,
        0.0
      ]
    ],
    "S38": [
      [
        "PAT_11747",
        0,
        0.0
      ],
      [
        "PAT_11363",
        1,
        4547.8123
      ],
      [
        "PAT_11363",
        1,
        5347.8123
      ]
    ],
    "S16": [
      [
        "PAT_11747",
        0,
        0.0
      ],
      [
        "PAT_10539",
        1,
        4547.8123
      ],
      [
        "PAT_5665",
        2,
        5347.8123
      ]
    ],
    "S30": [
      [
        "PAT_0632",
        0,
        0.0
      ]
    ],
    "S53": [
      [
        "PAT_0031",
        0,
        849.5185
      ]
    ],
    "S52": [
      [
        "PAT_0031",
        0,
        1645.1325
      ]
    ],
    "S35": [
      [
        "PAT_0024",
        0,
        2748.3919
      ]
    ],
    "S60": [
      [
        "PAT_0024",
        0,
        0.0
      ]
    ],
    "S9": [
      [
        "PAT_0031",
        0,
        0.0
      ]
    ],
    "S18": [
      [
        "PAT_0031",
        0,
        1564.7682
      ]
    ],
    "S33": [
      [
        "PAT_0024",
        0,
        0.0
      ]
    ],
    "S8": [
      [
        "PAT_0031",
        0,
        0.0
      ]
    ]
  }
}