{
  "instance": "SYN_SWEEP5_SIZE_L_001",
  "method": "SA",
  "start_method": "multistart",
  "time_limit": 60.0,
  "cost": 17349.128,
  "is_feasible": true,
  "unmet": {},
  "overprod": {
    "P3": 1,
    "P10": 1,
    "P16": 1,
    "P17": 1,
    "P19": 3
  },
  "elapsed_sec": 60.16,
  "active": {
    "S68": [
      [
        "PAT_3168",
        0,
        0.0
      ],
      [
        "PAT_3150",
        0,
        2451.4772
      ],
      [
        "PAT_3150",
        0,
        4801.215399999999
      ]
    ],
    "S18": [
      [
        "PAT_2548",
        0,
        0.0
      ],
      [
        "PAT_4005",
        0,
        2544.7821000000004
      ]
    ],
    "S28": [
      [
        "PAT_3999",
        0,
        0.0
      ],
      [
        "PAT_3999",
        1,
        4395.4249
      ]
    ],
    "S81": [
      [
        "PAT_2721",
        0,
        0.0
      ],
      [
        "PAT_5863",
        0,
        2464.1753999999996
      ],
      [
        "PAT_5741",
        0,
        5104.215099999999
      ]
    ],
    "S10": [
      [
        "PAT_4000",
        0,
        0.0
      ],
      [
        "PAT_5510",
        0,
        4395.4249
      ]
    ],
    "S22": [
      [
        "PAT_5029",
        0,
        0.0
      ]
    ],
    "S67": [
      [
        "PAT_5371",
        0,
        0.0
      ],
      [
        "PAT_2703",
        0,
        4395.4249
      ]
    ],
    "S2": [
      [
        "PAT_3995",
        0,
        0.0
      ],
      [
        "PAT_0104",
        0,
        4395.4249
      ]
    ],
    "S5": [
      [
        "PAT_0403",
        0,
        0.0
      ],
      [
        "PAT_3155",
        0,
        3724.3268
      ]
    ],
    "S8": [
      [
        "PAT_5682",
        0,
        0.0
      ],
      [
        "PAT_5834",
        0,
        2519.9689
      ]
    ],
    "S25": [
      [
        "PAT_4524",
        0,
        0.0
      ],
      [
        "PAT_4496",
        0,
        4395.4249
      ]
    ],
    "S6": [
      [
        "PAT_4686",
        0,
        0.0
      ]
    ],
    "S78": [
      [
        "PAT_5029",
        0,
        0.0
      ],
      [
        "PAT_2384",
        0,
        5008.4944
      ]
    ],
    "S42": [
      [
        "PAT_2345",
        0,
        0.0
      ],
      [
        "PAT_2149",
        0,
        3127.8054
      ]
    ],
    "S7": [
      [
        "PAT_5260",
        0,
        1126.6593
      ]
    ],
    "S72": [
      [
        "PAT_2390",
        0,
        0.0
      ],
      [
        "PAT_3179",
        0,
        3803.4146
      ],
      [
        "PAT_2549",
        0,
        5685.0666
      ]
    ],
    "S45": [
      [
        "PAT_5674",
        0,
        0.0
      ],
      [
        "PAT_5674",
        0,
        2519.9689
      ],
      [
        "PAT_2687",
        0,
        5039.9378
      ]
    ],
    "S74": [
      [
        "PAT_2462",
        0,
        0.0
      ],
      [
        "PAT_3623",
        1,
        3803.4146
      ]
    ],
    "S56": [
      [
        "PAT_3863",
        0,
        1575.1553
      ],
      [
        "PAT_3863",
        0,
        4524.4362
      ]
    ],
    "S37": [
      [
        "PAT_0698",
        0,
        0.0
      ],
      [
        "PAT_0698",
        0,
        2462.4922
      ]
    ],
    "S13": [
      [
        "PAT_3473",
        0,
        0.0
      ],
      [
        "PAT_4603",
        0,
        2949.2809
      ]
    ],
    "S63": [
      [
        "PAT_0134",
        0,
        0.0
      ],
      [
        "PAT_5100",
        0,
        2462.4922
      ]
    ],
    "S58": [
      [
        "PAT_5833",
        0,
        1353.5019
      ],
      [
        "PAT_0178",
        0,
        3993.5415999999996
      ]
    ],
    "S46": [
      [
        "PAT_2642",
        0,
        0.0
      ],
      [
        "PAT_2642",
        0,
        2349.7382
      ],
      [
        "PAT_3164",
        0,
        4699.4764
      ]
    ],
    "S36": [
      [
        "PAT_3586",
        0,
        0.0
      ],
      [
        "PAT_2431",
        0,
        2949.2809
      ]
    ],
    "S27": [
      [
        "PAT_5674",
        0,
        1483.8814
      ],
      [
        "PAT_5674",
        0,
        4003.8503
      ]
    ],
    "S33": [
      [
        "PAT_2045",
        0,
        0.0
      ],
      [
        "PAT_5694",
        0,
        2462.4922
      ]
    ]
  }
}