{
  "instance": "SYN_SWEEP5_SIZE_L_001",
  "method": "VNS_SA",
  "start_method": "multistart",
  "time_limit": 60.0,
  "cost": 18227.2219,
  "is_feasible": true,
  "unmet": {},
  "overprod": {
    "P13": 1,
    "P16": 1,
    "P18": 1,
    "P19": 1,
    "P26": 1,
    "P27": 2
  },
  "elapsed_sec": 60.05,
  "active": {
    "S81": [
      [
        "PAT_3162",
        0,
        0.0
      ],
      [
        "PAT_5817",
        0,
        2238.684
      ],
      [
        "PAT_5817",
        0,
        4878.7237000000005
      ]
    ],
    "S78": [
      [
        "PAT_2383",
        0,
        0.0
      ],
      [
        "PAT_2383",
        0,
        3803.4146
      ]
    ],
    "S58": [
      [
        "PAT_5832",
        0,
        1353.5019
      ],
      [
        "PAT_5832",
        0,
        3993.5415999999996
      ]
    ],
    "S10": [
      [
        "PAT_4000",
        0,
        0.0
      ],
      [
        "PAT_0942",
        1,
        4866.8686
      ]
    ],
    "S67": [
      [
        "PAT_4843",
        0,
        0.0
      ],
      [
        "PAT_3152",
        0,
        4403.0563
      ]
    ],
    "S6": [
      [
        "PAT_3999",
        0,
        0.0
      ]
    ],
    "S27": [
      [
        "PAT_3169",
        0,
        2671.9429
      ],
      [
        "PAT_5674",
        0,
        4553.5949
      ]
    ],
    "S33": [
      [
        "PAT_2658",
        0,
        0.0
      ],
      [
        "PAT_2369",
        0,
        2349.7382
      ]
    ],
    "S55": [
      [
        "PAT_5040",
        0,
        0.0
      ],
      [
        "PAT_3175",
        0,
        4395.4249
      ]
    ],
    "S63": [
      [
        "PAT_4024",
        0,
        0.0
      ],
      [
        "PAT_0054",
        0,
        4395.4249
      ]
    ],
    "S5": [
      [
        "PAT_0370",
        0,
        0.0
      ],
      [
        "PAT_2934",
        0,
        3724.3268
      ]
    ],
    "S45": [
      [
        "PAT_5674",
        0,
        0.0
      ],
      [
        "PAT_5674",
        0,
        2519.9689
      ],
      [
        "PAT_3024",
        0,
        5039.9378
      ]
    ],
    "S25": [
      [
        "PAT_4613",
        0,
        0.0
      ],
      [
        "PAT_4496",
        0,
        4395.4249
      ]
    ],
    "S13": [
      [
        "PAT_2009",
        0,
        0.0
      ],
      [
        "PAT_4474",
        0,
        2462.4922
      ]
    ],
    "S46": [
      [
        "PAT_2736",
        0,
        0.0
      ],
      [
        "PAT_2736",
        0,
        2349.7382
      ],
      [
        "PAT_3067",
        0,
        4699.4764
      ]
    ],
    "S36": [
      [
        "PAT_3325",
        0,
        0.0
      ],
      [
        "PAT_3502",
        1,
        3936.2861
      ]
    ],
    "S74": [
      [
        "PAT_2461",
        0,
        0.0
      ],
      [
        "PAT_2461",
        0,
        3803.4146
      ]
    ],
    "S28": [
      [
        "PAT_0049",
        0,
        0.0
      ],
      [
        "PAT_0049",
        0,
        2462.4922
      ],
      [
        "PAT_0049",
        0,
        4924.9844
      ]
    ],
    "S68": [
      [
        "PAT_3154",
        0,
        1923.6793
      ],
      [
        "PAT_4005",
        0,
        3977.2798999999995
      ]
    ],
    "S24": [
      [
        "PAT_5443",
        0,
        1381.4364
      ]
    ],
    "S80": [
      [
        "PAT_2125",
        0,
        0.0
      ],
      [
        "PAT_0335",
        1,
        4208.1919
      ]
    ],
    "S72": [
      [
        "PAT_5683",
        0,
        0.0
      ],
      [
        "PAT_2549",
        0,
        2519.9689
      ],
      [
        "PAT_2549",
        0,
        4869.7071
      ]
    ],
    "S4": [
      [
        "PAT_5674",
        0,
        991.9669
      ]
    ],
    "S30": [
      [
        "PAT_3994",
        0,
        1733.8167
      ]
    ],
    "S7": [
      [
        "PAT_3994",
        0,
        1275.3685
      ]
    ],
    "S37": [
      [
        "PAT_0284",
        0,
        0.0
      ],
      [
        "PAT_3542",
        0,
        2462.4922
      ]
    ],
    "S22": [
      [
        "PAT_5219",
        0,
        0.0
      ]
    ],
    "S56": [
      [
        "PAT_3819",
        0,
        1575.1553
      ],
      [
        "PAT_3584",
        0,
        4524.4362
      ]
    ],
    "S8": [
      [
        "PAT_3154",
        0,
        0.0
      ],
      [
        "PAT_5548",
        0,
        1881.652
      ]
    ],
    "S2": [
      [
        "PAT_5510",
        0,
        0.0
      ],
      [
        "PAT_5691",
        0,
        4395.4249
      ]
    ]
  }
}