{
  "instance": "SYN_SWEEP5_SIZE_XL_012",
  "method": "SD",
  "start_method": "multistart",
  "time_limit": 60.0,
  "cost": 31399.4953,
  "is_feasible": true,
  "unmet": {},
  "overprod": {
    "P6": 2,
    "P8": 1,
    "P16": 1,
    "P25": 5,
    "P30": 1,
    "P31": 1,
    "P33": 1,
    "P38": 1,
    "P39": 1,
    "P40": 3,
    "P42": 1,
    "P43": 2
  },
  "elapsed_sec": 289.54,
  "active": {
    "S108": [
      [
        "PAT_12297",
        0,
        0.0
      ],
      [
        "PAT_12297",
        0,
        2992.5542
      ],
      [
        "PAT_12297",
        0,
        5985.1084
      ]
    ],
    "S142": [
      [
        "PAT_12840",
        0,
        0.0
      ],
      [
        "PAT_12840",
        0,
        1770.9116
      ],
      [
        "PAT_12840",
        0,
        3541.8232
      ],
      [
        "PAT_12840",
        0,
        5312.7348
      ]
    ],
    "S14": [
      [
        "PAT_10613",
        0,
        2791.9013
      ]
    ],
    "S73": [
      [
        "PAT_14497",
        0,
        0.0
      ],
      [
        "PAT_14497",
        0,
        3025.2007
      ],
      [
        "PAT_16525",
        0,
        6050.4014
      ]
    ],
    "S105": [
      [
        "PAT_11814",
        0,
        0.0
      ],
      [
        "PAT_11814",
        0,
        3576.3951
      ]
    ],
    "S47": [
      [
        "PAT_10157",
        0,
        0.0
      ],
      [
        "PAT_10157",
        0,
        3963.4487
      ]
    ],
    "S119": [
      [
        "PAT_14904",
        0,
        989.9709
      ],
      [
        "PAT_14904",
        0,
        4015.1715999999997
      ]
    ],
    "S61": [
      [
        "PAT_16539",
        0,
        2347.9224
      ],
      [
        "PAT_16539",
        0,
        4864.35
      ]
    ],
    "S132": [
      [
        "PAT_10982",
        0,
        1461.727
      ],
      [
        "PAT_10982",
        0,
        4760.0407000000005
      ]
    ],
    "S23": [
      [
        "PAT_14443",
        0,
        4052.1744
      ]
    ],
    "S20": [
      [
        "PAT_10217",
        0,
        0.0
      ],
      [
        "PAT_12920",
        1,
        5004.5034
      ]
    ],
    "S141": [
      [
        "PAT_10233",
        0,
        0.0
      ],
      [
        "PAT_10233",
        0,
        3298.3137
      ]
    ],
    "S2": [
      [
        "PAT_11731",
        0,
        0.0
      ],
      [
        "PAT_11731",
        0,
        3298.3137
      ]
    ],
    "S30": [
      [
        "PAT_12072",
        0,
        0.0
      ],
      [
        "PAT_12072",
        0,
        2992.5542
      ]
    ],
    "S38": [
      [
        "PAT_11368",
        0,
        0.0
      ],
      [
        "PAT_16520",
        1,
        4646.5672
      ]
    ],
    "S94": [
      [
        "PAT_10223",
        0,
        0.0
      ],
      [
        "PAT_10223",
        0,
        3298.3137
      ]
    ],
    "S81": [
      [
        "PAT_11270",
        0,
        0.0
      ],
      [
        "PAT_11270",
        0,
        3298.3137
      ],
      [
        "PAT_16519",
        0,
        6596.6274
      ]
    ],
    "S127": [
      [
        "PAT_10005",
        0,
        4328.7466
      ]
    ],
    "S7": [
      [
        "PAT_11876",
        0,
        2664.7418
      ],
      [
        "PAT_11876",
        0,
        5657.296
      ]
    ],
    "S45": [
      [
        "PAT_11816",
        0,
        0.0
      ],
      [
        "PAT_13711",
        1,
        4947.6465
      ]
    ],
    "S41": [
      [
        "PAT_10004",
        0,
        1501.7257
      ]
    ],
    "S112": [
      [
        "PAT_12943",
        0,
        2049.9989
      ],
      [
        "PAT_12943",
        0,
        5075.1996
      ]
    ],
    "S8": [
      [
        "PAT_12985",
        0,
        0.0
      ],
      [
        "PAT_12985",
        0,
        3025.2007
      ]
    ],
    "S129": [
      [
        "PAT_13719",
        0,
        1059.3066
      ],
      [
        "PAT_13719",
        0,
        4084.5072999999998
      ]
    ],
    "S39": [
      [
        "PAT_10227",
        0,
        3604.1607
      ]
    ],
    "S99": [
      [
        "PAT_15611",
        0,
        1732.8504
      ],
      [
        "PAT_15611",
        0,
        4758.0511
      ]
    ],
    "S31": [
      [
        "PAT_11736",
        0,
        3074.8585
      ]
    ],
    "S72": [
      [
        "PAT_11827",
        0,
        3890.9212
      ]
    ],
    "S68": [
      [
        "PAT_10001",
        0,
        1713.7411
      ]
    ],
    "S100": [
      [
        "PAT_8893",
        0,
        0.0
      ],
      [
        "PAT_8893",
        0,
        4016.182
      ]
    ],
    "S131": [
      [
        "PAT_24250",
        0,
        0.0
      ],
      [
        "PAT_24250",
        0,
        3043.4791
      ],
      [
        "PAT_24250",
        0,
        6086.9582
      ]
    ],
    "S106": [
      [
        "PAT_6168",
        0,
        0.0
      ],
      [
        "PAT_6168",
        0,
        4016.182
      ]
    ],
    "S1": [
      [
        "PAT_19011",
        0,
        0.0
      ],
      [
        "PAT_19011",
        0,
        3043.4791
      ]
    ],
    "S13": [
      [
        "PAT_16559",
        0,
        4495.7792
      ]
    ],
    "S126": [
      [
        "PAT_12968",
        0,
        0.0
      ]
    ],
    "S80": [
      [
        "PAT_3874",
        0,
        0.0
      ],
      [
        "PAT_3874",
        0,
        4016.182
      ]
    ],
    "S77": [
      [
        "PAT_8109",
        0,
        0.0
      ],
      [
        "PAT_16615",
        1,
        4016.182
      ]
    ],
    "S101": [
      [
        "PAT_23829",
        0,
        0.0
      ],
      [
        "PAT_23829",
        0,
        3043.4791
      ]
    ],
    "S67": [
      [
        "PAT_3487",
        0,
        2948.904
      ]
    ],
    "S56": [
      [
        "PAT_0039",
        0,
        0.0
      ],
      [
        "PAT_0039",
        0,
        4016.182
      ]
    ],
    "S44": [
      [
        "PAT_5254",
        0,
        659.9187
      ]
    ],
    "S128": [
      [
        "PAT_23461",
        0,
        0.0
      ],
      [
        "PAT_23461",
        0,
        3043.4791
      ]
    ],
    "S92": [
      [
        "PAT_0047",
        0,
        2852.5368
      ]
    ],
    "S134": [
      [
        "PAT_0004",
        0,
        3776.6961
      ]
    ],
    "S145": [
      [
        "PAT_17018",
        0,
        0.0
      ],
      [
        "PAT_17018",
        0,
        3043.4791
      ]
    ],
    "S60": [
      [
        "PAT_0052",
        0,
        0.0
      ]
    ],
    "S90": [
      [
        "PAT_0052",
        0,
        2554.4515
      ]
    ],
    "S95": [
      [
        "PAT_0003",
        0,
        2382.9736
      ]
    ],
    "S102": [
      [
        "PAT_16619",
        0,
        2786.804
      ],
      [
        "PAT_16619",
        0,
        5830.283100000001
      ]
    ],
    "S17": [
      [
        "PAT_16619",
        0,
        2676.3153
      ],
      [
        "PAT_16619",
        0,
        5719.794400000001
      ]
    ],
    "S98": [
      [
        "PAT_16563",
        0,
        0.0
      ],
      [
        "PAT_16563",
        0,
        3043.4791
      ]
    ],