{
  "instance": "SYN_SWEEP5_SIZE_XL_026",
  "method": "SA",
  "start_method": "greedy",
  "time_limit": 60.0,
  "cost": 19128.1721,
  "is_feasible": true,
  "unmet": {},
  "overprod": {
    "P4": 1,
    "P5": 1,
    "P10": 1,
    "P19": 2
  },
  "elapsed_sec": 60.04,
  "active": {
    "S25": [
      [
        "PAT_0112",
        0,
        1900.1122999999998
      ]
    ],
    "S71": [
      [
        "PAT_0817",
        0,
        0.0
      ],
      [
        "PAT_0822",
        0,
        3470.0942
      ]
    ],
    "S115": [
      [
        "PAT_0596",
        0,
        0.0
      ],
      [
        "PAT_0042",
        0,
        2450.966
      ],
      [
        "PAT_0042",
        0,
        5124.7623
      ]
    ],
    "S106": [
      [
        "PAT_0062",
        0,
        2537.6201999999994
      ],
      [
        "PAT_0693",
        0,
        5211.416499999999
      ]
    ],
    "S39": [
      [
        "PAT_0148",
        0,
        0.0
      ],
      [
        "PAT_0094",
        0,
        2186.7219999999998
      ],
      [
        "PAT_0217",
        0,
        4860.5183
      ]
    ],
    "S47": [
      [
        "PAT_0199",
        0,
        0.0
      ],
      [
        "PAT_0055",
        0,
        2266.6043
      ],
      [
        "PAT_0214",
        0,
        4940.4006
      ],
      [
        "PAT_0131",
        2,
        7207.0049
      ]
    ],
    "S17": [
      [
        "PAT_0897",
        0,
        1448.4243
      ],
      [
        "PAT_0075",
        0,
        5078.1636
      ]
    ],
    "S134": [
      [
        "PAT_0903",
        0,
        0.0
      ],
      [
        "PAT_0897",
        0,
        3456.7602
      ]
    ],
    "S138": [
      [
        "PAT_0047",
        0,
        0.0
      ],
      [
        "PAT_0003",
        0,
        2673.7963
      ]
    ],
    "S78": [
      [
        "PAT_0914",
        0,
        0.0
      ],
      [
        "PAT_0822",
        0,
        4578.5231
      ]
    ],
    "S35": [
      [
        "PAT_0143",
        0,
        0.0
      ],
      [
        "PAT_0003",
        0,
        1635.3597
      ]
    ],
    "S80": [
      [
        "PAT_0290",
        0,
        0.0
      ],
      [
        "PAT_0883",
        0,
        3671.9543
      ]
    ],
    "S10": [
      [
        "PAT_0934",
        0,
        757.3048
      ],
      [
        "PAT_0377",
        0,
        4214.0650000000005
      ]
    ],
    "S75": [
      [
        "PAT_0143",
        0,
        0.0
      ],
      [
        "PAT_0817",
        0,
        3681.6484
      ]
    ],
    "S136": [
      [
        "PAT_0869",
        0,
        0.0
      ],
      [
        "PAT_0821",
        0,
        3456.7602
      ]
    ],
    "S33": [
      [
        "PAT_0131",
        0,
        0.0
      ],
      [
        "PAT_0139",
        0,
        1263.7420000000002
      ],
      [
        "PAT_0139",
        0,
        2899.1017
      ],
      [
        "PAT_0048",
        0,
        4534.4614
      ]
    ],
    "S98": [
      [
        "PAT_0822",
        0,
        0.0
      ],
      [
        "PAT_0816",
        0,
        3219.0712
      ]
    ],
    "S95": [
      [
        "PAT_0186",
        0,
        0.0
      ],
      [
        "PAT_0143",
        0,
        2266.6043
      ],
      [
        "PAT_0544",
        0,
        3901.964
      ]
    ],
    "S5": [
      [
        "PAT_0309",
        0,
        0.0
      ],
      [
        "PAT_0817",
        1,
        2457.425
      ]
    ],
    "S18": [
      [
        "PAT_0818",
        0,
        0.0
      ],
      [
        "PAT_0117",
        0,
        3219.0712
      ],
      [
        "PAT_0132",
        1,
        5795.8355
      ]
    ],
    "S30": [
      [
        "PAT_0079",
        0,
        0.0
      ],
      [
        "PAT_0444",
        0,
        2673.7963
      ]
    ],
    "S105": [
      [
        "PAT_0311",
        0,
        0.0
      ],
      [
        "PAT_0943",
        0,
        2351.8047
      ]
    ],
    "S101": [
      [
        "PAT_0305",
        0,
        0.0
      ],
      [
        "PAT_0897",
        0,
        2351.8047
      ]
    ],
    "S83": [
      [
        "PAT_0003",
        0,
        1871.6366
      ]
    ],
    "S26": [
      [
        "PAT_0111",
        0,
        0.0
      ]
    ],
    "S130": [
      [
        "PAT_0124",
        0,
        406.0762
      ],
      [
        "PAT_0315",
        1,
        2485.9137
      ]
    ],
    "S1": [
      [
        "PAT_0003",
        0,
        0.0
      ]
    ],
    "S77": [
      [
        "PAT_0163",
        0,
        0.0
      ],
      [
        "PAT_0913",
        0,
        4593.9145
      ]
    ],
    "S90": [
      [
        "PAT_0687",
        0,
        0.0
      ],
      [
        "PAT_0130",
        1,
        2351.8047
      ],
      [
        "PAT_0003",
        1,
        3576.1542
      ]
    ]
  }
}