{
  "instance": "SYN_SWEEP5_SIZE_L_002",
  "method": "FI",
  "start_method": "multistart",
  "time_limit": 60.0,
  "cost": 10117.9334,
  "is_feasible": true,
  "unmet": {},
  "overprod": {
    "P2": 1,
    "P3": 1,
    "P5": 1
  },
  "elapsed_sec": 60.0,
  "active": {
    "S49": [
      [
        "PAT_0160",
        0,
        0.0
      ],
      [
        "PAT_0007",
        0,
        2674.9833
      ]
    ],
    "S44": [
      [
        "PAT_0203",
        0,
        0.0
      ],
      [
        "PAT_0191",
        0,
        2063.966
      ]
    ],
    "S25": [
      [
        "PAT_0134",
        0,
        0.0
      ],
      [
        "PAT_0134",
        0,
        2828.9283
      ]
    ],
    "S16": [
      [
        "PAT_0017",
        0,
        2685.0707999999995
      ],
      [
        "PAT_0017",
        0,
        3785.0029999999997
      ]
    ],
    "S61": [
      [
        "PAT_0147",
        0,
        1783.6689
      ]
    ],
    "S48": [
      [
        "PAT_0243",
        0,
        0.0
      ],
      [
        "PAT_0243",
        0,
        2408.3699
      ],
      [
        "PAT_0140",
        0,
        4816.7398
      ]
    ],
    "S56": [
      [
        "PAT_0047",
        0,
        0.0
      ],
      [
        "PAT_0047",
        0,
        2837.03
      ]
    ],
    "S24": [
      [
        "PAT_0182",
        0,
        0.0
      ],
      [
        "PAT_0139",
        0,
        4646.8894
      ]
    ],
    "S36": [
      [
        "PAT_0164",
        0,
        0.0
      ],
      [
        "PAT_0164",
        0,
        2674.9833
      ]
    ],
    "S68": [
      [
        "PAT_0164",
        0,
        0.0
      ],
      [
        "PAT_0164",
        0,
        2674.9833
      ]
    ],
    "S2": [
      [
        "PAT_0184",
        0,
        0.0
      ],
      [
        "PAT_0050",
        0,
        3366.4353
      ]
    ],
    "S15": [
      [
        "PAT_0184",
        0,
        1345.372
      ]
    ],
    "S19": [
      [
        "PAT_0184",
        0,
        0.0
      ],
      [
        "PAT_0091",
        1,
        4907.2072
      ],
      [
        "PAT_0091",
        1,
        5903.4361
      ]
    ],
    "S71": [
      [
        "PAT_0226",
        0,
        0.0
      ],
      [
        "PAT_0226",
        0,
        2889.8365
      ]
    ],
    "S11": [
      [
        "PAT_0197",
        0,
        0.0
      ],
      [
        "PAT_0227",
        0,
        2342.6072
      ]
    ],
    "S9": [
      [
        "PAT_0126",
        0,
        0.0
      ],
      [
        "PAT_0182",
        0,
        2237.5439
      ]
    ],
    "S20": [
      [
        "PAT_0025",
        0,
        0.0
      ],
      [
        "PAT_0184",
        0,
        3473.8886
      ]
    ]
  }
}