{
  "instance": "SYN_SWEEP5_SIZE_L_014",
  "method": "FI",
  "start_method": "greedy",
  "time_limit": 60.0,
  "cost": 12284.2698,
  "is_feasible": true,
  "unmet": {},
  "overprod": {
    "P2": 4,
    "P5": 1,
    "P15": 1
  },
  "elapsed_sec": 60.01,
  "active": {
    "S28": [
      [
        "PAT_0134",
        0,
        0.0
      ],
      [
        "PAT_0070",
        0,
        2776.6057000000005
      ],
      [
        "PAT_0070",
        0,
        5239.939200000001
      ]
    ],
    "S5": [
      [
        "PAT_1515",
        0,
        0.0
      ],
      [
        "PAT_1515",
        0,
        2932.9034
      ]
    ],
    "S19": [
      [
        "PAT_1633",
        0,
        0.0
      ],
      [
        "PAT_1633",
        0,
        3553.7087
      ]
    ],
    "S8": [
      [
        "PAT_1558",
        0,
        0.0
      ],
      [
        "PAT_1558",
        0,
        3553.7087
      ]
    ],
    "S7": [
      [
        "PAT_0121",
        0,
        0.0
      ],
      [
        "PAT_1407",
        0,
        2784.317499999999
      ],
      [
        "PAT_1407",
        0,
        5717.220899999999
      ]
    ],
    "S18": [
      [
        "PAT_1587",
        0,
        0.0
      ],
      [
        "PAT_1587",
        0,
        3553.7087
      ]
    ],
    "S6": [
      [
        "PAT_0003",
        0,
        0.0
      ],
      [
        "PAT_0003",
        0,
        2331.1412
      ]
    ],
    "S61": [
      [
        "PAT_1603",
        0,
        1941.8292
      ]
    ],
    "S27": [
      [
        "PAT_0110",
        0,
        0.0
      ],
      [
        "PAT_0110",
        0,
        2760.019
      ]
    ],
    "S22": [
      [
        "PAT_0116",
        0,
        0.0
      ],
      [
        "PAT_0116",
        0,
        2760.019
      ],
      [
        "PAT_0540",
        0,
        5520.038
      ]
    ],
    "S37": [
      [
        "PAT_0663",
        0,
        3683.934
      ]
    ],
    "S51": [
      [
        "PAT_1546",
        0,
        0.0
      ],
      [
        "PAT_0741",
        0,
        4664.8598
      ]
    ],
    "S30": [
      [
        "PAT_1382",
        0,
        0.0
      ],
      [
        "PAT_1382",
        1,
        4672.1575
      ]
    ],
    "S39": [
      [
        "PAT_1380",
        0,
        0.0
      ],
      [
        "PAT_1380",
        0,
        2760.019
      ]
    ],
    "S9": [
      [
        "PAT_0868",
        0,
        0.0
      ],
      [
        "PAT_0868",
        0,
        2760.019
      ]
    ],
    "S38": [
      [
        "PAT_0120",
        0,
        2996.015900000001
      ],
      [
        "PAT_0120",
        0,
        5756.034900000001
      ]
    ],
    "S14": [
      [
        "PAT_1447",
        0,
        0.0
      ],
      [
        "PAT_1553",
        0,
        3901.2961
      ]
    ],
    "S57": [
      [
        "PAT_1388",
        0,
        0.0
      ],
      [
        "PAT_0864",
        0,
        2760.019
      ]
    ],
    "S13": [
      [
        "PAT_1553",
        0,
        0.0
      ],
      [
        "PAT_0046",
        0,
        3553.7087
      ]
    ],
    "S50": [
      [
        "PAT_1415",
        0,
        0.0
      ],
      [
        "PAT_0004",
        0,
        2932.9034
      ],
      [
        "PAT_0001",
        0,
        5264.0446
      ]
    ]
  }
}