{
  "instance": "SYN_SWEEP5_SIZE_XL_026",
  "method": "GRASP_SA",
  "start_method": "none",
  "time_limit": 60.0,
  "cost": 19672.1077,
  "is_feasible": true,
  "unmet": {},
  "overprod": {
    "P5": 1,
    "P10": 2,
    "P14": 2
  },
  "elapsed_sec": 60.1,
  "active": {
    "S33": [
      [
        "PAT_0670",
        0,
        0.0
      ],
      [
        "PAT_0670",
        0,
        2351.8047
      ],
      [
        "PAT_0121",
        0,
        4703.6094
      ]
    ],
    "S130": [
      [
        "PAT_0131",
        0,
        816.6431
      ],
      [
        "PAT_0131",
        0,
        1616.6431
      ],
      [
        "PAT_0131",
        0,
        2416.6431000000002
      ],
      [
        "PAT_0131",
        0,
        3216.6431000000002
      ]
    ],
    "S39": [
      [
        "PAT_0088",
        0,
        951.0647
      ],
      [
        "PAT_0088",
        0,
        3624.861
      ]
    ],
    "S26": [
      [
        "PAT_0158",
        0,
        0.0
      ],
      [
        "PAT_0158",
        0,
        1635.3597
      ],
      [
        "PAT_0158",
        0,
        3270.7194
      ]
    ],
    "S35": [
      [
        "PAT_0148",
        0,
        0.0
      ],
      [
        "PAT_0148",
        0,
        1635.3597
      ],
      [
        "PAT_0148",
        0,
        3270.7194
      ]
    ],
    "S25": [
      [
        "PAT_0944",
        0,
        0.0
      ],
      [
        "PAT_0944",
        0,
        3456.7602
      ]
    ],
    "S115": [
      [
        "PAT_0957",
        0,
        0.0
      ],
      [
        "PAT_0957",
        0,
        3456.7602
      ]
    ],
    "S138": [
      [
        "PAT_0221",
        0,
        0.0
      ],
      [
        "PAT_0221",
        0,
        2351.8047
      ],
      [
        "PAT_0221",
        0,
        4703.6094
      ]
    ],
    "S98": [
      [
        "PAT_0164",
        0,
        0.0
      ],
      [
        "PAT_0164",
        0,
        2266.6043
      ],
      [
        "PAT_0142",
        0,
        4533.2086
      ]
    ],
    "S71": [
      [
        "PAT_0038",
        0,
        0.0
      ],
      [
        "PAT_0038",
        0,
        2673.7963
      ]
    ],
    "S95": [
      [
        "PAT_0717",
        0,
        0.0
      ],
      [
        "PAT_0717",
        0,
        2351.8047
      ],
      [
        "PAT_0717",
        0,
        4703.6094
      ]
    ],
    "S106": [
      [
        "PAT_0119",
        0,
        0.0
      ],
      [
        "PAT_0039",
        0,
        2211.3417
      ],
      [
        "PAT_0039",
        0,
        4885.138
      ]
    ],
    "S14": [
      [
        "PAT_0110",
        0,
        0.0
      ]
    ],
    "S55": [
      [
        "PAT_0110",
        0,
        0.0
      ]
    ],
    "S10": [
      [
        "PAT_0237",
        0,
        757.3048
      ],
      [
        "PAT_0237",
        0,
        3109.1095
      ]
    ],
    "S73": [
      [
        "PAT_0008",
        0,
        968.4333
      ],
      [
        "PAT_0008",
        0,
        3642.2296
      ]
    ],
    "S148": [
      [
        "PAT_0825",
        0,
        0.0
      ],
      [
        "PAT_0825",
        0,
        3219.0712
      ]
    ],
    "S52": [
      [
        "PAT_0821",
        0,
        0.0
      ],
      [
        "PAT_0821",
        0,
        3219.0712
      ]
    ],
    "S103": [
      [
        "PAT_0355",
        0,
        0.0
      ],
      [
        "PAT_0907",
        0,
        2596.2417
      ]
    ],
    "S30": [
      [
        "PAT_0079",
        0,
        0.0
      ],
      [
        "PAT_0237",
        0,
        2673.7963
      ]
    ],
    "S134": [
      [
        "PAT_0828",
        0,
        0.0
      ],
      [
        "PAT_0828",
        0,
        3219.0712
      ]
    ],
    "S80": [
      [
        "PAT_0002",
        0,
        0.0
      ],
      [
        "PAT_0826",
        0,
        4190.3688
      ]
    ],
    "S136": [
      [
        "PAT_0004",
        0,
        0.0
      ],
      [
        "PAT_0045",
        0,
        4059.0259
      ]
    ],
    "S9": [
      [
        "PAT_0107",
        0,
        0.0
      ]
    ],
    "S18": [
      [
        "PAT_0818",
        0,
        0.0
      ],
      [
        "PAT_0913",
        1,
        3219.0712
      ]
    ],
    "S1": [
      [
        "PAT_0003",
        0,
        0.0
      ]
    ],
    "S113": [
      [
        "PAT_0816",
        0,
        0.0
      ],
      [
        "PAT_0816",
        0,
        3219.0712
      ]
    ],
    "S15": [
      [
        "PAT_0846",
        0,
        0.0
      ]
    ],
    "S101": [
      [
        "PAT_0846",
        0,
        0.0
      ],
      [
        "PAT_0204",
        0,
        3456.7602
      ]
    ],
    "S83": [
      [
        "PAT_0003",
        0,
        1871.6366
      ]
    ],
    "S87": [
      [
        "PAT_0845",
        0,
        0.0
      ],
      [
        "PAT_0845",
        0,
        3456.7602
      ]
    ],
    "S29": [
      [
        "PAT_0003",
        0,
        0.0
      ]
    ],
    "S42": [
      [
        "PAT_0188",
        0,
        0.0
      ],
      [
        "PAT_0188",
        0,
        2266.6043
      ],
      [
        "PAT_0162",
        0,
        4533.2086
      ]
    ]
  }
}