{
  "instance": "SYN_SWEEP5_SIZE_XL_010",
  "method": "FI",
  "start_method": "greedy",
  "time_limit": 60.0,
  "cost": 27883.6363,
  "is_feasible": true,
  "unmet": {},
  "overprod": {
    "P4": 1,
    "P9": 2,
    "P16": 1,
    "P24": 1
  },
  "elapsed_sec": 60.01,
  "active": {
    "S143": [
      [
        "PAT_0755",
        0,
        0.0
      ],
      [
        "PAT_0755",
        0,
        1272.4615
      ],
      [
        "PAT_0755",
        0,
        2544.923
      ],
      [
        "PAT_0755",
        0,
        3817.3844999999997
      ],
      [
        "PAT_0755",
        0,
        5089.846
      ]
    ],
    "S13": [
      [
        "PAT_0679",
        0,
        0.0
      ],
      [
        "PAT_0679",
        0,
        1909.8446
      ],
      [
        "PAT_0679",
        0,
        3819.6892
      ],
      [
        "PAT_0679",
        0,
        5729.533799999999
      ]
    ],
    "S86": [
      [
        "PAT_0591",
        0,
        0.0
      ],
      [
        "PAT_0591",
        0,
        3274.3655
      ]
    ],
    "S20": [
      [
        "PAT_0566",
        0,
        0.0
      ],
      [
        "PAT_0566",
        0,
        3449.0784
      ]
    ],
    "S5": [
      [
        "PAT_0360",
        0,
        0.0
      ],
      [
        "PAT_0360",
        0,
        3603.1986
      ]
    ],
    "S58": [
      [
        "PAT_0443",
        0,
        1154.1921
      ],
      [
        "PAT_0443",
        0,
        5326.8125
      ]
    ],
    "S93": [
      [
        "PAT_0428",
        0,
        0.0
      ],
      [
        "PAT_0428",
        0,
        4172.6204
      ]
    ],
    "S136": [
      [
        "PAT_0629",
        0,
        2764.2182
      ],
      [
        "PAT_0629",
        0,
        4674.0628
      ]
    ],
    "S123": [
      [
        "PAT_0367",
        0,
        1542.7405
      ]
    ],
    "S55": [
      [
        "PAT_0460",
        0,
        0.0
      ],
      [
        "PAT_0460",
        0,
        3984.9236
      ]
    ],
    "S3": [
      [
        "PAT_0555",
        0,
        0.0
      ],
      [
        "PAT_0555",
        0,
        3984.9236
      ]
    ],
    "S43": [
      [
        "PAT_0628",
        0,
        0.0
      ],
      [
        "PAT_0367",
        0,
        2951.4067999999997
      ]
    ],
    "S73": [
      [
        "PAT_0555",
        0,
        0.0
      ],
      [
        "PAT_0555",
        0,
        3984.9236
      ],
      [
        "PAT_0750",
        0,
        7969.8472
      ]
    ],
    "S30": [
      [
        "PAT_0352",
        0,
        0.0
      ],
      [
        "PAT_0352",
        0,
        3603.1986
      ]
    ],
    "S70": [
      [
        "PAT_0597",
        0,
        904.0721
      ],
      [
        "PAT_0597",
        0,
        4178.4376
      ]
    ],
    "S50": [
      [
        "PAT_0572",
        0,
        0.0
      ],
      [
        "PAT_0572",
        0,
        3449.0784
      ]
    ],
    "S65": [
      [
        "PAT_0682",
        0,
        0.0
      ]
    ],
    "S101": [
      [
        "PAT_0682",
        0,
        1619.979
      ]
    ],
    "S119": [
      [
        "PAT_0338",
        0,
        0.0
      ]
    ],
    "S106": [
      [
        "PAT_0337",
        1,
        1736.5189
      ],
      [
        "PAT_0337",
        1,
        5267.5616
      ]
    ],
    "S116": [
      [
        "PAT_0598",
        0,
        1735.6837
      ]
    ],
    "S34": [
      [
        "PAT_0610",
        0,
        0.0
      ],
      [
        "PAT_0573",
        1,
        5877.7628
      ]
    ],
    "S21": [
      [
        "PAT_0571",
        0,
        0.0
      ],
      [
        "PAT_0572",
        0,
        3517.6816000000003
      ]
    ],
    "S28": [
      [
        "PAT_0152",
        0,
        0.0
      ],
      [
        "PAT_0349",
        0,
        4716.4735
      ]
    ],
    "S85": [
      [
        "PAT_0002",
        0,
        2069.0943
      ]
    ],
    "S135": [
      [
        "PAT_0002",
        0,
        2300.32
      ]
    ],
    "S79": [
      [
        "PAT_0045",
        0,
        0.0
      ],
      [
        "PAT_0418",
        0,
        3761.3385
      ]
    ],
    "S90": [
      [
        "PAT_0002",
        0,
        0.0
      ],
      [
        "PAT_0596",
        0,
        3761.3385
      ]
    ],
    "S138": [
      [
        "PAT_0680",
        0,
        0.0
      ],
      [
        "PAT_0371",
        0,
        4095.568799999999
      ]
    ],
    "S69": [
      [
        "PAT_0371",
        0,
        3924.8074
      ]
    ],
    "S66": [
      [
        "PAT_0371",
        0,
        3590.2278
      ]
    ],
    "S92": [
      [
        "PAT_0378",
        0,
        1806.1536
      ]
    ],
    "S95": [
      [
        "PAT_0378",
        0,
        0.0
      ]
    ],
    "S137": [
      [
        "PAT_0375",
        0,
        0.0
      ]
    ],
    "S60": [
      [
        "PAT_0378",
        0,
        0.0
      ],
      [
        "PAT_0006",
        0,
        4489.6085
      ]
    ],
    "S6": [
      [
        "PAT_0375",
        0,
        0.0
      ],
      [
        "PAT_0336",
        0,
        4489.6085
      ]
    ],
    "S89": [
      [
        "PAT_0001",
        0,
        0.0
      ]
    ],
    "S125": [
      [
        "PAT_0085",
        0,
        0.0
      ],
      [
        "PAT_0085",
        0,
        3761.3385
      ]
    ],
    "S14": [
      [
        "PAT_0454",
        0,
        988.1755
      ],
      [
        "PAT_0158",
        1,
        4973.0991
      ]
    ],
    "S126": [
      [
        "PAT_0374",
        0,
        0.0
      ]
    ],
    "S26": [
      [
        "PAT_0269",
        0,
        0.0
      ],
      [
        "PAT_0683",
        0,
        5253.8806
      ]
    ],
    "S25": [
      [
        "PAT_0695",
        0,
        0.0
      ],
      [
        "PAT_0153",
        0,
        2771.3526
      ]
    ],
    "S76": [
      [
        "PAT_0281",
        0,
        0.0
      ],
      [
        "PAT_0026",
        0,
        3904.605
      ]
    ],
    "S41": [
      [
        "PAT_0624",
        0,
        0.0
      ],
      [
        "PAT_0703",
        0,
        1909.8446
      ],
      [
        "PAT_0703",
        0,
        4681.1972000000005
      ]
    ],
    "S67": [
      [
        "PAT_0743",
        0,
        878.8235
      ],
      [
        "PAT_0175",
        0,
        2749.806
      ]
    ],
    "S88": [
      [
        "PAT_0318",
        0,
        0.0
      ],
      [
        "PAT_0555",
        1,
        4339.4209
      ]
    ]
  }
}