{
  "instance": "SYN_SWEEP5_SIZE_L_010",
  "method": "ILS_SA",
  "start_method": "multistart",
  "time_limit": 60.0,
  "cost": 13643.5319,
  "is_feasible": true,
  "unmet": {},
  "overprod": {
    "P1": 2,
    "P7": 1,
    "P17": 1,
    "P20": 1
  },
  "elapsed_sec": 60.02,
  "active": {
    "S27": [
      [
        "PAT_0029",
        0,
        0.0
      ],
      [
        "PAT_0029",
        0,
        1881.6941
      ],
      [
        "PAT_0029",
        0,
        3763.3882
      ],
      [
        "PAT_0029",
        0,
        5645.0823
      ],
      [
        "PAT_0029",
        0,
        7526.7764
      ]
    ],
    "S64": [
      [
        "PAT_0119",
        0,
        0.0
      ],
      [
        "PAT_0119",
        0,
        3819.932
      ],
      [
        "PAT_0020",
        1,
        7639.864
      ]
    ],
    "S72": [
      [
        "PAT_0250",
        0,
        2636.2495
      ],
      [
        "PAT_0250",
        0,
        5332.757799999999
      ]
    ],
    "S56": [
      [
        "PAT_0338",
        0,
        1366.5355
      ],
      [
        "PAT_0338",
        0,
        4645.6451
      ]
    ],
    "S60": [
      [
        "PAT_0214",
        0,
        0.0
      ],
      [
        "PAT_0151",
        0,
        3441.0155
      ]
    ],
    "S73": [
      [
        "PAT_0249",
        0,
        0.0
      ],
      [
        "PAT_0262",
        0,
        3913.1179
      ],
      [
        "PAT_0249",
        1,
        6609.626200000001
      ]
    ],
    "S37": [
      [
        "PAT_0333",
        0,
        0.0
      ],
      [
        "PAT_0336",
        0,
        1180.8033
      ],
      [
        "PAT_0065",
        0,
        4524.4317
      ]
    ],
    "S49": [
      [
        "PAT_0206",
        1,
        2813.2349
      ],
      [
        "PAT_0206",
        1,
        6328.2083999999995
      ]
    ],
    "S39": [
      [
        "PAT_0178",
        0,
        0.0
      ],
      [
        "PAT_0210",
        1,
        5582.6656
      ]
    ],
    "S29": [
      [
        "PAT_0135",
        0,
        0.0
      ]
    ],
    "S36": [
      [
        "PAT_0326",
        0,
        0.0
      ],
      [
        "PAT_0326",
        0,
        1180.8033
      ],
      [
        "PAT_0806",
        0,
        2361.6066
      ]
    ],
    "S21": [
      [
        "PAT_0154",
        0,
        2802.0795
      ]
    ],
    "S62": [
      [
        "PAT_0150",
        0,
        850.8761
      ]
    ],
    "S57": [
      [
        "PAT_0049",
        0,
        0.0
      ],
      [
        "PAT_0097",
        0,
        2230.5254
      ]
    ],
    "S47": [
      [
        "PAT_0621",
        0,
        0.0
      ],
      [
        "PAT_0133",
        0,
        4335.3058
      ]
    ],
    "S2": [
      [
        "PAT_0384",
        0,
        0.0
      ],
      [
        "PAT_0444",
        1,
        4335.3058
      ]
    ],
    "S4": [
      [
        "PAT_0563",
        0,
        0.0
      ],
      [
        "PAT_0132",
        0,
        4335.3058
      ]
    ],
    "S67": [
      [
        "PAT_0152",
        0,
        0.0
      ],
      [
        "PAT_0096",
        2,
        5441.2256
      ]
    ],
    "S8": [
      [
        "PAT_0304",
        0,
        0.0
      ],
      [
        "PAT_0211",
        0,
        1180.8033
      ],
      [
        "PAT_0200",
        0,
        3877.3116
      ]
    ],
    "S65": [
      [
        "PAT_0148",
        0,
        0.0
      ]
    ]
  }
}