{
  "instance": "SYN_SWEEP5_SIZE_XL_000",
  "method": "SD",
  "start_method": "greedy",
  "time_limit": 60.0,
  "cost": 25689.6141,
  "is_feasible": true,
  "unmet": {},
  "overprod": {
    "P4": 1,
    "P8": 1,
    "P12": 1,
    "P13": 1,
    "P23": 1,
    "P26": 1,
    "P27": 1,
    "P31": 1,
    "P32": 4
  },
  "elapsed_sec": 60.05,
  "active": {
    "S139": [
      [
        "PAT_6008",
        0,
        1427.5367
      ],
      [
        "PAT_6008",
        0,
        2802.9317
      ],
      [
        "PAT_6008",
        0,
        4178.3267
      ],
      [
        "PAT_6008",
        0,
        5553.7217
      ]
    ],
    "S1": [
      [
        "PAT_1098",
        0,
        1093.0186
      ],
      [
        "PAT_1098",
        0,
        3507.1293000000005
      ]
    ],
    "S133": [
      [
        "PAT_1795",
        0,
        0.0
      ],
      [
        "PAT_1795",
        0,
        2659.2952
      ],
      [
        "PAT_3912",
        1,
        5318.5904
      ]
    ],
    "S26": [
      [
        "PAT_0946",
        0,
        0.0
      ],
      [
        "PAT_0946",
        0,
        2414.1107
      ],
      [
        "PAT_5946",
        1,
        4828.2214
      ]
    ],
    "S37": [
      [
        "PAT_4599",
        1,
        1964.2371
      ],
      [
        "PAT_4599",
        1,
        4463.1668
      ]
    ],
    "S101": [
      [
        "PAT_1806",
        0,
        1939.6132
      ],
      [
        "PAT_1806",
        0,
        4598.9084
      ]
    ],
    "S143": [
      [
        "PAT_0178",
        0,
        0.0
      ],
      [
        "PAT_5945",
        1,
        4225.9807
      ]
    ],
    "S114": [
      [
        "PAT_0182",
        0,
        0.0
      ],
      [
        "PAT_0182",
        0,
        3454.2
      ]
    ],
    "S6": [
      [
        "PAT_0772",
        0,
        0.0
      ],
      [
        "PAT_4110",
        1,
        4066.9337
      ]
    ],
    "S10": [
      [
        "PAT_1386",
        0,
        0.0
      ],
      [
        "PAT_1386",
        0,
        2659.2952
      ]
    ],
    "S29": [
      [
        "PAT_4578",
        0,
        886.2535
      ],
      [
        "PAT_4578",
        0,
        3385.1832000000004
      ]
    ],
    "S141": [
      [
        "PAT_1572",
        0,
        0.0
      ],
      [
        "PAT_1572",
        0,
        2659.2952
      ]
    ],
    "S119": [
      [
        "PAT_0836",
        0,
        0.0
      ],
      [
        "PAT_1268",
        0,
        2414.1107
      ]
    ],
    "S47": [
      [
        "PAT_1277",
        0,
        936.0017
      ],
      [
        "PAT_1277",
        0,
        3830.3161
      ]
    ],
    "S50": [
      [
        "PAT_1780",
        0,
        1036.3115
      ],
      [
        "PAT_1780",
        0,
        3695.6067000000003
      ]
    ],
    "S95": [
      [
        "PAT_1307",
        0,
        0.0
      ],
      [
        "PAT_1307",
        0,
        2894.3144
      ],
      [
        "PAT_1935",
        1,
        5788.6288
      ]
    ],
    "S125": [
      [
        "PAT_1372",
        0,
        0.0
      ],
      [
        "PAT_1372",
        0,
        2894.3144
      ],
      [
        "PAT_2714",
        2,
        5788.6288
      ]
    ],
    "S19": [
      [
        "PAT_4610",
        0,
        0.0
      ],
      [
        "PAT_1400",
        0,
        2498.9297
      ]
    ],
    "S24": [
      [
        "PAT_1290",
        0,
        3653.5498
      ]
    ],
    "S18": [
      [
        "PAT_1360",
        0,
        3716.9653
      ]
    ],
    "S13": [
      [
        "PAT_1354",
        0,
        0.0
      ],
      [
        "PAT_4556",
        0,
        2894.3144
      ],
      [
        "PAT_1963",
        1,
        5393.2441
      ]
    ],
    "S49": [
      [
        "PAT_4557",
        0,
        0.0
      ],
      [
        "PAT_4557",
        0,
        2498.9297
      ]
    ],
    "S14": [
      [
        "PAT_1362",
        0,
        2481.379
      ]
    ],
    "S53": [
      [
        "PAT_5123",
        0,
        1292.8336
      ]
    ],
    "S58": [
      [
        "PAT_0006",
        0,
        0.0
      ]
    ],
    "S106": [
      [
        "PAT_0005",
        0,
        0.0
      ],
      [
        "PAT_0005",
        0,
        3454.2
      ]
    ],
    "S55": [
      [
        "PAT_1397",
        0,
        0.0
      ],
      [
        "PAT_1397",
        0,
        2659.2952
      ]
    ],
    "S27": [
      [
        "PAT_4624",
        0,
        3091.6401
      ]
    ],
    "S135": [
      [
        "PAT_4992",
        0,
        0.0
      ],
      [
        "PAT_1963",
        1,
        3454.5606
      ]
    ],
    "S97": [
      [
        "PAT_4624",
        0,
        0.0
      ],
      [
        "PAT_4556",
        1,
        4997.4315
      ]
    ],
    "S71": [
      [
        "PAT_1570",
        0,
        3363.2481
      ]
    ],
    "S108": [
      [
        "PAT_5123",
        0,
        2494.4716
      ],
      [
        "PAT_2377",
        1,
        5949.0322
      ]
    ],
    "S102": [
      [
        "PAT_4984",
        0,
        0.0
      ],
      [
        "PAT_4984",
        0,
        3454.5606
      ]
    ],
    "S128": [
      [
        "PAT_1369",
        0,
        0.0
      ]
    ],
    "S137": [
      [
        "PAT_0002",
        0,
        1616.9782
      ]
    ],
    "S74": [
      [
        "PAT_0002",
        0,
        1719.9101
      ]
    ],
    "S21": [
      [
        "PAT_0002",
        0,
        0.0
      ],
      [
        "PAT_4556",
        0,
        3454.2
      ]
    ],
    "S73": [
      [
        "PAT_0002",
        0,
        694.6299
      ],
      [
        "PAT_4480",
        2,
        4148.8299
      ]
    ],
    "S66": [
      [
        "PAT_0002",
        0,
        620.042
      ]
    ],
    "S62": [
      [
        "PAT_4613",
        0,
        0.0
      ],
      [
        "PAT_0736",
        0,
        3470.2559
      ]
    ],
    "S79": [
      [
        "PAT_1396",
        0,
        0.0
      ]
    ],
    "S98": [
      [
        "PAT_4618",
        0,
        0.0
      ]
    ],
    "S90": [
      [
        "PAT_5712",
        0,
        0.0
      ],
      [
        "PAT_4380",
        0,
        3454.5606
      ]
    ],
    "S56": [
      [
        "PAT_0017",
        0,
        0.0
      ]
    ],
    "S20": [
      [
        "PAT_5199",
        0,
        1468.4049
      ]
    ],
    "S103": [
      [
        "PAT_4615",
        0,
        1954.1185
      ]
    ]
  }
}