{
  "instance": "SYN_SWEEP5_SIZE_XL_016",
  "method": "SA",
  "start_method": "multistart",
  "time_limit": 60.0,
  "cost": 22933.6347,
  "is_feasible": true,
  "unmet": {},
  "overprod": {
    "P17": 1,
    "P18": 1,
    "P36": 2
  },
  "elapsed_sec": 60.29,
  "active": {
    "S41": [
      [
        "PAT_0170",
        0,
        2082.053
      ],
      [
        "PAT_0170",
        0,
        4701.1223
      ]
    ],
    "S60": [
      [
        "PAT_0219",
        0,
        0.0
      ],
      [
        "PAT_0219",
        0,
        2619.0693
      ]
    ],
    "S12": [
      [
        "PAT_0254",
        0,
        0.0
      ],
      [
        "PAT_0254",
        0,
        2753.2484
      ]
    ],
    "S115": [
      [
        "PAT_4661",
        0,
        0.0
      ],
      [
        "PAT_5694",
        0,
        3656.7054
      ]
    ],
    "S128": [
      [
        "PAT_0263",
        0,
        832.1392999999998
      ],
      [
        "PAT_0263",
        0,
        3585.3876999999998
      ]
    ],
    "S89": [
      [
        "PAT_5636",
        0,
        0.0
      ],
      [
        "PAT_5635",
        0,
        3365.5942
      ]
    ],
    "S85": [
      [
        "PAT_0258",
        0,
        0.0
      ],
      [
        "PAT_0258",
        0,
        2753.2484
      ]
    ],
    "S64": [
      [
        "PAT_5901",
        0,
        0.0
      ],
      [
        "PAT_1564",
        0,
        3074.8463
      ]
    ],
    "S14": [
      [
        "PAT_5733",
        0,
        1697.4888
      ]
    ],
    "S71": [
      [
        "PAT_0209",
        0,
        0.0
      ],
      [
        "PAT_0209",
        0,
        2619.0693
      ]
    ],
    "S81": [
      [
        "PAT_4743",
        0,
        1372.8936
      ],
      [
        "PAT_5713",
        0,
        2584.8893
      ]
    ],
    "S125": [
      [
        "PAT_5390",
        0,
        0.0
      ],
      [
        "PAT_4887",
        0,
        2674.3887
      ],
      [
        "PAT_5949",
        1,
        5348.7774
      ]
    ],
    "S34": [
      [
        "PAT_5574",
        0,
        0.0
      ],
      [
        "PAT_4706",
        0,
        2942.5936
      ]
    ],
    "S83": [
      [
        "PAT_1960",
        0,
        0.0
      ],
      [
        "PAT_5329",
        0,
        3378.2731
      ]
    ],
    "S79": [
      [
        "PAT_5874",
        0,
        0.0
      ]
    ],
    "S119": [
      [
        "PAT_5606",
        0,
        0.0
      ],
      [
        "PAT_5606",
        0,
        2723.0824
      ]
    ],
    "S21": [
      [
        "PAT_5565",
        0,
        0.0
      ],
      [
        "PAT_5368",
        1,
        3945.8753
      ]
    ],
    "S67": [
      [
        "PAT_5874",
        0,
        1416.3901999999998
      ]
    ],
    "S86": [
      [
        "PAT_2017",
        0,
        0.0
      ]
    ],
    "S106": [
      [
        "PAT_2006",
        0,
        0.0
      ],
      [
        "PAT_0202",
        0,
        4614.5473
      ]
    ],
    "S74": [
      [
        "PAT_5903",
        0,
        0.0
      ]
    ],
    "S82": [
      [
        "PAT_5290",
        0,
        0.0
      ],
      [
        "PAT_5874",
        0,
        2674.3887
      ]
    ],
    "S35": [
      [
        "PAT_3718",
        0,
        0.0
      ]
    ],
    "S56": [
      [
        "PAT_4956",
        0,
        800.0
      ],
      [
        "PAT_5341",
        0,
        3474.3887
      ],
      [
        "PAT_4759",
        0,
        6148.7774
      ]
    ],
    "S46": [
      [
        "PAT_4554",
        0,
        0.0
      ]
    ],
    "S45": [
      [
        "PAT_2063",
        0,
        0.0
      ],
      [
        "PAT_3799",
        0,
        3497.3511
      ]
    ],
    "S61": [
      [
        "PAT_4227",
        0,
        0.0
      ],
      [
        "PAT_2045",
        0,
        3497.3511
      ]
    ],
    "S59": [
      [
        "PAT_2005",
        0,
        0.0
      ]
    ],
    "S52": [
      [
        "PAT_0526",
        0,
        0.0
      ]
    ],
    "S38": [
      [
        "PAT_3118",
        0,
        0.0
      ],
      [
        "PAT_5079",
        1,
        3497.3511
      ]
    ],
    "S69": [
      [
        "PAT_2859",
        0,
        0.0
      ],
      [
        "PAT_3175",
        0,
        3497.3511
      ]
    ],
    "S103": [
      [
        "PAT_5636",
        0,
        1242.4824
      ]
    ],
    "S23": [
      [
        "PAT_4746",
        0,
        0.0
      ],
      [
        "PAT_4746",
        0,
        800.0
      ],
      [
        "PAT_1403",
        0,
        2831.8812
      ]
    ],
    "S26": [
      [
        "PAT_4773",
        0,
        0.0
      ],
      [
        "PAT_5940",
        0,
        1035.3315999999995
      ],
      [
        "PAT_5923",
        0,
        4110.1779
      ]
    ],
    "S28": [
      [
        "PAT_3803",
        0,
        0.0
      ]
    ],
    "S76": [
      [
        "PAT_5148",
        0,
        0.0
      ],
      [
        "PAT_5148",
        0,
        2674.3887
      ]
    ],
    "S72": [
      [
        "PAT_1182",
        0,
        1761.2338
      ]
    ],
    "S36": [
      [
        "PAT_2700",
        0,
        0.0
      ],
      [
        "PAT_2779",
        0,
        3497.3511
      ]
    ],
    "S104": [
      [
        "PAT_5727",
        0,
        0.0
      ],
      [
        "PAT_5670",
        0,
        3365.5942
      ]
    ]
  }
}