{
  "instance": "SYN_SWEEP5_SIZE_L_006",
  "method": "SD",
  "start_method": "multistart",
  "time_limit": 60.0,
  "cost": 14864.1238,
  "is_feasible": true,
  "unmet": {},
  "overprod": {
    "P3": 1,
    "P10": 1,
    "P13": 1
  },
  "elapsed_sec": 60.01,
  "active": {
    "S88": [
      [
        "PAT_0065",
        0,
        0.0
      ],
      [
        "PAT_0065",
        0,
        1177.0639
      ],
      [
        "PAT_0065",
        0,
        2354.1278
      ],
      [
        "PAT_0065",
        0,
        3531.1917000000003
      ],
      [
        "PAT_0065",
        0,
        4708.2556
      ]
    ],
    "S12": [
      [
        "PAT_0528",
        0,
        0.0
      ],
      [
        "PAT_0528",
        0,
        2646.2366
      ]
    ],
    "S80": [
      [
        "PAT_0466",
        0,
        0.0
      ],
      [
        "PAT_0466",
        0,
        1699.4755
      ],
      [
        "PAT_0466",
        0,
        3398.951
      ]
    ],
    "S77": [
      [
        "PAT_0570",
        0,
        1470.4395
      ],
      [
        "PAT_0001",
        0,
        4332.3541000000005
      ]
    ],
    "S11": [
      [
        "PAT_0497",
        0,
        0.0
      ],
      [
        "PAT_0497",
        0,
        2646.2366
      ]
    ],
    "S86": [
      [
        "PAT_0578",
        0,
        0.0
      ],
      [
        "PAT_0578",
        0,
        2708.0024
      ]
    ],
    "S14": [
      [
        "PAT_0588",
        0,
        0.0
      ],
      [
        "PAT_0584",
        0,
        3492.2722
      ]
    ],
    "S19": [
      [
        "PAT_0582",
        0,
        0.0
      ],
      [
        "PAT_0582",
        0,
        3065.1647
      ]
    ],
    "S54": [
      [
        "PAT_0456",
        0,
        0.0
      ],
      [
        "PAT_0560",
        0,
        2500.0508
      ],
      [
        "PAT_0560",
        0,
        5146.2874
      ]
    ],
    "S46": [
      [
        "PAT_1127",
        0,
        0.0
      ],
      [
        "PAT_0576",
        0,
        3191.5045
      ]
    ],
    "S18": [
      [
        "PAT_1127",
        0,
        0.0
      ],
      [
        "PAT_0581",
        0,
        3191.5045
      ]
    ],
    "S7": [
      [
        "PAT_1127",
        0,
        0.0
      ],
      [
        "PAT_0561",
        1,
        3804.5679
      ]
    ],
    "S4": [
      [
        "PAT_1014",
        0,
        0.0
      ],
      [
        "PAT_1014",
        0,
        3141.1789
      ]
    ],
    "S42": [
      [
        "PAT_0265",
        0,
        0.0
      ],
      [
        "PAT_1010",
        0,
        3173.9448
      ]
    ],
    "S41": [
      [
        "PAT_0144",
        0,
        0.0
      ],
      [
        "PAT_0144",
        0,
        3173.9448
      ]
    ],
    "S40": [
      [
        "PAT_1096",
        0,
        0.0
      ],
      [
        "PAT_0143",
        0,
        3141.1789
      ]
    ],
    "S39": [
      [
        "PAT_0455",
        0,
        0.0
      ],
      [
        "PAT_0617",
        0,
        2665.9937
      ]
    ],
    "S61": [
      [
        "PAT_0772",
        0,
        0.0
      ],
      [
        "PAT_0772",
        0,
        3141.1789
      ]
    ],
    "S34": [
      [
        "PAT_0618",
        0,
        0.0
      ],
      [
        "PAT_0243",
        0,
        3141.1789
      ]
    ],
    "S16": [
      [
        "PAT_0184",
        0,
        0.0
      ]
    ],
    "S87": [
      [
        "PAT_0138",
        0,
        2257.4185
      ]
    ],
    "S78": [
      [
        "PAT_0137",
        0,
        0.0
      ],
      [
        "PAT_0175",
        0,
        3173.9448
      ]
    ],
    "S1": [
      [
        "PAT_0422",
        0,
        2857.4615
      ]
    ],
    "S59": [
      [
        "PAT_0134",
        0,
        0.0
      ]
    ],
    "S33": [
      [
        "PAT_0134",
        0,
        0.0
      ],
      [
        "PAT_0205",
        0,
        3173.9448
      ]
    ]
  }
}