{
  "instance": "SYN_SWEEP5_SIZE_XL_016",
  "method": "GRASP_SA",
  "start_method": "none",
  "time_limit": 60.0,
  "cost": 23499.1656,
  "is_feasible": true,
  "unmet": {},
  "overprod": {
    "P6": 1,
    "P11": 1,
    "P12": 1,
    "P15": 1,
    "P18": 1,
    "P23": 2,
    "P24": 2,
    "P31": 1
  },
  "elapsed_sec": 60.11,
  "active": {
    "S79": [
      [
        "PAT_4748",
        0,
        800.0
      ],
      [
        "PAT_4748",
        0,
        1600.0
      ],
      [
        "PAT_4748",
        0,
        2400.0
      ]
    ],
    "S56": [
      [
        "PAT_0512",
        0,
        0.0
      ],
      [
        "PAT_0512",
        0,
        3235.665
      ]
    ],
    "S41": [
      [
        "PAT_0170",
        0,
        2082.053
      ],
      [
        "PAT_0170",
        0,
        4701.1223
      ]
    ],
    "S115": [
      [
        "PAT_3421",
        0,
        0.0
      ],
      [
        "PAT_3421",
        0,
        3497.3511
      ]
    ],
    "S85": [
      [
        "PAT_2035",
        0,
        1772.8917
      ]
    ],
    "S103": [
      [
        "PAT_0259",
        0,
        2695.9316000000003
      ]
    ],
    "S23": [
      [
        "PAT_0257",
        0,
        0.0
      ],
      [
        "PAT_5636",
        0,
        2831.8812
      ]
    ],
    "S40": [
      [
        "PAT_4778",
        0,
        0.0
      ],
      [
        "PAT_0258",
        0,
        3952.1275
      ]
    ],
    "S71": [
      [
        "PAT_0222",
        0,
        0.0
      ],
      [
        "PAT_0222",
        0,
        2619.0693
      ]
    ],
    "S81": [
      [
        "PAT_4766",
        0,
        0.0
      ],
      [
        "PAT_1540",
        0,
        2584.8893
      ]
    ],
    "S4": [
      [
        "PAT_4726",
        0,
        0.0
      ],
      [
        "PAT_5874",
        0,
        973.0910999999996
      ],
      [
        "PAT_3848",
        0,
        4047.9374
      ]
    ],
    "S63": [
      [
        "PAT_5564",
        0,
        0.0
      ],
      [
        "PAT_5670",
        0,
        3367.771
      ]
    ],
    "S89": [
      [
        "PAT_5636",
        0,
        0.0
      ],
      [
        "PAT_5849",
        1,
        3365.5942
      ]
    ],
    "S9": [
      [
        "PAT_5614",
        0,
        0.0
      ]
    ],
    "S12": [
      [
        "PAT_0254",
        0,
        0.0
      ],
      [
        "PAT_5565",
        0,
        2956.4560000000006
      ]
    ],
    "S36": [
      [
        "PAT_0258",
        0,
        0.0
      ],
      [
        "PAT_4563",
        0,
        2753.2484
      ]
    ],
    "S128": [
      [
        "PAT_0004",
        0,
        0.0
      ],
      [
        "PAT_0004",
        0,
        2619.0693
      ],
      [
        "PAT_4754",
        0,
        5238.1386
      ]
    ],
    "S125": [
      [
        "PAT_5265",
        0,
        0.0
      ],
      [
        "PAT_5359",
        1,
        2674.3887
      ]
    ],
    "S104": [
      [
        "PAT_5754",
        0,
        0.0
      ],
      [
        "PAT_0254",
        0,
        3365.5942
      ]
    ],
    "S14": [
      [
        "PAT_5703",
        0,
        1609.8617
      ]
    ],
    "S47": [
      [
        "PAT_0227",
        0,
        0.0
      ],
      [
        "PAT_4505",
        0,
        2619.0693
      ]
    ],
    "S132": [
      [
        "PAT_5881",
        0,
        0.0
      ]
    ],
    "S83": [
      [
        "PAT_5907",
        0,
        1722.4141
      ]
    ],
    "S64": [
      [
        "PAT_5904",
        0,
        0.0
      ],
      [
        "PAT_5882",
        1,
        3199.8461
      ]
    ],
    "S69": [
      [
        "PAT_2238",
        0,
        0.0
      ],
      [
        "PAT_2348",
        1,
        3497.3511
      ]
    ],
    "S106": [
      [
        "PAT_2006",
        0,
        0.0
      ],
      [
        "PAT_5921",
        0,
        4614.5473
      ]
    ],
    "S60": [
      [
        "PAT_5576",
        0,
        0.0
      ],
      [
        "PAT_5566",
        0,
        2723.0824
      ]
    ],
    "S26": [
      [
        "PAT_4527",
        0,
        0.0
      ],
      [
        "PAT_3718",
        0,
        3497.3511
      ]
    ],
    "S94": [
      [
        "PAT_5857",
        0,
        0.0
      ]
    ],
    "S119": [
      [
        "PAT_5950",
        0,
        0.0
      ],
      [
        "PAT_2015",
        0,
        1185.6066
      ]
    ],
    "S74": [
      [
        "PAT_2666",
        0,
        0.0
      ]
    ],
    "S116": [
      [
        "PAT_4889",
        0,
        0.0
      ],
      [
        "PAT_4987",
        0,
        2674.3887
      ]
    ],
    "S86": [
      [
        "PAT_5210",
        0,
        0.0
      ],
      [
        "PAT_5243",
        0,
        2674.3887
      ]
    ],
    "S76": [
      [
        "PAT_5397",
        0,
        0.0
      ],
      [
        "PAT_5358",
        0,
        2674.3887
      ]
    ],
    "S27": [
      [
        "PAT_5391",
        1,
        2524.2354
      ]
    ],
    "S35": [
      [
        "PAT_5732",
        0,
        0.0
      ],
      [
        "PAT_4736",
        2,
        4930.768
      ]
    ],
    "S38": [
      [
        "PAT_5804",
        0,
        0.0
      ],
      [
        "PAT_0253",
        0,
        3365.5942
      ]
    ],
    "S46": [
      [
        "PAT_3799",
        0,
        0.0
      ]
    ],
    "S57": [
      [
        "PAT_5252",
        0,
        0.0
      ],
      [
        "PAT_5907",
        0,
        2674.3887
      ]
    ],
    "S72": [
      [
        "PAT_3881",
        0,
        1398.4644
      ]
    ]
  }
}