{
  "instance": "SYN_SWEEP5_SIZE_XL_002",
  "method": "GRASP_SA",
  "start_method": "none",
  "time_limit": 60.0,
  "cost": 36577.95,
  "is_feasible": true,
  "unmet": {},
  "overprod": {
    "P14": 1,
    "P15": 1,
    "P16": 2,
    "P20": 3,
    "P22": 1,
    "P26": 1,
    "P40": 2
  },
  "elapsed_sec": 60.57,
  "active": {
    "S58": [
      [
        "PAT_4587",
        0,
        0.0
      ],
      [
        "PAT_4587",
        0,
        2980.2828
      ]
    ],
    "S20": [
      [
        "PAT_3376",
        0,
        0.0
      ],
      [
        "PAT_3376",
        0,
        2980.2828
      ]
    ],
    "S124": [
      [
        "PAT_12236",
        0,
        0.0
      ],
      [
        "PAT_12236",
        0,
        1708.597
      ],
      [
        "PAT_12236",
        0,
        3417.194
      ],
      [
        "PAT_12236",
        0,
        5125.791
      ]
    ],
    "S24": [
      [
        "PAT_10243",
        0,
        0.0
      ],
      [
        "PAT_10243",
        0,
        2036.9847
      ],
      [
        "PAT_10243",
        0,
        4073.9694
      ],
      [
        "PAT_10243",
        0,
        6110.9541
      ]
    ],
    "S119": [
      [
        "PAT_10194",
        0,
        1459.3352
      ],
      [
        "PAT_10194",
        0,
        3496.3199
      ],
      [
        "PAT_10194",
        0,
        5533.3045999999995
      ]
    ],
    "S30": [
      [
        "PAT_12783",
        0,
        0.0
      ],
      [
        "PAT_12783",
        0,
        1708.597
      ],
      [
        "PAT_12783",
        0,
        3417.194
      ],
      [
        "PAT_12783",
        0,
        5125.791
      ],
      [
        "PAT_12783",
        0,
        6834.388
      ]
    ],
    "S140": [
      [
        "PAT_0026",
        0,
        0.0
      ],
      [
        "PAT_0026",
        0,
        2980.2828
      ]
    ],
    "S23": [
      [
        "PAT_10037",
        0,
        3887.5807999999997
      ]
    ],
    "S87": [
      [
        "PAT_3831",
        0,
        0.0
      ],
      [
        "PAT_3831",
        0,
        2980.2828
      ]
    ],
    "S85": [
      [
        "PAT_10055",
        0,
        0.0
      ],
      [
        "PAT_10055",
        0,
        2962.9694
      ]
    ],
    "S115": [
      [
        "PAT_0046",
        0,
        1923.3747
      ],
      [
        "PAT_0046",
        0,
        4903.6575
      ]
    ],
    "S126": [
      [
        "PAT_10398",
        0,
        0.0
      ],
      [
        "PAT_10118",
        1,
        3157.0066
      ],
      [
        "PAT_10320",
        1,
        5744.8227
      ]
    ],
    "S41": [
      [
        "PAT_9903",
        0,
        0.0
      ],
      [
        "PAT_9903",
        0,
        2601.0262
      ]
    ],
    "S32": [
      [
        "PAT_10090",
        0,
        0.0
      ],
      [
        "PAT_10090",
        0,
        2962.9694
      ],
      [
        "PAT_9415",
        0,
        5925.9388
      ]
    ],
    "S72": [
      [
        "PAT_9266",
        0,
        1164.7448
      ],
      [
        "PAT_9266",
        0,
        4780.45
      ]
    ],
    "S70": [
      [
        "PAT_11706",
        0,
        0.0
      ],
      [
        "PAT_11706",
        0,
        2480.4429
      ],
      [
        "PAT_11706",
        0,
        4960.8858
      ]
    ],
    "S98": [
      [
        "PAT_9990",
        0,
        1373.9694
      ]
    ],
    "S97": [
      [
        "PAT_7007",
        0,
        0.0
      ],
      [
        "PAT_9990",
        0,
        3907.7411
      ]
    ],
    "S31": [
      [
        "PAT_10117",
        0,
        0.0
      ],
      [
        "PAT_8163",
        0,
        3242.0186
      ]
    ],
    "S125": [
      [
        "PAT_7028",
        0,
        3610.4832
      ]
    ],
    "S128": [
      [
        "PAT_7007",
        0,
        0.0
      ],
      [
        "PAT_7114",
        0,
        4559.3307
      ]
    ],
    "S86": [
      [
        "PAT_7027",
        0,
        0.0
      ],
      [
        "PAT_7027",
        0,
        3615.7052
      ]
    ],
    "S94": [
      [
        "PAT_7007",
        0,
        0.0
      ],
      [
        "PAT_7007",
        0,
        3615.7052
      ]
    ],
    "S5": [
      [
        "PAT_7007",
        0,
        1352.4104
      ]
    ],
    "S76": [
      [
        "PAT_9063",
        0,
        0.0
      ],
      [
        "PAT_10391",
        1,
        4645.0103
      ]
    ],
    "S117": [
      [
        "PAT_12851",
        0,
        0.0
      ],
      [
        "PAT_12851",
        0,
        1708.597
      ],
      [
        "PAT_12871",
        0,
        3417.194
      ],
      [
        "PAT_12871",
        0,
        5125.791
      ]
    ],
    "S108": [
      [
        "PAT_4320",
        0,
        1076.8821
      ],
      [
        "PAT_4320",
        0,
        4057.1648999999998
      ]
    ],
    "S71": [
      [
        "PAT_10119",
        0,
        2722.992
      ],
      [
        "PAT_10118",
        0,
        4759.9767
      ]
    ],
    "S95": [
      [
        "PAT_7047",
        0,
        0.0
      ]
    ],
    "S80": [
      [
        "PAT_11091",
        0,
        993.6705
      ],
      [
        "PAT_10964",
        0,
        3474.1134
      ]
    ],
    "S89": [
      [
        "PAT_7366",
        0,
        0.0
      ],
      [
        "PAT_7011",
        0,
        3619.1026
      ]
    ],
    "S104": [
      [
        "PAT_10386",
        0,
        4617.3177
      ]
    ],
    "S28": [
      [
        "PAT_10050",
        0,
        0.0
      ],
      [
        "PAT_10009",
        1,
        3720.0276
      ]
    ],
    "S19": [
      [
        "PAT_9383",
        0,
        927.5642
      ],
      [
        "PAT_9383",
        0,
        3528.5904
      ]
    ],
    "S134": [
      [
        "PAT_11297",
        0,
        0.0
      ],
      [
        "PAT_4755",
        0,
        3021.0023
      ]
    ],
    "S133": [
      [
        "PAT_9005",
        0,
        0.0
      ],
      [
        "PAT_9237",
        0,
        3615.7052
      ]
    ],
    "S109": [
      [
        "PAT_9186",
        0,
        0.0
      ],
      [
        "PAT_9186",
        0,
        3615.7052
      ]
    ],
    "S99": [
      [
        "PAT_9753",
        0,
        2348.7204
      ],
      [
        "PAT_9736",
        0,
        4949.7466
      ]
    ],
    "S100": [
      [
        "PAT_7011",
        0,
        2047.3223
      ]
    ],
    "S136": [
      [
        "PAT_8956",
        0,
        2835.1646
      ]
    ],
    "S14": [
      [
        "PAT_10672",
        0,
        448.5512
      ],
      [
        "PAT_7049",
        0,
        2928.9941
      ]
    ],
    "S54": [
      [
        "PAT_10329",
        0,
        0.0
      ],
      [
        "PAT_10329",
        0,
        2036.9847
      ],
      [
        "PAT_10376",
        0,
        4073.9694
      ]
    ],
    "S112": [
      [
        "PAT_9387",
        0,
        1439.9489
      ],
      [
        "PAT_9387",
        0,
        4040.9750999999997
      ]
    ],
    "S82": [
      [
        "PAT_0032",
        0,
        904.4093
      ]
    ],
    "S64": [
      [
        "PAT_7401",
        0,
        2638.8104
      ]
    ],