{
  "instance": "SYN_SWEEP5_SIZE_L_023",
  "method": "VNS_SA",
  "start_method": "greedy",
  "time_limit": 60.0,
  "cost": 14202.9837,
  "is_feasible": true,
  "unmet": {},
  "overprod": {
    "P14": 1,
    "P18": 1,
    "P19": 1,
    "P27": 4
  },
  "elapsed_sec": 60.03,
  "active": {
    "S20": [
      [
        "PAT_3681",
        0,
        0.0
      ],
      [
        "PAT_3681",
        0,
        3252.2391
      ]
    ],
    "S47": [
      [
        "PAT_3132",
        0,
        0.0
      ]
    ],
    "S56": [
      [
        "PAT_3715",
        0,
        0.0
      ]
    ],
    "S63": [
      [
        "PAT_2829",
        0,
        0.0
      ],
      [
        "PAT_1116",
        1,
        5146.2744
      ]
    ],
    "S30": [
      [
        "PAT_1700",
        0,
        2270.617
      ]
    ],
    "S35": [
      [
        "PAT_3187",
        0,
        0.0
      ]
    ],
    "S53": [
      [
        "PAT_0790",
        0,
        0.0
      ],
      [
        "PAT_0444",
        0,
        1038.142
      ],
      [
        "PAT_3654",
        1,
        2350.6291
      ],
      [
        "PAT_0570",
        1,
        4704.0629
      ]
    ],
    "S64": [
      [
        "PAT_2422",
        0,
        1636.4062
      ],
      [
        "PAT_2587",
        1,
        4727.3737
      ]
    ],
    "S46": [
      [
        "PAT_3705",
        0,
        0.0
      ],
      [
        "PAT_1432",
        1,
        4338.9628
      ]
    ],
    "S67": [
      [
        "PAT_2368",
        0,
        0.0
      ],
      [
        "PAT_2368",
        0,
        2844.134
      ]
    ],
    "S36": [
      [
        "PAT_3040",
        0,
        0.0
      ],
      [
        "PAT_0217",
        1,
        5380.4588
      ]
    ],
    "S69": [
      [
        "PAT_3697",
        0,
        0.0
      ],
      [
        "PAT_2353",
        0,
        3252.2391
      ]
    ],
    "S39": [
      [
        "PAT_0685",
        0,
        0.0
      ],
      [
        "PAT_0445",
        1,
        1562.0265000000002
      ],
      [
        "PAT_3487",
        0,
        3192.5865000000003
      ]
    ],
    "S14": [
      [
        "PAT_2002",
        0,
        2318.7598
      ]
    ],
    "S3": [
      [
        "PAT_1704",
        0,
        0.0
      ]
    ],
    "S19": [
      [
        "PAT_3396",
        0,
        0.0
      ],
      [
        "PAT_3356",
        0,
        1975.9047
      ]
    ],
    "S18": [
      [
        "PAT_3058",
        0,
        0.0
      ],
      [
        "PAT_3485",
        0,
        4252.8405
      ]
    ],
    "S8": [
      [
        "PAT_2121",
        0,
        0.0
      ]
    ],
    "S13": [
      [
        "PAT_3685",
        0,
        1815.652
      ]
    ],
    "S1": [
      [
        "PAT_2082",
        0,
        0.0
      ]
    ],
    "S38": [
      [
        "PAT_0097",
        0,
        0.0
      ],
      [
        "PAT_3685",
        0,
        2567.8281
      ]
    ],
    "S72": [
      [
        "PAT_3364",
        0,
        0.0
      ],
      [
        "PAT_2082",
        0,
        1975.9047
      ]
    ],
    "S61": [
      [
        "PAT_1905",
        0,
        1306.4742
      ]
    ],
    "S32": [
      [
        "PAT_1147",
        0,
        0.0
      ],
      [
        "PAT_3252",
        0,
        1038.142
      ]
    ],
    "S50": [
      [
        "PAT_3487",
        0,
        0.0
      ],
      [
        "PAT_3678",
        0,
        2866.8433
      ]
    ]
  }
}