{
  "instance": "SYN_SWEEP5_SIZE_XL_003",
  "method": "SA",
  "start_method": "multistart",
  "time_limit": 60.0,
  "cost": 25395.1966,
  "is_feasible": true,
  "unmet": {},
  "overprod": {
    "P1": 2,
    "P2": 1,
    "P6": 1,
    "P7": 1,
    "P9": 1,
    "P10": 1,
    "P12": 3,
    "P15": 1,
    "P26": 2,
    "P39": 1,
    "P41": 2
  },
  "elapsed_sec": 60.21,
  "active": {
    "S139": [
      [
        "PAT_1789",
        0,
        0.0
      ],
      [
        "PAT_1789",
        0,
        2515.0894
      ]
    ],
    "S129": [
      [
        "PAT_4687",
        0,
        0.0
      ],
      [
        "PAT_1528",
        0,
        2957.0633
      ]
    ],
    "S150": [
      [
        "PAT_4611",
        0,
        0.0
      ],
      [
        "PAT_4611",
        0,
        2103.0053
      ],
      [
        "PAT_1778",
        1,
        4206.0106
      ]
    ],
    "S155": [
      [
        "PAT_0097",
        0,
        0.0
      ],
      [
        "PAT_3093",
        1,
        3868.1211
      ]
    ],
    "S119": [
      [
        "PAT_1852",
        0,
        0.0
      ],
      [
        "PAT_8367",
        0,
        4198.424500000001
      ]
    ],
    "S64": [
      [
        "PAT_4885",
        0,
        0.0
      ],
      [
        "PAT_3136",
        0,
        3537.4351
      ]
    ],
    "S56": [
      [
        "PAT_4668",
        0,
        0.0
      ],
      [
        "PAT_2014",
        0,
        3261.458
      ]
    ],
    "S28": [
      [
        "PAT_3027",
        0,
        0.0
      ],
      [
        "PAT_0007",
        0,
        1996.4180999999999
      ]
    ],
    "S37": [
      [
        "PAT_0052",
        0,
        814.9461
      ]
    ],
    "S83": [
      [
        "PAT_1841",
        0,
        0.0
      ],
      [
        "PAT_1164",
        0,
        2675.4697
      ]
    ],
    "S13": [
      [
        "PAT_1870",
        0,
        0.0
      ]
    ],
    "S71": [
      [
        "PAT_1861",
        0,
        0.0
      ]
    ],
    "S26": [
      [
        "PAT_7072",
        0,
        0.0
      ]
    ],
    "S15": [
      [
        "PAT_1852",
        0,
        0.0
      ]
    ],
    "S94": [
      [
        "PAT_1852",
        0,
        1201.6838
      ]
    ],
    "S93": [
      [
        "PAT_1872",
        0,
        0.0
      ]
    ],
    "S148": [
      [
        "PAT_6276",
        0,
        0.0
      ],
      [
        "PAT_6276",
        0,
        3254.2794
      ]
    ],
    "S29": [
      [
        "PAT_1852",
        0,
        1282.7359
      ]
    ],
    "S49": [
      [
        "PAT_3431",
        0,
        0.0
      ],
      [
        "PAT_1772",
        0,
        3361.7081
      ]
    ],
    "S141": [
      [
        "PAT_2106",
        0,
        0.0
      ],
      [
        "PAT_4601",
        0,
        4010.7121
      ]
    ],
    "S57": [
      [
        "PAT_1734",
        0,
        0.0
      ],
      [
        "PAT_1850",
        0,
        3389.0982999999997
      ]
    ],
    "S51": [
      [
        "PAT_2269",
        0,
        723.2891
      ],
      [
        "PAT_1985",
        0,
        2226.4136
      ]
    ],
    "S88": [
      [
        "PAT_0025",
        0,
        1541.8202
      ]
    ],
    "S89": [
      [
        "PAT_0593",
        0,
        0.0
      ],
      [
        "PAT_4659",
        0,
        3220.3562
      ]
    ],
    "S46": [
      [
        "PAT_3102",
        0,
        0.0
      ],
      [
        "PAT_1156",
        0,
        1750.0639
      ]
    ],
    "S107": [
      [
        "PAT_1852",
        0,
        2557.63
      ]
    ],
    "S32": [
      [
        "PAT_4148",
        0,
        0.0
      ],
      [
        "PAT_3161",
        0,
        3361.7081
      ]
    ],
    "S152": [
      [
        "PAT_1661",
        0,
        0.0
      ],
      [
        "PAT_2330",
        0,
        4384.425
      ]
    ],
    "S63": [
      [
        "PAT_0050",
        0,
        0.0
      ]
    ],
    "S127": [
      [
        "PAT_1841",
        1,
        678.9911
      ]
    ],
    "S135": [
      [
        "PAT_0022",
        0,
        0.0
      ]
    ],
    "S36": [
      [
        "PAT_8378",
        0,
        0.0
      ],
      [
        "PAT_1852",
        0,
        3254.2794
      ]
    ],
    "S140": [
      [
        "PAT_1870",
        0,
        741.6019
      ]
    ],
    "S123": [
      [
        "PAT_1872",
        0,
        0.0
      ]
    ],
    "S157": [
      [
        "PAT_0011",
        0,
        1734.5015
      ]
    ],
    "S109": [
      [
        "PAT_0249",
        0,
        1584.1197
      ]
    ],
    "S82": [
      [
        "PAT_4670",
        0,
        0.0
      ],
      [
        "PAT_1850",
        1,
        2103.0053
      ]
    ],
    "S68": [
      [
        "PAT_2748",
        0,
        0.0
      ],
      [
        "PAT_1448",
        0,
        1503.1245
      ]
    ],
    "S52": [
      [
        "PAT_0510",
        0,
        0.0
      ],
      [
        "PAT_6796",
        0,
        3220.3562
      ]
    ],
    "S8": [
      [
        "PAT_6672",
        0,
        0.0
      ],
      [
        "PAT_4908",
        1,
        3980.0773
      ]
    ],
    "S73": [
      [
        "PAT_4360",
        0,
        0.0
      ]
    ],
    "S60": [
      [
        "PAT_1873",
        0,
        0.0
      ]
    ],
    "S4": [
      [
        "PAT_3128",
        0,
        0.0
      ]
    ],
    "S74": [
      [
        "PAT_1925",
        0,
        0.0
      ]
    ],
    "S79": [
      [
        "PAT_2071",
        0,
        0.0
      ]
    ],
    "S86": [
      [
        "PAT_1854",
        0,
        2152.8409
      ]
    ]
  }
}