{
  "instance": "SYN_SWEEP5_SIZE_XL_005",
  "method": "SA",
  "start_method": "greedy",
  "time_limit": 60.0,
  "cost": 25992.1269,
  "is_feasible": true,
  "unmet": {},
  "overprod": {
    "P4": 1,
    "P8": 1,
    "P24": 7,
    "P33": 3,
    "P38": 2
  },
  "elapsed_sec": 60.37,
  "active": {
    "S40": [
      [
        "PAT_12286",
        0,
        0.0
      ],
      [
        "PAT_19205",
        0,
        2328.2147999999997
      ],
      [
        "PAT_19205",
        0,
        3336.9456999999998
      ]
    ],
    "S15": [
      [
        "PAT_18955",
        0,
        0.0
      ],
      [
        "PAT_11995",
        0,
        1953.3536999999997
      ]
    ],
    "S84": [
      [
        "PAT_9759",
        0,
        0.0
      ],
      [
        "PAT_9759",
        0,
        2615.2425
      ]
    ],
    "S44": [
      [
        "PAT_19028",
        0,
        0.0
      ],
      [
        "PAT_19028",
        0,
        1555.9875
      ],
      [
        "PAT_18623",
        0,
        3111.975
      ]
    ],
    "S75": [
      [
        "PAT_11942",
        0,
        0.0
      ],
      [
        "PAT_13348",
        0,
        2336.588
      ],
      [
        "PAT_13348",
        0,
        4100.4220000000005
      ]
    ],
    "S29": [
      [
        "PAT_10799",
        0,
        0.0
      ],
      [
        "PAT_10799",
        0,
        2615.2425
      ]
    ],
    "S92": [
      [
        "PAT_8474",
        0,
        0.0
      ],
      [
        "PAT_0011",
        0,
        2280.4609
      ]
    ],
    "S5": [
      [
        "PAT_12020",
        0,
        0.0
      ],
      [
        "PAT_9068",
        0,
        3345.9874000000004
      ]
    ],
    "S43": [
      [
        "PAT_10836",
        0,
        0.0
      ],
      [
        "PAT_19045",
        0,
        2325.9416
      ]
    ],
    "S93": [
      [
        "PAT_16990",
        0,
        0.0
      ],
      [
        "PAT_16990",
        0,
        1763.834
      ],
      [
        "PAT_16990",
        0,
        3527.668
      ]
    ],
    "S115": [
      [
        "PAT_0078",
        0,
        764.596
      ],
      [
        "PAT_0078",
        0,
        2973.9685
      ]
    ],
    "S64": [
      [
        "PAT_0031",
        0,
        0.0
      ],
      [
        "PAT_0031",
        0,
        2209.3725
      ]
    ],
    "S121": [
      [
        "PAT_19046",
        0,
        0.0
      ]
    ],
    "S34": [
      [
        "PAT_3347",
        0,
        3138.7425
      ]
    ],
    "S60": [
      [
        "PAT_9519",
        0,
        1684.3667
      ]
    ],
    "S50": [
      [
        "PAT_2456",
        0,
        531.7532
      ],
      [
        "PAT_2142",
        0,
        3240.4451
      ]
    ],
    "S12": [
      [
        "PAT_0025",
        0,
        0.0
      ],
      [
        "PAT_3411",
        0,
        3629.5719
      ]
    ],
    "S80": [
      [
        "PAT_10905",
        0,
        0.0
      ],
      [
        "PAT_11833",
        0,
        2451.2722000000003
      ]
    ],
    "S4": [
      [
        "PAT_19044",
        0,
        0.0
      ],
      [
        "PAT_9037",
        0,
        3236.0168
      ]
    ],
    "S71": [
      [
        "PAT_17388",
        0,
        0.0
      ],
      [
        "PAT_0095",
        1,
        3721.976
      ]
    ],
    "S104": [
      [
        "PAT_17388",
        0,
        0.0
      ]
    ],
    "S56": [
      [
        "PAT_19203",
        0,
        0.0
      ],
      [
        "PAT_0092",
        0,
        1886.2852
      ],
      [
        "PAT_0073",
        0,
        4113.2721
      ]
    ],
    "S132": [
      [
        "PAT_9563",
        0,
        0.0
      ],
      [
        "PAT_13341",
        0,
        2615.2425
      ]
    ],
    "S126": [
      [
        "PAT_11292",
        0,
        0.0
      ],
      [
        "PAT_11292",
        0,
        2325.9416
      ]
    ],
    "S112": [
      [
        "PAT_11798",
        0,
        0.0
      ],
      [
        "PAT_11798",
        0,
        2325.9416
      ]
    ],
    "S72": [
      [
        "PAT_12929",
        0,
        0.0
      ],
      [
        "PAT_1139",
        0,
        1763.834
      ]
    ],
    "S39": [
      [
        "PAT_10136",
        0,
        677.3708
      ]
    ],
    "S81": [
      [
        "PAT_17805",
        0,
        0.0
      ]
    ],
    "S7": [
      [
        "PAT_18730",
        0,
        0.0
      ],
      [
        "PAT_18575",
        0,
        1783.0461000000005
      ]
    ],
    "S140": [
      [
        "PAT_14011",
        0,
        1866.9669
      ],
      [
        "PAT_14011",
        0,
        3630.8009
      ]
    ],
    "S117": [
      [
        "PAT_0092",
        0,
        0.0
      ],
      [
        "PAT_9142",
        0,
        3086.2041
      ]
    ],
    "S49": [
      [
        "PAT_18582",
        0,
        796.5085
      ]
    ],
    "S118": [
      [
        "PAT_0092",
        0,
        1180.2981
      ],
      [
        "PAT_0092",
        0,
        3389.6706
      ]
    ],
    "S22": [
      [
        "PAT_0002",
        0,
        752.6833
      ]
    ],
    "S27": [
      [
        "PAT_17352",
        0,
        0.0
      ],
      [
        "PAT_9038",
        0,
        3356.6335
      ]
    ],
    "S68": [
      [
        "PAT_17516",
        0,
        994.7055
      ]
    ],
    "S114": [
      [
        "PAT_13978",
        0,
        0.0
      ],
      [
        "PAT_17353",
        0,
        1763.834
      ]
    ],
    "S23": [
      [
        "PAT_10152",
        0,
        0.0
      ],
      [
        "PAT_10152",
        0,
        2615.2425
      ]
    ],
    "S103": [
      [
        "PAT_16728",
        0,
        0.0
      ],
      [
        "PAT_12407",
        0,
        1763.834
      ],
      [
        "PAT_13776",
        0,
        3527.668
      ]
    ],
    "S129": [
      [
        "PAT_10097",
        0,
        0.0
      ],
      [
        "PAT_10097",
        0,
        2615.2425
      ]
    ],
    "S79": [
      [
        "PAT_18535",
        0,
        0.0
      ]
    ],
    "S32": [
      [
        "PAT_1310",
        0,
        0.0
      ],
      [
        "PAT_5720",
        0,
        2209.3725
      ]
    ],
    "S67": [
      [
        "PAT_18151",
        0,
        0.0
      ]
    ],
    "S138": [
      [
        "PAT_1151",
        0,
        1950.304
      ]
    ],
    "S128": [
      [
        "PAT_11967",
        0,
        0.0
      ]
    ],
    "S96": [
      [
        "PAT_18784",
        0,
        0.0
      ],
      [
        "PAT_18784",
        0,
        1555.9875
      ],
      [
        "PAT_2210",
        0,
        3111.975
      ]
    ],
    "S110": [
      [
        "PAT_10269",
        0,
        1211.2227
      ]
    ],
    "S85": [
      [
        "PAT_18513",
        0,
        0.0
      ]
    ]
  }
}