{
  "instance": "SYN_SWEEP5_SIZE_XL_001",
  "method": "GRASP_SA",
  "start_method": "none",
  "time_limit": 60.0,
  "cost": 35106.8242,
  "is_feasible": false,
  "unmet": {
    "P2": 1
  },
  "overprod": {
    "P1": 5,
    "P13": 9,
    "P17": 3,
    "P19": 1,
    "P20": 3,
    "P24": 3,
    "P25": 4,
    "P31": 6,
    "P33": 1,
    "P36": 1,
    "P39": 2,
    "P40": 1
  },
  "elapsed_sec": 36.92,
  "active": {
    "S124": [
      [
        "PAT_6977",
        0,
        639.4339
      ],
      [
        "PAT_6977",
        0,
        1874.6775
      ],
      [
        "PAT_6977",
        0,
        3109.9211
      ]
    ],
    "S20": [
      [
        "PAT_12580",
        0,
        0.0
      ],
      [
        "PAT_12580",
        0,
        1051.1847
      ],
      [
        "PAT_12580",
        0,
        2102.3694
      ],
      [
        "PAT_12580",
        0,
        3153.5541000000003
      ],
      [
        "PAT_12580",
        0,
        4204.7388
      ]
    ],
    "S129": [
      [
        "PAT_0919",
        0,
        0.0
      ],
      [
        "PAT_0919",
        0,
        1235.2436
      ],
      [
        "PAT_0919",
        0,
        2470.4872
      ],
      [
        "PAT_12747",
        0,
        3705.7308000000003
      ],
      [
        "PAT_12747",
        0,
        4756.9155
      ]
    ],
    "S98": [
      [
        "PAT_18295",
        0,
        0.0
      ],
      [
        "PAT_0783",
        0,
        2711.7351
      ]
    ],
    "S84": [
      [
        "PAT_18165",
        0,
        0.0
      ],
      [
        "PAT_6075",
        0,
        3367.112
      ]
    ],
    "S92": [
      [
        "PAT_12308",
        0,
        0.0
      ],
      [
        "PAT_12879",
        1,
        3680.0368
      ],
      [
        "PAT_12879",
        1,
        4731.2215
      ]
    ],
    "S120": [
      [
        "PAT_10651",
        0,
        0.0
      ],
      [
        "PAT_12627",
        1,
        3643.2853
      ]
    ],
    "S104": [
      [
        "PAT_17588",
        0,
        0.0
      ],
      [
        "PAT_17588",
        0,
        2841.7035
      ]
    ],
    "S114": [
      [
        "PAT_16005",
        0,
        0.0
      ]
    ],
    "S64": [
      [
        "PAT_13535",
        0,
        0.0
      ]
    ],
    "S17": [
      [
        "PAT_12551",
        0,
        1274.9326
      ],
      [
        "PAT_12551",
        0,
        2326.1173
      ],
      [
        "PAT_12551",
        0,
        3377.3019999999997
      ]
    ],
    "S72": [
      [
        "PAT_7021",
        0,
        1321.1595
      ]
    ],
    "S116": [
      [
        "PAT_14881",
        0,
        0.0
      ],
      [
        "PAT_12968",
        2,
        3850.232
      ]
    ],
    "S122": [
      [
        "PAT_18123",
        0,
        0.0
      ]
    ],
    "S14": [
      [
        "PAT_16231",
        0,
        1545.8162
      ]
    ],
    "S30": [
      [
        "PAT_12518",
        0,
        0.0
      ],
      [
        "PAT_12987",
        1,
        4811.5246
      ]
    ],
    "S88": [
      [
        "PAT_7010",
        0,
        0.0
      ],
      [
        "PAT_12793",
        0,
        3643.2853
      ]
    ],
    "S86": [
      [
        "PAT_12423",
        0,
        796.5569
      ]
    ],
    "S89": [
      [
        "PAT_12365",
        0,
        872.5389
      ]
    ],
    "S45": [
      [
        "PAT_17318",
        0,
        0.0
      ]
    ],
    "S73": [
      [
        "PAT_13113",
        0,
        0.0
      ]
    ],
    "S49": [
      [
        "PAT_0044",
        0,
        1862.8646
      ],
      [
        "PAT_0044",
        0,
        3098.1082
      ]
    ],
    "S68": [
      [
        "PAT_12470",
        0,
        0.0
      ]
    ],
    "S95": [
      [
        "PAT_18317",
        0,
        0.0
      ],
      [
        "PAT_18317",
        0,
        2711.7351
      ]
    ],
    "S23": [
      [
        "PAT_17784",
        0,
        2519.9067
      ]
    ],
    "S6": [
      [
        "PAT_17834",
        0,
        1588.3042
      ]
    ],
    "S58": [
      [
        "PAT_17803",
        0,
        0.0
      ],
      [
        "PAT_17803",
        0,
        2841.7035
      ]
    ],
    "S138": [
      [
        "PAT_13094",
        0,
        0.0
      ]
    ],
    "S111": [
      [
        "PAT_13658",
        0,
        0.0
      ]
    ],
    "S71": [
      [
        "PAT_17894",
        0,
        376.5094
      ]
    ],
    "S69": [
      [
        "PAT_13120",
        0,
        0.0
      ]
    ],
    "S31": [
      [
        "PAT_17948",
        0,
        0.0
      ],
      [
        "PAT_17948",
        0,
        2841.7035
      ]
    ],
    "S115": [
      [
        "PAT_13093",
        0,
        0.0
      ]
    ],
    "S19": [
      [
        "PAT_18428",
        0,
        3227.5305
      ]
    ],
    "S63": [
      [
        "PAT_17156",
        0,
        0.0
      ],
      [
        "PAT_17156",
        0,
        2841.7035
      ]
    ],
    "S52": [
      [
        "PAT_18009",
        0,
        0.0
      ]
    ],
    "S139": [
      [
        "PAT_17980",
        0,
        2344.7464
      ]
    ],
    "S54": [
      [
        "PAT_18283",
        0,
        2070.4145
      ]
    ],
    "S38": [
      [
        "PAT_7067",
        0,
        0.0
      ]
    ],
    "S16": [
      [
        "PAT_18282",
        0,
        1861.1998
      ]
    ],
    "S46": [
      [
        "PAT_13656",
        0,
        0.0
      ]
    ],
    "S62": [
      [
        "PAT_17979",
        0,
        0.0
      ]
    ],
    "S22": [
      [
        "PAT_18307",
        0,
        0.0
      ]
    ],
    "S32": [
      [
        "PAT_7026",
        0,
        0.0
      ]
    ],
    "S67": [
      [
        "PAT_7067",
        0,
        382.6583
      ]
    ],
    "S35": [
      [
        "PAT_9740",
        1,
        2054.5858
      ]
    ],
    "S1": [
      [
        "PAT_11557",
        0,
        701.5522
      ]
    ],
    "S33": [
      [
        "PAT_7067",
        0,
        0.0
      ]
    ],
    "S12": [
      [
        "PAT_17813",
        0,
        0.0
      ]
    ],
    "S75": [
      [
        "PAT_12368",
        0,
        0.0
      ]
    ],
    "S132": [
      [
        "PAT_17978",
        0,
        0.0
      ]
    ],
    "S110": [
      [
        "PAT_8799",
        0,
        0.0
      ]
    ],
    "S134": [
      [
        "PAT_7063",
        0,
        0.0
      ]
    ],
    "S78": [
      [
        "PAT_7025",
        0,
        0.0
      ]
    ],
    "S91": [
      [
        "PAT_10168",
        0,
        0.0
      ]
    ],
    "S119": [
      [
        "PAT_7063",
        0,
        0.0
      ]
    ],
    "S50": [
      [
        "PAT_11168",
        0,
        0.0
      ]
    ],
    "S29": [
      [
        "PAT_7001",
        0,
        0.0
      ]
    ],
    "S25": [
      [
        "PAT_13125",
        0,
        0.0
      ]
    ],
    "S113": [
      [
        "PAT_13125",
        0,
        0.0
      ]
    ],
    "S28": [
      [
        "PAT_7001",
        0,
        1983.7223
      ]
    ],
    "S44": [
      [
        "PAT_7001",
        0,
        0.0
      ]
    ],
    "S135": [
      [
        "PAT_7001",
        0,
        2375.186
      ]
    ],