{
  "instance": "SYN_SWEEP5_SIZE_XL_012",
  "method": "SA",
  "start_method": "multistart",
  "time_limit": 60.0,
  "cost": 29072.751,
  "is_feasible": true,
  "unmet": {},
  "overprod": {
    "P5": 2,
    "P10": 3,
    "P15": 1,
    "P16": 2,
    "P17": 1,
    "P31": 1,
    "P33": 1,
    "P40": 2,
    "P43": 1,
    "P44": 1
  },
  "elapsed_sec": 290.43,
  "active": {
    "S105": [
      [
        "PAT_11814",
        0,
        0.0
      ],
      [
        "PAT_11814",
        0,
        3576.3951
      ]
    ],
    "S47": [
      [
        "PAT_10157",
        0,
        0.0
      ],
      [
        "PAT_10157",
        0,
        3963.4487
      ]
    ],
    "S119": [
      [
        "PAT_14904",
        0,
        989.9709
      ],
      [
        "PAT_14904",
        0,
        4015.1715999999997
      ]
    ],
    "S132": [
      [
        "PAT_12920",
        0,
        0.0
      ],
      [
        "PAT_10982",
        0,
        2517.2646999999984
      ],
      [
        "PAT_10982",
        0,
        5815.5783999999985
      ]
    ],
    "S23": [
      [
        "PAT_11876",
        0,
        0.0
      ],
      [
        "PAT_14443",
        0,
        4052.1744
      ]
    ],
    "S20": [
      [
        "PAT_10217",
        0,
        0.0
      ],
      [
        "PAT_12765",
        1,
        5004.5034
      ]
    ],
    "S2": [
      [
        "PAT_11731",
        0,
        0.0
      ],
      [
        "PAT_11731",
        0,
        3298.3137
      ]
    ],
    "S30": [
      [
        "PAT_12072",
        0,
        0.0
      ],
      [
        "PAT_12072",
        0,
        2992.5542
      ]
    ],
    "S94": [
      [
        "PAT_10223",
        0,
        0.0
      ],
      [
        "PAT_10223",
        0,
        3298.3137
      ]
    ],
    "S127": [
      [
        "PAT_23461",
        0,
        0.0
      ],
      [
        "PAT_10005",
        0,
        4328.7466
      ]
    ],
    "S112": [
      [
        "PAT_12943",
        0,
        2049.9989
      ],
      [
        "PAT_12943",
        0,
        5075.1996
      ]
    ],
    "S72": [
      [
        "PAT_0052",
        0,
        0.0
      ],
      [
        "PAT_11827",
        0,
        4590.966699999999
      ]
    ],
    "S106": [
      [
        "PAT_6168",
        0,
        0.0
      ],
      [
        "PAT_6168",
        0,
        4016.182
      ]
    ],
    "S56": [
      [
        "PAT_0039",
        0,
        0.0
      ],
      [
        "PAT_0039",
        0,
        4016.182
      ]
    ],
    "S145": [
      [
        "PAT_17018",
        0,
        0.0
      ],
      [
        "PAT_17018",
        0,
        3043.4791
      ]
    ],
    "S102": [
      [
        "PAT_16619",
        0,
        2786.804
      ],
      [
        "PAT_16619",
        0,
        5830.283100000001
      ]
    ],
    "S17": [
      [
        "PAT_19055",
        0,
        0.0
      ],
      [
        "PAT_16619",
        0,
        3208.5728000000004
      ],
      [
        "PAT_16619",
        0,
        6252.0519
      ]
    ],
    "S42": [
      [
        "PAT_16520",
        0,
        0.0
      ],
      [
        "PAT_7904",
        0,
        4106.4803
      ]
    ],
    "S99": [
      [
        "PAT_12830",
        0,
        0.0
      ],
      [
        "PAT_15611",
        0,
        2046.1460000000002
      ],
      [
        "PAT_15611",
        0,
        5071.3467
      ]
    ],
    "S131": [
      [
        "PAT_22689",
        0,
        0.0
      ],
      [
        "PAT_24475",
        0,
        3043.4791
      ],
      [
        "PAT_16559",
        1,
        6091.065
      ]
    ],
    "S7": [
      [
        "PAT_12927",
        0,
        0.0
      ],
      [
        "PAT_0005",
        0,
        2664.7418
      ],
      [
        "PAT_16989",
        0,
        6680.9238
      ]
    ],
    "S90": [
      [
        "PAT_3874",
        0,
        2554.4515
      ]
    ],
    "S61": [
      [
        "PAT_13719",
        0,
        0.0
      ],
      [
        "PAT_10004",
        0,
        3558.862
      ]
    ],
    "S38": [
      [
        "PAT_11368",
        0,
        0.0
      ],
      [
        "PAT_0047",
        0,
        3298.3137
      ]
    ],
    "S108": [
      [
        "PAT_12024",
        0,
        0.0
      ],
      [
        "PAT_12024",
        0,
        2992.5542
      ],
      [
        "PAT_11871",
        0,
        5985.1084
      ]
    ],
    "S31": [
      [
        "PAT_16539",
        0,
        0.0
      ],
      [
        "PAT_5635",
        0,
        2516.4276
      ]
    ],
    "S8": [
      [
        "PAT_22020",
        0,
        0.0
      ],
      [
        "PAT_11827",
        0,
        3323.7302
      ]
    ],
    "S128": [
      [
        "PAT_23628",
        0,
        0.0
      ]
    ],
    "S142": [
      [
        "PAT_12889",
        0,
        0.0
      ],
      [
        "PAT_12079",
        0,
        1770.9116
      ]
    ],
    "S1": [
      [
        "PAT_18983",
        0,
        0.0
      ],
      [
        "PAT_18990",
        0,
        3043.4791
      ],
      [
        "PAT_16536",
        2,
        6086.9582
      ]
    ],
    "S77": [
      [
        "PAT_6124",
        0,
        0.0
      ],
      [
        "PAT_16615",
        1,
        4016.182
      ]
    ],
    "S13": [
      [
        "PAT_15886",
        0,
        0.0
      ],
      [
        "PAT_16740",
        0,
        4495.7792
      ]
    ],
    "S95": [
      [
        "PAT_0052",
        0,
        2382.9736
      ]
    ],
    "S74": [
      [
        "PAT_3714",
        0,
        0.0
      ],
      [
        "PAT_12985",
        0,
        4016.182
      ]
    ],
    "S122": [
      [
        "PAT_8421",
        0,
        0.0
      ]
    ],
    "S76": [
      [
        "PAT_11545",
        0,
        0.0
      ],
      [
        "PAT_16947",
        0,
        3327.4468
      ]
    ],
    "S100": [
      [
        "PAT_7259",
        0,
        0.0
      ],
      [
        "PAT_14001",
        1,
        5098.2852
      ]
    ],
    "S5": [
      [
        "PAT_0050",
        0,
        2116.5717
      ]
    ],
    "S101": [
      [
        "PAT_23882",
        0,
        0.0
      ],
      [
        "PAT_23882",
        0,
        3043.4791
      ]
    ],
    "S141": [
      [
        "PAT_11495",
        0,
        0.0
      ],
      [
        "PAT_11099",
        1,
        3298.3137
      ]
    ],
    "S14": [
      [
        "PAT_10386",
        0,
        2791.9013
      ]
    ],
    "S73": [
      [
        "PAT_13940",
        0,
        0.0
      ],
      [
        "PAT_13940",
        0,
        3025.2007
      ]
    ],
    "S81": [
      [
        "PAT_16543",
        0,
        0.0
      ],
      [
        "PAT_11340",
        0,
        2516.4276
      ],
      [
        "PAT_11340",
        0,
        5814.7413
      ]
    ],
    "S39": [
      [
        "PAT_0003",
        0,
        0.0
      ],
      [
        "PAT_13719",
        0,
        4016.182
      ]
    ],
    "S68": [
      [
        "PAT_10001",
        1,
        2460.0596
      ]
    ],
    "S45": [
      [
        "PAT_11816",
        0,
        0.0
      ],
      [
        "PAT_13690",
        1,
        4947.6465
      ]
    ]
  }
}