{
  "instance": "SYN_SWEEP5_SIZE_L_028",
  "method": "SD",
  "start_method": "greedy",
  "time_limit": 60.0,
  "cost": 23664.7393,
  "is_feasible": true,
  "unmet": {},
  "overprod": {
    "P4": 1,
    "P17": 2,
    "P21": 1
  },
  "elapsed_sec": 47.94,
  "active": {
    "S59": [
      [
        "PAT_0392",
        0,
        0.0
      ],
      [
        "PAT_0454",
        1,
        4838.1033
      ]
    ],
    "S11": [
      [
        "PAT_0328",
        0,
        2050.9994
      ],
      [
        "PAT_0328",
        0,
        5142.2598
      ]
    ],
    "S39": [
      [
        "PAT_0215",
        0,
        0.0
      ],
      [
        "PAT_0215",
        0,
        4599.104
      ]
    ],
    "S20": [
      [
        "PAT_0444",
        0,
        0.0
      ],
      [
        "PAT_0444",
        0,
        3459.7791
      ]
    ],
    "S63": [
      [
        "PAT_0468",
        0,
        0.0
      ],
      [
        "PAT_0427",
        0,
        4484.266999999998
      ],
      [
        "PAT_0427",
        0,
        7338.301899999999
      ]
    ],
    "S54": [
      [
        "PAT_0283",
        0,
        1523.6736
      ],
      [
        "PAT_0283",
        0,
        4614.934
      ]
    ],
    "S33": [
      [
        "PAT_0196",
        0,
        2371.9302
      ]
    ],
    "S45": [
      [
        "PAT_0262",
        0,
        0.0
      ],
      [
        "PAT_0262",
        0,
        3091.2604
      ]
    ],
    "S55": [
      [
        "PAT_0233",
        0,
        0.0
      ],
      [
        "PAT_0233",
        0,
        2957.9894
      ],
      [
        "PAT_0233",
        0,
        5915.9788
      ]
    ],
    "S52": [
      [
        "PAT_0882",
        0,
        0.0
      ],
      [
        "PAT_0882",
        0,
        2969.4635
      ],
      [
        "PAT_0882",
        0,
        5938.927
      ]
    ],
    "S13": [
      [
        "PAT_0484",
        0,
        0.0
      ],
      [
        "PAT_0484",
        0,
        3265.8453
      ],
      [
        "PAT_0452",
        1,
        6531.6906
      ]
    ],
    "S51": [
      [
        "PAT_0411",
        0,
        1566.9828
      ],
      [
        "PAT_0411",
        0,
        5198.91
      ]
    ],
    "S62": [
      [
        "PAT_0465",
        0,
        0.0
      ],
      [
        "PAT_0883",
        2,
        4718.7607
      ]
    ],
    "S48": [
      [
        "PAT_0469",
        0,
        0.0
      ]
    ],
    "S12": [
      [
        "PAT_0640",
        0,
        0.0
      ],
      [
        "PAT_0458",
        0,
        3831.8754
      ]
    ],
    "S19": [
      [
        "PAT_0640",
        0,
        0.0
      ],
      [
        "PAT_0349",
        0,
        3993.3507
      ]
    ],
    "S26": [
      [
        "PAT_0836",
        0,
        0.0
      ],
      [
        "PAT_0381",
        0,
        5519.496
      ]
    ],
    "S44": [
      [
        "PAT_0473",
        0,
        857.9745
      ],
      [
        "PAT_0430",
        1,
        4930.7605
      ]
    ],
    "S35": [
      [
        "PAT_0458",
        0,
        0.0
      ],
      [
        "PAT_0433",
        1,
        6640.2009
      ]
    ],
    "S75": [
      [
        "PAT_0483",
        0,
        0.0
      ],
      [
        "PAT_0483",
        0,
        3265.8453
      ]
    ],
    "S83": [
      [
        "PAT_0430",
        0,
        2352.11
      ],
      [
        "PAT_0430",
        0,
        5206.1449
      ]
    ],
    "S7": [
      [
        "PAT_0237",
        0,
        2645.3932
      ],
      [
        "PAT_0237",
        0,
        5603.3826
      ]
    ],
    "S2": [
      [
        "PAT_0237",
        0,
        0.0
      ],
      [
        "PAT_0237",
        0,
        2957.9894
      ]
    ],
    "S24": [
      [
        "PAT_0237",
        0,
        0.0
      ],
      [
        "PAT_0237",
        0,
        2957.9894
      ],
      [
        "PAT_0379",
        0,
        5915.9788
      ]
    ],
    "S85": [
      [
        "PAT_0099",
        0,
        1337.1358
      ],
      [
        "PAT_0099",
        0,
        4659.1361
      ]
    ],
    "S79": [
      [
        "PAT_0617",
        0,
        0.0
      ],
      [
        "PAT_0617",
        0,
        3265.8453
      ]
    ],
    "S18": [
      [
        "PAT_0807",
        0,
        0.0
      ]
    ],
    "S41": [
      [
        "PAT_0660",
        0,
        4089.6138
      ]
    ],
    "S57": [
      [
        "PAT_0505",
        0,
        0.0
      ],
      [
        "PAT_0593",
        0,
        3265.8453
      ]
    ],
    "S81": [
      [
        "PAT_0503",
        0,
        0.0
      ],
      [
        "PAT_0020",
        0,
        3265.8453
      ]
    ],
    "S22": [
      [
        "PAT_0640",
        0,
        1901.8879
      ],
      [
        "PAT_0639",
        1,
        5567.5851999999995
      ]
    ],
    "S49": [
      [
        "PAT_0640",
        0,
        0.0
      ],
      [
        "PAT_0711",
        0,
        3665.6973
      ]
    ],
    "S87": [
      [
        "PAT_0712",
        0,
        1591.7429
      ]
    ],
    "S84": [
      [
        "PAT_0467",
        0,
        0.0
      ],
      [
        "PAT_0637",
        0,
        5994.481900000001
      ]
    ],
    "S60": [
      [
        "PAT_0637",
        0,
        0.0
      ],
      [
        "PAT_0239",
        1,
        6393.9157
      ]
    ],
    "S29": [
      [
        "PAT_0640",
        0,
        0.0
      ],
      [
        "PAT_0637",
        0,
        5711.4697
      ]
    ],
    "S43": [
      [
        "PAT_0636",
        0,
        2881.8169
      ]
    ],
    "S23": [
      [
        "PAT_0648",
        0,
        0.0
      ],
      [
        "PAT_0648",
        0,
        3665.6973
      ]
    ]
  }
}