{
  "instance": "SYN_SWEEP5_SIZE_XL_027",
  "method": "GRASP_SA",
  "start_method": "none",
  "time_limit": 60.0,
  "cost": 18779.4693,
  "is_feasible": true,
  "unmet": {},
  "overprod": {
    "P4": 4,
    "P5": 1,
    "P8": 2,
    "P11": 2,
    "P12": 1,
    "P14": 1,
    "P17": 1
  },
  "elapsed_sec": 60.17,
  "active": {
    "S1": [
      [
        "PAT_0018",
        0,
        0.0
      ],
      [
        "PAT_0174",
        0,
        2024.3179999999993
      ],
      [
        "PAT_0174",
        0,
        5315.9259999999995
      ]
    ],
    "S49": [
      [
        "PAT_0410",
        0,
        0.0
      ],
      [
        "PAT_0410",
        0,
        2452.3218
      ],
      [
        "PAT_0410",
        0,
        4904.6436
      ]
    ],
    "S26": [
      [
        "PAT_0453",
        0,
        0.0
      ],
      [
        "PAT_0453",
        0,
        2968.4832
      ]
    ],
    "S16": [
      [
        "PAT_0009",
        0,
        0.0
      ],
      [
        "PAT_0009",
        0,
        2259.9644
      ],
      [
        "PAT_0310",
        0,
        4519.9288
      ],
      [
        "PAT_0456",
        1,
        6983.8675
      ],
      [
        "PAT_0456",
        1,
        7803.9624
      ]
    ],
    "S46": [
      [
        "PAT_0003",
        0,
        0.0
      ],
      [
        "PAT_0464",
        0,
        3516.7870000000003
      ]
    ],
    "S81": [
      [
        "PAT_0326",
        0,
        0.0
      ],
      [
        "PAT_0009",
        0,
        5410.9392
      ]
    ],
    "S85": [
      [
        "PAT_0011",
        0,
        0.0
      ],
      [
        "PAT_0011",
        0,
        3337.4663
      ]
    ],
    "S127": [
      [
        "PAT_0003",
        0,
        0.0
      ],
      [
        "PAT_0002",
        0,
        3438.0785
      ]
    ],
    "S12": [
      [
        "PAT_0002",
        0,
        1865.0851
      ],
      [
        "PAT_0002",
        0,
        5303.1636
      ]
    ],
    "S6": [
      [
        "PAT_0327",
        0,
        0.0
      ],
      [
        "PAT_0456",
        1,
        4884.4857
      ],
      [
        "PAT_0456",
        1,
        5704.5806
      ]
    ],
    "S109": [
      [
        "PAT_0326",
        0,
        0.0
      ],
      [
        "PAT_0439",
        0,
        4884.4857
      ]
    ],
    "S128": [
      [
        "PAT_0308",
        0,
        0.0
      ],
      [
        "PAT_0437",
        1,
        3148.404
      ],
      [
        "PAT_0437",
        1,
        5843.3302
      ]
    ],
    "S110": [
      [
        "PAT_0397",
        0,
        0.0
      ],
      [
        "PAT_0437",
        0,
        2908.1819
      ],
      [
        "PAT_0437",
        0,
        5603.1080999999995
      ]
    ],
    "S108": [
      [
        "PAT_0012",
        0,
        0.0
      ],
      [
        "PAT_0011",
        0,
        3337.4663
      ]
    ],
    "S92": [
      [
        "PAT_0274",
        0,
        0.0
      ],
      [
        "PAT_0003",
        0,
        3609.8265
      ]
    ],
    "S76": [
      [
        "PAT_0256",
        1,
        497.071
      ],
      [
        "PAT_0256",
        1,
        2500.1615
      ],
      [
        "PAT_0256",
        1,
        4503.252
      ]
    ],
    "S125": [
      [
        "PAT_0012",
        0,
        0.0
      ],
      [
        "PAT_0012",
        0,
        3337.4663
      ]
    ],
    "S42": [
      [
        "PAT_0326",
        0,
        2153.3912
      ]
    ],
    "S62": [
      [
        "PAT_0445",
        0,
        0.0
      ],
      [
        "PAT_0445",
        0,
        2358.2119
      ],
      [
        "PAT_0459",
        0,
        4716.4238
      ]
    ],
    "S35": [
      [
        "PAT_0282",
        0,
        0.0
      ],
      [
        "PAT_0282",
        0,
        2414.6322
      ]
    ],
    "S31": [
      [
        "PAT_0279",
        0,
        2276.5687
      ],
      [
        "PAT_0279",
        0,
        4691.2009
      ]
    ],
    "S68": [
      [
        "PAT_0463",
        0,
        0.0
      ],
      [
        "PAT_0451",
        0,
        4076.8539
      ]
    ],
    "S19": [
      [
        "PAT_0020",
        0,
        0.0
      ],
      [
        "PAT_0020",
        0,
        2019.3875
      ],
      [
        "PAT_0456",
        0,
        4038.775
      ],
      [
        "PAT_0456",
        0,
        4858.8699
      ]
    ],
    "S59": [
      [
        "PAT_0247",
        0,
        0.0
      ]
    ],
    "S15": [
      [
        "PAT_0457",
        0,
        0.0
      ],
      [
        "PAT_0340",
        0,
        820.0949
      ]
    ],
    "S84": [
      [
        "PAT_0326",
        0,
        1678.6285
      ]
    ],
    "S63": [
      [
        "PAT_0279",
        0,
        0.0
      ],
      [
        "PAT_0340",
        0,
        2414.6322
      ]
    ],
    "S27": [
      [
        "PAT_0321",
        0,
        0.0
      ],
      [
        "PAT_0309",
        0,
        4884.4857
      ]
    ]
  }
}