{
  "instance": "SYN_SWEEP5_SIZE_XL_000",
  "method": "GRASP_SA",
  "start_method": "none",
  "time_limit": 60.0,
  "cost": 24841.1105,
  "is_feasible": true,
  "unmet": {},
  "overprod": {
    "P2": 1,
    "P4": 1,
    "P8": 1,
    "P10": 1,
    "P12": 3,
    "P19": 1,
    "P25": 2,
    "P26": 1
  },
  "elapsed_sec": 60.25,
  "active": {
    "S101": [
      [
        "PAT_1661",
        0,
        1939.6132
      ],
      [
        "PAT_1661",
        0,
        4598.9084
      ]
    ],
    "S37": [
      [
        "PAT_4554",
        0,
        1964.2371
      ],
      [
        "PAT_4554",
        0,
        4463.1668
      ]
    ],
    "S141": [
      [
        "PAT_1320",
        0,
        0.0
      ],
      [
        "PAT_1320",
        0,
        2894.3144
      ]
    ],
    "S14": [
      [
        "PAT_2217",
        0,
        0.0
      ],
      [
        "PAT_0768",
        0,
        2481.379
      ]
    ],
    "S10": [
      [
        "PAT_1386",
        0,
        0.0
      ],
      [
        "PAT_1386",
        0,
        2659.2952
      ]
    ],
    "S27": [
      [
        "PAT_1258",
        0,
        0.0
      ],
      [
        "PAT_1258",
        0,
        2894.3144
      ]
    ],
    "S73": [
      [
        "PAT_4557",
        0,
        694.6299
      ],
      [
        "PAT_1397",
        0,
        3193.5596
      ]
    ],
    "S24": [
      [
        "PAT_1274",
        0,
        3653.5498
      ]
    ],
    "S108": [
      [
        "PAT_0001",
        0,
        0.0
      ],
      [
        "PAT_5123",
        0,
        3829.7164000000002
      ]
    ],
    "S40": [
      [
        "PAT_1398",
        0,
        1814.9307
      ]
    ],
    "S18": [
      [
        "PAT_4557",
        0,
        0.0
      ],
      [
        "PAT_1365",
        0,
        3716.9653
      ]
    ],
    "S64": [
      [
        "PAT_1350",
        0,
        1452.2426
      ],
      [
        "PAT_1350",
        0,
        4346.557000000001
      ]
    ],
    "S137": [
      [
        "PAT_0002",
        0,
        1616.9782
      ]
    ],
    "S21": [
      [
        "PAT_0002",
        0,
        0.0
      ]
    ],
    "S139": [
      [
        "PAT_5991",
        0,
        0.0
      ],
      [
        "PAT_5950",
        0,
        1427.5367
      ],
      [
        "PAT_5950",
        0,
        2802.9317
      ],
      [
        "PAT_5950",
        0,
        4178.3267
      ],
      [
        "PAT_5950",
        0,
        5553.7217
      ]
    ],
    "S70": [
      [
        "PAT_6020",
        0,
        0.0
      ],
      [
        "PAT_4589",
        0,
        1375.395
      ],
      [
        "PAT_1400",
        0,
        3874.3247
      ]
    ],
    "S106": [
      [
        "PAT_0005",
        0,
        0.0
      ],
      [
        "PAT_0005",
        0,
        3454.2
      ]
    ],
    "S50": [
      [
        "PAT_1250",
        0,
        1036.3115
      ],
      [
        "PAT_1250",
        0,
        3450.4222
      ]
    ],
    "S19": [
      [
        "PAT_5192",
        0,
        0.0
      ],
      [
        "PAT_4480",
        1,
        3454.5606
      ],
      [
        "PAT_2221",
        1,
        4525.8577
      ]
    ],
    "S114": [
      [
        "PAT_0037",
        0,
        0.0
      ],
      [
        "PAT_0783",
        0,
        3470.037
      ]
    ],
    "S1": [
      [
        "PAT_0939",
        0,
        728.1996
      ],
      [
        "PAT_2728",
        0,
        3326.9888000000005
      ],
      [
        "PAT_2728",
        0,
        4317.577200000001
      ],
      [
        "PAT_2728",
        0,
        5308.1656
      ]
    ],
    "S56": [
      [
        "PAT_1370",
        0,
        0.0
      ]
    ],
    "S26": [
      [
        "PAT_1123",
        0,
        0.0
      ],
      [
        "PAT_1123",
        0,
        2414.1107
      ]
    ],
    "S47": [
      [
        "PAT_1283",
        0,
        936.0017
      ],
      [
        "PAT_1283",
        0,
        3830.3161
      ]
    ],
    "S95": [
      [
        "PAT_1300",
        0,
        0.0
      ],
      [
        "PAT_1300",
        0,
        2894.3144
      ]
    ],
    "S6": [
      [
        "PAT_5892",
        0,
        0.0
      ]
    ],
    "S55": [
      [
        "PAT_5284",
        0,
        0.0
      ],
      [
        "PAT_4574",
        0,
        3454.5606
      ]
    ],
    "S62": [
      [
        "PAT_0082",
        0,
        3470.2559
      ]
    ],
    "S74": [
      [
        "PAT_0002",
        0,
        1719.9101
      ]
    ],
    "S143": [
      [
        "PAT_5535",
        0,
        0.0
      ]
    ],
    "S90": [
      [
        "PAT_1407",
        0,
        0.0
      ],
      [
        "PAT_5041",
        0,
        2659.2952
      ]
    ],
    "S71": [
      [
        "PAT_1937",
        0,
        0.0
      ],
      [
        "PAT_1570",
        0,
        3363.2481
      ]
    ],
    "S102": [
      [
        "PAT_5123",
        0,
        0.0
      ],
      [
        "PAT_1262",
        1,
        3454.5606
      ]
    ],
    "S29": [
      [
        "PAT_4602",
        0,
        886.2535
      ],
      [
        "PAT_4557",
        1,
        3385.1832000000004
      ]
    ],
    "S125": [
      [
        "PAT_5925",
        0,
        0.0
      ],
      [
        "PAT_1401",
        0,
        1375.395
      ],
      [
        "PAT_1401",
        0,
        4034.6902
      ]
    ],
    "S53": [
      [
        "PAT_1249",
        0,
        0.0
      ],
      [
        "PAT_1249",
        0,
        2414.1107
      ]
    ],
    "S97": [
      [
        "PAT_0081",
        0,
        0.0
      ]
    ],
    "S119": [
      [
        "PAT_0639",
        0,
        0.0
      ]
    ],
    "S135": [
      [
        "PAT_0683",
        0,
        0.0
      ]
    ],
    "S58": [
      [
        "PAT_0027",
        0,
        0.0
      ]
    ],
    "S133": [
      [
        "PAT_1809",
        0,
        0.0
      ],
      [
        "PAT_1831",
        0,
        2659.2952
      ]
    ],
    "S13": [
      [
        "PAT_5289",
        0,
        0.0
      ]
    ],
    "S140": [
      [
        "PAT_4619",
        0,
        0.0
      ]
    ]
  }
}