{
  "instance": "SYN_SWEEP5_SIZE_XL_001",
  "method": "FI",
  "start_method": "multistart",
  "time_limit": 60.0,
  "cost": 32249.3475,
  "is_feasible": true,
  "unmet": {},
  "overprod": {
    "P1": 6,
    "P4": 4,
    "P13": 1,
    "P40": 1
  },
  "elapsed_sec": 205.82,
  "active": {
    "S20": [
      [
        "PAT_12904",
        0,
        0.0
      ],
      [
        "PAT_12904",
        0,
        1051.1847
      ],
      [
        "PAT_12904",
        0,
        2102.3694
      ],
      [
        "PAT_12904",
        0,
        3153.5541000000003
      ],
      [
        "PAT_12904",
        0,
        4204.7388
      ]
    ],
    "S104": [
      [
        "PAT_18384",
        0,
        0.0
      ],
      [
        "PAT_18384",
        0,
        2711.7351
      ]
    ],
    "S98": [
      [
        "PAT_12734",
        0,
        0.0
      ],
      [
        "PAT_12734",
        0,
        1051.1847
      ],
      [
        "PAT_12734",
        0,
        2102.3694
      ],
      [
        "PAT_12734",
        0,
        3153.5541000000003
      ]
    ],
    "S84": [
      [
        "PAT_12875",
        0,
        0.0
      ],
      [
        "PAT_12875",
        0,
        1051.1847
      ],
      [
        "PAT_12875",
        0,
        2102.3694
      ],
      [
        "PAT_3983",
        0,
        3153.5541000000003
      ]
    ],
    "S129": [
      [
        "PAT_17861",
        0,
        0.0
      ],
      [
        "PAT_17861",
        0,
        2841.7035
      ]
    ],
    "S17": [
      [
        "PAT_12520",
        0,
        1274.9326
      ]
    ],
    "S72": [
      [
        "PAT_12496",
        0,
        0.0
      ],
      [
        "PAT_12566",
        2,
        3842.9075
      ]
    ],
    "S49": [
      [
        "PAT_2932",
        0,
        429.5179
      ],
      [
        "PAT_0044",
        0,
        1862.8646
      ],
      [
        "PAT_0044",
        0,
        3098.1082
      ]
    ],
    "S114": [
      [
        "PAT_12480",
        0,
        0.0
      ]
    ],
    "S6": [
      [
        "PAT_17305",
        0,
        1588.3042
      ]
    ],
    "S64": [
      [
        "PAT_17810",
        0,
        0.0
      ],
      [
        "PAT_12639",
        0,
        2841.7035
      ]
    ],
    "S120": [
      [
        "PAT_17348",
        0,
        0.0
      ],
      [
        "PAT_17348",
        0,
        2841.7035
      ]
    ],
    "S95": [
      [
        "PAT_18283",
        0,
        0.0
      ],
      [
        "PAT_18283",
        0,
        2711.7351
      ]
    ],
    "S45": [
      [
        "PAT_17954",
        0,
        0.0
      ]
    ],
    "S71": [
      [
        "PAT_12412",
        1,
        376.5094
      ]
    ],
    "S27": [
      [
        "PAT_18428",
        0,
        0.0
      ],
      [
        "PAT_5239",
        2,
        2724.9221
      ]
    ],
    "S23": [
      [
        "PAT_1471",
        0,
        0.0
      ],
      [
        "PAT_18018",
        0,
        2032.6763
      ]
    ],
    "S14": [
      [
        "PAT_13127",
        0,
        1545.8162
      ]
    ],
    "S86": [
      [
        "PAT_18258",
        0,
        796.5569
      ]
    ],
    "S139": [
      [
        "PAT_7002",
        0,
        2344.7464
      ]
    ],
    "S75": [
      [
        "PAT_18281",
        0,
        0.0
      ]
    ],
    "S132": [
      [
        "PAT_13125",
        0,
        0.0
      ]
    ],
    "S115": [
      [
        "PAT_7001",
        0,
        0.0
      ]
    ],
    "S134": [
      [
        "PAT_7001",
        0,
        0.0
      ]
    ],
    "S29": [
      [
        "PAT_7001",
        0,
        0.0
      ]
    ],
    "S110": [
      [
        "PAT_7001",
        0,
        0.0
      ]
    ],
    "S16": [
      [
        "PAT_7001",
        0,
        742.8215
      ]
    ],
    "S113": [
      [
        "PAT_7001",
        0,
        0.0
      ]
    ],
    "S54": [
      [
        "PAT_13143",
        0,
        0.0
      ]
    ],
    "S1": [
      [
        "PAT_7019",
        0,
        701.5522
      ]
    ],
    "S138": [
      [
        "PAT_14765",
        0,
        0.0
      ]
    ],
    "S52": [
      [
        "PAT_14940",
        0,
        0.0
      ]
    ],
    "S63": [
      [
        "PAT_14350",
        0,
        1823.6752
      ]
    ],
    "S32": [
      [
        "PAT_16152",
        0,
        0.0
      ]
    ],
    "S69": [
      [
        "PAT_14994",
        0,
        0.0
      ]
    ],
    "S35": [
      [
        "PAT_13120",
        0,
        0.0
      ]
    ],
    "S28": [
      [
        "PAT_13093",
        0,
        1984.1812
      ]
    ],
    "S96": [
      [
        "PAT_13093",
        0,
        1005.7132
      ]
    ],
    "S38": [
      [
        "PAT_7064",
        0,
        0.0
      ]
    ],
    "S31": [
      [
        "PAT_7026",
        0,
        0.0
      ]
    ],
    "S67": [
      [
        "PAT_7026",
        0,
        382.6583
      ]
    ],
    "S91": [
      [
        "PAT_11545",
        0,
        0.0
      ]
    ],
    "S36": [
      [
        "PAT_17155",
        0,
        1298.1112
      ]
    ],
    "S47": [
      [
        "PAT_13108",
        0,
        0.0
      ]
    ],
    "S89": [
      [
        "PAT_12247",
        0,
        872.5389
      ]
    ],
    "S78": [
      [
        "PAT_7025",
        0,
        0.0
      ]
    ],
    "S111": [
      [
        "PAT_10192",
        0,
        0.0
      ]
    ],
    "S119": [
      [
        "PAT_7063",
        0,
        0.0
      ]
    ],
    "S30": [
      [
        "PAT_13112",
        0,
        0.0
      ],
      [
        "PAT_0416",
        0,
        3850.232
      ]
    ],
    "S58": [
      [
        "PAT_2976",
        0,
        0.0
      ],
      [
        "PAT_12184",
        0,
        2178.2233
      ]
    ],
    "S101": [
      [
        "PAT_13110",
        0,
        0.0
      ]
    ],
    "S93": [
      [
        "PAT_13657",
        0,
        0.0
      ]
    ],
    "S116": [
      [
        "PAT_8803",
        0,
        0.0
      ]
    ],
    "S88": [
      [
        "PAT_18266",
        0,
        1235.2436
      ]
    ],
    "S44": [
      [
        "PAT_11545",
        0,
        0.0
      ]
    ],
    "S92": [
      [
        "PAT_17563",
        0,
        0.0
      ],
      [
        "PAT_17563",
        0,
        2841.7035
      ]
    ],
    "S50": [
      [
        "PAT_10490",
        0,
        0.0
      ]
    ],
    "S62": [
      [
        "PAT_7720",
        0,
        0.0
      ]
    ],
    "S124": [
      [
        "PAT_18229",
        0,
        639.4339
      ]
    ],
    "S122": [
      [
        "PAT_17979",
        0,
        0.0
      ]
    ],
    "S135": [
      [
        "PAT_11546",
        0,
        2375.186
      ]
    ],
    "S33": [
      [
        "PAT_7067",
        0,
        0.0
      ]
    ],
    "S117": [
      [
        "PAT_6677",
        0,
        1802.9435
      ],
      [
        "PAT_6677",
        0,
        3038.1871
      ]
    ],
    "S5": [
      [
        "PAT_8724",
        0,
        0.0
      ]
    ],
    "S46": [
      [
        "PAT_11087",
        0,
        0.0
      ]
    ],
    "S73": [
      [
        "PAT_12896",
        0,
        0.0
      ],
      [
        "PAT_13127",
        0,
        1051.1847
      ]
    ],