{
  "instance": "SYN_SWEEP5_SIZE_L_012",
  "method": "SD",
  "start_method": "greedy",
  "time_limit": 60.0,
  "cost": 19816.0064,
  "is_feasible": true,
  "unmet": {},
  "overprod": {
    "P1": 1,
    "P6": 1,
    "P13": 1,
    "P16": 1,
    "P21": 1,
    "P26": 1
  },
  "elapsed_sec": 60.0,
  "active": {
    "S51": [
      [
        "PAT_1040",
        0,
        0.0
      ],
      [
        "PAT_1040",
        0,
        1505.6314
      ]
    ],
    "S55": [
      [
        "PAT_0597",
        0,
        1036.2621
      ],
      [
        "PAT_0597",
        0,
        2851.4385
      ]
    ],
    "S60": [
      [
        "PAT_0537",
        0,
        0.0
      ]
    ],
    "S45": [
      [
        "PAT_1112",
        0,
        0.0
      ],
      [
        "PAT_1112",
        0,
        1535.988
      ]
    ],
    "S38": [
      [
        "PAT_1076",
        0,
        0.0
      ],
      [
        "PAT_1076",
        0,
        2219.6318
      ]
    ],
    "S9": [
      [
        "PAT_0982",
        0,
        0.0
      ],
      [
        "PAT_1136",
        0,
        2659.6012999999994
      ],
      [
        "PAT_1136",
        0,
        4195.5893
      ]
    ],
    "S28": [
      [
        "PAT_1146",
        0,
        0.0
      ],
      [
        "PAT_1146",
        0,
        1535.988
      ]
    ],
    "S6": [
      [
        "PAT_0528",
        0,
        0.0
      ],
      [
        "PAT_1079",
        0,
        2678.2849
      ]
    ],
    "S68": [
      [
        "PAT_0333",
        0,
        0.0
      ],
      [
        "PAT_0630",
        0,
        2318.9986999999996
      ]
    ],
    "S37": [
      [
        "PAT_0690",
        0,
        0.0
      ]
    ],
    "S32": [
      [
        "PAT_1063",
        0,
        2245.1812
      ]
    ],
    "S17": [
      [
        "PAT_0035",
        0,
        0.0
      ],
      [
        "PAT_0639",
        0,
        1696.1702
      ]
    ],
    "S2": [
      [
        "PAT_1191",
        0,
        1482.3545
      ]
    ],
    "S3": [
      [
        "PAT_1191",
        0,
        1074.053
      ]
    ],
    "S62": [
      [
        "PAT_1173",
        0,
        0.0
      ]
    ],
    "S75": [
      [
        "PAT_1173",
        0,
        1397.6998
      ]
    ],
    "S47": [
      [
        "PAT_0640",
        0,
        0.0
      ],
      [
        "PAT_1107",
        0,
        3470.4184
      ]
    ],
    "S35": [
      [
        "PAT_1190",
        0,
        1392.0445
      ]
    ],
    "S29": [
      [
        "PAT_1172",
        0,
        0.0
      ]
    ],
    "S42": [
      [
        "PAT_1167",
        0,
        0.0
      ]
    ],
    "S61": [
      [
        "PAT_1167",
        0,
        1780.558
      ]
    ],
    "S65": [
      [
        "PAT_1167",
        0,
        1642.4075
      ]
    ],
    "S59": [
      [
        "PAT_0622",
        0,
        0.0
      ],
      [
        "PAT_0330",
        0,
        3470.4184
      ]
    ],
    "S63": [
      [
        "PAT_1187",
        0,
        0.0
      ],
      [
        "PAT_0363",
        0,
        3150.3254
      ]
    ],
    "S41": [
      [
        "PAT_0622",
        0,
        1350.6611
      ]
    ],
    "S10": [
      [
        "PAT_1166",
        0,
        0.0
      ]
    ],
    "S52": [
      [
        "PAT_0621",
        0,
        1084.4755
      ]
    ],
    "S11": [
      [
        "PAT_1186",
        0,
        0.0
      ]
    ],
    "S79": [
      [
        "PAT_1186",
        0,
        0.0
      ]
    ],
    "S36": [
      [
        "PAT_1186",
        0,
        0.0
      ]
    ],
    "S20": [
      [
        "PAT_1186",
        0,
        961.022
      ]
    ],
    "S34": [
      [
        "PAT_1186",
        0,
        1695.044
      ]
    ],
    "S74": [
      [
        "PAT_1089",
        0,
        0.0
      ]
    ],
    "S57": [
      [
        "PAT_1089",
        0,
        431.2873
      ]
    ],
    "S46": [
      [
        "PAT_1089",
        0,
        0.0
      ]
    ],
    "S54": [
      [
        "PAT_1089",
        0,
        1861.4077
      ]
    ],
    "S33": [
      [
        "PAT_0791",
        0,
        0.0
      ]
    ],
    "S50": [
      [
        "PAT_0053",
        0,
        0.0
      ],
      [
        "PAT_0727",
        0,
        1696.1702
      ]
    ],
    "S30": [
      [
        "PAT_0797",
        0,
        0.0
      ],
      [
        "PAT_0797",
        0,
        2547.6557
      ]
    ],
    "S77": [
      [
        "PAT_1158",
        0,
        0.0
      ],
      [
        "PAT_0026",
        0,
        2564.0562
      ]
    ],
    "S44": [
      [
        "PAT_0015",
        0,
        400.3691
      ],
      [
        "PAT_0255",
        0,
        2200.8851
      ]
    ],
    "S13": [
      [
        "PAT_0621",
        0,
        0.0
      ]
    ],
    "S64": [
      [
        "PAT_1089",
        0,
        1696.1702
      ]
    ]
  }
}