{
  "instance": "SYN_SWEEP5_SIZE_XL_005",
  "method": "GRASP_SA",
  "start_method": "none",
  "time_limit": 60.0,
  "cost": 27405.9822,
  "is_feasible": true,
  "unmet": {},
  "overprod": {
    "P4": 3,
    "P10": 7,
    "P20": 1,
    "P24": 8,
    "P33": 3,
    "P35": 2
  },
  "elapsed_sec": 60.4,
  "active": {
    "S15": [
      [
        "PAT_19212",
        0,
        0.0
      ],
      [
        "PAT_15261",
        0,
        1450.7173
      ],
      [
        "PAT_15261",
        0,
        3214.5513
      ]
    ],
    "S140": [
      [
        "PAT_10835",
        0,
        0.0
      ],
      [
        "PAT_18784",
        0,
        2404.3386999999993
      ],
      [
        "PAT_18784",
        0,
        3960.3261999999995
      ]
    ],
    "S75": [
      [
        "PAT_19393",
        0,
        0.0
      ],
      [
        "PAT_11285",
        0,
        1358.8932999999997
      ],
      [
        "PAT_11285",
        0,
        3684.8349
      ]
    ],
    "S23": [
      [
        "PAT_17026",
        0,
        0.0
      ],
      [
        "PAT_17026",
        0,
        1763.834
      ],
      [
        "PAT_17026",
        0,
        3527.668
      ]
    ],
    "S96": [
      [
        "PAT_2457",
        0,
        0.0
      ],
      [
        "PAT_2457",
        0,
        2209.3725
      ]
    ],
    "S44": [
      [
        "PAT_11995",
        0,
        0.0
      ],
      [
        "PAT_18731",
        0,
        3226.8291
      ]
    ],
    "S12": [
      [
        "PAT_11850",
        0,
        0.0
      ],
      [
        "PAT_11850",
        0,
        2325.9416
      ]
    ],
    "S40": [
      [
        "PAT_19032",
        0,
        928.2123
      ],
      [
        "PAT_19032",
        0,
        2484.1998
      ]
    ],
    "S118": [
      [
        "PAT_3372",
        0,
        1180.2981
      ],
      [
        "PAT_3372",
        0,
        3389.6706
      ]
    ],
    "S103": [
      [
        "PAT_12874",
        0,
        0.0
      ],
      [
        "PAT_12874",
        0,
        1763.834
      ],
      [
        "PAT_12874",
        0,
        3527.668
      ]
    ],
    "S80": [
      [
        "PAT_10905",
        0,
        0.0
      ],
      [
        "PAT_4362",
        0,
        2391.8336
      ]
    ],
    "S7": [
      [
        "PAT_0010",
        0,
        1063.5686
      ]
    ],
    "S92": [
      [
        "PAT_11798",
        0,
        0.0
      ],
      [
        "PAT_12896",
        0,
        2382.3648000000003
      ],
      [
        "PAT_12896",
        0,
        4146.1988
      ]
    ],
    "S49": [
      [
        "PAT_18015",
        0,
        796.5085
      ]
    ],
    "S60": [
      [
        "PAT_10785",
        0,
        1684.3667
      ]
    ],
    "S5": [
      [
        "PAT_18622",
        0,
        0.0
      ],
      [
        "PAT_18129",
        0,
        2465.9103
      ]
    ],
    "S99": [
      [
        "PAT_9071",
        0,
        0.0
      ],
      [
        "PAT_9071",
        0,
        2615.2425
      ]
    ],
    "S112": [
      [
        "PAT_0092",
        0,
        0.0
      ],
      [
        "PAT_0092",
        0,
        2209.3725
      ]
    ],
    "S81": [
      [
        "PAT_17383",
        0,
        0.0
      ]
    ],
    "S138": [
      [
        "PAT_18640",
        0,
        0.0
      ],
      [
        "PAT_11086",
        0,
        1950.304
      ]
    ],
    "S71": [
      [
        "PAT_9067",
        0,
        0.0
      ],
      [
        "PAT_19044",
        0,
        2615.2425
      ]
    ],
    "S93": [
      [
        "PAT_17391",
        0,
        0.0
      ],
      [
        "PAT_0623",
        0,
        3522.256
      ]
    ],
    "S117": [
      [
        "PAT_10835",
        0,
        0.0
      ],
      [
        "PAT_10013",
        0,
        3086.2041
      ]
    ],
    "S121": [
      [
        "PAT_19046",
        0,
        0.0
      ]
    ],
    "S69": [
      [
        "PAT_0015",
        0,
        0.0
      ]
    ],
    "S68": [
      [
        "PAT_17516",
        0,
        994.7055
      ]
    ],
    "S134": [
      [
        "PAT_17387",
        0,
        0.0
      ]
    ],
    "S111": [
      [
        "PAT_17831",
        0,
        0.0
      ]
    ],
    "S126": [
      [
        "PAT_1809",
        0,
        0.0
      ],
      [
        "PAT_2711",
        0,
        2209.3725
      ]
    ],
    "S56": [
      [
        "PAT_10136",
        0,
        0.0
      ],
      [
        "PAT_9072",
        0,
        3097.4267
      ]
    ],
    "S41": [
      [
        "PAT_17387",
        0,
        531.2722
      ]
    ],
    "S79": [
      [
        "PAT_1604",
        0,
        0.0
      ],
      [
        "PAT_1604",
        0,
        2209.3725
      ]
    ],
    "S110": [
      [
        "PAT_0002",
        0,
        0.0
      ]
    ],
    "S84": [
      [
        "PAT_9759",
        0,
        0.0
      ],
      [
        "PAT_9759",
        0,
        2615.2425
      ]
    ],
    "S142": [
      [
        "PAT_19045",
        0,
        0.0
      ]
    ],
    "S72": [
      [
        "PAT_18953",
        0,
        0.0
      ],
      [
        "PAT_9033",
        0,
        1555.9875
      ]
    ],
    "S1": [
      [
        "PAT_10740",
        0,
        585.1711
      ],
      [
        "PAT_0091",
        1,
        3200.4136
      ]
    ],
    "S128": [
      [
        "PAT_12933",
        0,
        0.0
      ],
      [
        "PAT_10798",
        0,
        1763.834
      ]
    ],
    "S26": [
      [
        "PAT_17352",
        0,
        1425.0887
      ]
    ],
    "S130": [
      [
        "PAT_11967",
        0,
        1489.3244
      ]
    ],
    "S114": [
      [
        "PAT_3462",
        0,
        0.0
      ],
      [
        "PAT_3462",
        0,
        2209.3725
      ]
    ],
    "S29": [
      [
        "PAT_10289",
        0,
        0.0
      ],
      [
        "PAT_10289",
        0,
        2615.2425
      ]
    ],
    "S32": [
      [
        "PAT_17795",
        0,
        0.0
      ]
    ],
    "S43": [
      [
        "PAT_18600",
        0,
        0.0
      ],
      [
        "PAT_12991",
        1,
        4068.3443
      ]
    ],
    "S22": [
      [
        "PAT_0002",
        0,
        752.6833
      ]
    ],
    "S132": [
      [
        "PAT_19248",
        0,
        0.0
      ],
      [
        "PAT_0759",
        0,
        1440.806
      ]
    ],
    "S57": [
      [
        "PAT_19164",
        0,
        0.0
      ]
    ],
    "S85": [
      [
        "PAT_17632",
        0,
        0.0
      ],
      [
        "PAT_2886",
        0,
        3356.6335
      ]
    ],
    "S39": [
      [
        "PAT_10136",
        0,
        677.3708
      ]
    ],
    "S129": [
      [
        "PAT_9037",
        0,
        0.0
      ],
      [
        "PAT_9037",
        0,
        2615.2425
      ]
    ],
    "S67": [
      [
        "PAT_13069",
        0,
        0.0
      ],
      [
        "PAT_13069",
        0,
        1763.834
      ]
    ],
    "S119": [
      [
        "PAT_10097",
        0,
        0.0
      ],
      [
        "PAT_10097",
        0,
        2615.2425
      ]
    ]
  }
}