{
  "instance": "SYN_SWEEP5_SIZE_XL_005",
  "method": "VNS_SA",
  "start_method": "greedy",
  "time_limit": 60.0,
  "cost": 26633.4242,
  "is_feasible": true,
  "unmet": {},
  "overprod": {
    "P8": 1,
    "P10": 2,
    "P21": 1,
    "P22": 2,
    "P24": 4,
    "P38": 3
  },
  "elapsed_sec": 58.93,
  "active": {
    "S40": [
      [
        "PAT_19205",
        0,
        928.2123
      ],
      [
        "PAT_19205",
        0,
        1936.9432000000002
      ],
      [
        "PAT_19205",
        0,
        2945.6741
      ]
    ],
    "S126": [
      [
        "PAT_11292",
        0,
        0.0
      ],
      [
        "PAT_11292",
        0,
        2325.9416
      ]
    ],
    "S15": [
      [
        "PAT_14071",
        0,
        0.0
      ],
      [
        "PAT_11995",
        0,
        1953.3536999999997
      ]
    ],
    "S85": [
      [
        "PAT_18495",
        0,
        0.0
      ],
      [
        "PAT_18730",
        0,
        3356.6335
      ]
    ],
    "S84": [
      [
        "PAT_9759",
        0,
        0.0
      ],
      [
        "PAT_9759",
        0,
        2615.2425
      ]
    ],
    "S112": [
      [
        "PAT_11942",
        0,
        0.0
      ],
      [
        "PAT_11942",
        0,
        2325.9416
      ]
    ],
    "S44": [
      [
        "PAT_19028",
        0,
        0.0
      ],
      [
        "PAT_19028",
        0,
        1555.9875
      ],
      [
        "PAT_13776",
        0,
        3111.975
      ]
    ],
    "S140": [
      [
        "PAT_18623",
        0,
        0.0
      ],
      [
        "PAT_17216",
        0,
        1866.9669
      ],
      [
        "PAT_17216",
        0,
        3630.8009
      ]
    ],
    "S75": [
      [
        "PAT_0088",
        0,
        0.0
      ],
      [
        "PAT_13348",
        0,
        2336.588
      ],
      [
        "PAT_13348",
        0,
        4100.4220000000005
      ]
    ],
    "S132": [
      [
        "PAT_18955",
        0,
        0.0
      ],
      [
        "PAT_9973",
        0,
        1838.8740000000003
      ]
    ],
    "S79": [
      [
        "PAT_18604",
        0,
        0.0
      ]
    ],
    "S29": [
      [
        "PAT_10799",
        0,
        0.0
      ],
      [
        "PAT_10799",
        0,
        2615.2425
      ]
    ],
    "S92": [
      [
        "PAT_3411",
        0,
        0.0
      ],
      [
        "PAT_0011",
        0,
        2280.4609
      ]
    ],
    "S23": [
      [
        "PAT_10152",
        0,
        0.0
      ],
      [
        "PAT_10152",
        0,
        2615.2425
      ]
    ],
    "S103": [
      [
        "PAT_12874",
        0,
        0.0
      ],
      [
        "PAT_12874",
        0,
        1763.834
      ],
      [
        "PAT_12874",
        0,
        3527.668
      ]
    ],
    "S72": [
      [
        "PAT_12874",
        0,
        0.0
      ],
      [
        "PAT_12874",
        0,
        1763.834
      ]
    ],
    "S49": [
      [
        "PAT_18575",
        0,
        796.5085
      ]
    ],
    "S7": [
      [
        "PAT_18582",
        0,
        1063.5686
      ]
    ],
    "S60": [
      [
        "PAT_10645",
        0,
        1684.3667
      ]
    ],
    "S80": [
      [
        "PAT_1405",
        0,
        0.0
      ],
      [
        "PAT_11833",
        0,
        2451.2722000000003
      ]
    ],
    "S104": [
      [
        "PAT_11967",
        0,
        0.0
      ]
    ],
    "S118": [
      [
        "PAT_0092",
        0,
        1180.2981
      ],
      [
        "PAT_0092",
        0,
        3389.6706
      ]
    ],
    "S12": [
      [
        "PAT_0025",
        0,
        0.0
      ],
      [
        "PAT_0032",
        0,
        3629.5719
      ]
    ],
    "S121": [
      [
        "PAT_19046",
        0,
        0.0
      ]
    ],
    "S114": [
      [
        "PAT_18128",
        0,
        1469.442
      ]
    ],
    "S5": [
      [
        "PAT_19044",
        0,
        0.0
      ],
      [
        "PAT_9068",
        0,
        3345.9874000000004
      ]
    ],
    "S43": [
      [
        "PAT_10836",
        0,
        0.0
      ],
      [
        "PAT_19045",
        0,
        2325.9416
      ]
    ],
    "S67": [
      [
        "PAT_18163",
        0,
        0.0
      ],
      [
        "PAT_17179",
        0,
        3356.6335
      ]
    ],
    "S66": [
      [
        "PAT_10835",
        0,
        1794.109
      ]
    ],
    "S32": [
      [
        "PAT_3839",
        0,
        0.0
      ],
      [
        "PAT_16230",
        1,
        2728.2684
      ]
    ],
    "S110": [
      [
        "PAT_10136",
        0,
        0.0
      ],
      [
        "PAT_16952",
        1,
        2615.2425
      ]
    ],
    "S2": [
      [
        "PAT_9037",
        0,
        0.0
      ],
      [
        "PAT_9067",
        0,
        2861.9513
      ]
    ],
    "S27": [
      [
        "PAT_17352",
        0,
        0.0
      ],
      [
        "PAT_10116",
        0,
        3375.2245
      ]
    ],
    "S71": [
      [
        "PAT_17388",
        0,
        0.0
      ],
      [
        "PAT_9027",
        1,
        3721.976
      ]
    ],
    "S130": [
      [
        "PAT_17388",
        0,
        1489.3244
      ]
    ],
    "S128": [
      [
        "PAT_17741",
        0,
        0.0
      ]
    ],
    "S129": [
      [
        "PAT_9037",
        0,
        0.0
      ],
      [
        "PAT_9037",
        0,
        2615.2425
      ]
    ],
    "S117": [
      [
        "PAT_0092",
        0,
        0.0
      ],
      [
        "PAT_10116",
        0,
        3086.2041
      ]
    ],
    "S73": [
      [
        "PAT_0041",
        0,
        0.0
      ]
    ],
    "S93": [
      [
        "PAT_16990",
        0,
        0.0
      ],
      [
        "PAT_16990",
        0,
        1763.834
      ],
      [
        "PAT_16990",
        0,
        3527.668
      ]
    ],
    "S115": [
      [
        "PAT_0078",
        0,
        764.596
      ],
      [
        "PAT_0078",
        0,
        2973.9685
      ]
    ],
    "S56": [
      [
        "PAT_2472",
        1,
        1886.2852
      ],
      [
        "PAT_2472",
        1,
        4095.6576999999997
      ]
    ],
    "S81": [
      [
        "PAT_0073",
        0,
        1085.8246
      ]
    ],
    "S17": [
      [
        "PAT_0050",
        0,
        0.0
      ],
      [
        "PAT_0050",
        0,
        2209.3725
      ]
    ],
    "S64": [
      [
        "PAT_0031",
        0,
        0.0
      ],
      [
        "PAT_0031",
        0,
        2209.3725
      ]
    ],
    "S54": [
      [
        "PAT_0095",
        0,
        1488.31
      ],
      [
        "PAT_0095",
        0,
        3697.6825
      ]
    ],
    "S22": [
      [
        "PAT_0002",
        0,
        752.6833
      ]
    ],
    "S39": [
      [
        "PAT_10835",
        0,
        677.3708
      ],
      [
        "PAT_12051",
        1,
        3003.3124000000003
      ]
    ],
    "S68": [
      [
        "PAT_17516",
        0,
        994.7055
      ]
    ],
    "S96": [
      [
        "PAT_18784",
        0,
        0.0
      ],
      [
        "PAT_18784",
        0,
        1555.9875
      ],
      [
        "PAT_9052",
        0,
        3111.975
      ]
    ]
  }
}