{
  "instance": "SYN_SWEEP5_SIZE_L_001",
  "method": "FI",
  "start_method": "greedy",
  "time_limit": 60.0,
  "cost": 19783.5645,
  "is_feasible": true,
  "unmet": {},
  "overprod": {
    "P1": 1,
    "P10": 3,
    "P17": 1,
    "P18": 1
  },
  "elapsed_sec": 60.02,
  "active": {
    "S46": [
      [
        "PAT_2883",
        0,
        0.0
      ],
      [
        "PAT_2883",
        0,
        2349.7382
      ]
    ],
    "S81": [
      [
        "PAT_0049",
        0,
        0.0
      ],
      [
        "PAT_5817",
        0,
        2464.1753999999996
      ],
      [
        "PAT_5817",
        0,
        5104.215099999999
      ]
    ],
    "S56": [
      [
        "PAT_3522",
        0,
        1575.1553
      ],
      [
        "PAT_3522",
        0,
        4524.4362
      ]
    ],
    "S8": [
      [
        "PAT_3150",
        0,
        1193.5585
      ],
      [
        "PAT_3150",
        0,
        3543.2967
      ]
    ],
    "S58": [
      [
        "PAT_5832",
        0,
        1353.5019
      ],
      [
        "PAT_5832",
        0,
        3993.5415999999996
      ]
    ],
    "S72": [
      [
        "PAT_5683",
        0,
        0.0
      ],
      [
        "PAT_2549",
        0,
        3718.423500000001
      ],
      [
        "PAT_2549",
        0,
        6068.161700000001
      ]
    ],
    "S24": [
      [
        "PAT_3155",
        0,
        1381.4364
      ],
      [
        "PAT_3155",
        0,
        3263.0884
      ]
    ],
    "S13": [
      [
        "PAT_2384",
        0,
        3396.7662
      ]
    ],
    "S5": [
      [
        "PAT_3195",
        0,
        3724.3268
      ]
    ],
    "S74": [
      [
        "PAT_2461",
        0,
        0.0
      ],
      [
        "PAT_2461",
        0,
        3803.4146
      ]
    ],
    "S67": [
      [
        "PAT_5656",
        0,
        0.0
      ],
      [
        "PAT_2549",
        0,
        4403.0563
      ]
    ],
    "S68": [
      [
        "PAT_3158",
        0,
        0.0
      ],
      [
        "PAT_5675",
        0,
        2451.4772
      ],
      [
        "PAT_1634",
        0,
        4971.446099999999
      ]
    ],
    "S18": [
      [
        "PAT_0392",
        0,
        0.0
      ],
      [
        "PAT_4005",
        0,
        2544.7821000000004
      ]
    ],
    "S25": [
      [
        "PAT_4547",
        0,
        0.0
      ],
      [
        "PAT_4547",
        0,
        4395.4249
      ]
    ],
    "S7": [
      [
        "PAT_4004",
        0,
        1275.3685
      ]
    ],
    "S43": [
      [
        "PAT_2474",
        0,
        1255.0866
      ]
    ],
    "S36": [
      [
        "PAT_3961",
        0,
        0.0
      ],
      [
        "PAT_3961",
        0,
        2949.2809
      ]
    ],
    "S27": [
      [
        "PAT_2163",
        0,
        1483.8814
      ],
      [
        "PAT_2163",
        0,
        3946.3736
      ]
    ],
    "S37": [
      [
        "PAT_2314",
        0,
        0.0
      ],
      [
        "PAT_2314",
        0,
        2462.4922
      ]
    ],
    "S10": [
      [
        "PAT_5348",
        0,
        0.0
      ],
      [
        "PAT_5348",
        0,
        4395.4249
      ]
    ],
    "S45": [
      [
        "PAT_2013",
        0,
        0.0
      ],
      [
        "PAT_2013",
        0,
        2462.4922
      ],
      [
        "PAT_2013",
        0,
        4924.9844
      ]
    ],
    "S12": [
      [
        "PAT_5358",
        0,
        0.0
      ]
    ],
    "S2": [
      [
        "PAT_4896",
        0,
        0.0
      ],
      [
        "PAT_0731",
        0,
        4395.4249
      ]
    ],
    "S30": [
      [
        "PAT_3994",
        0,
        1733.8167
      ]
    ],
    "S31": [
      [
        "PAT_3999",
        0,
        0.0
      ]
    ],
    "S66": [
      [
        "PAT_3999",
        0,
        1245.6383
      ]
    ],
    "S59": [
      [
        "PAT_3998",
        0,
        977.7245
      ]
    ],
    "S71": [
      [
        "PAT_4003",
        0,
        2462.4922
      ]
    ],
    "S6": [
      [
        "PAT_3994",
        0,
        0.0
      ]
    ],
    "S49": [
      [
        "PAT_3994",
        0,
        1224.0498
      ]
    ],
    "S82": [
      [
        "PAT_4887",
        0,
        0.0
      ]
    ],
    "S78": [
      [
        "PAT_3163",
        0,
        0.0
      ],
      [
        "PAT_5675",
        0,
        3633.8285
      ],
      [
        "PAT_5675",
        0,
        6153.7973999999995
      ]
    ],
    "S22": [
      [
        "PAT_5123",
        0,
        0.0
      ]
    ],
    "S20": [
      [
        "PAT_2479",
        0,
        558.3417
      ]
    ],
    "S33": [
      [
        "PAT_3087",
        0,
        0.0
      ],
      [
        "PAT_3168",
        0,
        2349.7382
      ]
    ],
    "S55": [
      [
        "PAT_3999",
        0,
        0.0
      ]
    ]
  }
}