{
  "instance": "SYN_SWEEP5_SIZE_L_014",
  "method": "ILS_SA",
  "start_method": "multistart",
  "time_limit": 60.0,
  "cost": 12086.7122,
  "is_feasible": true,
  "unmet": {},
  "overprod": {
    "P2": 1,
    "P13": 1,
    "P14": 1,
    "P15": 6
  },
  "elapsed_sec": 60.03,
  "active": {
    "S50": [
      [
        "PAT_0071",
        0,
        0.0
      ],
      [
        "PAT_0071",
        0,
        2463.3335
      ]
    ],
    "S7": [
      [
        "PAT_0725",
        0,
        0.0
      ],
      [
        "PAT_1538",
        0,
        2784.317499999999
      ],
      [
        "PAT_1538",
        0,
        5717.220899999999
      ]
    ],
    "S30": [
      [
        "PAT_1611",
        0,
        0.0
      ],
      [
        "PAT_1407",
        1,
        4672.1575
      ]
    ],
    "S48": [
      [
        "PAT_1380",
        0,
        603.8422
      ],
      [
        "PAT_0859",
        0,
        4121.4418
      ]
    ],
    "S51": [
      [
        "PAT_1546",
        0,
        0.0
      ],
      [
        "PAT_0637",
        0,
        4664.8598
      ]
    ],
    "S61": [
      [
        "PAT_0952",
        0,
        0.0
      ],
      [
        "PAT_1377",
        0,
        3206.0933
      ]
    ],
    "S39": [
      [
        "PAT_1550",
        0,
        0.0
      ],
      [
        "PAT_1328",
        0,
        4654.888199999999
      ]
    ],
    "S18": [
      [
        "PAT_1017",
        0,
        0.0
      ],
      [
        "PAT_1554",
        0,
        3434.626
      ]
    ],
    "S25": [
      [
        "PAT_1552",
        0,
        874.266
      ],
      [
        "PAT_0001",
        1,
        4427.9747
      ]
    ],
    "S37": [
      [
        "PAT_1424",
        0,
        0.0
      ],
      [
        "PAT_0118",
        0,
        3683.934
      ]
    ],
    "S9": [
      [
        "PAT_1377",
        0,
        0.0
      ],
      [
        "PAT_1582",
        0,
        2760.019
      ]
    ],
    "S28": [
      [
        "PAT_1497",
        0,
        0.0
      ],
      [
        "PAT_0004",
        0,
        2932.9034
      ],
      [
        "PAT_0004",
        0,
        5264.0446
      ]
    ],
    "S14": [
      [
        "PAT_0793",
        0,
        0.0
      ],
      [
        "PAT_0451",
        0,
        3901.2961
      ]
    ],
    "S57": [
      [
        "PAT_0002",
        0,
        0.0
      ],
      [
        "PAT_1636",
        0,
        2535.8917
      ]
    ],
    "S19": [
      [
        "PAT_1583",
        0,
        0.0
      ],
      [
        "PAT_1070",
        0,
        3553.7087
      ]
    ],
    "S22": [
      [
        "PAT_0488",
        0,
        0.0
      ],
      [
        "PAT_0558",
        0,
        2760.019
      ],
      [
        "PAT_0972",
        0,
        5520.038
      ]
    ],
    "S24": [
      [
        "PAT_1355",
        0,
        4514.6559
      ]
    ],
    "S8": [
      [
        "PAT_1546",
        0,
        0.0
      ],
      [
        "PAT_0842",
        0,
        3686.6639
      ]
    ],
    "S5": [
      [
        "PAT_1468",
        0,
        0.0
      ],
      [
        "PAT_1584",
        0,
        2932.9034
      ]
    ]
  }
}