{
  "instance": "SYN_SWEEP5_SIZE_L_026",
  "method": "VNS_SA",
  "start_method": "greedy",
  "time_limit": 60.0,
  "cost": 17290.9275,
  "is_feasible": true,
  "unmet": {},
  "overprod": {
    "P6": 1,
    "P16": 1,
    "P19": 1
  },
  "elapsed_sec": 33.4,
  "active": {
    "S16": [
      [
        "PAT_0018",
        0,
        2159.0532
      ],
      [
        "PAT_0018",
        0,
        4867.3704
      ]
    ],
    "S45": [
      [
        "PAT_0020",
        0,
        0.0
      ],
      [
        "PAT_0006",
        0,
        3777.1758999999997
      ]
    ],
    "S53": [
      [
        "PAT_0020",
        0,
        0.0
      ],
      [
        "PAT_0416",
        0,
        4964.0727
      ]
    ],
    "S73": [
      [
        "PAT_0019",
        0,
        0.0
      ],
      [
        "PAT_0019",
        0,
        3691.3166
      ]
    ],
    "S18": [
      [
        "PAT_0385",
        0,
        1493.7808
      ],
      [
        "PAT_0385",
        0,
        5045.6874
      ]
    ],
    "S67": [
      [
        "PAT_0019",
        0,
        0.0
      ],
      [
        "PAT_0019",
        0,
        3691.3166
      ]
    ],
    "S26": [
      [
        "PAT_0410",
        0,
        0.0
      ],
      [
        "PAT_0410",
        1,
        4980.7428
      ]
    ],
    "S17": [
      [
        "PAT_0385",
        0,
        0.0
      ],
      [
        "PAT_0020",
        0,
        3912.5157
      ]
    ],
    "S27": [
      [
        "PAT_0013",
        0,
        0.0
      ],
      [
        "PAT_0013",
        1,
        4207.8477
      ]
    ],
    "S42": [
      [
        "PAT_0008",
        0,
        0.0
      ],
      [
        "PAT_0412",
        0,
        3391.1792
      ]
    ],
    "S5": [
      [
        "PAT_0386",
        0,
        0.0
      ],
      [
        "PAT_0387",
        0,
        3551.9066
      ]
    ],
    "S61": [
      [
        "PAT_0410",
        0,
        0.0
      ],
      [
        "PAT_0428",
        0,
        3307.2579
      ]
    ],
    "S75": [
      [
        "PAT_0387",
        0,
        1614.3570000000004
      ],
      [
        "PAT_0008",
        0,
        5166.2636
      ]
    ],
    "S54": [
      [
        "PAT_0064",
        0,
        0.0
      ],
      [
        "PAT_0153",
        0,
        4341.9908
      ]
    ],
    "S31": [
      [
        "PAT_0421",
        0,
        0.0
      ],
      [
        "PAT_0008",
        1,
        3389.7458
      ]
    ],
    "S7": [
      [
        "PAT_0299",
        0,
        0.0
      ],
      [
        "PAT_0039",
        0,
        2340.5233
      ]
    ],
    "S70": [
      [
        "PAT_0386",
        0,
        0.0
      ],
      [
        "PAT_0399",
        0,
        3551.9066
      ]
    ],
    "S15": [
      [
        "PAT_0012",
        0,
        0.0
      ],
      [
        "PAT_0064",
        1,
        3413.6003
      ]
    ],
    "S82": [
      [
        "PAT_0020",
        0,
        0.0
      ],
      [
        "PAT_0007",
        0,
        3691.3166
      ]
    ],
    "S38": [
      [
        "PAT_0386",
        0,
        982.3034
      ],
      [
        "PAT_0201",
        1,
        4534.21
      ]
    ],
    "S85": [
      [
        "PAT_0410",
        0,
        1560.2258
      ],
      [
        "PAT_0410",
        0,
        4867.4837
      ]
    ],
    "S23": [
      [
        "PAT_0008",
        0,
        2487.635
      ]
    ],
    "S71": [
      [
        "PAT_0029",
        0,
        0.0
      ],
      [
        "PAT_0422",
        0,
        1204.9882999999995
      ],
      [
        "PAT_0003",
        0,
        4594.7341
      ]
    ],
    "S48": [
      [
        "PAT_0427",
        0,
        0.0
      ],
      [
        "PAT_0382",
        0,
        3691.6933
      ]
    ],
    "S80": [
      [
        "PAT_0245",
        0,
        0.0
      ],
      [
        "PAT_0008",
        0,
        2039.9138
      ]
    ],
    "S12": [
      [
        "PAT_0224",
        0,
        1312.9564
      ],
      [
        "PAT_0406",
        1,
        4062.3152
      ]
    ],
    "S34": [
      [
        "PAT_0126",
        0,
        0.0
      ],
      [
        "PAT_0419",
        0,
        2749.3588
      ]
    ]
  }
}