{
  "instance": "SYN_SWEEP5_SIZE_L_001",
  "method": "TS",
  "start_method": "multistart",
  "time_limit": 60.0,
  "cost": 18503.9919,
  "is_feasible": true,
  "unmet": {},
  "overprod": {
    "P19": 2,
    "P22": 1,
    "P26": 1
  },
  "elapsed_sec": 60.03,
  "active": {
    "S81": [
      [
        "PAT_3162",
        0,
        0.0
      ],
      [
        "PAT_5817",
        0,
        2238.684
      ],
      [
        "PAT_5817",
        0,
        4878.7237000000005
      ]
    ],
    "S68": [
      [
        "PAT_3160",
        0,
        0.0
      ],
      [
        "PAT_3150",
        0,
        2451.4772
      ],
      [
        "PAT_3150",
        0,
        4801.215399999999
      ]
    ],
    "S24": [
      [
        "PAT_3623",
        0,
        0.0
      ],
      [
        "PAT_3623",
        0,
        2949.2809
      ]
    ],
    "S78": [
      [
        "PAT_2383",
        0,
        0.0
      ],
      [
        "PAT_2383",
        0,
        3803.4146
      ]
    ],
    "S27": [
      [
        "PAT_3167",
        0,
        0.0
      ],
      [
        "PAT_5674",
        0,
        2033.6260000000002
      ],
      [
        "PAT_5674",
        0,
        4553.5949
      ]
    ],
    "S25": [
      [
        "PAT_4584",
        0,
        0.0
      ],
      [
        "PAT_4584",
        0,
        4395.4249
      ]
    ],
    "S8": [
      [
        "PAT_2171",
        0,
        1193.5585
      ],
      [
        "PAT_2171",
        0,
        3656.0507000000002
      ]
    ],
    "S28": [
      [
        "PAT_0402",
        0,
        0.0
      ],
      [
        "PAT_0402",
        0,
        2462.4922
      ],
      [
        "PAT_0402",
        0,
        4924.9844
      ]
    ],
    "S10": [
      [
        "PAT_3999",
        0,
        0.0
      ],
      [
        "PAT_3999",
        0,
        4395.4249
      ]
    ],
    "S6": [
      [
        "PAT_3999",
        0,
        0.0
      ]
    ],
    "S58": [
      [
        "PAT_5832",
        0,
        1353.5019
      ],
      [
        "PAT_5832",
        0,
        3993.5415999999996
      ]
    ],
    "S74": [
      [
        "PAT_2461",
        0,
        0.0
      ],
      [
        "PAT_2461",
        0,
        3803.4146
      ]
    ],
    "S56": [
      [
        "PAT_3364",
        0,
        1575.1553
      ],
      [
        "PAT_3364",
        0,
        4524.4362
      ]
    ],
    "S63": [
      [
        "PAT_4025",
        0,
        0.0
      ],
      [
        "PAT_0718",
        0,
        4395.4249
      ]
    ],
    "S22": [
      [
        "PAT_4897",
        0,
        0.0
      ]
    ],
    "S31": [
      [
        "PAT_5510",
        0,
        0.0
      ]
    ],
    "S12": [
      [
        "PAT_5040",
        0,
        0.0
      ]
    ],
    "S18": [
      [
        "PAT_0012",
        0,
        0.0
      ],
      [
        "PAT_4005",
        0,
        2544.7821000000004
      ]
    ],
    "S2": [
      [
        "PAT_3995",
        0,
        0.0
      ],
      [
        "PAT_0710",
        0,
        4395.4249
      ]
    ],
    "S7": [
      [
        "PAT_5656",
        0,
        1126.6593
      ]
    ],
    "S30": [
      [
        "PAT_4619",
        0,
        1733.8167
      ]
    ],
    "S37": [
      [
        "PAT_1970",
        0,
        0.0
      ],
      [
        "PAT_1970",
        0,
        2462.4922
      ]
    ],
    "S43": [
      [
        "PAT_4618",
        0,
        1255.0866
      ]
    ],
    "S13": [
      [
        "PAT_2548",
        0,
        0.0
      ],
      [
        "PAT_4613",
        0,
        2349.7382
      ]
    ],
    "S45": [
      [
        "PAT_5674",
        0,
        0.0
      ],
      [
        "PAT_5674",
        0,
        2519.9689
      ],
      [
        "PAT_5692",
        0,
        5039.9378
      ]
    ],
    "S33": [
      [
        "PAT_3145",
        0,
        0.0
      ],
      [
        "PAT_2369",
        0,
        2349.7382
      ]
    ],
    "S40": [
      [
        "PAT_4029",
        0,
        0.0
      ]
    ],
    "S36": [
      [
        "PAT_3696",
        0,
        0.0
      ],
      [
        "PAT_3154",
        0,
        2949.2809
      ],
      [
        "PAT_3154",
        0,
        4830.9329
      ]
    ],
    "S46": [
      [
        "PAT_2883",
        0,
        0.0
      ],
      [
        "PAT_2883",
        0,
        2349.7382
      ],
      [
        "PAT_3154",
        0,
        4699.4764
      ]
    ],
    "S72": [
      [
        "PAT_5683",
        0,
        0.0
      ],
      [
        "PAT_2549",
        0,
        2519.9689
      ],
      [
        "PAT_2549",
        0,
        4869.7071
      ]
    ],
    "S67": [
      [
        "PAT_5377",
        0,
        0.0
      ],
      [
        "PAT_3023",
        0,
        4395.4249
      ]
    ]
  }
}