{
  "instance": "SYN_SWEEP5_SIZE_XL_006",
  "method": "ILS_SA",
  "start_method": "greedy",
  "time_limit": 60.0,
  "cost": 28099.2247,
  "is_feasible": true,
  "unmet": {},
  "overprod": {
    "P8": 2,
    "P18": 1,
    "P24": 1,
    "P28": 1,
    "P30": 1
  },
  "elapsed_sec": 60.06,
  "active": {
    "S77": [
      [
        "PAT_0269",
        0,
        0.0
      ],
      [
        "PAT_0269",
        0,
        2711.7351
      ]
    ],
    "S94": [
      [
        "PAT_0246",
        0,
        0.0
      ],
      [
        "PAT_0030",
        1,
        2721.054899999999
      ],
      [
        "PAT_0030",
        1,
        5893.473999999999
      ]
    ],
    "S88": [
      [
        "PAT_0113",
        0,
        0.0
      ],
      [
        "PAT_0113",
        0,
        1984.1898
      ],
      [
        "PAT_0113",
        0,
        3968.3796
      ],
      [
        "PAT_0113",
        0,
        5952.5694
      ]
    ],
    "S62": [
      [
        "PAT_0008",
        0,
        0.0
      ],
      [
        "PAT_0008",
        0,
        2776.6091
      ]
    ],
    "S30": [
      [
        "PAT_0356",
        0,
        0.0
      ],
      [
        "PAT_0356",
        0,
        2966.9288
      ]
    ],
    "S142": [
      [
        "PAT_0360",
        0,
        2293.9511
      ],
      [
        "PAT_0360",
        0,
        5260.8799
      ]
    ],
    "S117": [
      [
        "PAT_0355",
        0,
        0.0
      ],
      [
        "PAT_0483",
        0,
        3010.469
      ],
      [
        "PAT_0483",
        0,
        4937.4407
      ]
    ],
    "S70": [
      [
        "PAT_0402",
        0,
        1184.1452
      ]
    ],
    "S131": [
      [
        "PAT_0003",
        0,
        0.0
      ],
      [
        "PAT_0003",
        0,
        3292.265
      ]
    ],
    "S72": [
      [
        "PAT_0079",
        0,
        0.0
      ],
      [
        "PAT_0079",
        0,
        3686.3458
      ]
    ],
    "S53": [
      [
        "PAT_0076",
        0,
        0.0
      ],
      [
        "PAT_0247",
        1,
        3686.3458
      ]
    ],
    "S38": [
      [
        "PAT_0406",
        0,
        3869.6807
      ]
    ],
    "S115": [
      [
        "PAT_0075",
        0,
        2297.4996
      ]
    ],
    "S46": [
      [
        "PAT_0405",
        0,
        0.0
      ]
    ],
    "S75": [
      [
        "PAT_0472",
        0,
        1740.6118
      ],
      [
        "PAT_0352",
        0,
        5824.6454
      ]
    ],
    "S31": [
      [
        "PAT_0111",
        0,
        0.0
      ],
      [
        "PAT_0111",
        0,
        2037.7606
      ],
      [
        "PAT_0216",
        0,
        4021.9504
      ],
      [
        "PAT_0117",
        1,
        6514.1505
      ]
    ],
    "S91": [
      [
        "PAT_0492",
        0,
        0.0
      ],
      [
        "PAT_0492",
        0,
        1926.9717
      ],
      [
        "PAT_0492",
        0,
        3853.9434
      ]
    ],
    "S105": [
      [
        "PAT_0234",
        0,
        0.0
      ],
      [
        "PAT_0234",
        0,
        2711.7351
      ]
    ],
    "S116": [
      [
        "PAT_0369",
        0,
        0.0
      ],
      [
        "PAT_0472",
        0,
        4538.3938
      ]
    ],
    "S60": [
      [
        "PAT_0471",
        0,
        0.0
      ],
      [
        "PAT_0472",
        1,
        4450.749599999999
      ]
    ],
    "S18": [
      [
        "PAT_0352",
        0,
        0.0
      ],
      [
        "PAT_0410",
        0,
        2966.9288
      ]
    ],
    "S84": [
      [
        "PAT_0001",
        0,
        0.0
      ],
      [
        "PAT_0247",
        0,
        3913.4125000000004
      ]
    ],
    "S76": [
      [
        "PAT_0146",
        0,
        0.0
      ],
      [
        "PAT_0015",
        0,
        5072.7015
      ]
    ],
    "S68": [
      [
        "PAT_0115",
        0,
        0.0
      ],
      [
        "PAT_0408",
        0,
        1984.1898
      ]
    ],
    "S138": [
      [
        "PAT_0260",
        0,
        0.0
      ],
      [
        "PAT_0342",
        0,
        3067.6203
      ]
    ],
    "S99": [
      [
        "PAT_0014",
        0,
        0.0
      ]
    ],
    "S101": [
      [
        "PAT_0406",
        0,
        0.0
      ],
      [
        "PAT_0247",
        0,
        4117.4804
      ]
    ],
    "S14": [
      [
        "PAT_0246",
        0,
        0.0
      ],
      [
        "PAT_0405",
        0,
        3085.7663999999995
      ]
    ],
    "S37": [
      [
        "PAT_0409",
        0,
        1420.5197
      ],
      [
        "PAT_0246",
        0,
        5538.0001
      ]
    ],
    "S134": [
      [
        "PAT_0056",
        0,
        0.0
      ],
      [
        "PAT_0056",
        0,
        1449.336
      ],
      [
        "PAT_0056",
        0,
        2898.672
      ],
      [
        "PAT_0232",
        1,
        5514.8497
      ]
    ],
    "S130": [
      [
        "PAT_0458",
        0,
        0.0
      ],
      [
        "PAT_0037",
        0,
        2883.9894999999997
      ],
      [
        "PAT_0037",
        0,
        6056.4086
      ]
    ],
    "S13": [
      [
        "PAT_0044",
        0,
        0.0
      ],
      [
        "PAT_0403",
        1,
        1746.6653
      ],
      [
        "PAT_0379",
        1,
        5909.1059
      ]
    ],
    "S22": [
      [
        "PAT_0409",
        0,
        0.0
      ],
      [
        "PAT_0408",
        0,
        4117.4804
      ]
    ],
    "S20": [
      [
        "PAT_0063",
        0,
        0.0
      ],
      [
        "PAT_0214",
        1,
        4069.8653
      ]
    ],
    "S120": [
      [
        "PAT_0008",
        0,
        0.0
      ],
      [
        "PAT_0037",
        0,
        3596.1872
      ]
    ],
    "S40": [
      [
        "PAT_0161",
        0,
        0.0
      ],
      [
        "PAT_0161",
        0,
        3578.1498
      ]
    ],
    "S104": [
      [
        "PAT_0249",
        0,
        0.0
      ],
      [
        "PAT_0249",
        0,
        2711.7351
      ]
    ],
    "S122": [
      [
        "PAT_0222",
        0,
        0.0
      ],
      [
        "PAT_0222",
        0,
        2349.4806
      ],
      [
        "PAT_0434",
        0,
        4698.9612
      ]
    ],
    "S23": [
      [
        "PAT_0323",
        1,
        1983.0247
      ],
      [
        "PAT_0323",
        1,
        5341.3544
      ]
    ],
    "S137": [
      [
        "PAT_0168",
        0,
        2762.8765
      ]
    ],
    "S36": [
      [
        "PAT_0256",
        0,
        0.0
      ],
      [
        "PAT_0256",
        0,
        2711.7351
      ],
      [
        "PAT_0256",
        1,
        5423.4702
      ]
    ],
    "S12": [
      [
        "PAT_0391",
        0,
        0.0
      ],
      [
        "PAT_0391",
        0,
        3285.9498
      ],
      [
        "PAT_0238",
        0,
        6571.8996
      ]
    ],
    "S73": [
      [
        "PAT_0409",
        0,
        0.0
      ]
    ],
    "S78": [
      [
        "PAT_0004",
        0,
        0.0
      ],
      [
        "PAT_0328",
        1,
        4720.3773
      ]
    ],