{
  "instance": "SYN_SWEEP5_SIZE_L_014",
  "method": "TS",
  "start_method": "greedy",
  "time_limit": 60.0,
  "cost": 11843.2763,
  "is_feasible": true,
  "unmet": {},
  "overprod": {
    "P2": 5,
    "P13": 1,
    "P15": 1
  },
  "elapsed_sec": 60.01,
  "active": {
    "S28": [
      [
        "PAT_0120",
        0,
        0.0
      ],
      [
        "PAT_0070",
        0,
        2776.6057000000005
      ],
      [
        "PAT_0070",
        0,
        5239.939200000001
      ]
    ],
    "S19": [
      [
        "PAT_1633",
        0,
        0.0
      ],
      [
        "PAT_1633",
        0,
        3553.7087
      ]
    ],
    "S8": [
      [
        "PAT_1558",
        0,
        0.0
      ],
      [
        "PAT_1558",
        0,
        3553.7087
      ]
    ],
    "S7": [
      [
        "PAT_0121",
        0,
        0.0
      ],
      [
        "PAT_1407",
        0,
        2784.317499999999
      ],
      [
        "PAT_1407",
        0,
        5717.220899999999
      ]
    ],
    "S18": [
      [
        "PAT_1587",
        0,
        0.0
      ],
      [
        "PAT_1587",
        0,
        3553.7087
      ]
    ],
    "S37": [
      [
        "PAT_1388",
        0,
        0.0
      ],
      [
        "PAT_0663",
        0,
        3683.934
      ]
    ],
    "S51": [
      [
        "PAT_1603",
        0,
        0.0
      ],
      [
        "PAT_0741",
        0,
        4664.8598
      ]
    ],
    "S61": [
      [
        "PAT_1405",
        0,
        0.0
      ],
      [
        "PAT_0121",
        0,
        3206.0933
      ]
    ],
    "S57": [
      [
        "PAT_0053",
        0,
        0.0
      ],
      [
        "PAT_1553",
        0,
        2535.8917
      ]
    ],
    "S6": [
      [
        "PAT_0003",
        0,
        0.0
      ],
      [
        "PAT_0003",
        0,
        2331.1412
      ]
    ],
    "S38": [
      [
        "PAT_0475",
        0,
        0.0
      ],
      [
        "PAT_0507",
        0,
        2996.015900000001
      ],
      [
        "PAT_0120",
        0,
        5756.034900000001
      ]
    ],
    "S9": [
      [
        "PAT_0869",
        0,
        0.0
      ],
      [
        "PAT_1545",
        0,
        2760.019
      ]
    ],
    "S22": [
      [
        "PAT_0595",
        0,
        0.0
      ],
      [
        "PAT_0116",
        0,
        2760.019
      ],
      [
        "PAT_0354",
        1,
        5520.038
      ]
    ],
    "S27": [
      [
        "PAT_0110",
        0,
        0.0
      ],
      [
        "PAT_0110",
        0,
        2760.019
      ]
    ],
    "S13": [
      [
        "PAT_1553",
        0,
        0.0
      ],
      [
        "PAT_0841",
        0,
        3553.7087
      ]
    ],
    "S30": [
      [
        "PAT_1382",
        0,
        0.0
      ],
      [
        "PAT_1382",
        1,
        4672.1575
      ]
    ],
    "S5": [
      [
        "PAT_1425",
        0,
        0.0
      ],
      [
        "PAT_1442",
        0,
        2932.9034
      ]
    ],
    "S50": [
      [
        "PAT_1504",
        0,
        0.0
      ],
      [
        "PAT_0004",
        0,
        2932.9034
      ],
      [
        "PAT_0001",
        0,
        5264.0446
      ]
    ]
  }
}