{
  "instance": "SYN_SWEEP5_SIZE_L_027",
  "method": "SD",
  "start_method": "multistart",
  "time_limit": 60.0,
  "cost": 13711.2964,
  "is_feasible": true,
  "unmet": {},
  "overprod": {
    "P5": 1,
    "P16": 2,
    "P18": 1,
    "P20": 1,
    "P26": 1
  },
  "elapsed_sec": 60.01,
  "active": {
    "S20": [
      [
        "PAT_3705",
        0,
        0.0
      ],
      [
        "PAT_3705",
        0,
        2578.5837
      ]
    ],
    "S57": [
      [
        "PAT_4701",
        0,
        961.7538
      ],
      [
        "PAT_4701",
        0,
        3409.4809999999998
      ]
    ],
    "S13": [
      [
        "PAT_4750",
        0,
        0.0
      ],
      [
        "PAT_4750",
        0,
        3923.9223
      ]
    ],
    "S21": [
      [
        "PAT_4183",
        0,
        1780.7166
      ]
    ],
    "S41": [
      [
        "PAT_4788",
        0,
        0.0
      ],
      [
        "PAT_3706",
        0,
        3923.9223
      ]
    ],
    "S61": [
      [
        "PAT_3663",
        0,
        0.0
      ]
    ],
    "S4": [
      [
        "PAT_3671",
        0,
        850.5517
      ]
    ],
    "S51": [
      [
        "PAT_4009",
        0,
        0.0
      ],
      [
        "PAT_3631",
        1,
        4607.2875
      ]
    ],
    "S32": [
      [
        "PAT_3655",
        0,
        1879.0108
      ]
    ],
    "S31": [
      [
        "PAT_3654",
        0,
        2210.0167
      ]
    ],
    "S55": [
      [
        "PAT_3526",
        0,
        0.0
      ],
      [
        "PAT_3674",
        0,
        3797.5967999999993
      ]
    ],
    "S37": [
      [
        "PAT_3731",
        0,
        0.0
      ]
    ],
    "S46": [
      [
        "PAT_4721",
        0,
        1928.8681
      ]
    ],
    "S54": [
      [
        "PAT_3731",
        0,
        0.0
      ]
    ],
    "S14": [
      [
        "PAT_4721",
        0,
        0.0
      ],
      [
        "PAT_3516",
        0,
        3923.9223
      ]
    ],
    "S28": [
      [
        "PAT_4721",
        0,
        2196.7069
      ]
    ],
    "S47": [
      [
        "PAT_4412",
        0,
        1609.533
      ]
    ],
    "S2": [
      [
        "PAT_4688",
        0,
        0.0
      ],
      [
        "PAT_3864",
        0,
        2520.4223999999995
      ]
    ],
    "S68": [
      [
        "PAT_3494",
        0,
        1002.5305
      ]
    ],
    "S48": [
      [
        "PAT_0003",
        0,
        2804.3207
      ]
    ],
    "S15": [
      [
        "PAT_4329",
        0,
        0.0
      ],
      [
        "PAT_3430",
        0,
        4673.286099999999
      ]
    ],
    "S45": [
      [
        "PAT_0680",
        0,
        0.0
      ]
    ],
    "S16": [
      [
        "PAT_3544",
        0,
        1442.1952
      ]
    ],
    "S66": [
      [
        "PAT_1886",
        0,
        2967.9556
      ]
    ],
    "S36": [
      [
        "PAT_3089",
        0,
        750.6755
      ]
    ]
  }
}