{
  "instance": "SYN_SWEEP5_SIZE_XL_006",
  "method": "ILS_SA",
  "start_method": "multistart",
  "time_limit": 60.0,
  "cost": 28168.5143,
  "is_feasible": true,
  "unmet": {},
  "overprod": {
    "P8": 2,
    "P11": 1,
    "P28": 3
  },
  "elapsed_sec": 60.23,
  "active": {
    "S62": [
      [
        "PAT_0087",
        0,
        0.0
      ],
      [
        "PAT_0453",
        0,
        3886.9930999999997
      ]
    ],
    "S94": [
      [
        "PAT_0378",
        0,
        0.0
      ],
      [
        "PAT_0232",
        0,
        4342.0616
      ],
      [
        "PAT_0232",
        0,
        6691.5422
      ]
    ],
    "S12": [
      [
        "PAT_0391",
        0,
        0.0
      ],
      [
        "PAT_0391",
        0,
        3285.9498
      ]
    ],
    "S77": [
      [
        "PAT_0236",
        0,
        0.0
      ],
      [
        "PAT_0236",
        0,
        2711.7351
      ]
    ],
    "S18": [
      [
        "PAT_0352",
        0,
        0.0
      ],
      [
        "PAT_0352",
        0,
        2966.9288
      ],
      [
        "PAT_0053",
        0,
        5933.8576
      ]
    ],
    "S117": [
      [
        "PAT_0435",
        0,
        3010.469
      ],
      [
        "PAT_0435",
        0,
        4959.2773
      ]
    ],
    "S130": [
      [
        "PAT_0037",
        0,
        1156.032
      ],
      [
        "PAT_0037",
        0,
        4328.4511
      ],
      [
        "PAT_0055",
        2,
        7500.8702
      ]
    ],
    "S116": [
      [
        "PAT_0008",
        0,
        3008.9932
      ],
      [
        "PAT_0008",
        0,
        5785.6023000000005
      ]
    ],
    "S30": [
      [
        "PAT_0116",
        0,
        3181.8081
      ],
      [
        "PAT_0116",
        0,
        5165.9979
      ]
    ],
    "S142": [
      [
        "PAT_0360",
        0,
        2293.9511
      ],
      [
        "PAT_0360",
        0,
        5260.8799
      ]
    ],
    "S72": [
      [
        "PAT_0029",
        0,
        0.0
      ],
      [
        "PAT_0029",
        0,
        3172.4191
      ]
    ],
    "S131": [
      [
        "PAT_0323",
        0,
        0.0
      ],
      [
        "PAT_0323",
        0,
        3358.3297
      ]
    ],
    "S65": [
      [
        "PAT_0279",
        0,
        2969.1574
      ],
      [
        "PAT_0279",
        0,
        5680.8925
      ]
    ],
    "S36": [
      [
        "PAT_0256",
        0,
        0.0
      ],
      [
        "PAT_0256",
        0,
        2711.7351
      ],
      [
        "PAT_0357",
        1,
        5423.4702
      ]
    ],
    "S60": [
      [
        "PAT_0402",
        0,
        1480.4004
      ],
      [
        "PAT_0008",
        1,
        5597.880800000001
      ]
    ],
    "S13": [
      [
        "PAT_0005",
        0,
        2218.6857999999997
      ],
      [
        "PAT_0223",
        1,
        6873.5407000000005
      ]
    ],
    "S76": [
      [
        "PAT_0453",
        0,
        0.0
      ],
      [
        "PAT_0486",
        1,
        1948.8083
      ],
      [
        "PAT_0015",
        0,
        5072.7015
      ]
    ],
    "S137": [
      [
        "PAT_0335",
        0,
        0.0
      ],
      [
        "PAT_0357",
        0,
        3443.5677
      ]
    ],
    "S99": [
      [
        "PAT_0014",
        0,
        0.0
      ],
      [
        "PAT_0249",
        0,
        4194.2314
      ]
    ],
    "S3": [
      [
        "PAT_0249",
        0,
        1376.4095
      ],
      [
        "PAT_0249",
        0,
        4088.1445999999996
      ]
    ],
    "S122": [
      [
        "PAT_0247",
        0,
        0.0
      ],
      [
        "PAT_0247",
        0,
        2711.7351
      ],
      [
        "PAT_0113",
        0,
        5423.4702
      ]
    ],
    "S53": [
      [
        "PAT_0076",
        0,
        0.0
      ],
      [
        "PAT_0287",
        0,
        3686.3458
      ]
    ],
    "S38": [
      [
        "PAT_0406",
        0,
        3869.6807
      ]
    ],
    "S102": [
      [
        "PAT_0411",
        0,
        0.0
      ],
      [
        "PAT_0381",
        0,
        4117.4804
      ]
    ],
    "S46": [
      [
        "PAT_0405",
        0,
        0.0
      ],
      [
        "PAT_0016",
        0,
        4117.4804
      ]
    ],
    "S14": [
      [
        "PAT_0405",
        0,
        1105.553
      ]
    ],
    "S7": [
      [
        "PAT_0411",
        0,
        0.0
      ],
      [
        "PAT_0220",
        0,
        4117.4804
      ]
    ],
    "S37": [
      [
        "PAT_0409",
        0,
        1420.5197
      ],
      [
        "PAT_0246",
        0,
        5538.0001
      ]
    ],
    "S114": [
      [
        "PAT_0471",
        0,
        0.0
      ],
      [
        "PAT_0471",
        0,
        4084.0336
      ]
    ],
    "S39": [
      [
        "PAT_0471",
        0,
        0.0
      ]
    ],
    "S109": [
      [
        "PAT_0411",
        0,
        2063.0516
      ]
    ],
    "S134": [
      [
        "PAT_0403",
        0,
        0.0
      ],
      [
        "PAT_0487",
        2,
        5510.5203
      ]
    ],
    "S78": [
      [
        "PAT_0247",
        0,
        0.0
      ],
      [
        "PAT_0409",
        0,
        4720.3773
      ]
    ],
    "S91": [
      [
        "PAT_0489",
        0,
        0.0
      ],
      [
        "PAT_0489",
        0,
        1926.9717
      ],
      [
        "PAT_0489",
        0,
        3853.9434
      ]
    ],
    "S73": [
      [
        "PAT_0409",
        0,
        0.0
      ]
    ],
    "S31": [
      [
        "PAT_0117",
        0,
        0.0
      ],
      [
        "PAT_0117",
        0,
        2037.7606
      ],
      [
        "PAT_0129",
        0,
        4021.9504
      ],
      [
        "PAT_0120",
        1,
        6514.1505
      ]
    ],
    "S88": [
      [
        "PAT_0045",
        0,
        0.0
      ],
      [
        "PAT_0115",
        0,
        2067.8003999999996
      ],
      [
        "PAT_0472",
        0,
        4051.9901999999997
      ]
    ],
    "S101": [
      [
        "PAT_0038",
        0,
        0.0
      ],
      [
        "PAT_0087",
        0,
        3172.4191
      ]
    ],
    "S70": [
      [
        "PAT_0049",
        0,
        519.8945
      ],
      [
        "PAT_0409",
        1,
        1969.2305000000001
      ]
    ],
    "S23": [
      [
        "PAT_0003",
        0,
        1983.0247
      ],
      [
        "PAT_0003",
        0,
        5275.289699999999
      ]
    ],
    "S133": [
      [
        "PAT_0337",
        0,
        1057.3244
      ],
      [
        "PAT_0044",
        0,
        4415.6541
      ]
    ],
    "S100": [
      [
        "PAT_0199",
        0,
        0.0
      ],
      [
        "PAT_0177",
        1,
        3578.1498
      ]
    ],
    "S40": [
      [
        "PAT_0136",
        0,
        0.0
      ],
      [
        "PAT_0136",
        0,
        3578.1498
      ]
    ],
    "S75": [
      [
        "PAT_0082",
        0,
        1578.62
      ],
      [
        "PAT_0308",
        1,
        5264.9658
      ]
    ],
    "S90": [
      [
        "PAT_0472",
        1,
        867.0544
      ],
      [
        "PAT_0074",
        0,
        4951.088
      ]
    ]
  }
}