{
  "instance": "SYN_SWEEP5_SIZE_L_010",
  "method": "multistart",
  "start_method": "none",
  "time_limit": 60.0,
  "cost": 14535.8282,
  "is_feasible": true,
  "unmet": {},
  "overprod": {
    "P3": 1,
    "P6": 3,
    "P16": 1,
    "P18": 1,
    "P20": 2
  },
  "elapsed_sec": 4.77,
  "active": {
    "S37": [
      [
        "PAT_0328",
        1,
        2577.3037
      ],
      [
        "PAT_0328",
        1,
        3758.107
      ],
      [
        "PAT_0328",
        1,
        4938.9103
      ]
    ],
    "S27": [
      [
        "PAT_0029",
        0,
        0.0
      ],
      [
        "PAT_0029",
        0,
        1881.6941
      ],
      [
        "PAT_0029",
        0,
        3763.3882
      ],
      [
        "PAT_0029",
        0,
        5645.0823
      ],
      [
        "PAT_0029",
        0,
        7526.7764
      ]
    ],
    "S36": [
      [
        "PAT_0806",
        0,
        2274.472
      ],
      [
        "PAT_0301",
        0,
        4476.910900000001
      ]
    ],
    "S8": [
      [
        "PAT_0249",
        0,
        0.0
      ],
      [
        "PAT_0249",
        0,
        2696.5083
      ],
      [
        "PAT_0048",
        0,
        5393.0166
      ]
    ],
    "S49": [
      [
        "PAT_0206",
        1,
        2813.2349
      ],
      [
        "PAT_0206",
        1,
        6328.2083999999995
      ]
    ],
    "S64": [
      [
        "PAT_0119",
        0,
        0.0
      ],
      [
        "PAT_0119",
        0,
        3819.932
      ],
      [
        "PAT_0020",
        1,
        7639.864
      ]
    ],
    "S73": [
      [
        "PAT_0210",
        1,
        1216.6096
      ],
      [
        "PAT_0210",
        1,
        3913.1179
      ],
      [
        "PAT_0210",
        1,
        6609.626200000001
      ]
    ],
    "S47": [
      [
        "PAT_0196",
        0,
        0.0
      ],
      [
        "PAT_0196",
        0,
        3514.9735
      ],
      [
        "PAT_0019",
        0,
        7029.947
      ]
    ],
    "S72": [
      [
        "PAT_0250",
        0,
        2636.2495
      ],
      [
        "PAT_0250",
        0,
        5332.757799999999
      ]
    ],
    "S21": [
      [
        "PAT_0171",
        0,
        2802.0795
      ]
    ],
    "S56": [
      [
        "PAT_0338",
        0,
        1366.5355
      ],
      [
        "PAT_0338",
        0,
        4645.6451
      ]
    ],
    "S60": [
      [
        "PAT_0128",
        0,
        3441.0155
      ]
    ],
    "S4": [
      [
        "PAT_0132",
        0,
        0.0
      ],
      [
        "PAT_0132",
        0,
        4374.6501
      ]
    ],
    "S33": [
      [
        "PAT_0214",
        0,
        703.3704
      ],
      [
        "PAT_0295",
        0,
        3399.8787
      ]
    ],
    "S57": [
      [
        "PAT_0097",
        0,
        2230.5254
      ]
    ],
    "S67": [
      [
        "PAT_0152",
        0,
        0.0
      ],
      [
        "PAT_0096",
        2,
        5441.2256
      ]
    ],
    "S82": [
      [
        "PAT_0136",
        0,
        3250.0244
      ]
    ],
    "S32": [
      [
        "PAT_0136",
        0,
        0.0
      ],
      [
        "PAT_0174",
        0,
        4374.6501
      ]
    ],
    "S62": [
      [
        "PAT_0155",
        0,
        850.8761
      ]
    ],
    "S45": [
      [
        "PAT_0335",
        0,
        2771.6717
      ]
    ],
    "S20": [
      [
        "PAT_0658",
        0,
        2372.4192
      ]
    ],
    "S68": [
      [
        "PAT_0564",
        0,
        0.0
      ]
    ],
    "S2": [
      [
        "PAT_0444",
        0,
        0.0
      ],
      [
        "PAT_0444",
        1,
        4335.3058
      ]
    ]
  }
}