{
  "instance": "SYN_SWEEP5_SIZE_XL_022",
  "method": "FI",
  "start_method": "greedy",
  "time_limit": 60.0,
  "cost": 30900.6419,
  "is_feasible": true,
  "unmet": {},
  "overprod": {
    "P14": 1,
    "P16": 1,
    "P17": 1,
    "P23": 6,
    "P27": 1
  },
  "elapsed_sec": 61.33,
  "active": {
    "S122": [
      [
        "PAT_0067",
        0,
        0.0
      ],
      [
        "PAT_0067",
        0,
        3003.2178
      ]
    ],
    "S133": [
      [
        "PAT_17666",
        0,
        1146.5226
      ]
    ],
    "S18": [
      [
        "PAT_9702",
        0,
        806.5903
      ],
      [
        "PAT_9830",
        0,
        3334.2510000000007
      ],
      [
        "PAT_9830",
        0,
        6151.465200000001
      ]
    ],
    "S38": [
      [
        "PAT_0139",
        0,
        0.0
      ],
      [
        "PAT_0139",
        0,
        2690.588
      ]
    ],
    "S117": [
      [
        "PAT_9591",
        0,
        0.0
      ],
      [
        "PAT_9591",
        0,
        2798.0028
      ]
    ],
    "S121": [
      [
        "PAT_0383",
        0,
        0.0
      ],
      [
        "PAT_0383",
        0,
        2690.588
      ]
    ],
    "S138": [
      [
        "PAT_17638",
        0,
        2541.7839
      ]
    ],
    "S34": [
      [
        "PAT_2966",
        0,
        0.0
      ],
      [
        "PAT_9726",
        0,
        3052.4609
      ]
    ],
    "S76": [
      [
        "PAT_9751",
        0,
        960.2575
      ],
      [
        "PAT_9751",
        0,
        3777.4717
      ]
    ],
    "S81": [
      [
        "PAT_9726",
        0,
        0.0
      ],
      [
        "PAT_9686",
        0,
        3510.8997
      ]
    ],
    "S80": [
      [
        "PAT_9772",
        0,
        1654.6403
      ]
    ],
    "S35": [
      [
        "PAT_9636",
        0,
        0.0
      ],
      [
        "PAT_1320",
        1,
        3465.8109
      ]
    ],
    "S23": [
      [
        "PAT_0442",
        0,
        0.0
      ],
      [
        "PAT_0442",
        0,
        2690.588
      ]
    ],
    "S1": [
      [
        "PAT_0442",
        0,
        0.0
      ],
      [
        "PAT_0442",
        0,
        2690.588
      ]
    ],
    "S124": [
      [
        "PAT_0582",
        0,
        0.0
      ],
      [
        "PAT_4429",
        0,
        4688.9247
      ]
    ],
    "S82": [
      [
        "PAT_9624",
        0,
        0.0
      ],
      [
        "PAT_16133",
        0,
        2798.0028
      ]
    ],
    "S42": [
      [
        "PAT_17630",
        0,
        1674.7329
      ],
      [
        "PAT_0148",
        1,
        5556.0353
      ]
    ],
    "S129": [
      [
        "PAT_4428",
        0,
        0.0
      ],
      [
        "PAT_3523",
        0,
        3109.6682
      ]
    ],
    "S29": [
      [
        "PAT_17630",
        0,
        0.0
      ],
      [
        "PAT_17617",
        1,
        4870.9405
      ]
    ],
    "S30": [
      [
        "PAT_9587",
        1,
        1038.619
      ],
      [
        "PAT_9587",
        1,
        3836.6218
      ]
    ],
    "S59": [
      [
        "PAT_17629",
        0,
        0.0
      ]
    ],
    "S134": [
      [
        "PAT_9750",
        0,
        0.0
      ]
    ],
    "S16": [
      [
        "PAT_17616",
        0,
        0.0
      ],
      [
        "PAT_17616",
        0,
        3881.3024
      ]
    ],
    "S107": [
      [
        "PAT_9483",
        0,
        0.0
      ],
      [
        "PAT_9651",
        1,
        5440.0893
      ]
    ],
    "S47": [
      [
        "PAT_4464",
        0,
        0.0
      ]
    ],
    "S127": [
      [
        "PAT_17616",
        0,
        0.0
      ],
      [
        "PAT_9722",
        0,
        3881.3024
      ]
    ],
    "S11": [
      [
        "PAT_4464",
        0,
        0.0
      ]
    ],
    "S10": [
      [
        "PAT_5620",
        0,
        0.0
      ]
    ],
    "S101": [
      [
        "PAT_17605",
        0,
        4688.7909
      ]
    ],
    "S116": [
      [
        "PAT_17605",
        0,
        1141.6426
      ],
      [
        "PAT_9898",
        0,
        5022.945
      ]
    ],
    "S132": [
      [
        "PAT_15302",
        0,
        0.0
      ],
      [
        "PAT_0155",
        0,
        3228.4053
      ]
    ],
    "S32": [
      [
        "PAT_6190",
        0,
        0.0
      ],
      [
        "PAT_6190",
        0,
        4156.9563
      ]
    ],
    "S128": [
      [
        "PAT_9925",
        0,
        0.0
      ],
      [
        "PAT_9925",
        0,
        3228.4053
      ]
    ],
    "S60": [
      [
        "PAT_3387",
        0,
        0.0
      ],
      [
        "PAT_3387",
        0,
        2690.588
      ]
    ],
    "S84": [
      [
        "PAT_7564",
        0,
        945.3716
      ]
    ],
    "S67": [
      [
        "PAT_0157",
        0,
        0.0
      ],
      [
        "PAT_0157",
        0,
        2690.588
      ],
      [
        "PAT_0157",
        0,
        5381.176
      ]
    ],
    "S37": [
      [
        "PAT_17338",
        0,
        0.0
      ],
      [
        "PAT_9876",
        0,
        3228.4053
      ]
    ],
    "S17": [
      [
        "PAT_9918",
        0,
        2120.8679
      ]
    ],
    "S123": [
      [
        "PAT_17466",
        0,
        0.0
      ]
    ],
    "S120": [
      [
        "PAT_16521",
        0,
        0.0
      ]
    ],
    "S8": [
      [
        "PAT_16754",
        0,
        3156.6649
      ]
    ],
    "S140": [
      [
        "PAT_17455",
        0,
        1108.853
      ],
      [
        "PAT_3804",
        0,
        4337.2582999999995
      ]
    ],
    "S77": [
      [
        "PAT_9911",
        0,
        0.0
      ],
      [
        "PAT_17483",
        1,
        5051.0282
      ]
    ],
    "S52": [
      [
        "PAT_9904",
        0,
        445.3942
      ]
    ],
    "S50": [
      [
        "PAT_16005",
        0,
        2035.3062
      ]
    ],
    "S55": [
      [
        "PAT_8514",
        0,
        2732.0599
      ]
    ],
    "S63": [
      [
        "PAT_4469",
        0,
        0.0
      ],
      [
        "PAT_9898",
        0,
        4156.9563
      ]
    ],
    "S72": [
      [
        "PAT_9899",
        0,
        2039.9662
      ]
    ],
    "S53": [
      [
        "PAT_9899",
        0,
        2948.9076
      ]
    ],
    "S2": [
      [
        "PAT_4446",
        0,
        0.0
      ]
    ],
    "S70": [
      [
        "PAT_4446",
        0,
        0.0
      ]
    ],
    "S103": [
      [
        "PAT_8561",
        0,
        966.5426
      ]
    ],
    "S20": [
      [
        "PAT_9661",
        0,
        0.0
      ],
      [
        "PAT_9588",
        0,
        3747.1162
      ]
    ],
    "S109": [
      [
        "PAT_9739",
        0,
        0.0
      ],
      [
        "PAT_0001",
        0,
        2817.2142
      ]
    ],
    "S113": [
      [
        "PAT_8915",
        0,
        0.0
      ]
    ],
    "S87": [
      [
        "PAT_8517",
        0,
        0.0
      ]
    ],
    "S27": [
      [
        "PAT_5507",
        0,
        523.1765
      ]
    ],
    "S33": [
      [
        "PAT_9601",
        0,
        0.0
      ],
      [
        "PAT_9698",
        0,
        2798.0028
      ]
    ]
  }
}