{
  "instance": "SYN_SWEEP5_SIZE_XL_017",
  "method": "TS",
  "start_method": "greedy",
  "time_limit": 60.0,
  "cost": 29466.5043,
  "is_feasible": true,
  "unmet": {},
  "overprod": {
    "P6": 3,
    "P14": 1,
    "P16": 1,
    "P20": 3
  },
  "elapsed_sec": 60.01,
  "active": {
    "S127": [
      [
        "PAT_0106",
        0,
        0.0
      ]
    ],
    "S44": [
      [
        "PAT_0011",
        0,
        0.0
      ],
      [
        "PAT_0213",
        0,
        2258.8411999999994
      ]
    ],
    "S107": [
      [
        "PAT_0057",
        0,
        0.0
      ],
      [
        "PAT_0057",
        0,
        2643.7553
      ]
    ],
    "S113": [
      [
        "PAT_0152",
        0,
        1682.6465
      ],
      [
        "PAT_0152",
        0,
        4310.5402
      ]
    ],
    "S35": [
      [
        "PAT_0067",
        0,
        635.9932
      ],
      [
        "PAT_0132",
        0,
        2997.3398
      ],
      [
        "PAT_0132",
        0,
        5265.0882
      ]
    ],
    "S17": [
      [
        "PAT_0139",
        0,
        0.0
      ],
      [
        "PAT_0139",
        0,
        3302.9586
      ]
    ],
    "S50": [
      [
        "PAT_0023",
        0,
        0.0
      ],
      [
        "PAT_0023",
        0,
        3254.1248
      ]
    ],
    "S135": [
      [
        "PAT_0008",
        0,
        0.0
      ],
      [
        "PAT_0005",
        0,
        1882.7377
      ],
      [
        "PAT_0005",
        0,
        3692.1414999999997
      ]
    ],
    "S55": [
      [
        "PAT_0035",
        0,
        0.0
      ]
    ],
    "S45": [
      [
        "PAT_0072",
        0,
        0.0
      ],
      [
        "PAT_0072",
        0,
        2174.4975
      ],
      [
        "PAT_0072",
        0,
        4348.995
      ]
    ],
    "S48": [
      [
        "PAT_0175",
        0,
        0.0
      ],
      [
        "PAT_0175",
        0,
        2982.2862
      ]
    ],
    "S54": [
      [
        "PAT_0042",
        0,
        0.0
      ],
      [
        "PAT_0042",
        0,
        2592.8766
      ]
    ],
    "S121": [
      [
        "PAT_0016",
        0,
        0.0
      ],
      [
        "PAT_0016",
        0,
        1809.4038
      ],
      [
        "PAT_0007",
        1,
        4149.2131
      ]
    ],
    "S77": [
      [
        "PAT_0117",
        0,
        0.0
      ],
      [
        "PAT_0117",
        0,
        2906.0681
      ]
    ],
    "S63": [
      [
        "PAT_0180",
        0,
        0.0
      ],
      [
        "PAT_0180",
        0,
        2482.8177
      ],
      [
        "PAT_0180",
        0,
        4965.6354
      ]
    ],
    "S59": [
      [
        "PAT_0116",
        0,
        0.0
      ],
      [
        "PAT_0116",
        0,
        2906.0681
      ]
    ],
    "S100": [
      [
        "PAT_0256",
        0,
        0.0
      ],
      [
        "PAT_0042",
        1,
        3532.0231
      ]
    ],
    "S4": [
      [
        "PAT_0190",
        0,
        0.0
      ],
      [
        "PAT_0256",
        0,
        3046.8083
      ]
    ],
    "S34": [
      [
        "PAT_0179",
        0,
        0.0
      ],
      [
        "PAT_0179",
        0,
        2482.8177
      ]
    ],
    "S24": [
      [
        "PAT_0063",
        0,
        0.0
      ],
      [
        "PAT_0125",
        0,
        2295.4175
      ]
    ],
    "S109": [
      [
        "PAT_0254",
        0,
        0.0
      ]
    ],
    "S81": [
      [
        "PAT_0144",
        0,
        1860.7529
      ],
      [
        "PAT_0144",
        0,
        4488.6466
      ]
    ],
    "S119": [
      [
        "PAT_0144",
        0,
        0.0
      ],
      [
        "PAT_0144",
        0,
        2627.8937
      ]
    ],
    "S6": [
      [
        "PAT_0046",
        0,
        1187.0013
      ]
    ],
    "S36": [
      [
        "PAT_0144",
        0,
        0.0
      ],
      [
        "PAT_0144",
        0,
        2627.8937
      ]
    ],
    "S75": [
      [
        "PAT_0046",
        0,
        0.0
      ]
    ],
    "S155": [
      [
        "PAT_0046",
        0,
        720.9812
      ]
    ],
    "S110": [
      [
        "PAT_0113",
        0,
        0.0
      ],
      [
        "PAT_0010",
        0,
        2906.0681
      ]
    ],
    "S79": [
      [
        "PAT_0113",
        0,
        0.0
      ],
      [
        "PAT_0112",
        1,
        2906.0681
      ]
    ],
    "S132": [
      [
        "PAT_0112",
        0,
        0.0
      ],
      [
        "PAT_0062",
        0,
        2906.0681
      ]
    ],
    "S103": [
      [
        "PAT_0045",
        0,
        0.0
      ]
    ],
    "S73": [
      [
        "PAT_0168",
        0,
        0.0
      ],
      [
        "PAT_0164",
        0,
        4792.3784
      ]
    ],
    "S88": [
      [
        "PAT_0167",
        0,
        0.0
      ]
    ],
    "S114": [
      [
        "PAT_0167",
        0,
        0.0
      ]
    ],
    "S92": [
      [
        "PAT_0167",
        0,
        0.0
      ]
    ],
    "S87": [
      [
        "PAT_0167",
        0,
        0.0
      ]
    ],
    "S89": [
      [
        "PAT_0167",
        0,
        0.0
      ]
    ],
    "S69": [
      [
        "PAT_0167",
        0,
        0.0
      ]
    ],
    "S8": [
      [
        "PAT_0216",
        0,
        0.0
      ]
    ],
    "S51": [
      [
        "PAT_0216",
        0,
        0.0
      ]
    ],
    "S117": [
      [
        "PAT_0225",
        0,
        0.0
      ]
    ],
    "S105": [
      [
        "PAT_0223",
        0,
        0.0
      ]
    ],
    "S5": [
      [
        "PAT_0231",
        0,
        0.0
      ]
    ],
    "S19": [
      [
        "PAT_0187",
        0,
        0.0
      ],
      [
        "PAT_0187",
        0,
        2482.8177
      ],
      [
        "PAT_0071",
        0,
        4965.6354
      ]
    ],
    "S3": [
      [
        "PAT_0028",
        0,
        0.0
      ]
    ],
    "S53": [
      [
        "PAT_0133",
        0,
        0.0
      ]
    ],
    "S14": [
      [
        "PAT_0232",
        0,
        0.0
      ]
    ],
    "S38": [
      [
        "PAT_0216",
        0,
        1044.564
      ]
    ],
    "S120": [
      [
        "PAT_0047",
        0,
        837.9451
      ],
      [
        "PAT_0192",
        0,
        4910.746
      ]
    ],
    "S141": [
      [
        "PAT_0017",
        0,
        0.0
      ]
    ],
    "S143": [
      [
        "PAT_0236",
        0,
        0.0
      ]
    ],
    "S41": [
      [
        "PAT_0205",
        0,
        0.0
      ]
    ],
    "S99": [
      [
        "PAT_0232",
        0,
        0.0
      ]
    ],
    "S95": [
      [
        "PAT_0216",
        0,
        0.0
      ]
    ]
  }
}