{
  "instance": "SYN_SWEEP5_SIZE_L_023",
  "method": "SA",
  "start_method": "greedy",
  "time_limit": 60.0,
  "cost": 13557.0381,
  "is_feasible": true,
  "unmet": {},
  "overprod": {
    "P1": 1,
    "P14": 1,
    "P18": 2,
    "P19": 1
  },
  "elapsed_sec": 60.05,
  "active": {
    "S30": [
      [
        "PAT_3388",
        0,
        2876.271
      ],
      [
        "PAT_3388",
        0,
        4852.1757
      ]
    ],
    "S56": [
      [
        "PAT_3715",
        0,
        0.0
      ]
    ],
    "S47": [
      [
        "PAT_3187",
        0,
        0.0
      ],
      [
        "PAT_3550",
        0,
        4252.8405
      ]
    ],
    "S3": [
      [
        "PAT_3685",
        0,
        0.0
      ],
      [
        "PAT_2353",
        0,
        3252.2391
      ]
    ],
    "S20": [
      [
        "PAT_3681",
        0,
        0.0
      ],
      [
        "PAT_3681",
        0,
        3252.2391
      ]
    ],
    "S67": [
      [
        "PAT_2368",
        0,
        0.0
      ],
      [
        "PAT_2368",
        0,
        2844.134
      ]
    ],
    "S53": [
      [
        "PAT_1283",
        0,
        0.0
      ],
      [
        "PAT_1473",
        1,
        1660.5633999999998
      ],
      [
        "PAT_0281",
        1,
        2698.7054
      ],
      [
        "PAT_3405",
        0,
        3784.4922000000006
      ]
    ],
    "S61": [
      [
        "PAT_2771",
        0,
        0.0
      ],
      [
        "PAT_2333",
        0,
        2056.3731
      ]
    ],
    "S18": [
      [
        "PAT_1668",
        0,
        0.0
      ],
      [
        "PAT_1068",
        0,
        1416.3243
      ],
      [
        "PAT_3705",
        0,
        3609.9692
      ]
    ],
    "S46": [
      [
        "PAT_2326",
        0,
        1038.142
      ]
    ],
    "S50": [
      [
        "PAT_3488",
        0,
        0.0
      ],
      [
        "PAT_3702",
        0,
        2866.8433
      ]
    ],
    "S39": [
      [
        "PAT_0082",
        0,
        626.6477
      ],
      [
        "PAT_3404",
        0,
        3189.6386
      ]
    ],
    "S63": [
      [
        "PAT_2940",
        0,
        0.0
      ],
      [
        "PAT_0282",
        0,
        4252.8405
      ]
    ],
    "S60": [
      [
        "PAT_3689",
        0,
        1469.29
      ]
    ],
    "S19": [
      [
        "PAT_2638",
        0,
        0.0
      ],
      [
        "PAT_2869",
        0,
        2052.8255
      ]
    ],
    "S36": [
      [
        "PAT_2829",
        0,
        0.0
      ]
    ],
    "S2": [
      [
        "PAT_2938",
        0,
        0.0
      ],
      [
        "PAT_0045",
        1,
        4821.4182
      ]
    ],
    "S35": [
      [
        "PAT_2009",
        0,
        0.0
      ]
    ],
    "S32": [
      [
        "PAT_0981",
        0,
        0.0
      ],
      [
        "PAT_3252",
        0,
        1038.142
      ]
    ],
    "S11": [
      [
        "PAT_1865",
        0,
        0.0
      ],
      [
        "PAT_0357",
        0,
        4497.2117
      ]
    ],
    "S12": [
      [
        "PAT_2984",
        0,
        1559.18
      ]
    ],
    "S34": [
      [
        "PAT_3712",
        0,
        0.0
      ]
    ],
    "S69": [
      [
        "PAT_2001",
        0,
        0.0
      ]
    ],
    "S14": [
      [
        "PAT_2172",
        0,
        2318.7598
      ]
    ]
  }
}