{
  "instance": "SYN_SWEEP5_SIZE_XL_002",
  "method": "SA",
  "start_method": "multistart",
  "time_limit": 60.0,
  "cost": 35564.4235,
  "is_feasible": true,
  "unmet": {},
  "overprod": {
    "P20": 1,
    "P24": 3,
    "P26": 3,
    "P28": 2
  },
  "elapsed_sec": 192.43,
  "active": {
    "S59": [
      [
        "PAT_10001",
        0,
        0.0
      ],
      [
        "PAT_10339",
        0,
        2969.3233
      ],
      [
        "PAT_10339",
        0,
        5006.308
      ]
    ],
    "S102": [
      [
        "PAT_7043",
        0,
        0.0
      ],
      [
        "PAT_7043",
        0,
        3615.7052
      ]
    ],
    "S99": [
      [
        "PAT_10118",
        0,
        0.0
      ],
      [
        "PAT_10118",
        0,
        2036.9847
      ],
      [
        "PAT_10118",
        0,
        4073.9694
      ],
      [
        "PAT_10118",
        0,
        6110.9541
      ]
    ],
    "S116": [
      [
        "PAT_10396",
        0,
        0.0
      ],
      [
        "PAT_10396",
        0,
        3157.0066
      ]
    ],
    "S128": [
      [
        "PAT_7007",
        0,
        0.0
      ],
      [
        "PAT_7142",
        0,
        4559.3307
      ]
    ],
    "S32": [
      [
        "PAT_7089",
        0,
        0.0
      ],
      [
        "PAT_10360",
        1,
        3615.7052
      ],
      [
        "PAT_10719",
        0,
        5652.689899999999
      ]
    ],
    "S125": [
      [
        "PAT_3860",
        0,
        2167.8133
      ],
      [
        "PAT_3860",
        0,
        5148.0961
      ]
    ],
    "S115": [
      [
        "PAT_0046",
        0,
        1923.3747
      ],
      [
        "PAT_0046",
        0,
        4903.6575
      ]
    ],
    "S30": [
      [
        "PAT_10662",
        0,
        0.0
      ],
      [
        "PAT_10662",
        0,
        3157.0066
      ],
      [
        "PAT_10318",
        0,
        6314.0132
      ]
    ],
    "S29": [
      [
        "PAT_12087",
        0,
        0.0
      ],
      [
        "PAT_12087",
        0,
        1708.597
      ],
      [
        "PAT_10715",
        0,
        3417.194
      ],
      [
        "PAT_12739",
        1,
        5897.6368999999995
      ]
    ],
    "S101": [
      [
        "PAT_11442",
        0,
        3243.5869
      ],
      [
        "PAT_10672",
        0,
        5857.934
      ]
    ],
    "S37": [
      [
        "PAT_8810",
        0,
        0.0
      ],
      [
        "PAT_12797",
        1,
        4559.7018
      ]
    ],
    "S124": [
      [
        "PAT_7160",
        0,
        0.0
      ],
      [
        "PAT_10128",
        1,
        4210.4124
      ],
      [
        "PAT_10241",
        1,
        6247.3971
      ]
    ],
    "S69": [
      [
        "PAT_9990",
        0,
        0.0
      ],
      [
        "PAT_2592",
        0,
        3925.1598999999997
      ]
    ],
    "S71": [
      [
        "PAT_10068",
        0,
        1286.5096
      ],
      [
        "PAT_10068",
        1,
        4249.479
      ]
    ],
    "S119": [
      [
        "PAT_10643",
        0,
        1459.3352
      ],
      [
        "PAT_10643",
        0,
        4616.3418
      ]
    ],
    "S31": [
      [
        "PAT_4729",
        0,
        0.0
      ],
      [
        "PAT_8930",
        0,
        3242.0186
      ]
    ],
    "S24": [
      [
        "PAT_12085",
        0,
        0.0
      ],
      [
        "PAT_11960",
        0,
        1708.597
      ],
      [
        "PAT_11960",
        0,
        3417.194
      ],
      [
        "PAT_11960",
        0,
        5125.791
      ],
      [
        "PAT_11960",
        0,
        6834.388
      ]
    ],
    "S134": [
      [
        "PAT_9925",
        0,
        0.0
      ],
      [
        "PAT_10500",
        0,
        3021.0023
      ]
    ],
    "S72": [
      [
        "PAT_7011",
        0,
        1164.7448
      ],
      [
        "PAT_0795",
        1,
        4780.45
      ]
    ],
    "S126": [
      [
        "PAT_10229",
        0,
        0.0
      ],
      [
        "PAT_10548",
        1,
        2042.9201
      ],
      [
        "PAT_11707",
        1,
        5199.9267
      ]
    ],
    "S87": [
      [
        "PAT_11486",
        0,
        0.0
      ],
      [
        "PAT_9990",
        0,
        2480.4429
      ]
    ],
    "S40": [
      [
        "PAT_7382",
        0,
        0.0
      ],
      [
        "PAT_7382",
        0,
        3615.7052
      ]
    ],
    "S112": [
      [
        "PAT_9387",
        0,
        1439.9489
      ],
      [
        "PAT_9387",
        0,
        4040.9750999999997
      ]
    ],
    "S88": [
      [
        "PAT_10080",
        0,
        0.0
      ],
      [
        "PAT_10024",
        1,
        4591.3826
      ]
    ],
    "S64": [
      [
        "PAT_5848",
        0,
        0.0
      ],
      [
        "PAT_10616",
        0,
        3132.9194
      ]
    ],
    "S136": [
      [
        "PAT_8796",
        0,
        2835.1646
      ]
    ],
    "S109": [
      [
        "PAT_7366",
        0,
        0.0
      ],
      [
        "PAT_7366",
        0,
        3615.7052
      ]
    ],
    "S140": [
      [
        "PAT_9995",
        0,
        0.0
      ],
      [
        "PAT_9995",
        0,
        2962.9694
      ],
      [
        "PAT_9474",
        0,
        5925.9388
      ]
    ],
    "S9": [
      [
        "PAT_9270",
        0,
        0.0
      ]
    ],
    "S90": [
      [
        "PAT_10672",
        0,
        0.0
      ],
      [
        "PAT_12792",
        1,
        5270.0764
      ]
    ],
    "S108": [
      [
        "PAT_2592",
        0,
        936.8706
      ],
      [
        "PAT_2592",
        0,
        3917.1534
      ]
    ],
    "S70": [
      [
        "PAT_7457",
        0,
        0.0
      ],
      [
        "PAT_7457",
        0,
        3615.7052
      ]
    ],
    "S23": [
      [
        "PAT_4618",
        0,
        3520.0727
      ]
    ],
    "S58": [
      [
        "PAT_9692",
        0,
        0.0
      ],
      [
        "PAT_9778",
        0,
        2601.0262
      ]
    ],
    "S139": [
      [
        "PAT_10019",
        0,
        0.0
      ],
      [
        "PAT_9387",
        0,
        2962.9694
      ]
    ],
    "S21": [
      [
        "PAT_10392",
        0,
        1474.0241
      ],
      [
        "PAT_10191",
        1,
        4631.0307
      ]
    ],
    "S12": [
      [
        "PAT_11706",
        0,
        0.0
      ]
    ],
    "S1": [
      [
        "PAT_13040",
        0,
        0.0
      ],
      [
        "PAT_3851",
        0,
        1708.597
      ]
    ],
    "S80": [
      [
        "PAT_4794",
        0,
        0.0
      ],
      [
        "PAT_10001",
        0,
        2980.2828
      ]
    ],
    "S27": [
      [
        "PAT_7409",
        0,
        0.0
      ]
    ],
    "S89": [
      [
        "PAT_9907",
        0,
        0.0
      ],
      [
        "PAT_7382",
        1,
        3619.1026
      ]
    ],
    "S36": [
      [
        "PAT_0003",
        0,
        1917.3836
      ],
      [
        "PAT_0003",
        0,
        4897.6664
      ]
    ],
    "S55": [
      [
        "PAT_9933",
        0,
        0.0
      ],
      [
        "PAT_9337",
        0,
        2601.0262
      ]
    ],