{
  "instance": "SYN_SWEEP5_SIZE_L_001",
  "method": "SD",
  "start_method": "multistart",
  "time_limit": 60.0,
  "cost": 19670.1909,
  "is_feasible": true,
  "unmet": {},
  "overprod": {
    "P5": 2,
    "P10": 1,
    "P16": 2,
    "P17": 1,
    "P18": 1,
    "P19": 3,
    "P22": 2,
    "P26": 1,
    "P30": 1
  },
  "elapsed_sec": 60.02,
  "active": {
    "S46": [
      [
        "PAT_2883",
        0,
        0.0
      ],
      [
        "PAT_2883",
        0,
        2349.7382
      ],
      [
        "PAT_3163",
        0,
        4699.4764
      ]
    ],
    "S81": [
      [
        "PAT_5817",
        0,
        2238.684
      ],
      [
        "PAT_5817",
        0,
        4878.7237000000005
      ]
    ],
    "S20": [
      [
        "PAT_2371",
        0,
        558.3417
      ]
    ],
    "S22": [
      [
        "PAT_5685",
        0,
        0.0
      ],
      [
        "PAT_3160",
        0,
        2519.9689
      ]
    ],
    "S56": [
      [
        "PAT_3370",
        0,
        1575.1553
      ],
      [
        "PAT_3370",
        0,
        4524.4362
      ]
    ],
    "S68": [
      [
        "PAT_3150",
        0,
        2451.4772
      ],
      [
        "PAT_3150",
        0,
        4801.215399999999
      ]
    ],
    "S58": [
      [
        "PAT_5832",
        0,
        1353.5019
      ],
      [
        "PAT_5832",
        0,
        3993.5415999999996
      ]
    ],
    "S33": [
      [
        "PAT_3087",
        0,
        0.0
      ],
      [
        "PAT_3154",
        0,
        2349.7382
      ],
      [
        "PAT_3167",
        0,
        4231.3902
      ]
    ],
    "S24": [
      [
        "PAT_3623",
        0,
        0.0
      ],
      [
        "PAT_3623",
        0,
        2949.2809
      ]
    ],
    "S72": [
      [
        "PAT_2549",
        0,
        2183.873
      ],
      [
        "PAT_2549",
        0,
        4533.611199999999
      ]
    ],
    "S78": [
      [
        "PAT_2383",
        0,
        0.0
      ],
      [
        "PAT_2383",
        0,
        3803.4146
      ]
    ],
    "S7": [
      [
        "PAT_3154",
        0,
        1275.3685
      ],
      [
        "PAT_3154",
        0,
        3157.0205
      ]
    ],
    "S74": [
      [
        "PAT_2360",
        0,
        0.0
      ],
      [
        "PAT_2360",
        0,
        3803.4146
      ]
    ],
    "S27": [
      [
        "PAT_5674",
        0,
        1483.8814
      ],
      [
        "PAT_5674",
        0,
        4003.8503
      ]
    ],
    "S45": [
      [
        "PAT_5674",
        0,
        0.0
      ],
      [
        "PAT_5674",
        0,
        2519.9689
      ],
      [
        "PAT_2547",
        0,
        5039.9378
      ]
    ],
    "S13": [
      [
        "PAT_2548",
        0,
        0.0
      ],
      [
        "PAT_4613",
        0,
        3049.6384
      ]
    ],
    "S18": [
      [
        "PAT_5691",
        0,
        0.0
      ],
      [
        "PAT_4005",
        0,
        2544.7821000000004
      ]
    ],
    "S25": [
      [
        "PAT_4584",
        0,
        0.0
      ],
      [
        "PAT_4584",
        0,
        4395.4249
      ]
    ],
    "S8": [
      [
        "PAT_2171",
        0,
        1193.5585
      ],
      [
        "PAT_2171",
        0,
        3656.0507000000002
      ]
    ],
    "S36": [
      [
        "PAT_3969",
        0,
        0.0
      ],
      [
        "PAT_3969",
        0,
        2949.2809
      ]
    ],
    "S37": [
      [
        "PAT_0077",
        0,
        0.0
      ],
      [
        "PAT_0077",
        0,
        2462.4922
      ],
      [
        "PAT_0012",
        0,
        4924.9844
      ]
    ],
    "S12": [
      [
        "PAT_5587",
        0,
        0.0
      ]
    ],
    "S67": [
      [
        "PAT_5377",
        0,
        0.0
      ]
    ],
    "S63": [
      [
        "PAT_4025",
        0,
        0.0
      ],
      [
        "PAT_0402",
        0,
        4395.4249
      ]
    ],
    "S28": [
      [
        "PAT_0402",
        0,
        0.0
      ],
      [
        "PAT_0402",
        0,
        2462.4922
      ],
      [
        "PAT_0402",
        0,
        4924.9844
      ]
    ],
    "S30": [
      [
        "PAT_4695",
        0,
        1733.8167
      ]
    ],
    "S2": [
      [
        "PAT_3995",
        0,
        0.0
      ],
      [
        "PAT_0710",
        0,
        4395.4249
      ]
    ],
    "S10": [
      [
        "PAT_3999",
        0,
        0.0
      ],
      [
        "PAT_3999",
        0,
        4395.4249
      ]
    ],
    "S6": [
      [
        "PAT_3999",
        0,
        0.0
      ]
    ],
    "S31": [
      [
        "PAT_3999",
        0,
        0.0
      ]
    ],
    "S49": [
      [
        "PAT_3994",
        0,
        1224.0498
      ]
    ],
    "S66": [
      [
        "PAT_3999",
        0,
        1245.6383
      ]
    ],
    "S55": [
      [
        "PAT_5656",
        0,
        0.0
      ]
    ],
    "S82": [
      [
        "PAT_3994",
        0,
        0.0
      ]
    ]
  }
}