{
  "instance": "SYN_SWEEP5_SIZE_XL_020",
  "method": "VNS_SA",
  "start_method": "multistart",
  "time_limit": 60.0,
  "cost": 30727.7843,
  "is_feasible": true,
  "unmet": {},
  "overprod": {
    "P2": 1,
    "P5": 1,
    "P19": 2
  },
  "elapsed_sec": 60.03,
  "active": {
    "S144": [
      [
        "PAT_0267",
        0,
        661.42
      ],
      [
        "PAT_0267",
        0,
        2568.6751
      ]
    ],
    "S134": [
      [
        "PAT_0322",
        0,
        0.0
      ],
      [
        "PAT_1547",
        0,
        2497.1036000000004
      ]
    ],
    "S89": [
      [
        "PAT_1699",
        0,
        1520.8855
      ]
    ],
    "S92": [
      [
        "PAT_1595",
        0,
        0.0
      ],
      [
        "PAT_0176",
        0,
        3040.0181
      ]
    ],
    "S74": [
      [
        "PAT_1946",
        0,
        0.0
      ]
    ],
    "S7": [
      [
        "PAT_0079",
        0,
        1136.7466
      ]
    ],
    "S1": [
      [
        "PAT_0943",
        0,
        0.0
      ]
    ],
    "S33": [
      [
        "PAT_1835",
        0,
        0.0
      ],
      [
        "PAT_1835",
        0,
        2450.4116
      ]
    ],
    "S120": [
      [
        "PAT_1748",
        0,
        0.0
      ],
      [
        "PAT_1748",
        0,
        2392.7634
      ]
    ],
    "S136": [
      [
        "PAT_1768",
        0,
        1389.7088
      ]
    ],
    "S53": [
      [
        "PAT_1825",
        0,
        0.0
      ],
      [
        "PAT_0166",
        0,
        2553.6696999999995
      ],
      [
        "PAT_0166",
        0,
        4460.9248
      ]
    ],
    "S114": [
      [
        "PAT_1887",
        0,
        0.0
      ]
    ],
    "S59": [
      [
        "PAT_1774",
        0,
        0.0
      ]
    ],
    "S57": [
      [
        "PAT_0177",
        0,
        0.0
      ],
      [
        "PAT_1956",
        0,
        2782.9759
      ]
    ],
    "S21": [
      [
        "PAT_0023",
        0,
        1022.7212
      ]
    ],
    "S125": [
      [
        "PAT_1570",
        0,
        0.0
      ],
      [
        "PAT_1570",
        0,
        3040.0181
      ]
    ],
    "S2": [
      [
        "PAT_1613",
        0,
        0.0
      ],
      [
        "PAT_1810",
        1,
        3427.1472
      ]
    ],
    "S130": [
      [
        "PAT_1657",
        0,
        1440.1474
      ]
    ],
    "S38": [
      [
        "PAT_1761",
        0,
        1412.5983
      ]
    ],
    "S87": [
      [
        "PAT_1850",
        0,
        0.0
      ]
    ],
    "S145": [
      [
        "PAT_0004",
        0,
        1856.3097
      ]
    ],
    "S5": [
      [
        "PAT_1744",
        0,
        0.0
      ],
      [
        "PAT_1744",
        0,
        2392.7634
      ]
    ],
    "S16": [
      [
        "PAT_0177",
        0,
        1969.8854
      ],
      [
        "PAT_0177",
        0,
        3877.1405
      ]
    ],
    "S30": [
      [
        "PAT_0310",
        0,
        0.0
      ],
      [
        "PAT_0310",
        0,
        2489.3651
      ]
    ],
    "S151": [
      [
        "PAT_0957",
        0,
        0.0
      ],
      [
        "PAT_1802",
        0,
        2459.9054
      ]
    ],
    "S117": [
      [
        "PAT_0314",
        0,
        0.0
      ],
      [
        "PAT_0176",
        0,
        2489.3651
      ]
    ],
    "S112": [
      [
        "PAT_0314",
        0,
        0.0
      ]
    ],
    "S86": [
      [
        "PAT_0369",
        0,
        0.0
      ],
      [
        "PAT_1006",
        0,
        2489.3651
      ]
    ],
    "S101": [
      [
        "PAT_1744",
        0,
        0.0
      ]
    ],
    "S13": [
      [
        "PAT_1801",
        0,
        0.0
      ]
    ],
    "S54": [
      [
        "PAT_1771",
        0,
        0.0
      ]
    ],
    "S34": [
      [
        "PAT_1968",
        0,
        0.0
      ]
    ],
    "S122": [
      [
        "PAT_1663",
        0,
        0.0
      ],
      [
        "PAT_0984",
        0,
        3513.8791
      ]
    ],
    "S39": [
      [
        "PAT_1968",
        0,
        0.0
      ]
    ],
    "S18": [
      [
        "PAT_0202",
        0,
        0.0
      ],
      [
        "PAT_1968",
        0,
        1918.4210000000003
      ]
    ],
    "S128": [
      [
        "PAT_0001",
        0,
        0.0
      ]
    ],
    "S36": [
      [
        "PAT_1662",
        0,
        0.0
      ]
    ],
    "S95": [
      [
        "PAT_1967",
        0,
        1463.4407
      ]
    ],
    "S43": [
      [
        "PAT_1662",
        0,
        0.0
      ]
    ],
    "S90": [
      [
        "PAT_1662",
        0,
        0.0
      ]
    ],
    "S137": [
      [
        "PAT_0944",
        0,
        0.0
      ]
    ],
    "S142": [
      [
        "PAT_0944",
        0,
        0.0
      ]
    ],
    "S52": [
      [
        "PAT_0947",
        0,
        0.0
      ]
    ],
    "S66": [
      [
        "PAT_0944",
        0,
        0.0
      ]
    ],
    "S78": [
      [
        "PAT_0944",
        0,
        0.0
      ]
    ],
    "S31": [
      [
        "PAT_0914",
        0,
        0.0
      ]
    ],
    "S127": [
      [
        "PAT_1497",
        0,
        2484.4107
      ]
    ],
    "S99": [
      [
        "PAT_0969",
        0,
        2069.4188
      ]
    ],
    "S105": [
      [
        "PAT_0974",
        0,
        0.0
      ],
      [
        "PAT_0974",
        0,
        2339.5785
      ]
    ],
    "S132": [
      [
        "PAT_0710",
        0,
        0.0
      ]
    ],
    "S84": [
      [
        "PAT_0576",
        0,
        1383.7733
      ]
    ],
    "S23": [
      [
        "PAT_0422",
        0,
        2328.0153
      ]
    ],
    "S62": [
      [
        "PAT_0576",
        0,
        1020.542
      ]
    ],
    "S96": [
      [
        "PAT_1564",
        0,
        0.0
      ],
      [
        "PAT_0427",
        0,
        3112.3666
      ]
    ],
    "S126": [
      [
        "PAT_0817",
        0,
        804.482
      ]
    ],
    "S42": [
      [
        "PAT_0974",
        0,
        1617.6641
      ]
    ],
    "S40": [
      [
        "PAT_0944",
        0,
        0.0
      ]
    ],
    "S63": [
      [
        "PAT_0944",
        0,
        0.0
      ]
    ],
    "S48": [
      [
        "PAT_1731",
        0,
        0.0
      ]
    ],
    "S108": [
      [
        "PAT_1662",
        0,
        0.0
      ]
    ],
    "S106": [
      [
        "PAT_1567",
        0,
        0.0
      ],
      [
        "PAT_0314",
        1,
        3809.0539
      ]
    ],
    "S88": [
      [
        "PAT_1485",
        0,
        0.0
      ],
      [
        "PAT_0877",
        0,
        3058.4602
      ]
    ],
    "S109": [
      [
        "PAT_1659",
        0,
        0.0
      ]
    ],
    "S73": [
      [
        "PAT_0944",
        0,
        0.0
      ]
    ]
  }
}