{
  "instance": "SYN_SWEEP5_SIZE_L_010",
  "method": "greedy",
  "start_method": "none",
  "time_limit": 60.0,
  "cost": 14732.887,
  "is_feasible": true,
  "unmet": {},
  "overprod": {
    "P1": 1,
    "P4": 1,
    "P13": 2,
    "P16": 1,
    "P20": 1
  },
  "elapsed_sec": 0.43,
  "active": {
    "S37": [
      [
        "PAT_0328",
        1,
        2577.3037
      ],
      [
        "PAT_0328",
        1,
        3758.107
      ],
      [
        "PAT_0328",
        1,
        4938.9103
      ]
    ],
    "S8": [
      [
        "PAT_0087",
        0,
        0.0
      ],
      [
        "PAT_0087",
        0,
        1881.6941
      ],
      [
        "PAT_0087",
        0,
        3763.3882
      ],
      [
        "PAT_0804",
        1,
        5876.4804
      ]
    ],
    "S56": [
      [
        "PAT_0235",
        0,
        2742.5061
      ],
      [
        "PAT_0235",
        0,
        5439.0144
      ]
    ],
    "S47": [
      [
        "PAT_0019",
        0,
        1556.1479
      ],
      [
        "PAT_0019",
        0,
        3437.8419999999996
      ],
      [
        "PAT_0019",
        0,
        5319.536099999999
      ],
      [
        "PAT_0019",
        0,
        7201.230199999999
      ]
    ],
    "S64": [
      [
        "PAT_0204",
        0,
        0.0
      ],
      [
        "PAT_0204",
        0,
        3514.9735
      ],
      [
        "PAT_0050",
        1,
        7029.947
      ]
    ],
    "S60": [
      [
        "PAT_0106",
        0,
        3441.0155
      ]
    ],
    "S73": [
      [
        "PAT_0210",
        1,
        1216.6096
      ],
      [
        "PAT_0210",
        1,
        3913.1179
      ],
      [
        "PAT_0210",
        1,
        6609.626200000001
      ]
    ],
    "S49": [
      [
        "PAT_0201",
        0,
        1961.7257
      ],
      [
        "PAT_0201",
        0,
        5476.6992
      ]
    ],
    "S21": [
      [
        "PAT_0340",
        0,
        2802.0795
      ],
      [
        "PAT_0296",
        1,
        6081.1891
      ]
    ],
    "S33": [
      [
        "PAT_0214",
        0,
        703.3704
      ],
      [
        "PAT_0214",
        0,
        3399.8787
      ]
    ],
    "S36": [
      [
        "PAT_0128",
        0,
        0.0
      ]
    ],
    "S4": [
      [
        "PAT_0132",
        0,
        0.0
      ],
      [
        "PAT_0132",
        0,
        4374.6501
      ]
    ],
    "S19": [
      [
        "PAT_0165",
        0,
        0.0
      ],
      [
        "PAT_0165",
        0,
        4374.6501
      ]
    ],
    "S35": [
      [
        "PAT_0337",
        0,
        1782.4525
      ]
    ],
    "S68": [
      [
        "PAT_0214",
        0,
        0.0
      ],
      [
        "PAT_0799",
        0,
        2696.5083
      ]
    ],
    "S82": [
      [
        "PAT_0096",
        0,
        0.0
      ],
      [
        "PAT_0096",
        0,
        3819.932
      ]
    ],
    "S77": [
      [
        "PAT_0096",
        0,
        1571.9035
      ],
      [
        "PAT_0096",
        0,
        5391.835499999999
      ]
    ],
    "S62": [
      [
        "PAT_0155",
        0,
        850.8761
      ]
    ],
    "S27": [
      [
        "PAT_0136",
        0,
        0.0
      ],
      [
        "PAT_0136",
        0,
        4374.6501
      ]
    ],
    "S23": [
      [
        "PAT_0136",
        0,
        2966.677
      ]
    ],
    "S22": [
      [
        "PAT_0095",
        0,
        2520.2935
      ]
    ],
    "S20": [
      [
        "PAT_0589",
        0,
        2372.4192
      ]
    ],
    "S2": [
      [
        "PAT_0665",
        0,
        0.0
      ],
      [
        "PAT_0444",
        1,
        4335.3058
      ]
    ],
    "S29": [
      [
        "PAT_0359",
        0,
        0.0
      ]
    ]
  }
}