{
  "instance": "SYN_SWEEP5_SIZE_XL_004",
  "method": "GRASP_SA",
  "start_method": "none",
  "time_limit": 60.0,
  "cost": 37325.5377,
  "is_feasible": false,
  "unmet": {
    "P21": 6
  },
  "overprod": {
    "P11": 2,
    "P12": 1,
    "P19": 2,
    "P20": 2,
    "P24": 1,
    "P25": 3,
    "P30": 4
  },
  "elapsed_sec": 35.97,
  "active": {
    "S129": [
      [
        "PAT_1982",
        0,
        693.5866
      ],
      [
        "PAT_1982",
        0,
        1493.5866
      ],
      [
        "PAT_1982",
        0,
        2293.5866
      ],
      [
        "PAT_1982",
        0,
        3093.5866
      ],
      [
        "PAT_1982",
        0,
        3893.5866
      ]
    ],
    "S21": [
      [
        "PAT_0287",
        0,
        0.0
      ],
      [
        "PAT_0287",
        0,
        2587.1154
      ]
    ],
    "S56": [
      [
        "PAT_1691",
        0,
        591.255
      ],
      [
        "PAT_1691",
        0,
        3408.4383000000003
      ]
    ],
    "S96": [
      [
        "PAT_2039",
        0,
        1174.3605
      ]
    ],
    "S29": [
      [
        "PAT_0760",
        0,
        0.0
      ],
      [
        "PAT_0760",
        0,
        1548.7174
      ],
      [
        "PAT_0760",
        0,
        3097.4348
      ],
      [
        "PAT_2015",
        2,
        4646.1522
      ]
    ],
    "S95": [
      [
        "PAT_1368",
        0,
        0.0
      ],
      [
        "PAT_1368",
        0,
        2817.1833
      ]
    ],
    "S26": [
      [
        "PAT_0477",
        0,
        2827.7827
      ]
    ],
    "S42": [
      [
        "PAT_0031",
        0,
        2446.9542
      ]
    ],
    "S32": [
      [
        "PAT_1921",
        1,
        2718.378
      ],
      [
        "PAT_1921",
        1,
        3518.378
      ],
      [
        "PAT_1921",
        1,
        4318.378000000001
      ]
    ],
    "S4": [
      [
        "PAT_2099",
        0,
        0.0
      ],
      [
        "PAT_2099",
        0,
        2454.0144
      ],
      [
        "PAT_0816",
        0,
        4908.0288
      ]
    ],
    "S86": [
      [
        "PAT_0789",
        0,
        0.0
      ],
      [
        "PAT_0758",
        0,
        3762.3521
      ],
      [
        "PAT_1939",
        0,
        5311.0695
      ]
    ],
    "S74": [
      [
        "PAT_1902",
        1,
        1567.2854
      ]
    ],
    "S60": [
      [
        "PAT_0063",
        0,
        1933.2893
      ]
    ],
    "S64": [
      [
        "PAT_0815",
        0,
        2401.3277
      ],
      [
        "PAT_0815",
        0,
        4101.7739
      ]
    ],
    "S90": [
      [
        "PAT_0040",
        0,
        1118.4138
      ]
    ],
    "S105": [
      [
        "PAT_1319",
        0,
        2444.9976
      ]
    ],
    "S99": [
      [
        "PAT_2084",
        0,
        2011.1472
      ]
    ],
    "S49": [
      [
        "PAT_2020",
        0,
        3422.192
      ]
    ],
    "S133": [
      [
        "PAT_2018",
        0,
        1514.327
      ],
      [
        "PAT_2018",
        0,
        4080.0152
      ]
    ],
    "S19": [
      [
        "PAT_0052",
        0,
        0.0
      ],
      [
        "PAT_1321",
        0,
        3543.2005
      ]
    ],
    "S134": [
      [
        "PAT_2024",
        0,
        3201.9554
      ]
    ],
    "S73": [
      [
        "PAT_2024",
        0,
        884.8474
      ]
    ],
    "S118": [
      [
        "PAT_0014",
        0,
        0.0
      ],
      [
        "PAT_0014",
        0,
        3191.8068
      ]
    ],
    "S131": [
      [
        "PAT_1908",
        0,
        0.0
      ],
      [
        "PAT_0813",
        0,
        3728.6665
      ]
    ],
    "S112": [
      [
        "PAT_0007",
        0,
        1797.9644
      ]
    ],
    "S126": [
      [
        "PAT_0714",
        0,
        0.0
      ]
    ],
    "S59": [
      [
        "PAT_0015",
        0,
        1635.71
      ]
    ],
    "S78": [
      [
        "PAT_0713",
        0,
        0.0
      ]
    ],
    "S40": [
      [
        "PAT_0728",
        0,
        0.0
      ]
    ],
    "S110": [
      [
        "PAT_0007",
        0,
        1568.0331
      ]
    ],
    "S104": [
      [
        "PAT_0007",
        0,
        0.0
      ]
    ],
    "S127": [
      [
        "PAT_0850",
        0,
        2314.3367
      ]
    ],
    "S33": [
      [
        "PAT_0018",
        0,
        2699.1355
      ]
    ],
    "S55": [
      [
        "PAT_0722",
        0,
        446.0864
      ]
    ],
    "S69": [
      [
        "PAT_0796",
        0,
        774.4628
      ]
    ],
    "S35": [
      [
        "PAT_0044",
        0,
        0.0
      ]
    ],
    "S132": [
      [
        "PAT_0017",
        0,
        2399.4869
      ]
    ],
    "S9": [
      [
        "PAT_0017",
        0,
        0.0
      ]
    ],
    "S81": [
      [
        "PAT_0002",
        0,
        1701.0592
      ]
    ],
    "S93": [
      [
        "PAT_0002",
        0,
        0.0
      ]
    ],
    "S140": [
      [
        "PAT_0014",
        0,
        2050.3472
      ]
    ],
    "S58": [
      [
        "PAT_0017",
        0,
        537.5072
      ],
      [
        "PAT_0104",
        1,
        3729.314
      ]
    ],
    "S102": [
      [
        "PAT_0002",
        0,
        0.0
      ]
    ],
    "S98": [
      [
        "PAT_0002",
        0,
        2399.3491
      ]
    ],
    "S45": [
      [
        "PAT_0002",
        0,
        852.9284
      ]
    ],
    "S106": [
      [
        "PAT_0011",
        0,
        1526.9823
      ]
    ],
    "S5": [
      [
        "PAT_0002",
        0,
        2392.584
      ]
    ],
    "S122": [
      [
        "PAT_0011",
        0,
        2774.7937
      ]
    ],
    "S50": [
      [
        "PAT_0718",
        0,
        0.0
      ]
    ],
    "S97": [
      [
        "PAT_0718",
        0,
        1053.1206
      ]
    ],
    "S39": [
      [
        "PAT_0718",
        0,
        0.0
      ]
    ],
    "S121": [
      [
        "PAT_2093",
        0,
        0.0
      ]
    ],
    "S16": [
      [
        "PAT_2016",
        0,
        0.0
      ]
    ],
    "S36": [
      [
        "PAT_0022",
        0,
        0.0
      ]
    ],
    "S13": [
      [
        "PAT_0005",
        0,
        0.0
      ]
    ],
    "S77": [
      [
        "PAT_0010",
        0,
        0.0
      ]
    ],
    "S113": [
      [
        "PAT_0010",
        0,
        0.0
      ]
    ],
    "S142": [
      [
        "PAT_0010",
        0,
        2518.4296
      ]
    ],
    "S80": [
      [
        "PAT_0010",
        0,
        0.0
      ]
    ],
    "S54": [
      [
        "PAT_0010",
        0,
        885.7502
      ]
    ],
    "S38": [
      [
        "PAT_0010",
        0,
        0.0
      ]
    ],
    "S37": [
      [
        "PAT_0778",
        0,
        0.0
      ]
    ],
    "S103": [
      [
        "PAT_1904",
        0,
        0.0
      ]
    ],
    "S89": [
      [
        "PAT_1904",
        0,
        0.0
      ]
    ],
    "S62": [
      [
        "PAT_1904",
        0,
        1776.4272
      ]
    ],
    "S65": [
      [
        "PAT_0778",
        0,
        0.0
      ]
    ],
    "S61": [
      [
        "PAT_0778",
        0,
        2109.7312
      ]
    ],