{
  "instance": "SYN_SWEEP5_SIZE_L_000",
  "method": "VNS_SA",
  "start_method": "greedy",
  "time_limit": 60.0,
  "cost": 16468.5398,
  "is_feasible": true,
  "unmet": {},
  "overprod": {
    "P7": 4,
    "P8": 1,
    "P9": 1,
    "P14": 3
  },
  "elapsed_sec": 60.19,
  "active": {
    "S16": [
      [
        "PAT_0622",
        0,
        0.0
      ],
      [
        "PAT_0622",
        0,
        2767.4626
      ]
    ],
    "S13": [
      [
        "PAT_9715",
        0,
        1951.7794000000004
      ],
      [
        "PAT_9715",
        0,
        4238.7065
      ]
    ],
    "S68": [
      [
        "PAT_7325",
        0,
        0.0
      ],
      [
        "PAT_0635",
        0,
        2055.7929999999997
      ],
      [
        "PAT_0635",
        0,
        4328.356
      ]
    ],
    "S59": [
      [
        "PAT_0641",
        0,
        0.0
      ],
      [
        "PAT_0004",
        0,
        3194.5998
      ]
    ],
    "S1": [
      [
        "PAT_0640",
        0,
        0.0
      ],
      [
        "PAT_0639",
        1,
        4137.826
      ]
    ],
    "S63": [
      [
        "PAT_0665",
        0,
        515.2382
      ],
      [
        "PAT_0266",
        0,
        1995.781
      ]
    ],
    "S29": [
      [
        "PAT_9650",
        0,
        0.0
      ],
      [
        "PAT_0640",
        0,
        2733.8781
      ]
    ],
    "S4": [
      [
        "PAT_0524",
        0,
        0.0
      ],
      [
        "PAT_4908",
        1,
        4320.5892
      ]
    ],
    "S27": [
      [
        "PAT_0144",
        0,
        2442.326
      ]
    ],
    "S48": [
      [
        "PAT_2744",
        0,
        0.0
      ],
      [
        "PAT_4269",
        1,
        2514.528
      ],
      [
        "PAT_0636",
        0,
        3995.0707999999995
      ]
    ],
    "S30": [
      [
        "PAT_0714",
        0,
        757.9423
      ],
      [
        "PAT_0714",
        0,
        2238.4851
      ]
    ],
    "S60": [
      [
        "PAT_0558",
        0,
        0.0
      ]
    ],
    "S62": [
      [
        "PAT_9707",
        0,
        0.0
      ],
      [
        "PAT_0705",
        1,
        3189.4583
      ]
    ],
    "S19": [
      [
        "PAT_9875",
        0,
        0.0
      ],
      [
        "PAT_9875",
        0,
        2286.9271
      ],
      [
        "PAT_9824",
        1,
        4573.8542
      ]
    ],
    "S43": [
      [
        "PAT_9913",
        0,
        0.0
      ],
      [
        "PAT_0641",
        0,
        2286.9271
      ],
      [
        "PAT_7659",
        0,
        4559.4901
      ]
    ],
    "S55": [
      [
        "PAT_3588",
        0,
        0.0
      ],
      [
        "PAT_0646",
        0,
        1480.5428
      ],
      [
        "PAT_0715",
        1,
        3437.2222
      ]
    ],
    "S14": [
      [
        "PAT_4730",
        0,
        0.0
      ],
      [
        "PAT_10014",
        0,
        2295.8541
      ]
    ],
    "S26": [
      [
        "PAT_2705",
        0,
        0.0
      ],
      [
        "PAT_0330",
        0,
        1480.5428
      ],
      [
        "PAT_3617",
        1,
        5069.6709
      ]
    ],
    "S38": [
      [
        "PAT_4507",
        0,
        0.0
      ],
      [
        "PAT_4972",
        0,
        1480.5428
      ],
      [
        "PAT_8038",
        1,
        2961.0856
      ]
    ],
    "S21": [
      [
        "PAT_1092",
        0,
        0.0
      ],
      [
        "PAT_7742",
        0,
        2174.5724
      ],
      [
        "PAT_2697",
        0,
        3655.1152
      ]
    ],
    "S15": [
      [
        "PAT_0240",
        0,
        0.0
      ],
      [
        "PAT_9753",
        0,
        3589.1281
      ]
    ],
    "S34": [
      [
        "PAT_0524",
        0,
        0.0
      ]
    ],
    "S7": [
      [
        "PAT_0034",
        0,
        0.0
      ]
    ],
    "S49": [
      [
        "PAT_0572",
        0,
        0.0
      ],
      [
        "PAT_7560",
        0,
        2767.4626
      ],
      [
        "PAT_0646",
        1,
        4248.0054
      ]
    ],
    "S9": [
      [
        "PAT_0110",
        0,
        0.0
      ],
      [
        "PAT_1161",
        1,
        3589.1281
      ]
    ],
    "S12": [
      [
        "PAT_8070",
        0,
        0.0
      ],
      [
        "PAT_4138",
        1,
        3166.8693
      ]
    ],
    "S52": [
      [
        "PAT_0641",
        0,
        917.865
      ],
      [
        "PAT_0647",
        0,
        3252.0424000000003
      ]
    ],
    "S67": [
      [
        "PAT_0155",
        0,
        0.0
      ],
      [
        "PAT_10055",
        0,
        3589.1281
      ]
    ]
  }
}