{
  "instance": "SYN_SWEEP5_SIZE_L_010",
  "method": "TS",
  "start_method": "greedy",
  "time_limit": 60.0,
  "cost": 14027.8986,
  "is_feasible": true,
  "unmet": {},
  "overprod": {
    "P1": 1,
    "P4": 1,
    "P9": 1,
    "P13": 2,
    "P16": 1
  },
  "elapsed_sec": 60.01,
  "active": {
    "S37": [
      [
        "PAT_0214",
        0,
        0.0
      ],
      [
        "PAT_0328",
        1,
        3411.924700000001
      ],
      [
        "PAT_0328",
        1,
        4592.728000000001
      ],
      [
        "PAT_0328",
        1,
        5773.531300000001
      ]
    ],
    "S8": [
      [
        "PAT_0087",
        0,
        0.0
      ],
      [
        "PAT_0087",
        0,
        1881.6941
      ],
      [
        "PAT_0087",
        0,
        3763.3882
      ]
    ],
    "S47": [
      [
        "PAT_0019",
        0,
        1556.1479
      ],
      [
        "PAT_0019",
        0,
        3437.8419999999996
      ],
      [
        "PAT_0019",
        0,
        5319.536099999999
      ],
      [
        "PAT_0019",
        0,
        7201.230199999999
      ]
    ],
    "S60": [
      [
        "PAT_0337",
        0,
        0.0
      ],
      [
        "PAT_0106",
        0,
        3441.0155
      ]
    ],
    "S73": [
      [
        "PAT_0210",
        1,
        1216.6096
      ],
      [
        "PAT_0210",
        1,
        3913.1179
      ],
      [
        "PAT_0210",
        1,
        6609.626200000001
      ]
    ],
    "S49": [
      [
        "PAT_0201",
        0,
        2822.0144
      ],
      [
        "PAT_0201",
        0,
        6336.9879
      ]
    ],
    "S21": [
      [
        "PAT_0050",
        0,
        2802.0795
      ],
      [
        "PAT_0340",
        0,
        4722.9267
      ]
    ],
    "S33": [
      [
        "PAT_0214",
        0,
        703.3704
      ],
      [
        "PAT_0214",
        0,
        3399.8787
      ],
      [
        "PAT_0296",
        1,
        6096.387000000001
      ]
    ],
    "S36": [
      [
        "PAT_0128",
        0,
        0.0
      ]
    ],
    "S4": [
      [
        "PAT_0132",
        0,
        0.0
      ],
      [
        "PAT_0132",
        0,
        4374.6501
      ]
    ],
    "S19": [
      [
        "PAT_0165",
        0,
        0.0
      ],
      [
        "PAT_0165",
        0,
        4374.6501
      ]
    ],
    "S82": [
      [
        "PAT_0096",
        0,
        0.0
      ],
      [
        "PAT_0096",
        0,
        3819.932
      ]
    ],
    "S77": [
      [
        "PAT_0096",
        0,
        1571.9035
      ],
      [
        "PAT_0096",
        0,
        5391.835499999999
      ]
    ],
    "S62": [
      [
        "PAT_0155",
        0,
        850.8761
      ]
    ],
    "S27": [
      [
        "PAT_0136",
        0,
        0.0
      ],
      [
        "PAT_0136",
        0,
        4374.6501
      ]
    ],
    "S29": [
      [
        "PAT_0441",
        0,
        0.0
      ]
    ],
    "S2": [
      [
        "PAT_0603",
        0,
        0.0
      ],
      [
        "PAT_0444",
        1,
        4335.3058
      ]
    ],
    "S42": [
      [
        "PAT_0095",
        0,
        0.0
      ],
      [
        "PAT_0539",
        0,
        3979.2826000000005
      ]
    ],
    "S64": [
      [
        "PAT_0204",
        0,
        0.0
      ],
      [
        "PAT_0204",
        0,
        3514.9735
      ],
      [
        "PAT_0805",
        0,
        7029.947
      ]
    ],
    "S23": [
      [
        "PAT_0136",
        0,
        2966.677
      ]
    ],
    "S56": [
      [
        "PAT_0799",
        0,
        0.0
      ],
      [
        "PAT_0235",
        0,
        2742.5061
      ],
      [
        "PAT_0235",
        0,
        5439.0144
      ]
    ]
  }
}