{
  "instance": "SYN_SWEEP5_SIZE_XL_025",
  "method": "SD",
  "start_method": "multistart",
  "time_limit": 60.0,
  "cost": 25584.1988,
  "is_feasible": true,
  "unmet": {},
  "overprod": {
    "P9": 1,
    "P13": 5,
    "P14": 3,
    "P16": 1,
    "P17": 1
  },
  "elapsed_sec": 60.04,
  "active": {
    "S46": [
      [
        "PAT_0453",
        0,
        2003.0814
      ],
      [
        "PAT_0453",
        0,
        3413.5231000000003
      ],
      [
        "PAT_0453",
        0,
        4823.964800000001
      ],
      [
        "PAT_0453",
        0,
        6234.406500000001
      ],
      [
        "PAT_0453",
        0,
        7644.848200000001
      ]
    ],
    "S109": [
      [
        "PAT_0153",
        0,
        0.0
      ],
      [
        "PAT_0425",
        1,
        4920.8144
      ]
    ],
    "S48": [
      [
        "PAT_1202",
        0,
        0.0
      ],
      [
        "PAT_1202",
        0,
        3284.229
      ],
      [
        "PAT_0401",
        0,
        6568.458
      ]
    ],
    "S42": [
      [
        "PAT_0069",
        0,
        0.0
      ],
      [
        "PAT_0069",
        0,
        3156.427
      ],
      [
        "PAT_0408",
        1,
        6312.854
      ]
    ],
    "S55": [
      [
        "PAT_0082",
        0,
        0.0
      ],
      [
        "PAT_0082",
        0,
        3156.427
      ],
      [
        "PAT_0407",
        0,
        6312.854
      ]
    ],
    "S3": [
      [
        "PAT_0418",
        0,
        0.0
      ],
      [
        "PAT_0418",
        0,
        1410.4417
      ],
      [
        "PAT_0418",
        0,
        2820.8834
      ],
      [
        "PAT_0418",
        1,
        5984.3729
      ]
    ],
    "S105": [
      [
        "PAT_1226",
        0,
        0.0
      ],
      [
        "PAT_1226",
        0,
        3284.229
      ]
    ],
    "S113": [
      [
        "PAT_1226",
        0,
        0.0
      ],
      [
        "PAT_1226",
        0,
        3284.229
      ],
      [
        "PAT_0409",
        1,
        6568.458
      ],
      [
        "PAT_0409",
        1,
        7978.8997
      ]
    ],
    "S6": [
      [
        "PAT_0100",
        0,
        1617.6118
      ],
      [
        "PAT_0409",
        1,
        7282.0638
      ]
    ],
    "S54": [
      [
        "PAT_1240",
        0,
        0.0
      ],
      [
        "PAT_1209",
        0,
        3284.229
      ]
    ],
    "S63": [
      [
        "PAT_0130",
        0,
        0.0
      ],
      [
        "PAT_0498",
        0,
        4886.7837
      ]
    ],
    "S98": [
      [
        "PAT_0158",
        0,
        0.0
      ],
      [
        "PAT_0158",
        0,
        2901.4284
      ]
    ],
    "S1": [
      [
        "PAT_0212",
        0,
        572.786
      ],
      [
        "PAT_0212",
        0,
        3474.2144
      ]
    ],
    "S124": [
      [
        "PAT_0158",
        0,
        0.0
      ],
      [
        "PAT_0397",
        0,
        2901.4284
      ]
    ],
    "S21": [
      [
        "PAT_0045",
        0,
        0.0
      ],
      [
        "PAT_0007",
        0,
        3156.427
      ]
    ],
    "S119": [
      [
        "PAT_0008",
        0,
        0.0
      ],
      [
        "PAT_0008",
        0,
        3156.427
      ]
    ],
    "S94": [
      [
        "PAT_0051",
        0,
        0.0
      ],
      [
        "PAT_0051",
        0,
        3156.427
      ]
    ],
    "S87": [
      [
        "PAT_0051",
        0,
        0.0
      ],
      [
        "PAT_0051",
        0,
        3156.427
      ]
    ],
    "S57": [
      [
        "PAT_0137",
        0,
        0.0
      ]
    ],
    "S107": [
      [
        "PAT_0137",
        0,
        1227.1111
      ]
    ],
    "S49": [
      [
        "PAT_0135",
        0,
        0.0
      ],
      [
        "PAT_0372",
        0,
        4886.7837
      ]
    ],
    "S30": [
      [
        "PAT_0091",
        0,
        1915.8678
      ]
    ],
    "S138": [
      [
        "PAT_0137",
        0,
        0.0
      ],
      [
        "PAT_0178",
        1,
        5407.3944
      ]
    ],
    "S82": [
      [
        "PAT_0108",
        0,
        1657.5764
      ]
    ],
    "S56": [
      [
        "PAT_0086",
        0,
        876.4581
      ]
    ],
    "S90": [
      [
        "PAT_0086",
        0,
        0.0
      ]
    ],
    "S89": [
      [
        "PAT_0134",
        0,
        0.0
      ]
    ],
    "S65": [
      [
        "PAT_0134",
        0,
        0.0
      ]
    ],
    "S71": [
      [
        "PAT_0086",
        0,
        0.0
      ]
    ],
    "S16": [
      [
        "PAT_0944",
        0,
        724.5322
      ]
    ],
    "S43": [
      [
        "PAT_0383",
        0,
        1062.2658
      ],
      [
        "PAT_0383",
        0,
        3963.6942
      ]
    ],
    "S111": [
      [
        "PAT_1067",
        0,
        0.0
      ],
      [
        "PAT_1067",
        0,
        4106.3857
      ]
    ],
    "S91": [
      [
        "PAT_0228",
        0,
        631.1409
      ],
      [
        "PAT_0228",
        0,
        3532.5692999999997
      ]
    ],
    "S22": [
      [
        "PAT_0885",
        0,
        0.0
      ],
      [
        "PAT_0885",
        0,
        4106.3857
      ]
    ],
    "S86": [
      [
        "PAT_0162",
        0,
        1448.2131
      ],
      [
        "PAT_0162",
        0,
        4349.6415
      ]
    ],
    "S45": [
      [
        "PAT_0480",
        0,
        2352.7609
      ]
    ],
    "S96": [
      [
        "PAT_0304",
        0,
        0.0
      ],
      [
        "PAT_0829",
        0,
        3814.9239
      ]
    ],
    "S14": [
      [
        "PAT_0840",
        0,
        0.0
      ]
    ],
    "S118": [
      [
        "PAT_0512",
        0,
        1496.9369
      ]
    ],
    "S7": [
      [
        "PAT_0512",
        0,
        0.0
      ],
      [
        "PAT_0140",
        0,
        4106.3857
      ]
    ],
    "S66": [
      [
        "PAT_0401",
        0,
        0.0
      ],
      [
        "PAT_0418",
        1,
        5105.2779
      ],
      [
        "PAT_0400",
        1,
        6515.7196
      ]
    ]
  }
}