{
  "instance": "SYN_SWEEP5_SIZE_L_010",
  "method": "VNS_SA",
  "start_method": "greedy",
  "time_limit": 60.0,
  "cost": 13766.0991,
  "is_feasible": true,
  "unmet": {},
  "overprod": {
    "P8": 1,
    "P9": 1,
    "P17": 1,
    "P18": 1
  },
  "elapsed_sec": 13.07,
  "active": {
    "S56": [
      [
        "PAT_0019",
        0,
        0.0
      ],
      [
        "PAT_0235",
        0,
        2742.5061
      ],
      [
        "PAT_0235",
        0,
        5439.0144
      ]
    ],
    "S64": [
      [
        "PAT_0334",
        0,
        0.0
      ],
      [
        "PAT_0331",
        0,
        1180.8033
      ],
      [
        "PAT_0204",
        0,
        2671.765299999999
      ],
      [
        "PAT_0204",
        0,
        6186.738799999999
      ]
    ],
    "S73": [
      [
        "PAT_0197",
        0,
        0.0
      ],
      [
        "PAT_0210",
        1,
        4358.962700000002
      ],
      [
        "PAT_0210",
        1,
        7055.471000000001
      ]
    ],
    "S19": [
      [
        "PAT_0136",
        0,
        0.0
      ],
      [
        "PAT_0169",
        0,
        4534.9307
      ]
    ],
    "S37": [
      [
        "PAT_0253",
        0,
        0.0
      ],
      [
        "PAT_0210",
        0,
        3383.2422
      ]
    ],
    "S27": [
      [
        "PAT_0110",
        0,
        0.0
      ],
      [
        "PAT_0132",
        0,
        3819.932
      ]
    ],
    "S72": [
      [
        "PAT_0112",
        0,
        1042.1212
      ],
      [
        "PAT_0337",
        0,
        4862.0532
      ]
    ],
    "S47": [
      [
        "PAT_0058",
        0,
        0.0
      ],
      [
        "PAT_0058",
        0,
        1881.6941
      ],
      [
        "PAT_0155",
        0,
        3763.3882
      ]
    ],
    "S24": [
      [
        "PAT_0112",
        0,
        1781.2024
      ]
    ],
    "S67": [
      [
        "PAT_0155",
        0,
        0.0
      ],
      [
        "PAT_0109",
        2,
        5441.2256
      ]
    ],
    "S49": [
      [
        "PAT_0333",
        0,
        0.0
      ],
      [
        "PAT_0113",
        0,
        1657.3793000000005
      ],
      [
        "PAT_0154",
        0,
        5477.3113
      ]
    ],
    "S8": [
      [
        "PAT_0773",
        0,
        0.0
      ],
      [
        "PAT_0019",
        1,
        5876.4804
      ]
    ],
    "S25": [
      [
        "PAT_0214",
        0,
        0.0
      ],
      [
        "PAT_0214",
        1,
        3595.9347
      ],
      [
        "PAT_0801",
        2,
        6292.442999999999
      ]
    ],
    "S18": [
      [
        "PAT_0199",
        0,
        1861.1617
      ]
    ],
    "S61": [
      [
        "PAT_0043",
        0,
        0.0
      ],
      [
        "PAT_0444",
        0,
        2383.9542
      ]
    ],
    "S60": [
      [
        "PAT_0091",
        0,
        0.0
      ],
      [
        "PAT_0093",
        1,
        3441.0155
      ],
      [
        "PAT_0803",
        1,
        5322.7096
      ]
    ],
    "S2": [
      [
        "PAT_0692",
        0,
        0.0
      ],
      [
        "PAT_0127",
        1,
        4335.3058
      ]
    ],
    "S21": [
      [
        "PAT_0065",
        0,
        2802.0795
      ],
      [
        "PAT_0340",
        0,
        4683.7735999999995
      ]
    ],
    "S44": [
      [
        "PAT_0399",
        0,
        0.0
      ],
      [
        "PAT_0165",
        0,
        4335.3058
      ]
    ]
  }
}