{
  "instance": "SYN_SWEEP5_SIZE_L_001",
  "method": "ILS_SA",
  "start_method": "multistart",
  "time_limit": 60.0,
  "cost": 18406.5534,
  "is_feasible": true,
  "unmet": {},
  "overprod": {
    "P22": 1,
    "P23": 1,
    "P26": 1,
    "P27": 2
  },
  "elapsed_sec": 60.06,
  "active": {
    "S68": [
      [
        "PAT_3150",
        0,
        2451.4772
      ],
      [
        "PAT_3150",
        0,
        4801.215399999999
      ]
    ],
    "S24": [
      [
        "PAT_3623",
        0,
        0.0
      ],
      [
        "PAT_3623",
        0,
        2949.2809
      ]
    ],
    "S78": [
      [
        "PAT_2383",
        0,
        0.0
      ],
      [
        "PAT_2383",
        0,
        3803.4146
      ]
    ],
    "S27": [
      [
        "PAT_3154",
        0,
        0.0
      ],
      [
        "PAT_5674",
        0,
        2033.6260000000002
      ],
      [
        "PAT_5674",
        0,
        4553.5949
      ]
    ],
    "S81": [
      [
        "PAT_0053",
        0,
        0.0
      ],
      [
        "PAT_5817",
        0,
        2464.1753999999996
      ],
      [
        "PAT_5817",
        0,
        5104.215099999999
      ]
    ],
    "S44": [
      [
        "PAT_3169",
        0,
        1120.5522
      ],
      [
        "PAT_5673",
        1,
        3002.2042
      ]
    ],
    "S58": [
      [
        "PAT_5832",
        0,
        1353.5019
      ],
      [
        "PAT_5832",
        0,
        3993.5415999999996
      ]
    ],
    "S5": [
      [
        "PAT_0049",
        0,
        0.0
      ],
      [
        "PAT_0276",
        0,
        3724.3268
      ]
    ],
    "S13": [
      [
        "PAT_2314",
        0,
        0.0
      ],
      [
        "PAT_4613",
        0,
        2462.4922
      ]
    ],
    "S74": [
      [
        "PAT_2462",
        0,
        0.0
      ],
      [
        "PAT_2462",
        0,
        3803.4146
      ]
    ],
    "S2": [
      [
        "PAT_3995",
        0,
        0.0
      ],
      [
        "PAT_1945",
        0,
        4395.4249
      ]
    ],
    "S22": [
      [
        "PAT_4896",
        0,
        0.0
      ]
    ],
    "S28": [
      [
        "PAT_2345",
        0,
        1990.1863
      ],
      [
        "PAT_2345",
        0,
        4452.6785
      ]
    ],
    "S56": [
      [
        "PAT_3364",
        0,
        1575.1553
      ],
      [
        "PAT_3364",
        0,
        4524.4362
      ]
    ],
    "S37": [
      [
        "PAT_3164",
        0,
        0.0
      ],
      [
        "PAT_0077",
        0,
        1881.652
      ],
      [
        "PAT_3074",
        0,
        4344.144200000001
      ]
    ],
    "S72": [
      [
        "PAT_0171",
        0,
        0.0
      ],
      [
        "PAT_2549",
        0,
        2462.4922
      ],
      [
        "PAT_2549",
        0,
        4812.2304
      ]
    ],
    "S36": [
      [
        "PAT_3696",
        0,
        0.0
      ],
      [
        "PAT_0985",
        0,
        2949.2809
      ]
    ],
    "S10": [
      [
        "PAT_5510",
        0,
        0.0
      ],
      [
        "PAT_5510",
        0,
        4395.4249
      ]
    ],
    "S20": [
      [
        "PAT_4687",
        0,
        558.3417
      ]
    ],
    "S7": [
      [
        "PAT_2368",
        0,
        0.0
      ]
    ],
    "S30": [
      [
        "PAT_3999",
        0,
        1733.8167
      ]
    ],
    "S25": [
      [
        "PAT_4149",
        0,
        0.0
      ],
      [
        "PAT_4496",
        0,
        4395.4249
      ]
    ],
    "S8": [
      [
        "PAT_3154",
        0,
        0.0
      ],
      [
        "PAT_5226",
        0,
        1881.652
      ]
    ],
    "S31": [
      [
        "PAT_4431",
        0,
        0.0
      ]
    ],
    "S67": [
      [
        "PAT_3086",
        0,
        0.0
      ],
      [
        "PAT_5279",
        0,
        2349.7382
      ]
    ],
    "S46": [
      [
        "PAT_2883",
        0,
        0.0
      ],
      [
        "PAT_2883",
        0,
        2349.7382
      ],
      [
        "PAT_3154",
        0,
        4699.4764
      ]
    ],
    "S40": [
      [
        "PAT_5098",
        0,
        0.0
      ]
    ],
    "S12": [
      [
        "PAT_5406",
        0,
        0.0
      ]
    ],
    "S18": [
      [
        "PAT_5683",
        0,
        0.0
      ],
      [
        "PAT_4005",
        0,
        2519.9689
      ]
    ],
    "S9": [
      [
        "PAT_4820",
        0,
        0.0
      ]
    ],
    "S45": [
      [
        "PAT_5674",
        0,
        0.0
      ],
      [
        "PAT_5674",
        0,
        2519.9689
      ],
      [
        "PAT_2670",
        0,
        5039.9378
      ]
    ]
  }
}