{
  "instance": "SYN_SWEEP5_SIZE_L_001",
  "method": "SA",
  "start_method": "greedy",
  "time_limit": 60.0,
  "cost": 17070.3227,
  "is_feasible": true,
  "unmet": {},
  "overprod": {
    "P8": 1,
    "P17": 1,
    "P19": 1,
    "P22": 1
  },
  "elapsed_sec": 60.16,
  "active": {
    "S8": [
      [
        "PAT_3150",
        0,
        1193.5585
      ],
      [
        "PAT_3150",
        0,
        3543.2967
      ]
    ],
    "S81": [
      [
        "PAT_2135",
        0,
        0.0
      ],
      [
        "PAT_5816",
        0,
        2464.1753999999996
      ],
      [
        "PAT_5816",
        0,
        5104.215099999999
      ]
    ],
    "S67": [
      [
        "PAT_5004",
        0,
        0.0
      ],
      [
        "PAT_3087",
        0,
        4395.4249
      ]
    ],
    "S42": [
      [
        "PAT_4888",
        0,
        0.0
      ],
      [
        "PAT_1954",
        0,
        4395.4249
      ]
    ],
    "S46": [
      [
        "PAT_2883",
        0,
        0.0
      ],
      [
        "PAT_2883",
        0,
        2349.7382
      ],
      [
        "PAT_3179",
        0,
        4699.4764
      ]
    ],
    "S25": [
      [
        "PAT_4513",
        0,
        0.0
      ],
      [
        "PAT_4242",
        0,
        4395.4249
      ]
    ],
    "S13": [
      [
        "PAT_2352",
        1,
        813.8457
      ],
      [
        "PAT_2509",
        0,
        3396.7662
      ]
    ],
    "S58": [
      [
        "PAT_4255",
        0,
        0.0
      ],
      [
        "PAT_2549",
        0,
        4554.3033000000005
      ]
    ],
    "S63": [
      [
        "PAT_4729",
        0,
        0.0
      ],
      [
        "PAT_3175",
        1,
        5590.962
      ]
    ],
    "S55": [
      [
        "PAT_2501",
        0,
        2748.649
      ]
    ],
    "S5": [
      [
        "PAT_5684",
        0,
        0.0
      ],
      [
        "PAT_5860",
        0,
        3724.3268
      ]
    ],
    "S27": [
      [
        "PAT_0710",
        0,
        0.0
      ],
      [
        "PAT_5393",
        0,
        2462.4922
      ]
    ],
    "S68": [
      [
        "PAT_5675",
        0,
        2451.4772
      ],
      [
        "PAT_0364",
        0,
        4971.446099999999
      ]
    ],
    "S22": [
      [
        "PAT_5548",
        0,
        0.0
      ]
    ],
    "S12": [
      [
        "PAT_5218",
        0,
        0.0
      ]
    ],
    "S43": [
      [
        "PAT_4357",
        0,
        1255.0866
      ]
    ],
    "S7": [
      [
        "PAT_4372",
        0,
        1126.6593
      ]
    ],
    "S18": [
      [
        "PAT_2013",
        0,
        0.0
      ],
      [
        "PAT_4005",
        0,
        2462.4922
      ]
    ],
    "S72": [
      [
        "PAT_0403",
        0,
        0.0
      ],
      [
        "PAT_2549",
        0,
        2462.4922
      ],
      [
        "PAT_2549",
        0,
        4812.2304
      ]
    ],
    "S74": [
      [
        "PAT_3195",
        0,
        0.0
      ],
      [
        "PAT_2461",
        0,
        2949.2809
      ]
    ],
    "S10": [
      [
        "PAT_3903",
        0,
        0.0
      ],
      [
        "PAT_4038",
        0,
        2949.2809
      ]
    ],
    "S24": [
      [
        "PAT_2201",
        0,
        0.0
      ],
      [
        "PAT_5219",
        1,
        2462.4922
      ]
    ],
    "S56": [
      [
        "PAT_3964",
        0,
        1575.1553
      ],
      [
        "PAT_3519",
        0,
        4524.4362
      ]
    ],
    "S28": [
      [
        "PAT_4887",
        0,
        0.0
      ],
      [
        "PAT_3994",
        1,
        4395.4249
      ]
    ],
    "S78": [
      [
        "PAT_3170",
        0,
        0.0
      ],
      [
        "PAT_3170",
        0,
        1881.652
      ],
      [
        "PAT_5675",
        0,
        3763.304
      ],
      [
        "PAT_5675",
        0,
        6283.2729
      ]
    ],
    "S36": [
      [
        "PAT_0928",
        0,
        0.0
      ],
      [
        "PAT_3456",
        0,
        2462.4922
      ]
    ],
    "S37": [
      [
        "PAT_2462",
        0,
        0.0
      ],
      [
        "PAT_5807",
        0,
        3803.4146
      ]
    ]
  }
}