{
  "instance": "SYN_SWEEP5_SIZE_L_001",
  "method": "VNS_SA",
  "start_method": "greedy",
  "time_limit": 60.0,
  "cost": 17557.8839,
  "is_feasible": true,
  "unmet": {},
  "overprod": {
    "P9": 1,
    "P16": 1,
    "P17": 1,
    "P18": 1,
    "P19": 2,
    "P24": 1,
    "P30": 2
  },
  "elapsed_sec": 60.05,
  "active": {
    "S8": [
      [
        "PAT_3150",
        0,
        1193.5585
      ],
      [
        "PAT_3150",
        0,
        3543.2967
      ]
    ],
    "S67": [
      [
        "PAT_5656",
        0,
        0.0
      ],
      [
        "PAT_2549",
        0,
        4403.0563
      ]
    ],
    "S45": [
      [
        "PAT_4496",
        0,
        0.0
      ]
    ],
    "S68": [
      [
        "PAT_5675",
        0,
        2451.4772
      ],
      [
        "PAT_5833",
        0,
        4971.446099999999
      ]
    ],
    "S55": [
      [
        "PAT_2462",
        0,
        2748.649
      ]
    ],
    "S81": [
      [
        "PAT_2266",
        0,
        0.0
      ],
      [
        "PAT_1011",
        0,
        2641.7228999999993
      ],
      [
        "PAT_5919",
        0,
        5104.215099999999
      ]
    ],
    "S63": [
      [
        "PAT_4831",
        0,
        0.0
      ],
      [
        "PAT_3174",
        1,
        5590.962
      ]
    ],
    "S27": [
      [
        "PAT_5510",
        0,
        0.0
      ],
      [
        "PAT_1947",
        0,
        4395.4249
      ]
    ],
    "S10": [
      [
        "PAT_3165",
        0,
        0.0
      ],
      [
        "PAT_2595",
        0,
        1881.652
      ],
      [
        "PAT_4432",
        0,
        4231.3902
      ]
    ],
    "S7": [
      [
        "PAT_4004",
        0,
        1275.3685
      ]
    ],
    "S36": [
      [
        "PAT_5856",
        0,
        0.0
      ],
      [
        "PAT_3504",
        1,
        3936.2861
      ]
    ],
    "S74": [
      [
        "PAT_2494",
        0,
        0.0
      ],
      [
        "PAT_2360",
        0,
        3803.4146
      ]
    ],
    "S6": [
      [
        "PAT_4023",
        0,
        0.0
      ]
    ],
    "S37": [
      [
        "PAT_3155",
        0,
        0.0
      ],
      [
        "PAT_4942",
        0,
        1881.652
      ]
    ],
    "S24": [
      [
        "PAT_0113",
        0,
        0.0
      ],
      [
        "PAT_4039",
        1,
        2462.4922
      ]
    ],
    "S25": [
      [
        "PAT_4281",
        0,
        0.0
      ],
      [
        "PAT_4584",
        0,
        4395.4249
      ]
    ],
    "S58": [
      [
        "PAT_3530",
        0,
        1353.5019
      ],
      [
        "PAT_2249",
        0,
        4302.7828
      ]
    ],
    "S20": [
      [
        "PAT_4695",
        0,
        558.3417
      ]
    ],
    "S56": [
      [
        "PAT_3296",
        0,
        1575.1553
      ],
      [
        "PAT_3598",
        0,
        4524.4362
      ]
    ],
    "S22": [
      [
        "PAT_5029",
        0,
        0.0
      ]
    ],
    "S46": [
      [
        "PAT_2742",
        0,
        0.0
      ],
      [
        "PAT_2742",
        0,
        2349.7382
      ],
      [
        "PAT_3176",
        0,
        4699.4764
      ]
    ],
    "S13": [
      [
        "PAT_0661",
        0,
        0.0
      ],
      [
        "PAT_2384",
        0,
        3396.7662
      ]
    ],
    "S72": [
      [
        "PAT_5685",
        0,
        0.0
      ],
      [
        "PAT_2549",
        0,
        2519.9689
      ],
      [
        "PAT_5675",
        0,
        4869.7071
      ]
    ],
    "S2": [
      [
        "PAT_3756",
        0,
        0.0
      ],
      [
        "PAT_4888",
        0,
        2949.2809
      ]
    ],
    "S80": [
      [
        "PAT_2321",
        0,
        0.0
      ],
      [
        "PAT_0048",
        1,
        3126.1177
      ]
    ],
    "S78": [
      [
        "PAT_5847",
        0,
        0.0
      ],
      [
        "PAT_5675",
        0,
        3633.8285
      ],
      [
        "PAT_2799",
        0,
        6153.7973999999995
      ]
    ],
    "S41": [
      [
        "PAT_5656",
        0,
        1927.6361
      ]
    ],
    "S18": [
      [
        "PAT_2292",
        0,
        0.0
      ],
      [
        "PAT_4193",
        0,
        2462.4922
      ]
    ]
  }
}