{
  "instance": "SYN_SWEEP5_SIZE_L_010",
  "method": "ILS_SA",
  "start_method": "greedy",
  "time_limit": 60.0,
  "cost": 14190.1432,
  "is_feasible": true,
  "unmet": {},
  "overprod": {
    "P4": 1,
    "P6": 4,
    "P16": 1
  },
  "elapsed_sec": 60.02,
  "active": {
    "S56": [
      [
        "PAT_0050",
        0,
        0.0
      ],
      [
        "PAT_0235",
        0,
        2742.5061
      ],
      [
        "PAT_0235",
        0,
        5439.0144
      ]
    ],
    "S47": [
      [
        "PAT_0019",
        0,
        1556.1479
      ],
      [
        "PAT_0019",
        0,
        3437.8419999999996
      ],
      [
        "PAT_0019",
        0,
        5319.536099999999
      ],
      [
        "PAT_0019",
        0,
        7201.230199999999
      ]
    ],
    "S64": [
      [
        "PAT_0204",
        0,
        0.0
      ],
      [
        "PAT_0204",
        0,
        3514.9735
      ]
    ],
    "S73": [
      [
        "PAT_0210",
        1,
        1216.6096
      ],
      [
        "PAT_0210",
        1,
        3913.1179
      ],
      [
        "PAT_0210",
        1,
        6609.626200000001
      ]
    ],
    "S49": [
      [
        "PAT_0201",
        0,
        2822.0144
      ],
      [
        "PAT_0201",
        0,
        6336.9879
      ]
    ],
    "S4": [
      [
        "PAT_0132",
        0,
        0.0
      ],
      [
        "PAT_0132",
        0,
        4374.6501
      ]
    ],
    "S19": [
      [
        "PAT_0165",
        0,
        0.0
      ],
      [
        "PAT_0165",
        0,
        4374.6501
      ]
    ],
    "S82": [
      [
        "PAT_0096",
        0,
        0.0
      ],
      [
        "PAT_0096",
        0,
        3819.932
      ]
    ],
    "S62": [
      [
        "PAT_0155",
        0,
        850.8761
      ]
    ],
    "S27": [
      [
        "PAT_0136",
        0,
        0.0
      ],
      [
        "PAT_0136",
        0,
        4374.6501
      ]
    ],
    "S22": [
      [
        "PAT_0095",
        0,
        2520.2935
      ]
    ],
    "S60": [
      [
        "PAT_0214",
        0,
        0.0
      ],
      [
        "PAT_0106",
        0,
        3441.0155
      ]
    ],
    "S77": [
      [
        "PAT_0096",
        0,
        1571.9035
      ],
      [
        "PAT_0096",
        0,
        5391.835499999999
      ]
    ],
    "S37": [
      [
        "PAT_0310",
        0,
        0.0
      ],
      [
        "PAT_0214",
        0,
        1896.219700000001
      ],
      [
        "PAT_0333",
        1,
        4592.728000000001
      ],
      [
        "PAT_0333",
        1,
        5773.531300000001
      ]
    ],
    "S61": [
      [
        "PAT_0442",
        0,
        0.0
      ],
      [
        "PAT_0671",
        0,
        5335.9161
      ]
    ],
    "S2": [
      [
        "PAT_0474",
        0,
        0.0
      ],
      [
        "PAT_0755",
        1,
        4335.3058
      ]
    ],
    "S68": [
      [
        "PAT_0214",
        0,
        0.0
      ],
      [
        "PAT_0799",
        0,
        2696.5083
      ]
    ],
    "S21": [
      [
        "PAT_0340",
        0,
        2802.0795
      ],
      [
        "PAT_0296",
        1,
        6081.1891
      ]
    ],
    "S8": [
      [
        "PAT_0091",
        0,
        0.0
      ],
      [
        "PAT_0091",
        0,
        1881.6941
      ],
      [
        "PAT_0804",
        0,
        3763.3882
      ],
      [
        "PAT_0002",
        0,
        5965.8271
      ]
    ],
    "S67": [
      [
        "PAT_0128",
        0,
        0.0
      ],
      [
        "PAT_0337",
        1,
        5441.2256
      ]
    ],
    "S33": [
      [
        "PAT_0136",
        0,
        703.3704
      ]
    ]
  }
}