{
  "instance": "SYN_SWEEP5_SIZE_L_010",
  "method": "SA",
  "start_method": "greedy",
  "time_limit": 60.0,
  "cost": 13611.4482,
  "is_feasible": true,
  "unmet": {},
  "overprod": {
    "P1": 2,
    "P4": 1,
    "P6": 4,
    "P10": 1,
    "P17": 1,
    "P20": 2
  },
  "elapsed_sec": 60.03,
  "active": {
    "S73": [
      [
        "PAT_0053",
        0,
        0.0
      ],
      [
        "PAT_0063",
        0,
        1881.6941
      ],
      [
        "PAT_0338",
        1,
        3763.3882
      ],
      [
        "PAT_0252",
        1,
        7042.497799999999
      ]
    ],
    "S8": [
      [
        "PAT_0339",
        0,
        0.0
      ],
      [
        "PAT_0236",
        0,
        3279.1096
      ],
      [
        "PAT_0052",
        0,
        5975.617899999999
      ]
    ],
    "S49": [
      [
        "PAT_0018",
        0,
        0.0
      ],
      [
        "PAT_0192",
        0,
        1961.7257
      ],
      [
        "PAT_0385",
        0,
        5476.6992
      ]
    ],
    "S19": [
      [
        "PAT_0033",
        0,
        0.0
      ],
      [
        "PAT_0774",
        0,
        1881.6941
      ],
      [
        "PAT_0239",
        1,
        6216.9999
      ]
    ],
    "S64": [
      [
        "PAT_0806",
        0,
        0.0
      ],
      [
        "PAT_0320",
        0,
        2202.4389
      ],
      [
        "PAT_0201",
        0,
        3383.2422
      ],
      [
        "PAT_0211",
        1,
        6898.215700000001
      ]
    ],
    "S47": [
      [
        "PAT_0133",
        0,
        0.0
      ],
      [
        "PAT_0150",
        0,
        4374.6501
      ]
    ],
    "S21": [
      [
        "PAT_0117",
        0,
        3982.8828
      ]
    ],
    "S60": [
      [
        "PAT_0209",
        0,
        0.0
      ],
      [
        "PAT_0152",
        0,
        3441.0155
      ]
    ],
    "S70": [
      [
        "PAT_0126",
        0,
        927.5693
      ],
      [
        "PAT_0112",
        2,
        5302.2194
      ]
    ],
    "S56": [
      [
        "PAT_0007",
        0,
        0.0
      ],
      [
        "PAT_0062",
        1,
        2742.5061
      ],
      [
        "PAT_0206",
        0,
        4624.2002
      ]
    ],
    "S61": [
      [
        "PAT_0155",
        0,
        2383.9542
      ]
    ],
    "S2": [
      [
        "PAT_0327",
        0,
        0.0
      ],
      [
        "PAT_0203",
        0,
        1278.8465999999999
      ],
      [
        "PAT_0152",
        1,
        4793.8201
      ]
    ],
    "S27": [
      [
        "PAT_0243",
        0,
        0.0
      ],
      [
        "PAT_0109",
        0,
        2696.5083
      ],
      [
        "PAT_0242",
        0,
        6516.4403
      ]
    ],
    "S4": [
      [
        "PAT_0508",
        0,
        0.0
      ],
      [
        "PAT_0112",
        0,
        4335.3058
      ]
    ],
    "S37": [
      [
        "PAT_0029",
        0,
        0.0
      ],
      [
        "PAT_0143",
        0,
        2577.3037
      ]
    ],
    "S36": [
      [
        "PAT_0327",
        0,
        0.0
      ],
      [
        "PAT_0327",
        0,
        1180.8033
      ],
      [
        "PAT_0255",
        0,
        2361.6066
      ]
    ],
    "S35": [
      [
        "PAT_0131",
        0,
        1782.4525
      ]
    ],
    "S67": [
      [
        "PAT_0692",
        0,
        0.0
      ],
      [
        "PAT_0109",
        2,
        5441.2256
      ]
    ]
  }
}