{
  "instance": "SYN_SWEEP5_SIZE_L_028",
  "method": "SD",
  "start_method": "multistart",
  "time_limit": 60.0,
  "cost": 24043.5199,
  "is_feasible": true,
  "unmet": {},
  "overprod": {
    "P5": 2,
    "P17": 1,
    "P18": 4,
    "P21": 1
  },
  "elapsed_sec": 60.02,
  "active": {
    "S59": [
      [
        "PAT_0396",
        0,
        0.0
      ],
      [
        "PAT_0250",
        0,
        3631.9272
      ]
    ],
    "S54": [
      [
        "PAT_0453",
        0,
        2849.1841
      ],
      [
        "PAT_0453",
        0,
        4539.0248
      ]
    ],
    "S39": [
      [
        "PAT_0215",
        0,
        0.0
      ],
      [
        "PAT_0215",
        0,
        4599.104
      ]
    ],
    "S51": [
      [
        "PAT_0444",
        0,
        1566.9828
      ],
      [
        "PAT_0444",
        0,
        5026.7619
      ]
    ],
    "S63": [
      [
        "PAT_0458",
        0,
        0.0
      ],
      [
        "PAT_0427",
        0,
        4484.266999999998
      ],
      [
        "PAT_0427",
        0,
        7338.301899999999
      ]
    ],
    "S11": [
      [
        "PAT_0273",
        0,
        2050.9994
      ],
      [
        "PAT_0273",
        0,
        5142.2598
      ]
    ],
    "S45": [
      [
        "PAT_0353",
        0,
        0.0
      ],
      [
        "PAT_0353",
        0,
        3091.2604
      ]
    ],
    "S33": [
      [
        "PAT_0196",
        0,
        2371.9302
      ]
    ],
    "S20": [
      [
        "PAT_0883",
        0,
        0.0
      ],
      [
        "PAT_0883",
        0,
        2969.4635
      ]
    ],
    "S55": [
      [
        "PAT_0233",
        0,
        0.0
      ],
      [
        "PAT_0233",
        0,
        2957.9894
      ],
      [
        "PAT_0233",
        0,
        5915.9788
      ]
    ],
    "S7": [
      [
        "PAT_0267",
        0,
        2645.3932
      ],
      [
        "PAT_0267",
        0,
        5736.6536
      ]
    ],
    "S13": [
      [
        "PAT_0884",
        0,
        0.0
      ],
      [
        "PAT_0430",
        1,
        5662.6105
      ]
    ],
    "S52": [
      [
        "PAT_0465",
        0,
        0.0
      ],
      [
        "PAT_0381",
        1,
        5337.1104
      ]
    ],
    "S62": [
      [
        "PAT_0465",
        0,
        0.0
      ],
      [
        "PAT_0242",
        2,
        4718.7607
      ]
    ],
    "S48": [
      [
        "PAT_0476",
        0,
        0.0
      ]
    ],
    "S12": [
      [
        "PAT_0876",
        0,
        0.0
      ],
      [
        "PAT_0473",
        0,
        3831.8754
      ]
    ],
    "S31": [
      [
        "PAT_0384",
        0,
        0.0
      ],
      [
        "PAT_0458",
        0,
        3917.3916
      ]
    ],
    "S26": [
      [
        "PAT_0505",
        0,
        0.0
      ],
      [
        "PAT_0381",
        0,
        5519.496
      ]
    ],
    "S19": [
      [
        "PAT_0380",
        0,
        2383.359
      ]
    ],
    "S2": [
      [
        "PAT_0556",
        0,
        0.0
      ],
      [
        "PAT_0556",
        0,
        3265.8453
      ]
    ],
    "S24": [
      [
        "PAT_0237",
        0,
        0.0
      ],
      [
        "PAT_0237",
        0,
        2957.9894
      ],
      [
        "PAT_0236",
        0,
        5915.9788
      ]
    ],
    "S8": [
      [
        "PAT_0483",
        0,
        0.0
      ],
      [
        "PAT_0483",
        0,
        3265.8453
      ]
    ],
    "S83": [
      [
        "PAT_0237",
        0,
        2352.11
      ],
      [
        "PAT_0237",
        0,
        5310.0994
      ]
    ],
    "S84": [
      [
        "PAT_0430",
        0,
        3617.9363
      ],
      [
        "PAT_0430",
        0,
        6471.9712
      ]
    ],
    "S4": [
      [
        "PAT_0483",
        0,
        0.0
      ],
      [
        "PAT_0429",
        0,
        3265.8453
      ]
    ],
    "S1": [
      [
        "PAT_0237",
        0,
        0.0
      ],
      [
        "PAT_0432",
        0,
        2957.9894
      ]
    ],
    "S85": [
      [
        "PAT_0099",
        0,
        1337.1358
      ],
      [
        "PAT_0099",
        0,
        4659.1361
      ]
    ],
    "S23": [
      [
        "PAT_0648",
        0,
        0.0
      ],
      [
        "PAT_0648",
        0,
        3665.6973
      ]
    ],
    "S79": [
      [
        "PAT_0624",
        0,
        0.0
      ],
      [
        "PAT_0766",
        0,
        3265.8453
      ]
    ],
    "S49": [
      [
        "PAT_0660",
        0,
        0.0
      ],
      [
        "PAT_0503",
        1,
        5485.6363
      ]
    ],
    "S58": [
      [
        "PAT_0504",
        0,
        2638.0615
      ]
    ],
    "S18": [
      [
        "PAT_0786",
        0,
        0.0
      ],
      [
        "PAT_0020",
        1,
        3665.6973
      ]
    ],
    "S41": [
      [
        "PAT_0829",
        0,
        4089.6138
      ]
    ],
    "S53": [
      [
        "PAT_0253",
        0,
        0.0
      ],
      [
        "PAT_0876",
        0,
        5305.4713
      ]
    ],
    "S30": [
      [
        "PAT_0640",
        0,
        0.0
      ],
      [
        "PAT_0640",
        1,
        6053.3311
      ]
    ],
    "S22": [
      [
        "PAT_0640",
        0,
        1901.8879
      ],
      [
        "PAT_0838",
        1,
        5567.5851999999995
      ]
    ],
    "S57": [
      [
        "PAT_0712",
        0,
        0.0
      ],
      [
        "PAT_0835",
        0,
        3665.6973
      ]
    ],
    "S29": [
      [
        "PAT_0640",
        0,
        0.0
      ],
      [
        "PAT_0637",
        0,
        5711.4697
      ]
    ],
    "S80": [
      [
        "PAT_0637",
        0,
        2221.7789
      ]
    ]
  }
}