{
  "instance": "SYN_SWEEP5_SIZE_L_028",
  "method": "TS",
  "start_method": "greedy",
  "time_limit": 60.0,
  "cost": 22908.5147,
  "is_feasible": true,
  "unmet": {},
  "overprod": {
    "P1": 1,
    "P4": 1,
    "P17": 1
  },
  "elapsed_sec": 60.01,
  "active": {
    "S63": [
      [
        "PAT_0469",
        0,
        0.0
      ],
      [
        "PAT_0427",
        0,
        4484.266999999998
      ],
      [
        "PAT_0427",
        0,
        7338.301899999999
      ]
    ],
    "S33": [
      [
        "PAT_0592",
        0,
        0.0
      ],
      [
        "PAT_0196",
        0,
        3443.298
      ]
    ],
    "S55": [
      [
        "PAT_0233",
        0,
        0.0
      ],
      [
        "PAT_0233",
        0,
        2957.9894
      ],
      [
        "PAT_0233",
        0,
        5915.9788
      ]
    ],
    "S52": [
      [
        "PAT_0882",
        0,
        0.0
      ],
      [
        "PAT_0882",
        0,
        2969.4635
      ],
      [
        "PAT_0882",
        0,
        5938.927
      ]
    ],
    "S12": [
      [
        "PAT_0640",
        0,
        0.0
      ],
      [
        "PAT_0458",
        0,
        3831.8754
      ]
    ],
    "S19": [
      [
        "PAT_0640",
        0,
        0.0
      ],
      [
        "PAT_0349",
        0,
        3993.3507
      ]
    ],
    "S35": [
      [
        "PAT_0458",
        0,
        0.0
      ],
      [
        "PAT_0433",
        1,
        6640.2009
      ]
    ],
    "S75": [
      [
        "PAT_0483",
        0,
        0.0
      ],
      [
        "PAT_0483",
        0,
        3265.8453
      ]
    ],
    "S83": [
      [
        "PAT_0430",
        0,
        2352.11
      ],
      [
        "PAT_0430",
        0,
        5206.1449
      ]
    ],
    "S7": [
      [
        "PAT_0237",
        0,
        3529.4766999999997
      ],
      [
        "PAT_0237",
        0,
        6487.4661
      ]
    ],
    "S2": [
      [
        "PAT_0237",
        0,
        0.0
      ],
      [
        "PAT_0237",
        0,
        2957.9894
      ],
      [
        "PAT_0239",
        0,
        5915.9788
      ]
    ],
    "S84": [
      [
        "PAT_0467",
        0,
        0.0
      ],
      [
        "PAT_0637",
        0,
        5994.481900000001
      ]
    ],
    "S60": [
      [
        "PAT_0637",
        0,
        0.0
      ],
      [
        "PAT_0503",
        0,
        3665.6973
      ]
    ],
    "S29": [
      [
        "PAT_0640",
        0,
        0.0
      ],
      [
        "PAT_0637",
        0,
        5711.4697
      ]
    ],
    "S45": [
      [
        "PAT_0262",
        0,
        0.0
      ],
      [
        "PAT_0262",
        0,
        3091.2604
      ]
    ],
    "S44": [
      [
        "PAT_0473",
        0,
        857.9745
      ],
      [
        "PAT_0430",
        1,
        4930.7605
      ]
    ],
    "S51": [
      [
        "PAT_0411",
        0,
        1566.9828
      ],
      [
        "PAT_0411",
        0,
        5198.91
      ]
    ],
    "S54": [
      [
        "PAT_0283",
        0,
        1523.6736
      ],
      [
        "PAT_0283",
        0,
        4614.934
      ]
    ],
    "S48": [
      [
        "PAT_0469",
        0,
        0.0
      ]
    ],
    "S62": [
      [
        "PAT_0883",
        0,
        0.0
      ],
      [
        "PAT_0464",
        1,
        2969.4635
      ]
    ],
    "S49": [
      [
        "PAT_0714",
        0,
        0.0
      ],
      [
        "PAT_0711",
        0,
        3665.6973
      ]
    ],
    "S11": [
      [
        "PAT_0328",
        0,
        2050.9994
      ],
      [
        "PAT_0328",
        0,
        5142.2598
      ]
    ],
    "S85": [
      [
        "PAT_0099",
        0,
        1337.1358
      ],
      [
        "PAT_0099",
        0,
        4659.1361
      ]
    ],
    "S20": [
      [
        "PAT_0444",
        0,
        0.0
      ],
      [
        "PAT_0444",
        0,
        3459.7791
      ]
    ],
    "S39": [
      [
        "PAT_0215",
        0,
        0.0
      ],
      [
        "PAT_0215",
        0,
        4599.104
      ]
    ],
    "S26": [
      [
        "PAT_0380",
        0,
        0.0
      ],
      [
        "PAT_0672",
        0,
        5519.496
      ]
    ],
    "S23": [
      [
        "PAT_0649",
        0,
        0.0
      ],
      [
        "PAT_0728",
        0,
        3665.6973
      ]
    ],
    "S13": [
      [
        "PAT_0452",
        0,
        0.0
      ],
      [
        "PAT_0577",
        0,
        1689.8407
      ],
      [
        "PAT_0577",
        0,
        4955.686
      ]
    ],
    "S24": [
      [
        "PAT_0237",
        0,
        0.0
      ],
      [
        "PAT_0237",
        0,
        2957.9894
      ],
      [
        "PAT_0398",
        1,
        5915.9788
      ]
    ],
    "S59": [
      [
        "PAT_0406",
        0,
        0.0
      ],
      [
        "PAT_0454",
        1,
        4838.1033
      ]
    ],
    "S79": [
      [
        "PAT_0624",
        0,
        0.0
      ],
      [
        "PAT_0766",
        0,
        3265.8453
      ]
    ],
    "S76": [
      [
        "PAT_0659",
        0,
        0.0
      ],
      [
        "PAT_0034",
        0,
        3665.6973
      ]
    ],
    "S22": [
      [
        "PAT_0640",
        0,
        1901.8879
      ],
      [
        "PAT_0844",
        0,
        5567.5851999999995
      ]
    ],
    "S41": [
      [
        "PAT_0876",
        0,
        4089.6138
      ]
    ],
    "S57": [
      [
        "PAT_0504",
        0,
        0.0
      ],
      [
        "PAT_0593",
        0,
        3265.8453
      ]
    ]
  }
}