{
  "instance": "SYN_SWEEP5_SIZE_L_025",
  "method": "GRASP_SA",
  "start_method": "none",
  "time_limit": 60.0,
  "cost": 13089.7118,
  "is_feasible": true,
  "unmet": {},
  "overprod": {
    "P1": 1,
    "P12": 1,
    "P16": 1,
    "P17": 1
  },
  "elapsed_sec": 60.07,
  "active": {
    "S44": [
      [
        "PAT_0159",
        0,
        0.0
      ],
      [
        "PAT_0159",
        0,
        1259.5497
      ],
      [
        "PAT_0159",
        0,
        2519.0994
      ]
    ],
    "S69": [
      [
        "PAT_0296",
        0,
        0.0
      ],
      [
        "PAT_0296",
        0,
        2297.8492
      ]
    ],
    "S26": [
      [
        "PAT_0384",
        0,
        0.0
      ],
      [
        "PAT_0788",
        0,
        2981.5751999999998
      ]
    ],
    "S14": [
      [
        "PAT_0115",
        0,
        0.0
      ],
      [
        "PAT_0115",
        0,
        3431.3751
      ]
    ],
    "S71": [
      [
        "PAT_0022",
        0,
        1642.6232
      ],
      [
        "PAT_0022",
        0,
        3449.0978
      ]
    ],
    "S42": [
      [
        "PAT_0080",
        0,
        0.0
      ],
      [
        "PAT_0080",
        0,
        2584.0833
      ]
    ],
    "S52": [
      [
        "PAT_0063",
        0,
        0.0
      ],
      [
        "PAT_0573",
        0,
        2765.3898999999997
      ]
    ],
    "S35": [
      [
        "PAT_0013",
        0,
        0.0
      ],
      [
        "PAT_0382",
        0,
        1984.9470000000001
      ]
    ],
    "S16": [
      [
        "PAT_0179",
        0,
        0.0
      ],
      [
        "PAT_0179",
        0,
        2297.8492
      ]
    ],
    "S56": [
      [
        "PAT_0347",
        0,
        0.0
      ]
    ],
    "S2": [
      [
        "PAT_0055",
        0,
        0.0
      ],
      [
        "PAT_0055",
        0,
        1725.2366
      ],
      [
        "PAT_0055",
        0,
        3450.4732
      ]
    ],
    "S27": [
      [
        "PAT_0335",
        0,
        0.0
      ],
      [
        "PAT_0335",
        0,
        2878.5108
      ]
    ],
    "S54": [
      [
        "PAT_0065",
        0,
        0.0
      ],
      [
        "PAT_0095",
        0,
        2584.0833
      ]
    ],
    "S28": [
      [
        "PAT_0427",
        0,
        0.0
      ]
    ],
    "S33": [
      [
        "PAT_0466",
        0,
        1081.6924
      ]
    ],
    "S58": [
      [
        "PAT_0059",
        0,
        0.0
      ]
    ],
    "S46": [
      [
        "PAT_0426",
        0,
        1421.0435
      ]
    ],
    "S75": [
      [
        "PAT_0332",
        0,
        0.0
      ]
    ],
    "S76": [
      [
        "PAT_0332",
        0,
        0.0
      ]
    ],
    "S13": [
      [
        "PAT_0059",
        0,
        0.0
      ]
    ],
    "S24": [
      [
        "PAT_0330",
        0,
        0.0
      ]
    ],
    "S10": [
      [
        "PAT_0331",
        0,
        0.0
      ]
    ],
    "S22": [
      [
        "PAT_0880",
        0,
        923.7023
      ]
    ],
    "S37": [
      [
        "PAT_0059",
        0,
        0.0
      ]
    ]
  }
}