{
  "instance": "SYN_SWEEP5_SIZE_XL_018",
  "method": "ILS_SA",
  "start_method": "greedy",
  "time_limit": 60.0,
  "cost": 26232.5868,
  "is_feasible": true,
  "unmet": {},
  "overprod": {
    "P10": 1,
    "P13": 1,
    "P19": 1
  },
  "elapsed_sec": 60.05,
  "active": {
    "S9": [
      [
        "PAT_1018",
        0,
        0.0
      ],
      [
        "PAT_1018",
        0,
        2909.6207
      ]
    ],
    "S14": [
      [
        "PAT_0085",
        0,
        0.0
      ],
      [
        "PAT_0085",
        0,
        2670.4487
      ]
    ],
    "S22": [
      [
        "PAT_0918",
        0,
        0.0
      ],
      [
        "PAT_0918",
        0,
        2119.2496
      ]
    ],
    "S128": [
      [
        "PAT_0976",
        0,
        0.0
      ],
      [
        "PAT_0976",
        0,
        2909.6207
      ]
    ],
    "S113": [
      [
        "PAT_1361",
        0,
        0.0
      ],
      [
        "PAT_1361",
        0,
        3416.6433
      ]
    ],
    "S5": [
      [
        "PAT_1627",
        0,
        1678.4713
      ],
      [
        "PAT_1627",
        0,
        4077.0343000000003
      ]
    ],
    "S12": [
      [
        "PAT_1607",
        0,
        862.5878
      ]
    ],
    "S62": [
      [
        "PAT_1356",
        0,
        2616.6199
      ]
    ],
    "S68": [
      [
        "PAT_1601",
        0,
        1875.0851
      ]
    ],
    "S141": [
      [
        "PAT_0019",
        0,
        2816.2947
      ]
    ],
    "S36": [
      [
        "PAT_1373",
        0,
        0.0
      ],
      [
        "PAT_1366",
        0,
        3508.7657999999997
      ]
    ],
    "S31": [
      [
        "PAT_1365",
        0,
        0.0
      ]
    ],
    "S28": [
      [
        "PAT_1198",
        0,
        0.0
      ]
    ],
    "S39": [
      [
        "PAT_1198",
        0,
        0.0
      ]
    ],
    "S51": [
      [
        "PAT_1198",
        0,
        0.0
      ]
    ],
    "S29": [
      [
        "PAT_0139",
        0,
        0.0
      ],
      [
        "PAT_1625",
        0,
        3647.4038
      ]
    ],
    "S46": [
      [
        "PAT_0142",
        0,
        0.0
      ]
    ],
    "S34": [
      [
        "PAT_0119",
        0,
        577.3472
      ]
    ],
    "S44": [
      [
        "PAT_0146",
        0,
        0.0
      ]
    ],
    "S19": [
      [
        "PAT_1247",
        0,
        0.0
      ]
    ],
    "S134": [
      [
        "PAT_1198",
        0,
        0.0
      ]
    ],
    "S69": [
      [
        "PAT_0107",
        0,
        0.0
      ],
      [
        "PAT_1630",
        0,
        2670.4487
      ]
    ],
    "S76": [
      [
        "PAT_1166",
        0,
        2425.1371
      ]
    ],
    "S45": [
      [
        "PAT_0142",
        0,
        944.7855
      ]
    ],
    "S74": [
      [
        "PAT_1311",
        0,
        0.0
      ],
      [
        "PAT_1270",
        0,
        3312.0202
      ]
    ],
    "S105": [
      [
        "PAT_0142",
        0,
        972.1665
      ]
    ],
    "S58": [
      [
        "PAT_0198",
        0,
        0.0
      ],
      [
        "PAT_0057",
        0,
        3647.4038
      ]
    ],
    "S143": [
      [
        "PAT_0018",
        0,
        1217.4595
      ]
    ],
    "S64": [
      [
        "PAT_0830",
        0,
        0.0
      ]
    ],
    "S20": [
      [
        "PAT_0786",
        0,
        1644.7801
      ]
    ],
    "S59": [
      [
        "PAT_0142",
        0,
        0.0
      ]
    ],
    "S140": [
      [
        "PAT_1198",
        0,
        972.6054
      ]
    ],
    "S11": [
      [
        "PAT_1605",
        0,
        0.0
      ]
    ],
    "S35": [
      [
        "PAT_0885",
        0,
        0.0
      ]
    ],
    "S2": [
      [
        "PAT_0119",
        0,
        1343.7492
      ]
    ],
    "S94": [
      [
        "PAT_1617",
        0,
        1022.5143
      ]
    ],
    "S133": [
      [
        "PAT_0142",
        0,
        1170.3042
      ]
    ],
    "S48": [
      [
        "PAT_0146",
        0,
        0.0
      ]
    ],
    "S122": [
      [
        "PAT_0817",
        0,
        0.0
      ]
    ],
    "S4": [
      [
        "PAT_0951",
        0,
        0.0
      ],
      [
        "PAT_0816",
        0,
        2961.7297
      ]
    ],
    "S40": [
      [
        "PAT_0355",
        0,
        2016.582
      ]
    ],
    "S23": [
      [
        "PAT_1422",
        0,
        2403.1889
      ]
    ],
    "S89": [
      [
        "PAT_0221",
        0,
        577.7188
      ]
    ],
    "S13": [
      [
        "PAT_0142",
        0,
        0.0
      ]
    ],
    "S52": [
      [
        "PAT_0787",
        0,
        0.0
      ]
    ],
    "S41": [
      [
        "PAT_0291",
        0,
        1699.065
      ]
    ],
    "S70": [
      [
        "PAT_1205",
        0,
        3021.7354
      ]
    ],
    "S87": [
      [
        "PAT_1631",
        0,
        2367.034
      ]
    ],
    "S30": [
      [
        "PAT_0274",
        0,
        0.0
      ]
    ],
    "S15": [
      [
        "PAT_0056",
        0,
        529.6229
      ],
      [
        "PAT_0020",
        0,
        3200.0715999999998
      ]
    ],
    "S110": [
      [
        "PAT_0149",
        0,
        589.8034
      ]
    ],
    "S37": [
      [
        "PAT_0197",
        0,
        0.0
      ]
    ],
    "S77": [
      [
        "PAT_1601",
        0,
        0.0
      ]
    ],
    "S90": [
      [
        "PAT_1198",
        0,
        0.0
      ]
    ],
    "S88": [
      [
        "PAT_1364",
        0,
        0.0
      ]
    ],
    "S132": [
      [
        "PAT_1591",
        0,
        0.0
      ],
      [
        "PAT_1545",
        1,
        3257.3637
      ]
    ]
  }
}