{
  "instance": "SYN_SWEEP5_SIZE_L_024",
  "method": "VNS_SA",
  "start_method": "multistart",
  "time_limit": 60.0,
  "cost": 15212.6742,
  "is_feasible": true,
  "unmet": {},
  "overprod": {
    "P2": 1,
    "P11": 2,
    "P13": 1,
    "P21": 1
  },
  "elapsed_sec": 60.07,
  "active": {
    "S26": [
      [
        "PAT_7272",
        0,
        2255.6434
      ]
    ],
    "S60": [
      [
        "PAT_0047",
        0,
        0.0
      ],
      [
        "PAT_0254",
        0,
        1188.3901
      ],
      [
        "PAT_0254",
        0,
        3551.7099000000003
      ]
    ],
    "S4": [
      [
        "PAT_0256",
        0,
        0.0
      ],
      [
        "PAT_0238",
        0,
        2363.3198
      ]
    ],
    "S29": [
      [
        "PAT_7265",
        0,
        0.0
      ],
      [
        "PAT_0152",
        0,
        2325.3246
      ]
    ],
    "S31": [
      [
        "PAT_0295",
        0,
        395.4353
      ],
      [
        "PAT_0148",
        0,
        3436.4945
      ]
    ],
    "S56": [
      [
        "PAT_7269",
        0,
        0.0
      ],
      [
        "PAT_0166",
        0,
        3978.5368000000003
      ]
    ],
    "S68": [
      [
        "PAT_0260",
        0,
        0.0
      ],
      [
        "PAT_0093",
        0,
        2664.5482
      ]
    ],
    "S27": [
      [
        "PAT_0244",
        0,
        0.0
      ],
      [
        "PAT_0145",
        0,
        2363.3198
      ]
    ],
    "S21": [
      [
        "PAT_0286",
        0,
        0.0
      ],
      [
        "PAT_0145",
        0,
        2593.6315
      ]
    ],
    "S25": [
      [
        "PAT_0219",
        0,
        0.0
      ],
      [
        "PAT_0219",
        0,
        2825.4921
      ]
    ],
    "S46": [
      [
        "PAT_0233",
        0,
        0.0
      ],
      [
        "PAT_0002",
        0,
        2825.4921
      ],
      [
        "PAT_0032",
        2,
        5452.4967
      ]
    ],
    "S87": [
      [
        "PAT_0135",
        0,
        0.0
      ],
      [
        "PAT_7272",
        0,
        2947.5918
      ]
    ],
    "S64": [
      [
        "PAT_4822",
        0,
        0.0
      ],
      [
        "PAT_3823",
        0,
        3444.1389999999997
      ]
    ],
    "S53": [
      [
        "PAT_7274",
        0,
        0.0
      ],
      [
        "PAT_0165",
        0,
        3483.8373
      ]
    ],
    "S85": [
      [
        "PAT_7271",
        0,
        905.3153
      ]
    ],
    "S34": [
      [
        "PAT_3608",
        0,
        0.0
      ],
      [
        "PAT_3608",
        0,
        2593.6315
      ]
    ],
    "S79": [
      [
        "PAT_0107",
        0,
        0.0
      ],
      [
        "PAT_0115",
        0,
        1860.358
      ],
      [
        "PAT_0115",
        0,
        3720.716
      ]
    ],
    "S55": [
      [
        "PAT_7269",
        0,
        0.0
      ]
    ],
    "S17": [
      [
        "PAT_0114",
        0,
        0.0
      ],
      [
        "PAT_0005",
        0,
        2582.7011999999995
      ]
    ],
    "S10": [
      [
        "PAT_0175",
        0,
        1049.4478
      ]
    ],
    "S42": [
      [
        "PAT_7268",
        0,
        0.0
      ]
    ],
    "S18": [
      [
        "PAT_0135",
        0,
        1827.2635
      ]
    ],
    "S80": [
      [
        "PAT_0125",
        0,
        0.0
      ]
    ],
    "S52": [
      [
        "PAT_0286",
        0,
        0.0
      ],
      [
        "PAT_0146",
        0,
        2655.5906999999997
      ]
    ],
    "S19": [
      [
        "PAT_4516",
        0,
        0.0
      ],
      [
        "PAT_4788",
        0,
        2593.6315
      ]
    ],
    "S39": [
      [
        "PAT_4733",
        0,
        827.3076
      ]
    ],
    "S5": [
      [
        "PAT_0009",
        0,
        0.0
      ],
      [
        "PAT_7272",
        0,
        1049.4478
      ]
    ]
  }
}