{
  "instance": "SYN_SWEEP5_SIZE_L_006",
  "method": "SD",
  "start_method": "greedy",
  "time_limit": 60.0,
  "cost": 15255.4585,
  "is_feasible": true,
  "unmet": {},
  "overprod": {
    "P3": 1,
    "P10": 1,
    "P13": 1,
    "P17": 3
  },
  "elapsed_sec": 35.83,
  "active": {
    "S88": [
      [
        "PAT_0065",
        0,
        0.0
      ],
      [
        "PAT_0065",
        0,
        1177.0639
      ],
      [
        "PAT_0065",
        0,
        2354.1278
      ],
      [
        "PAT_0065",
        0,
        3531.1917000000003
      ],
      [
        "PAT_0065",
        0,
        4708.2556
      ]
    ],
    "S80": [
      [
        "PAT_0466",
        0,
        0.0
      ],
      [
        "PAT_0466",
        0,
        1699.4755
      ],
      [
        "PAT_0466",
        0,
        3398.951
      ]
    ],
    "S12": [
      [
        "PAT_0529",
        0,
        0.0
      ],
      [
        "PAT_0529",
        0,
        2646.2366
      ]
    ],
    "S77": [
      [
        "PAT_0570",
        0,
        1470.4395
      ]
    ],
    "S39": [
      [
        "PAT_0470",
        0,
        0.0
      ],
      [
        "PAT_0001",
        0,
        2646.2366
      ],
      [
        "PAT_0455",
        1,
        4006.7596000000003
      ]
    ],
    "S86": [
      [
        "PAT_0578",
        0,
        0.0
      ],
      [
        "PAT_0578",
        0,
        2708.0024
      ]
    ],
    "S19": [
      [
        "PAT_0582",
        0,
        0.0
      ],
      [
        "PAT_0582",
        0,
        3065.1647
      ]
    ],
    "S46": [
      [
        "PAT_0582",
        0,
        0.0
      ],
      [
        "PAT_0582",
        0,
        3065.1647
      ]
    ],
    "S41": [
      [
        "PAT_0488",
        0,
        0.0
      ],
      [
        "PAT_0488",
        0,
        2646.2366
      ]
    ],
    "S11": [
      [
        "PAT_0561",
        0,
        0.0
      ],
      [
        "PAT_0561",
        0,
        2646.2366
      ]
    ],
    "S14": [
      [
        "PAT_1126",
        0,
        0.0
      ],
      [
        "PAT_1126",
        0,
        3191.5045
      ]
    ],
    "S54": [
      [
        "PAT_1126",
        0,
        0.0
      ],
      [
        "PAT_1126",
        0,
        3191.5045
      ]
    ],
    "S10": [
      [
        "PAT_0488",
        0,
        2985.6788
      ]
    ],
    "S5": [
      [
        "PAT_0580",
        0,
        676.4993
      ]
    ],
    "S4": [
      [
        "PAT_1017",
        0,
        0.0
      ],
      [
        "PAT_1017",
        0,
        3141.1789
      ]
    ],
    "S7": [
      [
        "PAT_0297",
        0,
        0.0
      ],
      [
        "PAT_0297",
        0,
        3173.9448
      ]
    ],
    "S16": [
      [
        "PAT_0821",
        0,
        0.0
      ],
      [
        "PAT_0456",
        1,
        4030.6797
      ]
    ],
    "S42": [
      [
        "PAT_0147",
        0,
        0.0
      ],
      [
        "PAT_0587",
        1,
        4601.18
      ]
    ],
    "S84": [
      [
        "PAT_0588",
        0,
        2614.7345
      ]
    ],
    "S40": [
      [
        "PAT_0882",
        0,
        0.0
      ],
      [
        "PAT_0773",
        0,
        3141.1789
      ]
    ],
    "S34": [
      [
        "PAT_0618",
        0,
        0.0
      ],
      [
        "PAT_0133",
        0,
        3141.1789
      ]
    ],
    "S18": [
      [
        "PAT_0139",
        0,
        0.0
      ],
      [
        "PAT_0134",
        1,
        4234.6043
      ]
    ],
    "S87": [
      [
        "PAT_0576",
        0,
        0.0
      ],
      [
        "PAT_0177",
        0,
        2796.0076
      ]
    ],
    "S33": [
      [
        "PAT_0134",
        0,
        0.0
      ],
      [
        "PAT_0165",
        0,
        3173.9448
      ]
    ],
    "S78": [
      [
        "PAT_0137",
        0,
        0.0
      ],
      [
        "PAT_0175",
        0,
        3278.7418
      ]
    ],
    "S1": [
      [
        "PAT_1125",
        0,
        0.0
      ],
      [
        "PAT_0138",
        0,
        3533.3597
      ]
    ]
  }
}