{
  "instance": "SYN_SWEEP5_SIZE_XL_026",
  "method": "SA",
  "start_method": "multistart",
  "time_limit": 60.0,
  "cost": 19720.5247,
  "is_feasible": true,
  "unmet": {},
  "overprod": {
    "P4": 2,
    "P12": 2,
    "P19": 3
  },
  "elapsed_sec": 60.04,
  "active": {
    "S47": [
      [
        "PAT_0132",
        0,
        0.0
      ],
      [
        "PAT_0158",
        0,
        861.9239000000002
      ],
      [
        "PAT_0642",
        0,
        3400.1302999999994
      ],
      [
        "PAT_0642",
        0,
        5751.9349999999995
      ]
    ],
    "S18": [
      [
        "PAT_0831",
        0,
        0.0
      ],
      [
        "PAT_0943",
        0,
        3219.0712
      ]
    ],
    "S115": [
      [
        "PAT_0132",
        0,
        0.0
      ],
      [
        "PAT_0144",
        0,
        800.0
      ],
      [
        "PAT_0042",
        0,
        2526.2619999999997
      ],
      [
        "PAT_0042",
        0,
        5200.0583
      ]
    ],
    "S136": [
      [
        "PAT_0004",
        0,
        0.0
      ],
      [
        "PAT_0685",
        0,
        4059.0259
      ]
    ],
    "S52": [
      [
        "PAT_0857",
        0,
        0.0
      ],
      [
        "PAT_0898",
        0,
        4144.254199999999
      ]
    ],
    "S101": [
      [
        "PAT_0156",
        0,
        0.0
      ],
      [
        "PAT_0008",
        0,
        3270.7194
      ]
    ],
    "S105": [
      [
        "PAT_0817",
        0,
        0.0
      ],
      [
        "PAT_0204",
        0,
        3219.0712
      ]
    ],
    "S95": [
      [
        "PAT_0845",
        0,
        0.0
      ],
      [
        "PAT_0817",
        0,
        3871.6212
      ]
    ],
    "S53": [
      [
        "PAT_0003",
        0,
        0.0
      ],
      [
        "PAT_0118",
        0,
        4059.0259
      ]
    ],
    "S33": [
      [
        "PAT_0214",
        0,
        0.0
      ],
      [
        "PAT_0214",
        0,
        2266.6043
      ],
      [
        "PAT_0156",
        0,
        4533.2086
      ]
    ],
    "S134": [
      [
        "PAT_0075",
        0,
        0.0
      ],
      [
        "PAT_0003",
        0,
        2673.7963
      ]
    ],
    "S39": [
      [
        "PAT_0088",
        0,
        1779.5299999999997
      ],
      [
        "PAT_0088",
        0,
        4453.3263
      ]
    ],
    "S45": [
      [
        "PAT_0197",
        0,
        1091.937
      ],
      [
        "PAT_0309",
        0,
        3358.5413
      ]
    ],
    "S17": [
      [
        "PAT_0237",
        0,
        0.0
      ],
      [
        "PAT_0899",
        0,
        3097.4228
      ]
    ],
    "S71": [
      [
        "PAT_0822",
        0,
        0.0
      ],
      [
        "PAT_0058",
        0,
        3219.0712
      ]
    ],
    "S5": [
      [
        "PAT_0124",
        0,
        0.0
      ],
      [
        "PAT_0160",
        0,
        2079.8375
      ],
      [
        "PAT_0130",
        1,
        3715.1972
      ]
    ],
    "S25": [
      [
        "PAT_0907",
        0,
        0.0
      ],
      [
        "PAT_0058",
        1,
        3456.7602
      ]
    ],
    "S78": [
      [
        "PAT_0898",
        0,
        0.0
      ],
      [
        "PAT_0846",
        0,
        4578.5231
      ]
    ],
    "S113": [
      [
        "PAT_0744",
        0,
        0.0
      ],
      [
        "PAT_0002",
        0,
        3372.9386
      ]
    ],
    "S26": [
      [
        "PAT_0111",
        0,
        0.0
      ]
    ],
    "S139": [
      [
        "PAT_0129",
        0,
        0.0
      ],
      [
        "PAT_0720",
        0,
        800.0
      ],
      [
        "PAT_0825",
        0,
        3151.8047
      ]
    ],
    "S138": [
      [
        "PAT_0143",
        0,
        0.0
      ],
      [
        "PAT_0797",
        0,
        1635.3597
      ],
      [
        "PAT_0852",
        0,
        3987.1644
      ]
    ],
    "S130": [
      [
        "PAT_0198",
        0,
        0.0
      ],
      [
        "PAT_0817",
        0,
        2351.8047
      ]
    ],
    "S30": [
      [
        "PAT_0694",
        0,
        0.0
      ],
      [
        "PAT_0685",
        0,
        2351.8047
      ]
    ],
    "S103": [
      [
        "PAT_0936",
        0,
        2272.2491
      ]
    ],
    "S98": [
      [
        "PAT_0070",
        0,
        0.0
      ],
      [
        "PAT_0821",
        0,
        2673.7963
      ]
    ],
    "S35": [
      [
        "PAT_0376",
        0,
        0.0
      ],
      [
        "PAT_0825",
        0,
        2351.8047
      ]
    ],
    "S42": [
      [
        "PAT_0003",
        0,
        0.0
      ]
    ],
    "S132": [
      [
        "PAT_0824",
        0,
        0.0
      ]
    ],
    "S83": [
      [
        "PAT_0820",
        0,
        0.0
      ]
    ],
    "S106": [
      [
        "PAT_0479",
        0,
        0.0
      ],
      [
        "PAT_0112",
        0,
        2351.8047
      ]
    ]
  }
}