{
  "instance": "SYN_SWEEP5_SIZE_XL_018",
  "method": "VNS_SA",
  "start_method": "greedy",
  "time_limit": 60.0,
  "cost": 24240.6588,
  "is_feasible": true,
  "unmet": {},
  "overprod": {
    "P5": 1,
    "P10": 1,
    "P13": 1,
    "P20": 5
  },
  "elapsed_sec": 60.04,
  "active": {
    "S9": [
      [
        "PAT_1018",
        0,
        0.0
      ],
      [
        "PAT_1018",
        0,
        2909.6207
      ]
    ],
    "S5": [
      [
        "PAT_1627",
        0,
        1678.4713
      ],
      [
        "PAT_1627",
        0,
        4077.0343000000003
      ]
    ],
    "S91": [
      [
        "PAT_1221",
        0,
        0.0
      ],
      [
        "PAT_1601",
        0,
        3332.6851
      ]
    ],
    "S58": [
      [
        "PAT_0817",
        0,
        0.0
      ],
      [
        "PAT_0057",
        0,
        3647.4038
      ]
    ],
    "S15": [
      [
        "PAT_0056",
        0,
        529.6229
      ],
      [
        "PAT_0024",
        1,
        3200.0715999999998
      ]
    ],
    "S36": [
      [
        "PAT_0918",
        0,
        0.0
      ],
      [
        "PAT_1366",
        0,
        3416.6433
      ]
    ],
    "S94": [
      [
        "PAT_1617",
        0,
        1022.5143
      ]
    ],
    "S77": [
      [
        "PAT_1601",
        0,
        0.0
      ]
    ],
    "S128": [
      [
        "PAT_1629",
        0,
        0.0
      ],
      [
        "PAT_1362",
        0,
        2493.7955
      ]
    ],
    "S62": [
      [
        "PAT_0002",
        0,
        0.0
      ],
      [
        "PAT_1423",
        0,
        2732.7333999999996
      ]
    ],
    "S14": [
      [
        "PAT_0098",
        0,
        0.0
      ],
      [
        "PAT_0109",
        0,
        2670.4487
      ]
    ],
    "S69": [
      [
        "PAT_0019",
        0,
        0.0
      ],
      [
        "PAT_1156",
        0,
        2670.4487
      ]
    ],
    "S50": [
      [
        "PAT_0429",
        0,
        634.2975
      ],
      [
        "PAT_0918",
        1,
        4281.7013
      ]
    ],
    "S68": [
      [
        "PAT_0886",
        0,
        2325.0777
      ]
    ],
    "S74": [
      [
        "PAT_1311",
        0,
        0.0
      ],
      [
        "PAT_1270",
        0,
        3312.0202
      ]
    ],
    "S143": [
      [
        "PAT_0923",
        0,
        1217.4595
      ]
    ],
    "S105": [
      [
        "PAT_1198",
        0,
        972.1665
      ]
    ],
    "S132": [
      [
        "PAT_1233",
        0,
        0.0
      ],
      [
        "PAT_1412",
        1,
        3413.5292999999997
      ]
    ],
    "S28": [
      [
        "PAT_1198",
        0,
        0.0
      ]
    ],
    "S29": [
      [
        "PAT_1439",
        0,
        0.0
      ]
    ],
    "S52": [
      [
        "PAT_1205",
        0,
        0.0
      ]
    ],
    "S19": [
      [
        "PAT_1606",
        0,
        0.0
      ]
    ],
    "S31": [
      [
        "PAT_1365",
        0,
        0.0
      ]
    ],
    "S76": [
      [
        "PAT_1606",
        0,
        646.2432
      ]
    ],
    "S22": [
      [
        "PAT_1199",
        0,
        0.0
      ]
    ],
    "S89": [
      [
        "PAT_0885",
        0,
        577.7188
      ]
    ],
    "S134": [
      [
        "PAT_0171",
        0,
        0.0
      ]
    ],
    "S48": [
      [
        "PAT_0224",
        0,
        0.0
      ]
    ],
    "S112": [
      [
        "PAT_0854",
        0,
        2573.4093
      ]
    ],
    "S115": [
      [
        "PAT_0798",
        0,
        1144.448
      ]
    ],
    "S40": [
      [
        "PAT_0817",
        0,
        2016.582
      ]
    ],
    "S97": [
      [
        "PAT_0938",
        0,
        1887.5454
      ]
    ],
    "S23": [
      [
        "PAT_1544",
        0,
        2403.1889
      ]
    ],
    "S70": [
      [
        "PAT_0171",
        0,
        0.0
      ],
      [
        "PAT_1622",
        0,
        3647.4038
      ]
    ],
    "S44": [
      [
        "PAT_0171",
        0,
        0.0
      ]
    ],
    "S122": [
      [
        "PAT_1577",
        0,
        0.0
      ]
    ],
    "S45": [
      [
        "PAT_0142",
        0,
        944.7855
      ]
    ],
    "S51": [
      [
        "PAT_1198",
        0,
        0.0
      ]
    ],
    "S88": [
      [
        "PAT_0145",
        0,
        0.0
      ]
    ],
    "S13": [
      [
        "PAT_0142",
        0,
        0.0
      ]
    ],
    "S41": [
      [
        "PAT_0198",
        0,
        1699.065
      ]
    ],
    "S35": [
      [
        "PAT_0816",
        0,
        0.0
      ]
    ],
    "S12": [
      [
        "PAT_0429",
        0,
        0.0
      ],
      [
        "PAT_1626",
        0,
        3647.4038
      ]
    ],
    "S30": [
      [
        "PAT_0331",
        0,
        0.0
      ]
    ],
    "S113": [
      [
        "PAT_1071",
        0,
        0.0
      ],
      [
        "PAT_0847",
        0,
        3054.4267
      ]
    ],
    "S141": [
      [
        "PAT_1129",
        0,
        0.0
      ],
      [
        "PAT_0056",
        0,
        2816.2947
      ]
    ],
    "S116": [
      [
        "PAT_1591",
        0,
        0.0
      ]
    ],
    "S46": [
      [
        "PAT_0142",
        0,
        0.0
      ]
    ],
    "S39": [
      [
        "PAT_1198",
        0,
        0.0
      ]
    ]
  }
}