{
  "instance": "SYN_SWEEP5_SIZE_L_024",
  "method": "VNS_SA",
  "start_method": "greedy",
  "time_limit": 60.0,
  "cost": 14973.4768,
  "is_feasible": true,
  "unmet": {},
  "overprod": {
    "P1": 1,
    "P4": 3,
    "P6": 1,
    "P9": 2,
    "P11": 4,
    "P12": 1,
    "P16": 1,
    "P23": 1
  },
  "elapsed_sec": 60.04,
  "active": {
    "S29": [
      [
        "PAT_0004",
        0,
        0.0
      ],
      [
        "PAT_0004",
        0,
        2627.0046
      ]
    ],
    "S27": [
      [
        "PAT_0170",
        0,
        0.0
      ],
      [
        "PAT_0170",
        0,
        2825.4921
      ]
    ],
    "S46": [
      [
        "PAT_7269",
        0,
        0.0
      ],
      [
        "PAT_0286",
        0,
        3483.8373
      ]
    ],
    "S17": [
      [
        "PAT_0242",
        0,
        0.0
      ],
      [
        "PAT_0206",
        0,
        2384.2137
      ]
    ],
    "S79": [
      [
        "PAT_0092",
        0,
        0.0
      ],
      [
        "PAT_0092",
        0,
        1860.358
      ],
      [
        "PAT_0092",
        0,
        3720.716
      ]
    ],
    "S55": [
      [
        "PAT_7269",
        0,
        1049.4478
      ]
    ],
    "S77": [
      [
        "PAT_0114",
        0,
        0.0
      ],
      [
        "PAT_0146",
        0,
        1860.358
      ]
    ],
    "S53": [
      [
        "PAT_7272",
        0,
        0.0
      ],
      [
        "PAT_0376",
        0,
        3483.8373
      ]
    ],
    "S64": [
      [
        "PAT_1337",
        0,
        0.0
      ],
      [
        "PAT_0149",
        0,
        2593.6315
      ]
    ],
    "S87": [
      [
        "PAT_0048",
        0,
        0.0
      ],
      [
        "PAT_1340",
        0,
        1205.4956
      ],
      [
        "PAT_0150",
        1,
        3799.1270999999997
      ]
    ],
    "S31": [
      [
        "PAT_7271",
        0,
        395.4353
      ],
      [
        "PAT_1447",
        0,
        3879.2726000000002
      ]
    ],
    "S28": [
      [
        "PAT_7271",
        0,
        1638.7712
      ]
    ],
    "S60": [
      [
        "PAT_5030",
        0,
        0.0
      ],
      [
        "PAT_7272",
        0,
        3010.8163999999997
      ]
    ],
    "S56": [
      [
        "PAT_7262",
        0,
        0.0
      ],
      [
        "PAT_5079",
        0,
        1352.8479
      ],
      [
        "PAT_0232",
        0,
        3946.4794
      ]
    ],
    "S52": [
      [
        "PAT_4126",
        0,
        0.0
      ],
      [
        "PAT_0150",
        0,
        2593.6315
      ]
    ],
    "S10": [
      [
        "PAT_7271",
        0,
        0.0
      ]
    ],
    "S25": [
      [
        "PAT_0040",
        0,
        0.0
      ],
      [
        "PAT_0246",
        0,
        1049.4478
      ],
      [
        "PAT_0239",
        0,
        3412.7676
      ]
    ],
    "S26": [
      [
        "PAT_7262",
        0,
        0.0
      ],
      [
        "PAT_7274",
        0,
        2255.6434
      ]
    ],
    "S68": [
      [
        "PAT_0746",
        0,
        0.0
      ],
      [
        "PAT_0071",
        0,
        2664.5482
      ]
    ],
    "S5": [
      [
        "PAT_0135",
        0,
        0.0
      ]
    ],
    "S4": [
      [
        "PAT_0257",
        0,
        0.0
      ],
      [
        "PAT_0238",
        0,
        2363.3198
      ]
    ],
    "S82": [
      [
        "PAT_0128",
        0,
        0.0
      ]
    ],
    "S16": [
      [
        "PAT_0166",
        0,
        2746.5175
      ]
    ],
    "S13": [
      [
        "PAT_1169",
        0,
        0.0
      ],
      [
        "PAT_0135",
        0,
        2713.966
      ]
    ],
    "S85": [
      [
        "PAT_7268",
        0,
        905.3153
      ]
    ],
    "S39": [
      [
        "PAT_0166",
        0,
        827.3076
      ]
    ]
  }
}