{
  "instance": "SYN_SWEEP5_SIZE_XL_009",
  "method": "ILS_SA",
  "start_method": "greedy",
  "time_limit": 60.0,
  "cost": 32823.9459,
  "is_feasible": true,
  "unmet": {},
  "overprod": {
    "P2": 1,
    "P29": 1,
    "P30": 4,
    "P31": 1
  },
  "elapsed_sec": 61.01,
  "active": {
    "S43": [
      [
        "PAT_0596",
        0,
        0.0
      ],
      [
        "PAT_0596",
        0,
        3377.6225
      ],
      [
        "PAT_3273",
        1,
        6755.245
      ]
    ],
    "S25": [
      [
        "PAT_0568",
        0,
        0.0
      ],
      [
        "PAT_0568",
        0,
        3377.6225
      ]
    ],
    "S28": [
      [
        "PAT_0011",
        0,
        0.0
      ],
      [
        "PAT_0011",
        0,
        3318.9254
      ]
    ],
    "S5": [
      [
        "PAT_3284",
        0,
        0.0
      ],
      [
        "PAT_3159",
        0,
        862.3479
      ],
      [
        "PAT_2906",
        0,
        1884.0697
      ]
    ],
    "S153": [
      [
        "PAT_2977",
        0,
        0.0
      ],
      [
        "PAT_0151",
        0,
        4238.1002
      ]
    ],
    "S112": [
      [
        "PAT_1686",
        0,
        0.0
      ],
      [
        "PAT_2942",
        0,
        3459.2568
      ]
    ],
    "S62": [
      [
        "PAT_0006",
        0,
        1647.7446
      ],
      [
        "PAT_0006",
        0,
        4966.67
      ]
    ],
    "S64": [
      [
        "PAT_0403",
        0,
        0.0
      ],
      [
        "PAT_0403",
        0,
        3492.4102
      ]
    ],
    "S68": [
      [
        "PAT_0563",
        0,
        0.0
      ],
      [
        "PAT_0563",
        0,
        3377.6225
      ]
    ],
    "S12": [
      [
        "PAT_0647",
        0,
        0.0
      ],
      [
        "PAT_0080",
        0,
        3212.0127
      ]
    ],
    "S101": [
      [
        "PAT_0017",
        0,
        2192.8699
      ],
      [
        "PAT_0017",
        0,
        5511.7953
      ]
    ],
    "S53": [
      [
        "PAT_3085",
        0,
        0.0
      ],
      [
        "PAT_2463",
        0,
        874.4571999999998
      ],
      [
        "PAT_2834",
        0,
        3929.2817999999997
      ]
    ],
    "S3": [
      [
        "PAT_0002",
        0,
        3473.6181
      ]
    ],
    "S116": [
      [
        "PAT_0086",
        0,
        2660.8972
      ]
    ],
    "S147": [
      [
        "PAT_0439",
        0,
        0.0
      ]
    ],
    "S160": [
      [
        "PAT_2081",
        0,
        1599.0302
      ],
      [
        "PAT_1152",
        0,
        4653.8548
      ]
    ],
    "S70": [
      [
        "PAT_3272",
        0,
        0.0
      ],
      [
        "PAT_0367",
        0,
        1196.2800000000002
      ],
      [
        "PAT_2241",
        0,
        5480.8231
      ]
    ],
    "S30": [
      [
        "PAT_0626",
        0,
        0.0
      ],
      [
        "PAT_0626",
        0,
        3054.8246
      ]
    ],
    "S128": [
      [
        "PAT_0647",
        0,
        2842.7271
      ]
    ],
    "S108": [
      [
        "PAT_2937",
        0,
        1133.9974000000002
      ],
      [
        "PAT_1536",
        0,
        5372.0976
      ]
    ],
    "S156": [
      [
        "PAT_0626",
        0,
        0.0
      ],
      [
        "PAT_0017",
        0,
        3185.7793
      ]
    ],
    "S122": [
      [
        "PAT_2693",
        1,
        1451.2648
      ],
      [
        "PAT_2693",
        1,
        4506.0894
      ]
    ],
    "S44": [
      [
        "PAT_0318",
        0,
        1944.9513
      ],
      [
        "PAT_0318",
        0,
        3066.3148
      ],
      [
        "PAT_0318",
        0,
        4187.6783
      ],
      [
        "PAT_0318",
        0,
        5309.041799999999
      ]
    ],
    "S40": [
      [
        "PAT_0475",
        0,
        0.0
      ]
    ],
    "S159": [
      [
        "PAT_0647",
        0,
        1831.4577
      ]
    ],
    "S32": [
      [
        "PAT_0828",
        0,
        0.0
      ],
      [
        "PAT_0828",
        0,
        3054.8246
      ]
    ],
    "S118": [
      [
        "PAT_2819",
        0,
        0.0
      ],
      [
        "PAT_2819",
        0,
        3054.8246
      ],
      [
        "PAT_0646",
        0,
        6109.6492
      ]
    ],
    "S19": [
      [
        "PAT_0644",
        0,
        0.0
      ],
      [
        "PAT_3194",
        0,
        3801.4175000000005
      ],
      [
        "PAT_3156",
        0,
        4663.7654
      ],
      [
        "PAT_3156",
        0,
        5526.1133
      ]
    ],
    "S14": [
      [
        "PAT_0439",
        0,
        1524.9493
      ]
    ],
    "S48": [
      [
        "PAT_0001",
        0,
        0.0
      ],
      [
        "PAT_0017",
        0,
        3658.9347
      ]
    ],
    "S41": [
      [
        "PAT_0626",
        0,
        0.0
      ],
      [
        "PAT_0626",
        0,
        3054.8246
      ]
    ],
    "S20": [
      [
        "PAT_0646",
        0,
        0.0
      ]
    ],
    "S158": [
      [
        "PAT_0023",
        0,
        0.0
      ],
      [
        "PAT_0023",
        0,
        3318.9254
      ]
    ],
    "S99": [
      [
        "PAT_2834",
        0,
        862.3479
      ]
    ],
    "S47": [
      [
        "PAT_2036",
        0,
        1144.5519
      ],
      [
        "PAT_0600",
        0,
        4199.3765
      ]
    ],
    "S138": [
      [
        "PAT_0563",
        0,
        0.0
      ],
      [
        "PAT_0563",
        0,
        3377.6225
      ]
    ],
    "S140": [
      [
        "PAT_0169",
        0,
        1343.8132
      ],
      [
        "PAT_0169",
        0,
        4662.738600000001
      ],
      [
        "PAT_3155",
        0,
        7981.664000000001
      ]
    ],
    "S114": [
      [
        "PAT_0483",
        0,
        2084.8125
      ]
    ],
    "S145": [
      [
        "PAT_0250",
        0,
        1023.0943
      ],
      [
        "PAT_0250",
        0,
        4342.0197
      ]
    ],
    "S7": [
      [
        "PAT_0483",
        0,
        1927.2049
      ]
    ],
    "S89": [
      [
        "PAT_0002",
        0,
        0.0
      ],
      [
        "PAT_0016",
        0,
        3318.9254
      ]
    ],
    "S115": [
      [
        "PAT_2829",
        0,
        0.0
      ],
      [
        "PAT_0395",
        0,
        4238.1002
      ]
    ],
    "S154": [
      [
        "PAT_2848",
        0,
        0.0
      ],
      [
        "PAT_2848",
        0,
        4238.1002
      ],
      [
        "PAT_3059",
        1,
        8476.2004
      ]
    ],
    "S141": [
      [
        "PAT_0440",
        0,
        0.0
      ]
    ],
    "S24": [
      [
        "PAT_0450",
        0,
        1432.8665
      ]
    ],
    "S1": [
      [
        "PAT_0322",
        0,
        0.0
      ],
      [
        "PAT_0364",
        0,
        1121.3635
      ],
      [
        "PAT_0364",
        0,
        3418.6654
      ]
    ],
    "S123": [
      [
        "PAT_0500",
        0,
        1653.1818
      ]
    ],
    "S148": [
      [
        "PAT_0392",
        0,
        0.0
      ],
      [
        "PAT_3057",
        0,
        3492.4102
      ]
    ],
    "S131": [
      [
        "PAT_0420",
        0,
        0.0
      ]
    ],