{
  "instance": "SYN_SWEEP5_SIZE_XL_022",
  "method": "TS",
  "start_method": "multistart",
  "time_limit": 60.0,
  "cost": 28840.1206,
  "is_feasible": true,
  "unmet": {},
  "overprod": {
    "P1": 1,
    "P4": 1,
    "P19": 1,
    "P20": 3,
    "P23": 1
  },
  "elapsed_sec": 2044.68,
  "active": {
    "S122": [
      [
        "PAT_0073",
        0,
        0.0
      ],
      [
        "PAT_0073",
        0,
        3003.2178
      ]
    ],
    "S121": [
      [
        "PAT_17658",
        0,
        0.0
      ],
      [
        "PAT_9764",
        0,
        4196.4324
      ]
    ],
    "S18": [
      [
        "PAT_17180",
        0,
        0.0
      ],
      [
        "PAT_9830",
        0,
        3334.2510000000007
      ],
      [
        "PAT_9830",
        0,
        6151.465200000001
      ]
    ],
    "S33": [
      [
        "PAT_9637",
        0,
        0.0
      ],
      [
        "PAT_9637",
        0,
        2798.0028
      ]
    ],
    "S76": [
      [
        "PAT_9899",
        0,
        0.0
      ],
      [
        "PAT_17639",
        0,
        3508.4921
      ]
    ],
    "S38": [
      [
        "PAT_9751",
        0,
        0.0
      ],
      [
        "PAT_9751",
        0,
        2817.2142
      ]
    ],
    "S16": [
      [
        "PAT_9690",
        0,
        0.0
      ],
      [
        "PAT_2151",
        0,
        2889.0253000000007
      ],
      [
        "PAT_2151",
        0,
        5579.613300000001
      ]
    ],
    "S34": [
      [
        "PAT_9726",
        0,
        2405.6038
      ]
    ],
    "S23": [
      [
        "PAT_0442",
        0,
        0.0
      ],
      [
        "PAT_0442",
        0,
        2690.588
      ]
    ],
    "S133": [
      [
        "PAT_17611",
        0,
        1146.5226
      ],
      [
        "PAT_3328",
        1,
        5027.825
      ]
    ],
    "S17": [
      [
        "PAT_9751",
        0,
        2910.2266
      ]
    ],
    "S1": [
      [
        "PAT_0443",
        0,
        0.0
      ],
      [
        "PAT_0443",
        0,
        2690.588
      ]
    ],
    "S35": [
      [
        "PAT_0154",
        0,
        0.0
      ],
      [
        "PAT_9588",
        1,
        3465.8109
      ]
    ],
    "S129": [
      [
        "PAT_4428",
        0,
        0.0
      ],
      [
        "PAT_0783",
        0,
        3109.6682
      ]
    ],
    "S80": [
      [
        "PAT_9588",
        0,
        1654.6403
      ]
    ],
    "S91": [
      [
        "PAT_9588",
        0,
        2737.3588
      ]
    ],
    "S29": [
      [
        "PAT_17620",
        0,
        0.0
      ],
      [
        "PAT_5621",
        0,
        4870.9405
      ]
    ],
    "S109": [
      [
        "PAT_9587",
        0,
        0.0
      ]
    ],
    "S107": [
      [
        "PAT_9483",
        0,
        0.0
      ],
      [
        "PAT_9722",
        0,
        4156.9563
      ]
    ],
    "S127": [
      [
        "PAT_17616",
        0,
        0.0
      ]
    ],
    "S47": [
      [
        "PAT_4464",
        0,
        0.0
      ]
    ],
    "S138": [
      [
        "PAT_17605",
        0,
        4154.120800000001
      ]
    ],
    "S32": [
      [
        "PAT_9120",
        0,
        0.0
      ],
      [
        "PAT_9120",
        0,
        4156.9563
      ]
    ],
    "S87": [
      [
        "PAT_11066",
        0,
        0.0
      ],
      [
        "PAT_11066",
        0,
        3228.4053
      ]
    ],
    "S20": [
      [
        "PAT_4335",
        0,
        0.0
      ],
      [
        "PAT_6802",
        0,
        2731.3446000000004
      ]
    ],
    "S37": [
      [
        "PAT_4302",
        0,
        0.0
      ],
      [
        "PAT_9662",
        1,
        4033.428
      ]
    ],
    "S132": [
      [
        "PAT_16769",
        0,
        0.0
      ]
    ],
    "S11": [
      [
        "PAT_10440",
        0,
        0.0
      ],
      [
        "PAT_10440",
        0,
        3228.4053
      ]
    ],
    "S123": [
      [
        "PAT_17008",
        0,
        0.0
      ]
    ],
    "S120": [
      [
        "PAT_17595",
        0,
        0.0
      ]
    ],
    "S52": [
      [
        "PAT_9910",
        0,
        445.3942
      ]
    ],
    "S72": [
      [
        "PAT_17454",
        0,
        2039.9662
      ]
    ],
    "S53": [
      [
        "PAT_9904",
        0,
        2948.9076
      ]
    ],
    "S27": [
      [
        "PAT_9473",
        0,
        523.1765
      ]
    ],
    "S40": [
      [
        "PAT_9898",
        0,
        0.0
      ],
      [
        "PAT_4447",
        0,
        3259.2521
      ]
    ],
    "S67": [
      [
        "PAT_4804",
        0,
        0.0
      ],
      [
        "PAT_4804",
        0,
        4156.9563
      ]
    ],
    "S13": [
      [
        "PAT_9899",
        0,
        0.0
      ],
      [
        "PAT_9930",
        0,
        3228.4053
      ]
    ],
    "S103": [
      [
        "PAT_17605",
        0,
        966.5426
      ]
    ],
    "S82": [
      [
        "PAT_7276",
        0,
        0.0
      ]
    ],
    "S116": [
      [
        "PAT_17605",
        0,
        1141.6426
      ],
      [
        "PAT_16458",
        0,
        5022.945
      ]
    ],
    "S60": [
      [
        "PAT_4300",
        0,
        0.0
      ],
      [
        "PAT_4300",
        0,
        2690.588
      ]
    ],
    "S10": [
      [
        "PAT_8514",
        0,
        0.0
      ]
    ],
    "S128": [
      [
        "PAT_9601",
        0,
        0.0
      ],
      [
        "PAT_8971",
        0,
        2798.0028
      ]
    ],
    "S30": [
      [
        "PAT_9642",
        0,
        1038.619
      ],
      [
        "PAT_3031",
        1,
        3836.6218
      ]
    ],
    "S81": [
      [
        "PAT_9726",
        0,
        0.0
      ],
      [
        "PAT_9707",
        1,
        3971.2458
      ]
    ],
    "S6": [
      [
        "PAT_9481",
        0,
        1096.0844
      ]
    ],
    "S42": [
      [
        "PAT_17630",
        0,
        1674.7329
      ],
      [
        "PAT_1060",
        1,
        5556.0353
      ]
    ],
    "S59": [
      [
        "PAT_17614",
        0,
        0.0
      ],
      [
        "PAT_10395",
        1,
        4366.6033
      ]
    ],
    "S84": [
      [
        "PAT_14193",
        0,
        945.3716
      ]
    ],
    "S8": [
      [
        "PAT_16005",
        0,
        3156.6649
      ]
    ],
    "S124": [
      [
        "PAT_11399",
        0,
        0.0
      ],
      [
        "PAT_4429",
        0,
        4688.9247
      ]
    ],
    "S41": [
      [
        "PAT_9740",
        0,
        0.0
      ],
      [
        "PAT_0016",
        0,
        2817.2142
      ]
    ],
    "S117": [
      [
        "PAT_0139",
        0,
        0.0
      ],
      [
        "PAT_0139",
        0,
        2690.588
      ]
    ]
  }
}