{
  "instance": "SYN_SWEEP5_SIZE_XL_012",
  "method": "SD",
  "start_method": "greedy",
  "time_limit": 60.0,
  "cost": 31146.3781,
  "is_feasible": true,
  "unmet": {},
  "overprod": {
    "P19": 2,
    "P22": 1,
    "P31": 1,
    "P33": 1,
    "P39": 1,
    "P40": 2,
    "P43": 2
  },
  "elapsed_sec": 60.1,
  "active": {
    "S73": [
      [
        "PAT_12197",
        0,
        0.0
      ],
      [
        "PAT_12197",
        0,
        2992.5542
      ]
    ],
    "S31": [
      [
        "PAT_12797",
        0,
        3251.116
      ],
      [
        "PAT_12797",
        0,
        5022.027599999999
      ]
    ],
    "S105": [
      [
        "PAT_10907",
        0,
        0.0
      ],
      [
        "PAT_10907",
        0,
        3298.3137
      ]
    ],
    "S108": [
      [
        "PAT_14479",
        0,
        0.0
      ],
      [
        "PAT_14479",
        0,
        3025.2007
      ],
      [
        "PAT_14479",
        0,
        6050.4014
      ]
    ],
    "S142": [
      [
        "PAT_11799",
        0,
        0.0
      ],
      [
        "PAT_11799",
        0,
        3576.3951
      ]
    ],
    "S47": [
      [
        "PAT_10157",
        0,
        0.0
      ],
      [
        "PAT_10157",
        0,
        3963.4487
      ]
    ],
    "S141": [
      [
        "PAT_16543",
        1,
        1957.4402
      ],
      [
        "PAT_16543",
        1,
        4473.8678
      ]
    ],
    "S132": [
      [
        "PAT_14432",
        0,
        0.0
      ],
      [
        "PAT_14432",
        0,
        3025.2007
      ],
      [
        "PAT_14432",
        0,
        6050.4014
      ]
    ],
    "S41": [
      [
        "PAT_11872",
        0,
        1501.7257
      ],
      [
        "PAT_12752",
        0,
        4494.2798999999995
      ]
    ],
    "S119": [
      [
        "PAT_10213",
        0,
        0.0
      ],
      [
        "PAT_10213",
        0,
        3963.4487
      ]
    ],
    "S2": [
      [
        "PAT_11697",
        0,
        0.0
      ],
      [
        "PAT_11697",
        0,
        3298.3137
      ]
    ],
    "S131": [
      [
        "PAT_11233",
        0,
        0.0
      ],
      [
        "PAT_11233",
        0,
        3298.3137
      ],
      [
        "PAT_16520",
        1,
        6596.6274
      ]
    ],
    "S30": [
      [
        "PAT_10659",
        0,
        3351.821
      ]
    ],
    "S94": [
      [
        "PAT_10227",
        0,
        0.0
      ],
      [
        "PAT_10227",
        0,
        3298.3137
      ]
    ],
    "S38": [
      [
        "PAT_11695",
        0,
        0.0
      ],
      [
        "PAT_16520",
        1,
        4646.5672
      ]
    ],
    "S127": [
      [
        "PAT_11756",
        0,
        4328.7466
      ]
    ],
    "S100": [
      [
        "PAT_10223",
        0,
        0.0
      ],
      [
        "PAT_10223",
        0,
        3298.3137
      ]
    ],
    "S7": [
      [
        "PAT_11876",
        0,
        2664.7418
      ],
      [
        "PAT_11876",
        0,
        5657.296
      ]
    ],
    "S81": [
      [
        "PAT_10003",
        0,
        0.0
      ],
      [
        "PAT_10003",
        0,
        3963.4487
      ]
    ],
    "S13": [
      [
        "PAT_13753",
        0,
        4495.7792
      ]
    ],
    "S145": [
      [
        "PAT_11875",
        0,
        0.0
      ],
      [
        "PAT_11875",
        0,
        2992.5542
      ]
    ],
    "S112": [
      [
        "PAT_12943",
        0,
        2049.9989
      ],
      [
        "PAT_12943",
        0,
        5075.1996
      ]
    ],
    "S129": [
      [
        "PAT_12985",
        0,
        1059.3066
      ],
      [
        "PAT_12985",
        0,
        4084.5072999999998
      ]
    ],
    "S8": [
      [
        "PAT_12985",
        0,
        0.0
      ],
      [
        "PAT_12985",
        0,
        3025.2007
      ]
    ],
    "S14": [
      [
        "PAT_11736",
        0,
        2791.9013
      ]
    ],
    "S61": [
      [
        "PAT_11735",
        0,
        0.0
      ],
      [
        "PAT_11735",
        0,
        3576.3951
      ]
    ],
    "S23": [
      [
        "PAT_12986",
        0,
        4052.1744
      ]
    ],
    "S96": [
      [
        "PAT_12942",
        0,
        2989.5844
      ]
    ],
    "S68": [
      [
        "PAT_10001",
        0,
        1713.7411
      ]
    ],
    "S1": [
      [
        "PAT_24230",
        0,
        0.0
      ],
      [
        "PAT_24230",
        0,
        3043.4791
      ]
    ],
    "S45": [
      [
        "PAT_7502",
        0,
        0.0
      ],
      [
        "PAT_23969",
        1,
        4947.6465
      ]
    ],
    "S20": [
      [
        "PAT_9530",
        0,
        0.0
      ]
    ],
    "S76": [
      [
        "PAT_12970",
        0,
        3327.4468
      ]
    ],
    "S106": [
      [
        "PAT_8003",
        0,
        0.0
      ],
      [
        "PAT_8003",
        0,
        4016.182
      ]
    ],
    "S72": [
      [
        "PAT_9555",
        0,
        3890.9212
      ]
    ],
    "S135": [
      [
        "PAT_16587",
        0,
        0.0
      ],
      [
        "PAT_16555",
        1,
        3787.974
      ]
    ],
    "S35": [
      [
        "PAT_22726",
        0,
        1335.7067
      ],
      [
        "PAT_22726",
        0,
        4379.1858
      ]
    ],
    "S80": [
      [
        "PAT_3890",
        0,
        0.0
      ],
      [
        "PAT_3890",
        0,
        4016.182
      ]
    ],
    "S99": [
      [
        "PAT_16615",
        1,
        1732.8504
      ],
      [
        "PAT_16615",
        1,
        4776.3295
      ]
    ],
    "S77": [
      [
        "PAT_3630",
        0,
        0.0
      ],
      [
        "PAT_23820",
        1,
        4016.182
      ]
    ],
    "S67": [
      [
        "PAT_12871",
        0,
        0.0
      ],
      [
        "PAT_5108",
        0,
        2948.904
      ]
    ],
    "S56": [
      [
        "PAT_0039",
        0,
        0.0
      ],
      [
        "PAT_0039",
        0,
        4016.182
      ]
    ],
    "S92": [
      [
        "PAT_0053",
        0,
        2852.5368
      ]
    ],
    "S134": [
      [
        "PAT_0053",
        0,
        3776.6961
      ]
    ],
    "S42": [
      [
        "PAT_0047",
        0,
        4106.4803
      ]
    ],
    "S90": [
      [
        "PAT_0003",
        0,
        2554.4515
      ]
    ],
    "S39": [
      [
        "PAT_17018",
        0,
        0.0
      ],
      [
        "PAT_17018",
        0,
        3043.4791
      ]
    ],
    "S98": [
      [
        "PAT_16563",
        0,
        0.0
      ],
      [
        "PAT_16563",
        0,
        3043.4791
      ]
    ],
    "S17": [
      [
        "PAT_16619",
        0,
        2676.3153
      ],
      [
        "PAT_16619",
        0,
        5719.794400000001
      ]
    ],
    "S102": [
      [
        "PAT_16563",
        0,
        2786.804
      ],
      [
        "PAT_16563",
        0,
        5830.283100000001
      ]
    ],
    "S6": [
      [
        "PAT_19172",
        0,
        1596.5189
      ]
    ],
    "S101": [
      [
        "PAT_16593",
        0,
        0.0
      ],
      [
        "PAT_16593",
        0,
        3043.4791
      ]
    ],