{
  "instance": "SYN_SWEEP5_SIZE_L_022",
  "method": "VNS_SA",
  "start_method": "greedy",
  "time_limit": 60.0,
  "cost": 10530.7008,
  "is_feasible": true,
  "unmet": {},
  "overprod": {
    "P4": 1,
    "P6": 1,
    "P8": 1,
    "P15": 2
  },
  "elapsed_sec": 19.95,
  "active": {
    "S31": [
      [
        "PAT_0328",
        0,
        0.0
      ],
      [
        "PAT_0263",
        0,
        3627.2547000000004
      ]
    ],
    "S45": [
      [
        "PAT_0007",
        0,
        0.0
      ],
      [
        "PAT_0004",
        0,
        2393.2984
      ]
    ],
    "S50": [
      [
        "PAT_0269",
        0,
        0.0
      ],
      [
        "PAT_0104",
        0,
        1838.4581
      ]
    ],
    "S48": [
      [
        "PAT_0321",
        0,
        0.0
      ],
      [
        "PAT_0269",
        0,
        3531.4895
      ]
    ],
    "S37": [
      [
        "PAT_0108",
        0,
        0.0
      ],
      [
        "PAT_0326",
        1,
        2385.3045
      ]
    ],
    "S19": [
      [
        "PAT_0212",
        0,
        1009.6397
      ],
      [
        "PAT_0009",
        0,
        2516.1711
      ]
    ],
    "S10": [
      [
        "PAT_0109",
        0,
        1986.0404
      ]
    ],
    "S20": [
      [
        "PAT_0332",
        0,
        0.0
      ]
    ],
    "S55": [
      [
        "PAT_0329",
        0,
        0.0
      ],
      [
        "PAT_0189",
        0,
        3630.0249000000003
      ]
    ],
    "S25": [
      [
        "PAT_0310",
        0,
        0.0
      ]
    ],
    "S11": [
      [
        "PAT_0333",
        0,
        784.5986
      ]
    ],
    "S5": [
      [
        "PAT_0324",
        0,
        0.0
      ]
    ],
    "S7": [
      [
        "PAT_0088",
        0,
        0.0
      ],
      [
        "PAT_0108",
        0,
        1293.1295
      ],
      [
        "PAT_0189",
        1,
        3678.434
      ]
    ],
    "S18": [
      [
        "PAT_0320",
        0,
        0.0
      ],
      [
        "PAT_0217",
        1,
        3568.1306
      ]
    ],
    "S4": [
      [
        "PAT_0014",
        0,
        0.0
      ],
      [
        "PAT_0194",
        0,
        3226.9648
      ]
    ],
    "S27": [
      [
        "PAT_0323",
        0,
        0.0
      ]
    ],
    "S52": [
      [
        "PAT_0288",
        0,
        0.0
      ]
    ],
    "S59": [
      [
        "PAT_0321",
        0,
        2362.3854
      ]
    ],
    "S22": [
      [
        "PAT_0158",
        0,
        0.0
      ],
      [
        "PAT_0158",
        0,
        3099.3262
      ]
    ],
    "S40": [
      [
        "PAT_0321",
        0,
        0.0
      ]
    ]
  }
}