{
  "instance": "SYN_SWEEP5_SIZE_L_013",
  "method": "SA",
  "start_method": "multistart",
  "time_limit": 60.0,
  "cost": 18181.6971,
  "is_feasible": true,
  "unmet": {},
  "overprod": {
    "P3": 1,
    "P12": 2,
    "P27": 1
  },
  "elapsed_sec": 60.54,
  "active": {
    "S24": [
      [
        "PAT_10017",
        0,
        0.0
      ],
      [
        "PAT_9334",
        0,
        3527.4974
      ],
      [
        "PAT_9334",
        0,
        5600.7744
      ]
    ],
    "S4": [
      [
        "PAT_9452",
        0,
        0.0
      ],
      [
        "PAT_9245",
        0,
        2341.8351000000002
      ]
    ],
    "S73": [
      [
        "PAT_9300",
        0,
        0.0
      ],
      [
        "PAT_10189",
        0,
        2332.0452999999998
      ]
    ],
    "S13": [
      [
        "PAT_9961",
        0,
        0.0
      ],
      [
        "PAT_10169",
        0,
        3277.8702
      ]
    ],
    "S69": [
      [
        "PAT_9273",
        0,
        0.0
      ],
      [
        "PAT_9446",
        0,
        2244.8677
      ],
      [
        "PAT_9446",
        0,
        4318.1447
      ]
    ],
    "S66": [
      [
        "PAT_10017",
        0,
        0.0
      ],
      [
        "PAT_10137",
        0,
        3955.3139
      ]
    ],
    "S63": [
      [
        "PAT_0058",
        0,
        0.0
      ],
      [
        "PAT_10109",
        0,
        3486.7321999999995
      ]
    ],
    "S84": [
      [
        "PAT_10096",
        0,
        0.0
      ],
      [
        "PAT_0065",
        1,
        3127.5392
      ]
    ],
    "S42": [
      [
        "PAT_9589",
        0,
        0.0
      ],
      [
        "PAT_9356",
        0,
        2073.277
      ]
    ],
    "S79": [
      [
        "PAT_9231",
        0,
        0.0
      ],
      [
        "PAT_9229",
        0,
        2073.277
      ]
    ],
    "S83": [
      [
        "PAT_9833",
        0,
        0.0
      ],
      [
        "PAT_10182",
        0,
        2849.8926
      ]
    ],
    "S52": [
      [
        "PAT_9702",
        0,
        0.0
      ],
      [
        "PAT_9702",
        0,
        2773.1158
      ]
    ],
    "S14": [
      [
        "PAT_9961",
        0,
        1968.151
      ]
    ],
    "S1": [
      [
        "PAT_10160",
        0,
        911.3939
      ]
    ],
    "S39": [
      [
        "PAT_10083",
        0,
        2015.5231
      ]
    ],
    "S55": [
      [
        "PAT_4760",
        0,
        0.0
      ],
      [
        "PAT_10208",
        0,
        2746.9108
      ]
    ],
    "S8": [
      [
        "PAT_9981",
        0,
        2644.5799
      ]
    ],
    "S60": [
      [
        "PAT_9135",
        0,
        0.0
      ],
      [
        "PAT_10020",
        0,
        2073.277
      ]
    ],
    "S25": [
      [
        "PAT_10073",
        0,
        0.0
      ],
      [
        "PAT_9962",
        0,
        3277.8702
      ]
    ],
    "S20": [
      [
        "PAT_9347",
        0,
        717.6287
      ],
      [
        "PAT_8168",
        0,
        2790.9057000000003
      ]
    ],
    "S71": [
      [
        "PAT_7576",
        0,
        1968.0458
      ],
      [
        "PAT_0038",
        1,
        4714.9566
      ]
    ],
    "S33": [
      [
        "PAT_10087",
        0,
        818.217
      ]
    ],
    "S10": [
      [
        "PAT_0050",
        0,
        0.0
      ],
      [
        "PAT_10129",
        0,
        2746.9108
      ]
    ],
    "S59": [
      [
        "PAT_0058",
        0,
        0.0
      ]
    ],
    "S48": [
      [
        "PAT_0038",
        0,
        0.0
      ]
    ],
    "S12": [
      [
        "PAT_1608",
        0,
        0.0
      ],
      [
        "PAT_8332",
        1,
        2746.9108
      ]
    ],
    "S86": [
      [
        "PAT_10226",
        0,
        0.0
      ]
    ],
    "S51": [
      [
        "PAT_10141",
        0,
        0.0
      ],
      [
        "PAT_2504",
        0,
        3127.5392
      ]
    ],
    "S88": [
      [
        "PAT_10206",
        0,
        0.0
      ]
    ],
    "S76": [
      [
        "PAT_10006",
        0,
        0.0
      ],
      [
        "PAT_1044",
        0,
        3277.8702
      ]
    ],
    "S11": [
      [
        "PAT_4185",
        0,
        0.0
      ],
      [
        "PAT_3213",
        1,
        3338.733
      ]
    ],
    "S54": [
      [
        "PAT_7545",
        0,
        2972.9787
      ]
    ],
    "S46": [
      [
        "PAT_0382",
        0,
        0.0
      ],
      [
        "PAT_0059",
        1,
        4652.6912
      ]
    ],
    "S41": [
      [
        "PAT_0064",
        0,
        3076.954
      ]
    ]
  }
}