{
  "instance": "SYN_SWEEP5_SIZE_XL_027",
  "method": "ILS_SA",
  "start_method": "multistart",
  "time_limit": 60.0,
  "cost": 18322.4586,
  "is_feasible": true,
  "unmet": {},
  "overprod": {
    "P4": 1,
    "P6": 1,
    "P8": 1,
    "P9": 1
  },
  "elapsed_sec": 60.05,
  "active": {
    "S87": [
      [
        "PAT_0021",
        0,
        2053.2869
      ],
      [
        "PAT_0021",
        0,
        4072.6744
      ]
    ],
    "S86": [
      [
        "PAT_0256",
        0,
        0.0
      ],
      [
        "PAT_0256",
        0,
        2003.0905
      ],
      [
        "PAT_0256",
        0,
        4006.181
      ]
    ],
    "S27": [
      [
        "PAT_0312",
        0,
        0.0
      ],
      [
        "PAT_0312",
        0,
        2463.9387
      ],
      [
        "PAT_0444",
        1,
        6190.2028
      ]
    ],
    "S1": [
      [
        "PAT_0457",
        0,
        0.0
      ],
      [
        "PAT_0009",
        0,
        1584.8866
      ],
      [
        "PAT_0009",
        0,
        3844.8509999999997
      ],
      [
        "PAT_0009",
        0,
        6104.8153999999995
      ]
    ],
    "S16": [
      [
        "PAT_0453",
        0,
        0.0
      ],
      [
        "PAT_0453",
        0,
        2968.4832
      ],
      [
        "PAT_0436",
        0,
        5936.9664
      ]
    ],
    "S128": [
      [
        "PAT_0437",
        1,
        3148.404
      ],
      [
        "PAT_0437",
        1,
        5843.3302
      ]
    ],
    "S46": [
      [
        "PAT_0003",
        0,
        0.0
      ],
      [
        "PAT_0464",
        0,
        3516.7870000000003
      ]
    ],
    "S82": [
      [
        "PAT_0461",
        0,
        0.0
      ],
      [
        "PAT_0461",
        0,
        4076.8539
      ]
    ],
    "S31": [
      [
        "PAT_0457",
        0,
        696.152
      ],
      [
        "PAT_0279",
        0,
        2276.5687
      ],
      [
        "PAT_0279",
        0,
        4691.2009
      ]
    ],
    "S79": [
      [
        "PAT_0437",
        0,
        0.0
      ],
      [
        "PAT_0450",
        0,
        2694.9262
      ]
    ],
    "S15": [
      [
        "PAT_0013",
        0,
        0.0
      ],
      [
        "PAT_0279",
        1,
        5102.1492
      ]
    ],
    "S57": [
      [
        "PAT_0011",
        0,
        0.0
      ],
      [
        "PAT_0011",
        0,
        3337.4663
      ]
    ],
    "S108": [
      [
        "PAT_0011",
        0,
        0.0
      ],
      [
        "PAT_0011",
        0,
        3337.4663
      ]
    ],
    "S76": [
      [
        "PAT_0327",
        0,
        497.071
      ]
    ],
    "S63": [
      [
        "PAT_0417",
        0,
        0.0
      ],
      [
        "PAT_0417",
        0,
        2452.3218
      ],
      [
        "PAT_0417",
        0,
        4904.6436
      ]
    ],
    "S26": [
      [
        "PAT_0323",
        0,
        0.0
      ],
      [
        "PAT_0237",
        0,
        4884.4857
      ]
    ],
    "S110": [
      [
        "PAT_0327",
        0,
        2908.1819
      ]
    ],
    "S35": [
      [
        "PAT_0447",
        0,
        0.0
      ],
      [
        "PAT_0457",
        0,
        2358.2119
      ],
      [
        "PAT_0457",
        0,
        3178.3068
      ],
      [
        "PAT_0457",
        0,
        3998.4017
      ]
    ],
    "S100": [
      [
        "PAT_0275",
        0,
        0.0
      ],
      [
        "PAT_0243",
        0,
        2414.6322
      ]
    ],
    "S127": [
      [
        "PAT_0339",
        0,
        0.0
      ]
    ],
    "S32": [
      [
        "PAT_0128",
        0,
        0.0
      ]
    ],
    "S47": [
      [
        "PAT_0134",
        0,
        0.0
      ],
      [
        "PAT_0134",
        0,
        3291.608
      ]
    ],
    "S49": [
      [
        "PAT_0279",
        0,
        3091.1365
      ],
      [
        "PAT_0279",
        0,
        5505.7687000000005
      ]
    ],
    "S72": [
      [
        "PAT_0012",
        0,
        0.0
      ],
      [
        "PAT_0326",
        1,
        3337.4663
      ]
    ],
    "S125": [
      [
        "PAT_0003",
        0,
        0.0
      ],
      [
        "PAT_0003",
        0,
        3438.0785
      ]
    ],
    "S112": [
      [
        "PAT_0352",
        0,
        1329.6462
      ],
      [
        "PAT_0003",
        0,
        3781.968
      ]
    ],
    "S6": [
      [
        "PAT_0327",
        0,
        0.0
      ]
    ],
    "S19": [
      [
        "PAT_0339",
        0,
        0.0
      ]
    ],
    "S59": [
      [
        "PAT_0003",
        0,
        0.0
      ]
    ]
  }
}