{
  "instance": "SYN_SWEEP5_SIZE_XL_009",
  "method": "FI",
  "start_method": "multistart",
  "time_limit": 60.0,
  "cost": 33172.6558,
  "is_feasible": true,
  "unmet": {},
  "overprod": {
    "P2": 5,
    "P9": 2,
    "P16": 1,
    "P20": 2,
    "P29": 2,
    "P30": 4,
    "P31": 1
  },
  "elapsed_sec": 60.02,
  "active": {
    "S44": [
      [
        "PAT_3137",
        0,
        1944.9513
      ],
      [
        "PAT_3137",
        0,
        2807.2992
      ],
      [
        "PAT_3137",
        0,
        3669.6471
      ],
      [
        "PAT_3137",
        0,
        4531.995
      ],
      [
        "PAT_3137",
        0,
        5394.3429
      ]
    ],
    "S19": [
      [
        "PAT_0293",
        0,
        0.0
      ],
      [
        "PAT_0293",
        0,
        1121.3635
      ],
      [
        "PAT_0293",
        0,
        2242.727
      ],
      [
        "PAT_0293",
        0,
        3364.0905
      ],
      [
        "PAT_3117",
        0,
        4485.454
      ],
      [
        "PAT_3117",
        0,
        5347.8018999999995
      ]
    ],
    "S115": [
      [
        "PAT_0389",
        0,
        0.0
      ],
      [
        "PAT_0389",
        0,
        3492.4102
      ]
    ],
    "S140": [
      [
        "PAT_0580",
        0,
        1343.8132
      ],
      [
        "PAT_0580",
        0,
        4721.4357
      ],
      [
        "PAT_0329",
        1,
        8099.0581999999995
      ]
    ],
    "S1": [
      [
        "PAT_0023",
        0,
        0.0
      ],
      [
        "PAT_0023",
        0,
        3318.9254
      ]
    ],
    "S154": [
      [
        "PAT_2848",
        0,
        0.0
      ],
      [
        "PAT_2848",
        0,
        4238.1002
      ]
    ],
    "S114": [
      [
        "PAT_3298",
        0,
        0.0
      ],
      [
        "PAT_0364",
        0,
        2084.8125
      ],
      [
        "PAT_0364",
        0,
        4382.1144
      ]
    ],
    "S12": [
      [
        "PAT_3121",
        0,
        0.0
      ],
      [
        "PAT_0502",
        0,
        1421.9542
      ]
    ],
    "S25": [
      [
        "PAT_0568",
        0,
        0.0
      ],
      [
        "PAT_0568",
        0,
        3377.6225
      ]
    ],
    "S28": [
      [
        "PAT_0011",
        0,
        0.0
      ],
      [
        "PAT_0011",
        0,
        3318.9254
      ]
    ],
    "S43": [
      [
        "PAT_0712",
        0,
        0.0
      ],
      [
        "PAT_2841",
        0,
        3646.2324
      ]
    ],
    "S158": [
      [
        "PAT_0045",
        0,
        0.0
      ],
      [
        "PAT_0045",
        0,
        3318.9254
      ]
    ],
    "S148": [
      [
        "PAT_2976",
        0,
        0.0
      ]
    ],
    "S153": [
      [
        "PAT_2982",
        0,
        0.0
      ],
      [
        "PAT_0151",
        0,
        4238.1002
      ]
    ],
    "S62": [
      [
        "PAT_0599",
        0,
        1647.7446
      ],
      [
        "PAT_0599",
        0,
        5025.3670999999995
      ]
    ],
    "S112": [
      [
        "PAT_0368",
        0,
        0.0
      ],
      [
        "PAT_0368",
        0,
        3492.4102
      ]
    ],
    "S69": [
      [
        "PAT_0007",
        0,
        0.0
      ],
      [
        "PAT_0007",
        1,
        4650.1468
      ]
    ],
    "S145": [
      [
        "PAT_0563",
        0,
        1023.0943
      ],
      [
        "PAT_0563",
        0,
        4400.7168
      ]
    ],
    "S68": [
      [
        "PAT_0014",
        0,
        0.0
      ],
      [
        "PAT_0014",
        0,
        3318.9254
      ]
    ],
    "S64": [
      [
        "PAT_0077",
        0,
        0.0
      ],
      [
        "PAT_0077",
        0,
        3318.9254
      ]
    ],
    "S101": [
      [
        "PAT_0063",
        0,
        2192.8699
      ],
      [
        "PAT_0063",
        0,
        5511.7953
      ]
    ],
    "S47": [
      [
        "PAT_0647",
        0,
        1144.5519
      ],
      [
        "PAT_0018",
        0,
        4322.5208999999995
      ]
    ],
    "S53": [
      [
        "PAT_0646",
        0,
        0.0
      ],
      [
        "PAT_0015",
        0,
        3315.6362
      ]
    ],
    "S3": [
      [
        "PAT_0563",
        0,
        3500.3713000000002
      ]
    ],
    "S159": [
      [
        "PAT_2833",
        0,
        1831.4577
      ]
    ],
    "S116": [
      [
        "PAT_0302",
        0,
        0.0
      ],
      [
        "PAT_0086",
        0,
        2660.8972
      ]
    ],
    "S156": [
      [
        "PAT_0017",
        0,
        1848.9227
      ]
    ],
    "S127": [
      [
        "PAT_0002",
        0,
        2489.7586
      ]
    ],
    "S89": [
      [
        "PAT_0002",
        0,
        0.0
      ],
      [
        "PAT_0001",
        0,
        3318.9254
      ]
    ],
    "S138": [
      [
        "PAT_0480",
        0,
        0.0
      ],
      [
        "PAT_0001",
        0,
        5064.0538
      ]
    ],
    "S147": [
      [
        "PAT_0439",
        0,
        0.0
      ]
    ],
    "S141": [
      [
        "PAT_0450",
        0,
        0.0
      ]
    ],
    "S91": [
      [
        "PAT_0420",
        0,
        0.0
      ]
    ],
    "S122": [
      [
        "PAT_1234",
        0,
        1451.2648
      ],
      [
        "PAT_1234",
        0,
        4506.0894
      ]
    ],
    "S32": [
      [
        "PAT_0653",
        0,
        0.0
      ],
      [
        "PAT_0653",
        0,
        3054.8246
      ]
    ],
    "S36": [
      [
        "PAT_2751",
        0,
        0.0
      ],
      [
        "PAT_2751",
        0,
        3054.8246
      ],
      [
        "PAT_2751",
        0,
        6109.6492
      ]
    ],
    "S160": [
      [
        "PAT_0366",
        0,
        1233.8308000000002
      ],
      [
        "PAT_2415",
        0,
        4726.241
      ]
    ],
    "S70": [
      [
        "PAT_0150",
        0,
        0.0
      ],
      [
        "PAT_1909",
        0,
        5013.5521
      ]
    ],
    "S45": [
      [
        "PAT_1804",
        0,
        2616.7873
      ],
      [
        "PAT_1804",
        0,
        5671.6119
      ]
    ],
    "S41": [
      [
        "PAT_0637",
        0,
        0.0
      ],
      [
        "PAT_0637",
        0,
        3054.8246
      ]
    ],
    "S67": [
      [
        "PAT_1804",
        0,
        0.0
      ],
      [
        "PAT_1804",
        0,
        3054.8246
      ]
    ],
    "S118": [
      [
        "PAT_0647",
        0,
        0.0
      ],
      [
        "PAT_0647",
        0,
        3054.8246
      ],
      [
        "PAT_0646",
        0,
        6109.6492
      ]
    ],
    "S40": [
      [
        "PAT_0475",
        0,
        0.0
      ]
    ],
    "S84": [
      [
        "PAT_2411",
        0,
        0.0
      ],
      [
        "PAT_2597",
        1,
        3809.2068
      ]
    ],
    "S102": [
      [
        "PAT_0420",
        0,
        0.0
      ]
    ],
    "S131": [
      [
        "PAT_0420",
        0,
        0.0
      ]
    ],
    "S99": [
      [
        "PAT_2834",
        0,
        0.0
      ]
    ],
    "S108": [
      [
        "PAT_2937",
        0,
        862.3479
      ],
      [
        "PAT_0367",
        0,
        5100.4481
      ]
    ],