{
  "instance": "SYN_SWEEP5_SIZE_L_026",
  "method": "TS",
  "start_method": "greedy",
  "time_limit": 60.0,
  "cost": 17919.6366,
  "is_feasible": true,
  "unmet": {},
  "overprod": {
    "P3": 1,
    "P11": 2,
    "P14": 1
  },
  "elapsed_sec": 60.0,
  "active": {
    "S61": [
      [
        "PAT_0428",
        0,
        0.0
      ],
      [
        "PAT_0428",
        0,
        3691.6933
      ]
    ],
    "S45": [
      [
        "PAT_0020",
        0,
        0.0
      ],
      [
        "PAT_0006",
        0,
        3777.1758999999997
      ]
    ],
    "S31": [
      [
        "PAT_0420",
        0,
        0.0
      ],
      [
        "PAT_0420",
        0,
        3389.7458
      ]
    ],
    "S53": [
      [
        "PAT_0020",
        0,
        0.0
      ],
      [
        "PAT_0416",
        0,
        4964.0727
      ]
    ],
    "S85": [
      [
        "PAT_0410",
        0,
        1978.0809999999988
      ],
      [
        "PAT_0410",
        0,
        5285.338899999999
      ]
    ],
    "S17": [
      [
        "PAT_0019",
        0,
        0.0
      ],
      [
        "PAT_0008",
        0,
        4212.6530999999995
      ]
    ],
    "S34": [
      [
        "PAT_0410",
        0,
        0.0
      ],
      [
        "PAT_0054",
        0,
        3307.2579
      ]
    ],
    "S26": [
      [
        "PAT_0410",
        0,
        0.0
      ],
      [
        "PAT_0008",
        0,
        4980.7428
      ]
    ],
    "S47": [
      [
        "PAT_0020",
        0,
        0.0
      ],
      [
        "PAT_0069",
        0,
        3691.3166
      ]
    ],
    "S38": [
      [
        "PAT_0386",
        0,
        982.3034
      ],
      [
        "PAT_0063",
        1,
        4534.21
      ]
    ],
    "S73": [
      [
        "PAT_0019",
        0,
        0.0
      ],
      [
        "PAT_0019",
        0,
        3691.3166
      ]
    ],
    "S18": [
      [
        "PAT_0385",
        0,
        1493.7808
      ],
      [
        "PAT_0385",
        0,
        5045.6874
      ]
    ],
    "S67": [
      [
        "PAT_0019",
        0,
        0.0
      ],
      [
        "PAT_0019",
        0,
        3691.3166
      ]
    ],
    "S15": [
      [
        "PAT_0090",
        0,
        0.0
      ],
      [
        "PAT_0090",
        0,
        2749.3588
      ]
    ],
    "S50": [
      [
        "PAT_0064",
        0,
        668.4379
      ],
      [
        "PAT_0064",
        0,
        3417.7967
      ]
    ],
    "S27": [
      [
        "PAT_0401",
        0,
        0.0
      ],
      [
        "PAT_0012",
        0,
        2039.9138
      ],
      [
        "PAT_0012",
        0,
        4383.2954
      ]
    ],
    "S23": [
      [
        "PAT_0008",
        0,
        2487.635
      ]
    ],
    "S35": [
      [
        "PAT_0385",
        0,
        0.0
      ]
    ],
    "S3": [
      [
        "PAT_0385",
        0,
        1861.4783
      ]
    ],
    "S54": [
      [
        "PAT_0275",
        0,
        0.0
      ],
      [
        "PAT_0012",
        0,
        2271.9738
      ],
      [
        "PAT_0012",
        0,
        4615.3554
      ]
    ],
    "S5": [
      [
        "PAT_0386",
        0,
        0.0
      ],
      [
        "PAT_0387",
        0,
        3551.9066
      ]
    ],
    "S16": [
      [
        "PAT_0247",
        0,
        0.0
      ],
      [
        "PAT_0018",
        0,
        2159.0532
      ],
      [
        "PAT_0018",
        0,
        4867.3704
      ]
    ],
    "S8": [
      [
        "PAT_0410",
        0,
        1708.7852
      ]
    ],
    "S39": [
      [
        "PAT_0019",
        0,
        2740.4072
      ]
    ],
    "S7": [
      [
        "PAT_0028",
        0,
        0.0
      ],
      [
        "PAT_0039",
        0,
        2340.5233
      ]
    ],
    "S71": [
      [
        "PAT_0422",
        0,
        1108.0841
      ],
      [
        "PAT_0003",
        0,
        4497.829900000001
      ]
    ],
    "S82": [
      [
        "PAT_0008",
        0,
        0.0
      ],
      [
        "PAT_0007",
        1,
        4902.1814
      ]
    ],
    "S80": [
      [
        "PAT_0386",
        0,
        1108.0841
      ]
    ],
    "S42": [
      [
        "PAT_0008",
        0,
        0.0
      ],
      [
        "PAT_0412",
        0,
        3391.1792
      ]
    ],
    "S48": [
      [
        "PAT_0383",
        0,
        0.0
      ],
      [
        "PAT_0406",
        0,
        3551.9066
      ]
    ]
  }
}