{
  "instance": "SYN_SWEEP5_SIZE_XL_028",
  "method": "SA",
  "start_method": "multistart",
  "time_limit": 60.0,
  "cost": 31848.988,
  "is_feasible": true,
  "unmet": {},
  "overprod": {
    "P1": 2,
    "P6": 1,
    "P8": 1,
    "P11": 1,
    "P18": 1,
    "P23": 1,
    "P24": 1,
    "P25": 1,
    "P28": 2
  },
  "elapsed_sec": 2025.11,
  "active": {
    "S58": [
      [
        "PAT_6582",
        0,
        0.0
      ],
      [
        "PAT_6582",
        0,
        2706.1113
      ],
      [
        "PAT_6582",
        0,
        5412.2226
      ]
    ],
    "S97": [
      [
        "PAT_4749",
        0,
        0.0
      ],
      [
        "PAT_6126",
        0,
        3069.2984
      ],
      [
        "PAT_6126",
        0,
        5288.1793
      ]
    ],
    "S41": [
      [
        "PAT_6967",
        0,
        0.0
      ],
      [
        "PAT_6967",
        0,
        2854.2295
      ]
    ],
    "S54": [
      [
        "PAT_2453",
        0,
        0.0
      ],
      [
        "PAT_6212",
        0,
        2903.0729
      ],
      [
        "PAT_6212",
        0,
        5121.9538
      ]
    ],
    "S43": [
      [
        "PAT_6432",
        0,
        0.0
      ],
      [
        "PAT_6432",
        0,
        2706.1113
      ]
    ],
    "S84": [
      [
        "PAT_5009",
        0,
        0.0
      ],
      [
        "PAT_5009",
        0,
        2226.5864
      ],
      [
        "PAT_5009",
        0,
        4453.1728
      ]
    ],
    "S57": [
      [
        "PAT_6138",
        0,
        1219.305
      ],
      [
        "PAT_6138",
        0,
        3438.1859000000004
      ]
    ],
    "S119": [
      [
        "PAT_6962",
        0,
        0.0
      ],
      [
        "PAT_4701",
        0,
        3245.1569999999992
      ],
      [
        "PAT_4701",
        0,
        5812.556299999999
      ]
    ],
    "S27": [
      [
        "PAT_5225",
        0,
        0.0
      ],
      [
        "PAT_5225",
        0,
        2226.5864
      ],
      [
        "PAT_6137",
        0,
        4453.1728
      ]
    ],
    "S17": [
      [
        "PAT_4382",
        0,
        1358.7538
      ]
    ],
    "S90": [
      [
        "PAT_2885",
        0,
        0.0
      ],
      [
        "PAT_2885",
        0,
        2642.7612
      ],
      [
        "PAT_2022",
        0,
        5285.5224
      ]
    ],
    "S77": [
      [
        "PAT_0347",
        0,
        0.0
      ],
      [
        "PAT_0347",
        0,
        2642.7612
      ],
      [
        "PAT_0347",
        0,
        5285.5224
      ]
    ],
    "S20": [
      [
        "PAT_5964",
        0,
        0.0
      ],
      [
        "PAT_5792",
        0,
        2360.725
      ],
      [
        "PAT_5792",
        0,
        4587.3114000000005
      ]
    ],
    "S118": [
      [
        "PAT_5965",
        0,
        0.0
      ],
      [
        "PAT_6446",
        0,
        2226.5864
      ],
      [
        "PAT_4781",
        1,
        4985.818
      ]
    ],
    "S26": [
      [
        "PAT_4383",
        0,
        0.0
      ]
    ],
    "S21": [
      [
        "PAT_0334",
        0,
        0.0
      ],
      [
        "PAT_3829",
        0,
        3309.7228000000005
      ]
    ],
    "S135": [
      [
        "PAT_4382",
        0,
        0.0
      ]
    ],
    "S87": [
      [
        "PAT_4378",
        0,
        774.8481
      ]
    ],
    "S125": [
      [
        "PAT_6445",
        0,
        0.0
      ],
      [
        "PAT_6445",
        0,
        2706.1113
      ]
    ],
    "S24": [
      [
        "PAT_4492",
        0,
        0.0
      ],
      [
        "PAT_6445",
        1,
        4944.7437
      ]
    ],
    "S123": [
      [
        "PAT_0215",
        0,
        0.0
      ],
      [
        "PAT_0215",
        0,
        1746.1883
      ],
      [
        "PAT_0215",
        0,
        3492.3766
      ],
      [
        "PAT_0215",
        0,
        5238.5649
      ]
    ],
    "S68": [
      [
        "PAT_4382",
        0,
        1148.963
      ]
    ],
    "S80": [
      [
        "PAT_4481",
        0,
        0.0
      ]
    ],
    "S91": [
      [
        "PAT_4383",
        0,
        2642.7612
      ]
    ],
    "S117": [
      [
        "PAT_4440",
        0,
        0.0
      ]
    ],
    "S15": [
      [
        "PAT_0335",
        0,
        0.0
      ]
    ],
    "S29": [
      [
        "PAT_5008",
        0,
        0.0
      ],
      [
        "PAT_5008",
        0,
        2226.5864
      ],
      [
        "PAT_5008",
        0,
        4453.1728
      ]
    ],
    "S86": [
      [
        "PAT_4584",
        0,
        0.0
      ]
    ],
    "S144": [
      [
        "PAT_6676",
        0,
        0.0
      ],
      [
        "PAT_6676",
        0,
        2706.1113
      ],
      [
        "PAT_6145",
        0,
        5412.2226
      ]
    ],
    "S36": [
      [
        "PAT_5697",
        0,
        925.7222
      ],
      [
        "PAT_3312",
        2,
        3751.2507
      ]
    ],
    "S101": [
      [
        "PAT_4871",
        0,
        0.0
      ],
      [
        "PAT_4871",
        0,
        2567.3993
      ],
      [
        "PAT_4871",
        0,
        5134.7986
      ]
    ],
    "S40": [
      [
        "PAT_6445",
        0,
        0.0
      ],
      [
        "PAT_4646",
        0,
        2706.1113
      ]
    ],
    "S6": [
      [
        "PAT_2507",
        0,
        0.0
      ],
      [
        "PAT_4668",
        0,
        2642.7612
      ]
    ],
    "S140": [
      [
        "PAT_4784",
        0,
        1188.8435
      ],
      [
        "PAT_4749",
        0,
        3756.2428
      ]
    ],
    "S121": [
      [
        "PAT_6017",
        0,
        0.0
      ],
      [
        "PAT_6017",
        0,
        2218.8809
      ],
      [
        "PAT_6288",
        0,
        4437.7618
      ]
    ],
    "S74": [
      [
        "PAT_6445",
        0,
        0.0
      ],
      [
        "PAT_0335",
        0,
        2909.5099
      ]
    ],
    "S34": [
      [
        "PAT_3829",
        0,
        0.0
      ],
      [
        "PAT_4382",
        0,
        2642.7612
      ]
    ],
    "S96": [
      [
        "PAT_3681",
        0,
        0.0
      ],
      [
        "PAT_2836",
        0,
        2642.7612
      ]
    ],
    "S75": [
      [
        "PAT_0259",
        0,
        0.0
      ],
      [
        "PAT_4379",
        0,
        1746.1883
      ]
    ],
    "S70": [
      [
        "PAT_4450",
        0,
        0.0
      ]
    ],
    "S44": [
      [
        "PAT_4473",
        0,
        0.0
      ]
    ],
    "S59": [
      [
        "PAT_6802",
        0,
        0.0
      ],
      [
        "PAT_6823",
        0,
        2854.2295
      ]
    ],
    "S18": [
      [
        "PAT_4760",
        0,
        736.7812
      ],
      [
        "PAT_1467",
        0,
        3304.1805
      ]
    ],
    "S141": [
      [
        "PAT_4382",
        0,
        2785.45
      ]
    ],
    "S99": [
      [
        "PAT_4841",
        0,
        0.0
      ],
      [
        "PAT_4841",
        0,
        2567.3993
      ],
      [
        "PAT_6235",
        0,
        5134.7986
      ]
    ],