{
  "instance": "SYN_SWEEP5_SIZE_XL_003",
  "method": "TS",
  "start_method": "greedy",
  "time_limit": 60.0,
  "cost": 27084.7899,
  "is_feasible": true,
  "unmet": {},
  "overprod": {
    "P4": 1,
    "P21": 1,
    "P39": 1
  },
  "elapsed_sec": 60.1,
  "active": {
    "S89": [
      [
        "PAT_2531",
        0,
        0.0
      ],
      [
        "PAT_2531",
        0,
        1503.1245
      ]
    ],
    "S129": [
      [
        "PAT_0409",
        0,
        0.0
      ],
      [
        "PAT_0409",
        0,
        3220.3562
      ]
    ],
    "S46": [
      [
        "PAT_2086",
        0,
        0.0
      ]
    ],
    "S139": [
      [
        "PAT_1789",
        0,
        0.0
      ],
      [
        "PAT_1789",
        0,
        2515.0894
      ]
    ],
    "S141": [
      [
        "PAT_1573",
        0,
        0.0
      ]
    ],
    "S79": [
      [
        "PAT_0007",
        0,
        0.0
      ]
    ],
    "S74": [
      [
        "PAT_1845",
        0,
        0.0
      ],
      [
        "PAT_1845",
        0,
        2515.0894
      ]
    ],
    "S68": [
      [
        "PAT_1298",
        0,
        0.0
      ],
      [
        "PAT_2144",
        0,
        4384.425
      ]
    ],
    "S51": [
      [
        "PAT_1770",
        0,
        1974.0457000000006
      ],
      [
        "PAT_1770",
        0,
        4489.1351
      ]
    ],
    "S28": [
      [
        "PAT_2061",
        0,
        2242.546
      ]
    ],
    "S152": [
      [
        "PAT_4667",
        0,
        0.0
      ],
      [
        "PAT_4667",
        0,
        2103.0053
      ]
    ],
    "S135": [
      [
        "PAT_1634",
        0,
        0.0
      ]
    ],
    "S82": [
      [
        "PAT_4685",
        1,
        1326.771
      ],
      [
        "PAT_4685",
        1,
        3429.7762999999995
      ]
    ],
    "S13": [
      [
        "PAT_0015",
        0,
        1534.5933
      ]
    ],
    "S87": [
      [
        "PAT_0015",
        0,
        0.0
      ]
    ],
    "S83": [
      [
        "PAT_0097",
        0,
        2675.4697
      ]
    ],
    "S155": [
      [
        "PAT_0097",
        0,
        0.0
      ]
    ],
    "S57": [
      [
        "PAT_3140",
        0,
        0.0
      ],
      [
        "PAT_1976",
        0,
        3462.3614999999995
      ]
    ],
    "S123": [
      [
        "PAT_1854",
        0,
        0.0
      ]
    ],
    "S39": [
      [
        "PAT_3135",
        0,
        0.0
      ]
    ],
    "S157": [
      [
        "PAT_0011",
        0,
        1734.5015
      ]
    ],
    "S43": [
      [
        "PAT_1896",
        0,
        0.0
      ]
    ],
    "S91": [
      [
        "PAT_1221",
        0,
        0.0
      ]
    ],
    "S19": [
      [
        "PAT_1852",
        0,
        0.0
      ]
    ],
    "S15": [
      [
        "PAT_0010",
        0,
        0.0
      ]
    ],
    "S29": [
      [
        "PAT_1852",
        0,
        1282.7359
      ]
    ],
    "S130": [
      [
        "PAT_0010",
        0,
        0.0
      ]
    ],
    "S140": [
      [
        "PAT_0010",
        0,
        741.6019
      ]
    ],
    "S94": [
      [
        "PAT_1852",
        0,
        1201.6838
      ]
    ],
    "S47": [
      [
        "PAT_0010",
        0,
        0.0
      ]
    ],
    "S107": [
      [
        "PAT_1852",
        0,
        2557.63
      ]
    ],
    "S100": [
      [
        "PAT_1852",
        0,
        1806.0847
      ]
    ],
    "S93": [
      [
        "PAT_1852",
        0,
        0.0
      ]
    ],
    "S60": [
      [
        "PAT_1870",
        0,
        0.0
      ]
    ],
    "S58": [
      [
        "PAT_1872",
        0,
        0.0
      ]
    ],
    "S9": [
      [
        "PAT_1870",
        0,
        0.0
      ]
    ],
    "S84": [
      [
        "PAT_1870",
        0,
        0.0
      ]
    ],
    "S52": [
      [
        "PAT_4505",
        0,
        0.0
      ],
      [
        "PAT_4505",
        0,
        3361.7081
      ]
    ],
    "S119": [
      [
        "PAT_6260",
        0,
        0.0
      ],
      [
        "PAT_4018",
        0,
        3901.2559
      ]
    ],
    "S148": [
      [
        "PAT_6276",
        0,
        0.0
      ],
      [
        "PAT_6276",
        0,
        3254.2794
      ]
    ],
    "S37": [
      [
        "PAT_8367",
        0,
        2180.3312
      ]
    ],
    "S146": [
      [
        "PAT_8692",
        0,
        1882.2295
      ]
    ],
    "S153": [
      [
        "PAT_7111",
        0,
        2812.2317
      ]
    ],
    "S150": [
      [
        "PAT_4660",
        0,
        0.0
      ],
      [
        "PAT_4642",
        0,
        2103.0053
      ],
      [
        "PAT_3094",
        2,
        4980.5838
      ]
    ],
    "S20": [
      [
        "PAT_1850",
        0,
        0.0
      ],
      [
        "PAT_4689",
        0,
        4083.9753
      ]
    ],
    "S56": [
      [
        "PAT_0473",
        0,
        0.0
      ],
      [
        "PAT_1850",
        0,
        3261.458
      ]
    ],
    "S64": [
      [
        "PAT_7008",
        0,
        0.0
      ],
      [
        "PAT_3136",
        0,
        3537.4351
      ]
    ],
    "S88": [
      [
        "PAT_1894",
        0,
        1541.8202
      ]
    ],
    "S109": [
      [
        "PAT_3077",
        0,
        0.0
      ],
      [
        "PAT_1215",
        0,
        1916.871
      ]
    ],
    "S49": [
      [
        "PAT_1898",
        0,
        1766.7224
      ]
    ],
    "S38": [
      [
        "PAT_1872",
        0,
        1709.3234
      ]
    ],
    "S26": [
      [
        "PAT_1862",
        0,
        0.0
      ]
    ],
    "S73": [
      [
        "PAT_4608",
        0,
        0.0
      ],
      [
        "PAT_6820",
        0,
        2103.0053
      ]
    ]
  }
}