{
  "instance": "SYN_SWEEP5_SIZE_L_007",
  "method": "multistart",
  "start_method": "none",
  "time_limit": 60.0,
  "cost": 12130.2249,
  "is_feasible": true,
  "unmet": {},
  "overprod": {
    "P2": 1,
    "P6": 1,
    "P12": 1
  },
  "elapsed_sec": 6.84,
  "active": {
    "S20": [
      [
        "PAT_1364",
        0,
        0.0
      ],
      [
        "PAT_1364",
        0,
        3626.1134
      ]
    ],
    "S35": [
      [
        "PAT_0626",
        0,
        2144.1418
      ]
    ],
    "S15": [
      [
        "PAT_0046",
        0,
        488.727
      ],
      [
        "PAT_0008",
        1,
        3813.2309999999998
      ]
    ],
    "S48": [
      [
        "PAT_0017",
        0,
        0.0
      ],
      [
        "PAT_0017",
        0,
        2612.0874
      ],
      [
        "PAT_0032",
        0,
        5224.1748
      ]
    ],
    "S56": [
      [
        "PAT_1322",
        0,
        905.8077
      ],
      [
        "PAT_0003",
        1,
        4531.9211000000005
      ]
    ],
    "S66": [
      [
        "PAT_0039",
        0,
        0.0
      ],
      [
        "PAT_1204",
        0,
        3324.504
      ]
    ],
    "S25": [
      [
        "PAT_1391",
        0,
        0.0
      ],
      [
        "PAT_1391",
        0,
        3200.0299
      ],
      [
        "PAT_0002",
        0,
        6400.0598
      ]
    ],
    "S4": [
      [
        "PAT_1392",
        0,
        0.0
      ],
      [
        "PAT_0001",
        0,
        3200.0299
      ]
    ],
    "S64": [
      [
        "PAT_1549",
        0,
        1325.162
      ],
      [
        "PAT_0642",
        0,
        4525.1919
      ]
    ],
    "S51": [
      [
        "PAT_0499",
        0,
        0.0
      ],
      [
        "PAT_0858",
        0,
        3259.155
      ]
    ],
    "S42": [
      [
        "PAT_0601",
        0,
        0.0
      ],
      [
        "PAT_0601",
        0,
        3259.155
      ]
    ],
    "S11": [
      [
        "PAT_1383",
        0,
        0.0
      ]
    ],
    "S23": [
      [
        "PAT_0656",
        0,
        2198.9035
      ]
    ],
    "S44": [
      [
        "PAT_0548",
        0,
        0.0
      ]
    ],
    "S27": [
      [
        "PAT_1185",
        0,
        0.0
      ],
      [
        "PAT_1185",
        1,
        5901.4466
      ]
    ],
    "S9": [
      [
        "PAT_0630",
        0,
        2629.3634
      ]
    ],
    "S16": [
      [
        "PAT_0081",
        0,
        0.0
      ],
      [
        "PAT_0738",
        0,
        3259.155
      ]
    ],
    "S2": [
      [
        "PAT_0081",
        0,
        1261.4815
      ]
    ],
    "S17": [
      [
        "PAT_0630",
        0,
        0.0
      ]
    ],
    "S22": [
      [
        "PAT_0660",
        0,
        2333.0964
      ]
    ],
    "S32": [
      [
        "PAT_0660",
        0,
        3326.2244
      ]
    ],
    "S45": [
      [
        "PAT_0659",
        0,
        0.0
      ]
    ]
  }
}