{
  "instance": "SYN_SWEEP5_SIZE_XL_009",
  "method": "GRASP_SA",
  "start_method": "none",
  "time_limit": 60.0,
  "cost": 33870.8103,
  "is_feasible": true,
  "unmet": {},
  "overprod": {
    "P2": 3,
    "P6": 3,
    "P12": 1,
    "P29": 3,
    "P30": 2,
    "P33": 1
  },
  "elapsed_sec": 60.05,
  "active": {
    "S154": [
      [
        "PAT_3141",
        0,
        0.0
      ],
      [
        "PAT_2886",
        0,
        1074.2443999999996
      ],
      [
        "PAT_2886",
        0,
        5312.344599999999
      ]
    ],
    "S53": [
      [
        "PAT_0010",
        0,
        0.0
      ],
      [
        "PAT_2895",
        0,
        3929.2817999999997
      ]
    ],
    "S70": [
      [
        "PAT_0368",
        0,
        0.0
      ],
      [
        "PAT_0369",
        0,
        5013.5521
      ]
    ],
    "S118": [
      [
        "PAT_0647",
        0,
        0.0
      ],
      [
        "PAT_0647",
        0,
        3054.8246
      ]
    ],
    "S134": [
      [
        "PAT_0002",
        0,
        0.0
      ],
      [
        "PAT_0363",
        1,
        5470.0637
      ]
    ],
    "S112": [
      [
        "PAT_2215",
        0,
        0.0
      ],
      [
        "PAT_0380",
        0,
        3054.8246
      ]
    ],
    "S140": [
      [
        "PAT_0291",
        0,
        1343.8132
      ],
      [
        "PAT_0559",
        0,
        2587.3754000000004
      ],
      [
        "PAT_0569",
        0,
        5964.9979
      ]
    ],
    "S62": [
      [
        "PAT_0017",
        0,
        1647.7446
      ],
      [
        "PAT_0017",
        0,
        4966.67
      ]
    ],
    "S91": [
      [
        "PAT_0420",
        0,
        0.0
      ]
    ],
    "S7": [
      [
        "PAT_3079",
        0,
        0.0
      ],
      [
        "PAT_0421",
        0,
        1927.2049
      ]
    ],
    "S153": [
      [
        "PAT_3210",
        0,
        0.0
      ],
      [
        "PAT_1552",
        0,
        1126.7332000000006
      ],
      [
        "PAT_3082",
        0,
        4181.5578000000005
      ],
      [
        "PAT_0823",
        0,
        5149.108200000001
      ]
    ],
    "S44": [
      [
        "PAT_0002",
        0,
        0.0
      ],
      [
        "PAT_1911",
        0,
        3460.7291999999998
      ]
    ],
    "S108": [
      [
        "PAT_0274",
        0,
        0.0
      ],
      [
        "PAT_0616",
        0,
        1121.3635
      ],
      [
        "PAT_3075",
        0,
        4498.986
      ]
    ],
    "S64": [
      [
        "PAT_3121",
        0,
        0.0
      ],
      [
        "PAT_3121",
        0,
        862.3479
      ],
      [
        "PAT_3121",
        0,
        1724.6958
      ],
      [
        "PAT_0290",
        0,
        2587.0437
      ],
      [
        "PAT_0107",
        0,
        4623.3232
      ]
    ],
    "S145": [
      [
        "PAT_1850",
        0,
        1023.0943
      ],
      [
        "PAT_0002",
        0,
        4077.9188999999997
      ]
    ],
    "S56": [
      [
        "PAT_0135",
        0,
        0.0
      ]
    ],
    "S160": [
      [
        "PAT_0297",
        0,
        1599.0302
      ],
      [
        "PAT_0564",
        0,
        3760.2077
      ]
    ],
    "S28": [
      [
        "PAT_2949",
        0,
        0.0
      ],
      [
        "PAT_2949",
        0,
        4238.1002
      ]
    ],
    "S115": [
      [
        "PAT_2089",
        0,
        0.0
      ],
      [
        "PAT_2833",
        0,
        3054.8246
      ]
    ],
    "S101": [
      [
        "PAT_0309",
        0,
        0.0
      ],
      [
        "PAT_2593",
        0,
        2192.8699
      ],
      [
        "PAT_0207",
        0,
        5247.6945
      ]
    ],
    "S156": [
      [
        "PAT_0567",
        0,
        2297.3019
      ]
    ],
    "S1": [
      [
        "PAT_2294",
        0,
        0.0
      ],
      [
        "PAT_1261",
        0,
        3054.8246
      ]
    ],
    "S77": [
      [
        "PAT_0311",
        0,
        0.0
      ],
      [
        "PAT_1909",
        0,
        1786.2699
      ],
      [
        "PAT_2371",
        1,
        4841.0945
      ]
    ],
    "S32": [
      [
        "PAT_0363",
        0,
        0.0
      ],
      [
        "PAT_0204",
        0,
        2297.3019
      ]
    ],
    "S36": [
      [
        "PAT_0446",
        0,
        0.0
      ],
      [
        "PAT_0362",
        0,
        5064.0538
      ]
    ],
    "S41": [
      [
        "PAT_0027",
        0,
        0.0
      ]
    ],
    "S142": [
      [
        "PAT_0017",
        0,
        0.0
      ],
      [
        "PAT_0562",
        1,
        4788.6467
      ]
    ],
    "S73": [
      [
        "PAT_0017",
        0,
        0.0
      ]
    ],
    "S104": [
      [
        "PAT_0224",
        0,
        0.0
      ]
    ],
    "S89": [
      [
        "PAT_1137",
        0,
        0.0
      ],
      [
        "PAT_0055",
        0,
        3054.8246
      ]
    ],
    "S126": [
      [
        "PAT_0566",
        0,
        2562.2856
      ]
    ],
    "S149": [
      [
        "PAT_0086",
        0,
        0.0
      ]
    ],
    "S12": [
      [
        "PAT_0453",
        0,
        855.4905
      ]
    ],
    "S25": [
      [
        "PAT_2770",
        0,
        0.0
      ],
      [
        "PAT_0486",
        0,
        3054.8246
      ]
    ],
    "S123": [
      [
        "PAT_0441",
        0,
        1653.1818
      ]
    ],
    "S43": [
      [
        "PAT_0833",
        0,
        0.0
      ],
      [
        "PAT_0188",
        1,
        3882.2561
      ]
    ],
    "S116": [
      [
        "PAT_0613",
        0,
        2660.8972
      ]
    ],
    "S3": [
      [
        "PAT_0207",
        0,
        3473.6181
      ]
    ],
    "S30": [
      [
        "PAT_3044",
        0,
        1627.6891
      ]
    ],
    "S78": [
      [
        "PAT_0002",
        0,
        3987.9381
      ]
    ],
    "S127": [
      [
        "PAT_0086",
        0,
        2489.7586
      ]
    ],
    "S48": [
      [
        "PAT_0014",
        0,
        3658.9347
      ]
    ],
    "S94": [
      [
        "PAT_3272",
        0,
        0.0
      ],
      [
        "PAT_2933",
        0,
        862.3479
      ],
      [
        "PAT_0304",
        0,
        5100.4481
      ]
    ],
    "S114": [
      [
        "PAT_0083",
        0,
        2084.8125
      ]
    ],
    "S148": [
      [
        "PAT_2942",
        0,
        0.0
      ]
    ],
    "S159": [
      [
        "PAT_3040",
        0,
        1831.4577
      ]
    ],
    "S111": [
      [
        "PAT_0013",
        0,
        0.0
      ]
    ],
    "S158": [
      [
        "PAT_1197",
        0,
        0.0
      ],
      [
        "PAT_0168",
        0,
        3054.8246
      ]
    ],
    "S22": [
      [
        "PAT_0001",
        0,
        1841.3873
      ]
    ],
    "S35": [
      [
        "PAT_0439",
        0,
        1134.3477
      ]
    ],
    "S68": [
      [
        "PAT_0221",
        0,
        0.0
      ],
      [
        "PAT_0567",
        1,
        5337.3369
      ]
    ],
    "S47": [
      [
        "PAT_0481",
        0,
        2574.1866
      ]
    ],