{
  "instance": "SYN_SWEEP5_SIZE_XL_012",
  "method": "SA",
  "start_method": "greedy",
  "time_limit": 60.0,
  "cost": 29750.8017,
  "is_feasible": true,
  "unmet": {},
  "overprod": {
    "P1": 1,
    "P15": 1,
    "P16": 1,
    "P21": 3,
    "P31": 3,
    "P33": 3,
    "P39": 1,
    "P40": 2,
    "P41": 1,
    "P42": 1,
    "P43": 1
  },
  "elapsed_sec": 60.17,
  "active": {
    "S73": [
      [
        "PAT_12197",
        0,
        0.0
      ],
      [
        "PAT_12197",
        0,
        2992.5542
      ]
    ],
    "S31": [
      [
        "PAT_16543",
        0,
        0.0
      ],
      [
        "PAT_12797",
        0,
        3251.116
      ],
      [
        "PAT_12797",
        0,
        5022.027599999999
      ]
    ],
    "S2": [
      [
        "PAT_11697",
        0,
        0.0
      ],
      [
        "PAT_11697",
        0,
        3298.3137
      ]
    ],
    "S30": [
      [
        "PAT_19172",
        0,
        0.0
      ],
      [
        "PAT_10659",
        0,
        3896.0093999999995
      ]
    ],
    "S38": [
      [
        "PAT_11695",
        0,
        0.0
      ],
      [
        "PAT_0047",
        0,
        3298.3137
      ]
    ],
    "S127": [
      [
        "PAT_3890",
        0,
        0.0
      ],
      [
        "PAT_11756",
        0,
        4328.7466
      ]
    ],
    "S145": [
      [
        "PAT_11875",
        0,
        0.0
      ],
      [
        "PAT_11875",
        0,
        2992.5542
      ]
    ],
    "S129": [
      [
        "PAT_23278",
        0,
        1059.3066
      ],
      [
        "PAT_12985",
        0,
        4234.8874
      ]
    ],
    "S72": [
      [
        "PAT_11735",
        0,
        0.0
      ],
      [
        "PAT_14572",
        0,
        3576.3951
      ]
    ],
    "S56": [
      [
        "PAT_0039",
        0,
        0.0
      ],
      [
        "PAT_0039",
        0,
        4016.182
      ]
    ],
    "S77": [
      [
        "PAT_11233",
        0,
        0.0
      ],
      [
        "PAT_16543",
        0,
        4904.6665
      ]
    ],
    "S47": [
      [
        "PAT_11827",
        0,
        0.0
      ],
      [
        "PAT_11322",
        1,
        5364.1428
      ]
    ],
    "S131": [
      [
        "PAT_12986",
        0,
        0.0
      ],
      [
        "PAT_11233",
        0,
        3298.3137
      ],
      [
        "PAT_16520",
        1,
        6596.6274
      ]
    ],
    "S119": [
      [
        "PAT_10053",
        0,
        0.0
      ],
      [
        "PAT_10004",
        0,
        3963.4487
      ]
    ],
    "S37": [
      [
        "PAT_20165",
        0,
        0.0
      ],
      [
        "PAT_13790",
        0,
        4025.1849
      ]
    ],
    "S132": [
      [
        "PAT_14569",
        0,
        0.0
      ],
      [
        "PAT_16408",
        0,
        4278.8492
      ]
    ],
    "S106": [
      [
        "PAT_10154",
        0,
        0.0
      ],
      [
        "PAT_0003",
        0,
        4016.182
      ]
    ],
    "S61": [
      [
        "PAT_12943",
        0,
        0.0
      ],
      [
        "PAT_0053",
        0,
        3506.1287
      ]
    ],
    "S99": [
      [
        "PAT_10223",
        0,
        1364.1204
      ],
      [
        "PAT_16615",
        1,
        5053.068300000001
      ]
    ],
    "S39": [
      [
        "PAT_17441",
        0,
        0.0
      ],
      [
        "PAT_17441",
        0,
        3043.4791
      ]
    ],
    "S23": [
      [
        "PAT_12495",
        0,
        0.0
      ],
      [
        "PAT_13730",
        0,
        4052.1744
      ]
    ],
    "S13": [
      [
        "PAT_3869",
        0,
        0.0
      ],
      [
        "PAT_11876",
        0,
        4495.7792
      ]
    ],
    "S7": [
      [
        "PAT_12871",
        0,
        0.0
      ],
      [
        "PAT_16615",
        0,
        2664.7418
      ],
      [
        "PAT_10043",
        0,
        5808.1938
      ]
    ],
    "S120": [
      [
        "PAT_0045",
        0,
        0.0
      ]
    ],
    "S112": [
      [
        "PAT_12779",
        0,
        2049.9989
      ],
      [
        "PAT_0051",
        0,
        4763.533399999999
      ]
    ],
    "S142": [
      [
        "PAT_11747",
        0,
        0.0
      ],
      [
        "PAT_11818",
        0,
        3576.3951
      ]
    ],
    "S101": [
      [
        "PAT_18906",
        0,
        0.0
      ],
      [
        "PAT_19422",
        0,
        3043.4791
      ]
    ],
    "S17": [
      [
        "PAT_16619",
        0,
        2676.3153
      ],
      [
        "PAT_16619",
        0,
        5719.794400000001
      ]
    ],
    "S74": [
      [
        "PAT_18765",
        0,
        0.0
      ],
      [
        "PAT_12985",
        0,
        3452.6432
      ]
    ],
    "S42": [
      [
        "PAT_16563",
        0,
        0.0
      ],
      [
        "PAT_8574",
        0,
        4106.4803
      ]
    ],
    "S75": [
      [
        "PAT_20361",
        0,
        0.0
      ],
      [
        "PAT_13617",
        1,
        3043.4791
      ]
    ],
    "S67": [
      [
        "PAT_16520",
        0,
        0.0
      ],
      [
        "PAT_4146",
        0,
        2948.904
      ]
    ],
    "S20": [
      [
        "PAT_3757",
        0,
        0.0
      ]
    ],
    "S1": [
      [
        "PAT_23929",
        0,
        0.0
      ],
      [
        "PAT_0003",
        1,
        3043.4791
      ]
    ],
    "S141": [
      [
        "PAT_7990",
        0,
        0.0
      ],
      [
        "PAT_11872",
        1,
        4016.182
      ]
    ],
    "S94": [
      [
        "PAT_15995",
        0,
        0.0
      ],
      [
        "PAT_10227",
        0,
        3025.2007
      ]
    ],
    "S41": [
      [
        "PAT_8681",
        0,
        1501.7257
      ]
    ],
    "S76": [
      [
        "PAT_10021",
        0,
        0.0
      ]
    ],
    "S8": [
      [
        "PAT_16469",
        0,
        0.0
      ],
      [
        "PAT_21880",
        0,
        3323.7302
      ]
    ],
    "S102": [
      [
        "PAT_11826",
        0,
        2786.804
      ],
      [
        "PAT_16593",
        0,
        6363.1991
      ]
    ],
    "S100": [
      [
        "PAT_11426",
        0,
        0.0
      ],
      [
        "PAT_24001",
        0,
        3298.3137
      ]
    ],
    "S105": [
      [
        "PAT_7222",
        0,
        0.0
      ],
      [
        "PAT_11052",
        0,
        4016.182
      ]
    ],
    "S81": [
      [
        "PAT_10004",
        0,
        0.0
      ],
      [
        "PAT_11349",
        1,
        4699.8915
      ]
    ],
    "S108": [
      [
        "PAT_14606",
        0,
        0.0
      ],
      [
        "PAT_14606",
        0,
        3025.2007
      ],
      [
        "PAT_15702",
        0,
        6050.4014
      ]
    ],
    "S14": [
      [
        "PAT_24346",
        0,
        2791.9013
      ]
    ],
    "S45": [
      [
        "PAT_8086",
        0,
        0.0
      ],
      [
        "PAT_21789",
        1,
        4947.6465
      ]
    ]
  }
}