{
  "instance": "SYN_SWEEP5_SIZE_L_001",
  "method": "GRASP_SA",
  "start_method": "none",
  "time_limit": 60.0,
  "cost": 17993.8508,
  "is_feasible": true,
  "unmet": {},
  "overprod": {
    "P9": 1,
    "P10": 2,
    "P16": 4,
    "P19": 1,
    "P30": 1
  },
  "elapsed_sec": 60.24,
  "active": {
    "S81": [
      [
        "PAT_2657",
        0,
        0.0
      ],
      [
        "PAT_1140",
        0,
        2819.2704
      ],
      [
        "PAT_1140",
        0,
        5281.7626
      ]
    ],
    "S72": [
      [
        "PAT_3622",
        0,
        0.0
      ],
      [
        "PAT_5813",
        0,
        3137.820500000001
      ],
      [
        "PAT_5813",
        0,
        5777.860200000001
      ]
    ],
    "S78": [
      [
        "PAT_2383",
        0,
        0.0
      ],
      [
        "PAT_2326",
        0,
        3886.924599999999
      ],
      [
        "PAT_2326",
        0,
        6349.416799999999
      ]
    ],
    "S67": [
      [
        "PAT_3994",
        0,
        0.0
      ],
      [
        "PAT_3078",
        0,
        4403.0563
      ]
    ],
    "S6": [
      [
        "PAT_4887",
        0,
        0.0
      ]
    ],
    "S20": [
      [
        "PAT_2371",
        0,
        558.3417
      ]
    ],
    "S37": [
      [
        "PAT_2361",
        0,
        0.0
      ],
      [
        "PAT_5890",
        0,
        3803.4146
      ]
    ],
    "S27": [
      [
        "PAT_4004",
        0,
        0.0
      ],
      [
        "PAT_5674",
        0,
        4395.4249
      ]
    ],
    "S31": [
      [
        "PAT_5510",
        0,
        0.0
      ]
    ],
    "S10": [
      [
        "PAT_2442",
        0,
        0.0
      ],
      [
        "PAT_4004",
        0,
        3803.4146
      ]
    ],
    "S2": [
      [
        "PAT_5028",
        0,
        0.0
      ]
    ],
    "S36": [
      [
        "PAT_2929",
        0,
        0.0
      ],
      [
        "PAT_2638",
        0,
        2349.7382
      ],
      [
        "PAT_0340",
        1,
        4699.4764
      ]
    ],
    "S45": [
      [
        "PAT_2548",
        0,
        0.0
      ],
      [
        "PAT_4381",
        0,
        3358.5045
      ]
    ],
    "S22": [
      [
        "PAT_5664",
        0,
        0.0
      ]
    ],
    "S18": [
      [
        "PAT_3169",
        0,
        0.0
      ],
      [
        "PAT_5477",
        0,
        2164.6691
      ]
    ],
    "S25": [
      [
        "PAT_3360",
        0,
        0.0
      ],
      [
        "PAT_3360",
        0,
        2949.2809
      ],
      [
        "PAT_5731",
        0,
        5898.5618
      ]
    ],
    "S12": [
      [
        "PAT_3999",
        0,
        0.0
      ]
    ],
    "S58": [
      [
        "PAT_4181",
        0,
        1353.5019
      ]
    ],
    "S24": [
      [
        "PAT_4194",
        0,
        1381.4364
      ]
    ],
    "S30": [
      [
        "PAT_4038",
        0,
        1733.8167
      ]
    ],
    "S68": [
      [
        "PAT_4345",
        0,
        2451.4772
      ]
    ],
    "S66": [
      [
        "PAT_4381",
        0,
        1245.6383
      ]
    ],
    "S7": [
      [
        "PAT_3999",
        0,
        1126.6593
      ]
    ],
    "S46": [
      [
        "PAT_5709",
        0,
        0.0
      ],
      [
        "PAT_5709",
        0,
        2519.9689
      ],
      [
        "PAT_3169",
        0,
        5039.9378
      ]
    ],
    "S13": [
      [
        "PAT_3144",
        0,
        0.0
      ],
      [
        "PAT_3144",
        0,
        2349.7382
      ],
      [
        "PAT_2548",
        0,
        4699.4764
      ]
    ],
    "S74": [
      [
        "PAT_5859",
        0,
        0.0
      ],
      [
        "PAT_2576",
        1,
        2640.0397
      ],
      [
        "PAT_3155",
        0,
        4989.777899999999
      ]
    ],
    "S56": [
      [
        "PAT_3964",
        0,
        1575.1553
      ],
      [
        "PAT_3620",
        0,
        4524.4362
      ]
    ],
    "S8": [
      [
        "PAT_5697",
        0,
        0.0
      ],
      [
        "PAT_3171",
        1,
        2519.9689
      ]
    ],
    "S41": [
      [
        "PAT_3024",
        0,
        2013.2326
      ],
      [
        "PAT_3167",
        1,
        4362.9708
      ]
    ],
    "S63": [
      [
        "PAT_2345",
        0,
        0.0
      ],
      [
        "PAT_2345",
        0,
        2462.4922
      ],
      [
        "PAT_2345",
        0,
        4924.9844
      ]
    ]
  }
}