{
  "instance": "SYN_SWEEP5_SIZE_XL_005",
  "method": "ILS_SA",
  "start_method": "multistart",
  "time_limit": 60.0,
  "cost": 26600.1131,
  "is_feasible": true,
  "unmet": {},
  "overprod": {
    "P4": 2,
    "P8": 1,
    "P10": 2,
    "P22": 1,
    "P24": 9,
    "P25": 1,
    "P42": 1
  },
  "elapsed_sec": 197.88,
  "active": {
    "S40": [
      [
        "PAT_0092",
        0,
        0.0
      ],
      [
        "PAT_19205",
        0,
        2328.2147999999997
      ],
      [
        "PAT_19205",
        0,
        3336.9456999999998
      ]
    ],
    "S126": [
      [
        "PAT_18776",
        0,
        0.0
      ],
      [
        "PAT_18776",
        0,
        1555.9875
      ],
      [
        "PAT_18776",
        0,
        3111.975
      ]
    ],
    "S132": [
      [
        "PAT_12049",
        0,
        0.0
      ],
      [
        "PAT_11877",
        0,
        2128.1749
      ]
    ],
    "S75": [
      [
        "PAT_17174",
        0,
        0.0
      ],
      [
        "PAT_17174",
        0,
        1763.834
      ],
      [
        "PAT_17174",
        0,
        3527.668
      ]
    ],
    "S92": [
      [
        "PAT_7116",
        0,
        0.0
      ],
      [
        "PAT_0018",
        0,
        2280.4609
      ]
    ],
    "S49": [
      [
        "PAT_18571",
        0,
        796.5085
      ]
    ],
    "S67": [
      [
        "PAT_0021",
        0,
        0.0
      ],
      [
        "PAT_18622",
        0,
        3629.5719
      ]
    ],
    "S5": [
      [
        "PAT_17384",
        0,
        2465.9103
      ]
    ],
    "S104": [
      [
        "PAT_11967",
        0,
        0.0
      ]
    ],
    "S7": [
      [
        "PAT_10787",
        0,
        1063.5686
      ]
    ],
    "S121": [
      [
        "PAT_19046",
        0,
        0.0
      ]
    ],
    "S114": [
      [
        "PAT_17353",
        0,
        1469.442
      ]
    ],
    "S110": [
      [
        "PAT_10740",
        0,
        0.0
      ],
      [
        "PAT_12021",
        1,
        2615.2425
      ]
    ],
    "S130": [
      [
        "PAT_17388",
        0,
        1489.3244
      ]
    ],
    "S117": [
      [
        "PAT_16721",
        0,
        0.0
      ],
      [
        "PAT_2162",
        0,
        3086.2041
      ]
    ],
    "S2": [
      [
        "PAT_3319",
        0,
        0.0
      ],
      [
        "PAT_3319",
        0,
        2209.3725
      ]
    ],
    "S54": [
      [
        "PAT_0095",
        0,
        1488.31
      ],
      [
        "PAT_0095",
        0,
        3697.6825
      ]
    ],
    "S93": [
      [
        "PAT_3447",
        0,
        0.0
      ],
      [
        "PAT_3447",
        0,
        2209.3725
      ]
    ],
    "S32": [
      [
        "PAT_0092",
        0,
        0.0
      ],
      [
        "PAT_18937",
        1,
        2728.2684
      ]
    ],
    "S80": [
      [
        "PAT_0050",
        0,
        0.0
      ],
      [
        "PAT_3885",
        0,
        2391.8336
      ]
    ],
    "S140": [
      [
        "PAT_10668",
        0,
        0.0
      ],
      [
        "PAT_9575",
        0,
        2901.0712
      ]
    ],
    "S23": [
      [
        "PAT_12874",
        0,
        0.0
      ],
      [
        "PAT_12874",
        0,
        1763.834
      ],
      [
        "PAT_12874",
        0,
        3527.668
      ]
    ],
    "S29": [
      [
        "PAT_10802",
        0,
        0.0
      ],
      [
        "PAT_10802",
        0,
        2615.2425
      ]
    ],
    "S15": [
      [
        "PAT_16320",
        0,
        0.0
      ],
      [
        "PAT_11995",
        0,
        1763.834
      ]
    ],
    "S105": [
      [
        "PAT_0030",
        0,
        0.0
      ]
    ],
    "S72": [
      [
        "PAT_10254",
        0,
        0.0
      ],
      [
        "PAT_18641",
        0,
        2615.2425
      ]
    ],
    "S118": [
      [
        "PAT_11816",
        0,
        1180.2981
      ],
      [
        "PAT_11816",
        0,
        3506.2397
      ]
    ],
    "S22": [
      [
        "PAT_18294",
        0,
        752.6833
      ]
    ],
    "S129": [
      [
        "PAT_10097",
        0,
        0.0
      ],
      [
        "PAT_10097",
        0,
        2615.2425
      ]
    ],
    "S65": [
      [
        "PAT_17356",
        0,
        0.0
      ]
    ],
    "S56": [
      [
        "PAT_3086",
        0,
        0.0
      ],
      [
        "PAT_19046",
        1,
        3144.1294
      ]
    ],
    "S85": [
      [
        "PAT_18357",
        0,
        0.0
      ],
      [
        "PAT_19205",
        1,
        4368.6568
      ]
    ],
    "S27": [
      [
        "PAT_17655",
        0,
        0.0
      ],
      [
        "PAT_10116",
        0,
        3375.2245
      ]
    ],
    "S103": [
      [
        "PAT_12874",
        0,
        0.0
      ],
      [
        "PAT_12874",
        0,
        1763.834
      ],
      [
        "PAT_12874",
        0,
        3527.668
      ]
    ],
    "S12": [
      [
        "PAT_10784",
        0,
        0.0
      ],
      [
        "PAT_10784",
        0,
        2615.2425
      ]
    ],
    "S119": [
      [
        "PAT_12053",
        0,
        0.0
      ],
      [
        "PAT_12053",
        0,
        1763.834
      ],
      [
        "PAT_16990",
        0,
        3527.668
      ]
    ],
    "S84": [
      [
        "PAT_9897",
        0,
        0.0
      ],
      [
        "PAT_9897",
        0,
        2615.2425
      ]
    ],
    "S79": [
      [
        "PAT_17353",
        0,
        0.0
      ]
    ],
    "S31": [
      [
        "PAT_17372",
        0,
        0.0
      ]
    ],
    "S71": [
      [
        "PAT_17388",
        0,
        0.0
      ],
      [
        "PAT_3060",
        2,
        3721.976
      ]
    ],
    "S96": [
      [
        "PAT_10948",
        0,
        0.0
      ],
      [
        "PAT_10875",
        0,
        2325.9416
      ]
    ],
    "S60": [
      [
        "PAT_9068",
        0,
        1684.3667
      ]
    ],
    "S50": [
      [
        "PAT_0080",
        0,
        531.7532
      ],
      [
        "PAT_1493",
        1,
        3240.4451
      ]
    ],
    "S112": [
      [
        "PAT_10835",
        0,
        0.0
      ],
      [
        "PAT_10835",
        0,
        2325.9416
      ]
    ],
    "S138": [
      [
        "PAT_11575",
        0,
        1950.304
      ]
    ],
    "S128": [
      [
        "PAT_0790",
        0,
        0.0
      ],
      [
        "PAT_0790",
        0,
        2209.3725
      ]
    ],
    "S73": [
      [
        "PAT_0051",
        0,
        0.0
      ],
      [
        "PAT_12051",
        0,
        2209.3725
      ]
    ],
    "S44": [
      [
        "PAT_19021",
        0,
        0.0
      ],
      [
        "PAT_19021",
        0,
        1555.9875
      ],
      [
        "PAT_12016",
        0,
        3111.975
      ]
    ],
    "S33": [
      [
        "PAT_0002",
        0,
        921.4605
      ]
    ],
    "S43": [
      [
        "PAT_17712",
        0,
        0.0
      ],
      [
        "PAT_0099",
        0,
        3356.6335
      ]
    ]
  }
}