{
  "instance": "SYN_SWEEP5_SIZE_L_004",
  "method": "ILS_SA",
  "start_method": "multistart",
  "time_limit": 60.0,
  "cost": 14791.0373,
  "is_feasible": true,
  "unmet": {},
  "overprod": {
    "P3": 1,
    "P7": 1,
    "P13": 1,
    "P14": 3,
    "P16": 1
  },
  "elapsed_sec": 60.13,
  "active": {
    "S21": [
      [
        "PAT_0361",
        0,
        0.0
      ]
    ],
    "S49": [
      [
        "PAT_0748",
        0,
        0.0
      ],
      [
        "PAT_0539",
        0,
        1226.5005
      ],
      [
        "PAT_0539",
        0,
        3940.2542000000003
      ]
    ],
    "S59": [
      [
        "PAT_11753",
        0,
        0.0
      ]
    ],
    "S5": [
      [
        "PAT_0029",
        0,
        0.0
      ]
    ],
    "S7": [
      [
        "PAT_0028",
        0,
        693.0703
      ]
    ],
    "S43": [
      [
        "PAT_0025",
        0,
        1270.0878
      ]
    ],
    "S39": [
      [
        "PAT_0025",
        0,
        0.0
      ]
    ],
    "S18": [
      [
        "PAT_11751",
        0,
        1564.7682
      ]
    ],
    "S53": [
      [
        "PAT_0031",
        0,
        849.5185
      ]
    ],
    "S62": [
      [
        "PAT_11746",
        0,
        0.0
      ]
    ],
    "S42": [
      [
        "PAT_0561",
        0,
        1085.2263
      ],
      [
        "PAT_0561",
        0,
        3798.9800000000005
      ]
    ],
    "S65": [
      [
        "PAT_9612",
        0,
        0.0
      ],
      [
        "PAT_9612",
        0,
        1436.6979000000006
      ],
      [
        "PAT_0126",
        0,
        2236.6979000000006
      ]
    ],
    "S2": [
      [
        "PAT_0565",
        0,
        0.0
      ],
      [
        "PAT_11689",
        0,
        2927.9816
      ]
    ],
    "S38": [
      [
        "PAT_0742",
        0,
        0.0
      ],
      [
        "PAT_0742",
        0,
        800.0
      ],
      [
        "PAT_11747",
        0,
        1600.0
      ]
    ],
    "S35": [
      [
        "PAT_0031",
        0,
        2748.3919
      ]
    ],
    "S63": [
      [
        "PAT_4655",
        0,
        0.0
      ],
      [
        "PAT_2384",
        0,
        827.5903000000003
      ],
      [
        "PAT_0749",
        0,
        1627.5903000000003
      ],
      [
        "PAT_0636",
        0,
        2427.5903000000003
      ]
    ],
    "S60": [
      [
        "PAT_0260",
        0,
        0.0
      ]
    ],
    "S9": [
      [
        "PAT_0031",
        0,
        0.0
      ]
    ],
    "S30": [
      [
        "PAT_11746",
        0,
        0.0
      ]
    ],
    "S16": [
      [
        "PAT_5958",
        0,
        0.0
      ],
      [
        "PAT_11747",
        0,
        800.0
      ]
    ],
    "S15": [
      [
        "PAT_11715",
        0,
        2451.3513
      ]
    ],
    "S25": [
      [
        "PAT_0576",
        0,
        0.0
      ],
      [
        "PAT_0554",
        0,
        2713.7537
      ]
    ],
    "S66": [
      [
        "PAT_0114",
        0,
        0.0
      ]
    ],
    "S12": [
      [
        "PAT_6679",
        0,
        0.0
      ],
      [
        "PAT_0438",
        0,
        800.0
      ]
    ],
    "S54": [
      [
        "PAT_11669",
        0,
        2352.803
      ]
    ],
    "S10": [
      [
        "PAT_0658",
        0,
        875.2921
      ]
    ],
    "S52": [
      [
        "PAT_0260",
        0,
        1645.1325
      ]
    ],
    "S26": [
      [
        "PAT_11719",
        0,
        1489.8719
      ]
    ]
  }
}