{
  "instance": "SYN_SWEEP5_SIZE_L_017",
  "method": "TS",
  "start_method": "multistart",
  "time_limit": 60.0,
  "cost": 14693.9612,
  "is_feasible": true,
  "unmet": {},
  "overprod": {
    "P5": 1,
    "P6": 1,
    "P7": 1,
    "P10": 1,
    "P23": 1,
    "P25": 1
  },
  "elapsed_sec": 60.0,
  "active": {
    "S48": [
      [
        "PAT_0441",
        0,
        0.0
      ],
      [
        "PAT_0408",
        0,
        4169.765799999999
      ]
    ],
    "S37": [
      [
        "PAT_0153",
        0,
        0.0
      ],
      [
        "PAT_0013",
        0,
        2475.0101
      ]
    ],
    "S60": [
      [
        "PAT_0018",
        0,
        0.0
      ],
      [
        "PAT_0018",
        0,
        3153.9215
      ]
    ],
    "S35": [
      [
        "PAT_0112",
        0,
        0.0
      ],
      [
        "PAT_0112",
        0,
        3295.8002
      ]
    ],
    "S14": [
      [
        "PAT_0466",
        0,
        0.0
      ],
      [
        "PAT_0466",
        0,
        4321.7568
      ]
    ],
    "S11": [
      [
        "PAT_0472",
        0,
        0.0
      ],
      [
        "PAT_0472",
        0,
        4321.7568
      ]
    ],
    "S62": [
      [
        "PAT_0021",
        0,
        582.836
      ]
    ],
    "S10": [
      [
        "PAT_0442",
        0,
        1233.1063
      ],
      [
        "PAT_0269",
        1,
        6118.9228
      ]
    ],
    "S66": [
      [
        "PAT_0024",
        0,
        2440.6976000000004
      ]
    ],
    "S54": [
      [
        "PAT_0024",
        0,
        0.0
      ]
    ],
    "S53": [
      [
        "PAT_0262",
        0,
        0.0
      ],
      [
        "PAT_0029",
        0,
        2335.1747
      ]
    ],
    "S19": [
      [
        "PAT_0118",
        0,
        2132.3399
      ]
    ],
    "S22": [
      [
        "PAT_0450",
        0,
        1775.7589
      ],
      [
        "PAT_0435",
        0,
        5685.0409
      ]
    ],
    "S64": [
      [
        "PAT_0474",
        0,
        0.0
      ]
    ],
    "S40": [
      [
        "PAT_0136",
        0,
        0.0
      ],
      [
        "PAT_0136",
        0,
        2959.4248
      ]
    ],
    "S2": [
      [
        "PAT_0080",
        1,
        2309.6283
      ],
      [
        "PAT_0080",
        1,
        3452.3381
      ]
    ],
    "S3": [
      [
        "PAT_0442",
        0,
        2224.6731
      ]
    ],
    "S15": [
      [
        "PAT_0077",
        0,
        0.0
      ],
      [
        "PAT_0105",
        1,
        1145.9948
      ],
      [
        "PAT_0105",
        1,
        3805.9291
      ],
      [
        "PAT_0105",
        1,
        6465.8634
      ]
    ],
    "S57": [
      [
        "PAT_0208",
        0,
        0.0
      ],
      [
        "PAT_0006",
        0,
        3384.14
      ]
    ],
    "S65": [
      [
        "PAT_0024",
        0,
        0.0
      ],
      [
        "PAT_0431",
        1,
        4637.5543
      ]
    ],
    "S6": [
      [
        "PAT_0120",
        0,
        0.0
      ],
      [
        "PAT_0453",
        0,
        5258.6821
      ]
    ],
    "S55": [
      [
        "PAT_0021",
        0,
        0.0
      ],
      [
        "PAT_0039",
        0,
        4637.5543
      ]
    ],
    "S34": [
      [
        "PAT_0066",
        0,
        0.0
      ],
      [
        "PAT_0047",
        0,
        2255.0165
      ]
    ],
    "S30": [
      [
        "PAT_0152",
        0,
        903.5424
      ],
      [
        "PAT_0433",
        0,
        3862.9672
      ]
    ]
  }
}