{
  "instance": "SYN_SWEEP5_SIZE_XL_009",
  "method": "TS",
  "start_method": "greedy",
  "time_limit": 60.0,
  "cost": 33438.0441,
  "is_feasible": true,
  "unmet": {},
  "overprod": {
    "P2": 1,
    "P9": 3,
    "P27": 1,
    "P29": 4,
    "P30": 1
  },
  "elapsed_sec": 60.05,
  "active": {
    "S44": [
      [
        "PAT_3058",
        0,
        0.0
      ],
      [
        "PAT_0320",
        0,
        908.7363000000009
      ],
      [
        "PAT_0318",
        0,
        2030.0998000000009
      ],
      [
        "PAT_0318",
        0,
        3151.463300000001
      ],
      [
        "PAT_0318",
        0,
        4272.826800000001
      ],
      [
        "PAT_0318",
        0,
        5394.1903
      ]
    ],
    "S43": [
      [
        "PAT_0596",
        0,
        0.0
      ],
      [
        "PAT_0596",
        0,
        3377.6225
      ],
      [
        "PAT_3273",
        1,
        6755.245
      ]
    ],
    "S158": [
      [
        "PAT_0023",
        0,
        0.0
      ],
      [
        "PAT_0023",
        0,
        3318.9254
      ]
    ],
    "S1": [
      [
        "PAT_0364",
        0,
        0.0
      ],
      [
        "PAT_0364",
        0,
        2297.3019
      ],
      [
        "PAT_3057",
        0,
        4594.6038
      ]
    ],
    "S114": [
      [
        "PAT_0418",
        0,
        2084.8125
      ]
    ],
    "S25": [
      [
        "PAT_0568",
        0,
        0.0
      ],
      [
        "PAT_0568",
        0,
        3377.6225
      ]
    ],
    "S140": [
      [
        "PAT_0169",
        0,
        1343.8132
      ],
      [
        "PAT_0169",
        0,
        4662.738600000001
      ]
    ],
    "S153": [
      [
        "PAT_2977",
        0,
        0.0
      ],
      [
        "PAT_0151",
        0,
        4238.1002
      ]
    ],
    "S115": [
      [
        "PAT_2829",
        0,
        0.0
      ],
      [
        "PAT_0403",
        0,
        4238.1002
      ]
    ],
    "S112": [
      [
        "PAT_0002",
        0,
        0.0
      ],
      [
        "PAT_2942",
        0,
        3459.2568
      ]
    ],
    "S62": [
      [
        "PAT_0006",
        0,
        1647.7446
      ],
      [
        "PAT_0006",
        0,
        4966.67
      ]
    ],
    "S64": [
      [
        "PAT_0403",
        0,
        0.0
      ],
      [
        "PAT_0403",
        0,
        3492.4102
      ]
    ],
    "S47": [
      [
        "PAT_0647",
        0,
        1144.5519
      ],
      [
        "PAT_0600",
        0,
        4263.8238
      ]
    ],
    "S145": [
      [
        "PAT_0250",
        0,
        1023.0943
      ],
      [
        "PAT_0250",
        0,
        4342.0197
      ]
    ],
    "S138": [
      [
        "PAT_0563",
        0,
        0.0
      ],
      [
        "PAT_0563",
        0,
        3377.6225
      ]
    ],
    "S68": [
      [
        "PAT_0563",
        0,
        0.0
      ],
      [
        "PAT_0563",
        0,
        3377.6225
      ]
    ],
    "S12": [
      [
        "PAT_0647",
        0,
        0.0
      ],
      [
        "PAT_0080",
        0,
        3212.0127
      ]
    ],
    "S69": [
      [
        "PAT_0081",
        0,
        0.0
      ],
      [
        "PAT_0081",
        1,
        4650.1468
      ]
    ],
    "S53": [
      [
        "PAT_0646",
        0,
        874.4571999999998
      ],
      [
        "PAT_2834",
        0,
        3929.2817999999997
      ]
    ],
    "S3": [
      [
        "PAT_0002",
        0,
        3473.6181
      ]
    ],
    "S116": [
      [
        "PAT_0261",
        0,
        0.0
      ],
      [
        "PAT_0086",
        0,
        2660.8972
      ]
    ],
    "S66": [
      [
        "PAT_0017",
        0,
        1684.3565
      ]
    ],
    "S156": [
      [
        "PAT_0017",
        0,
        1848.9227
      ]
    ],
    "S89": [
      [
        "PAT_0002",
        0,
        0.0
      ],
      [
        "PAT_0016",
        0,
        3318.9254
      ]
    ],
    "S133": [
      [
        "PAT_0421",
        0,
        2865.2231
      ]
    ],
    "S147": [
      [
        "PAT_0439",
        0,
        0.0
      ]
    ],
    "S102": [
      [
        "PAT_0420",
        0,
        0.0
      ]
    ],
    "S40": [
      [
        "PAT_0475",
        0,
        0.0
      ]
    ],
    "S91": [
      [
        "PAT_0420",
        0,
        0.0
      ]
    ],
    "S24": [
      [
        "PAT_0420",
        0,
        0.0
      ]
    ],
    "S131": [
      [
        "PAT_0420",
        0,
        0.0
      ]
    ],
    "S42": [
      [
        "PAT_0440",
        0,
        0.0
      ]
    ],
    "S141": [
      [
        "PAT_0450",
        0,
        0.0
      ]
    ],
    "S94": [
      [
        "PAT_2567",
        0,
        0.0
      ],
      [
        "PAT_2567",
        0,
        3054.8246
      ]
    ],
    "S122": [
      [
        "PAT_0653",
        0,
        1451.2648
      ],
      [
        "PAT_0653",
        0,
        4506.0894
      ]
    ],
    "S107": [
      [
        "PAT_1686",
        0,
        0.0
      ],
      [
        "PAT_1686",
        0,
        3054.8246
      ]
    ],
    "S32": [
      [
        "PAT_0828",
        0,
        0.0
      ],
      [
        "PAT_0828",
        0,
        3054.8246
      ]
    ],
    "S36": [
      [
        "PAT_2033",
        0,
        0.0
      ],
      [
        "PAT_2033",
        0,
        3054.8246
      ],
      [
        "PAT_2033",
        0,
        6109.6492
      ]
    ],
    "S160": [
      [
        "PAT_0644",
        0,
        3760.2077
      ]
    ],
    "S70": [
      [
        "PAT_0001",
        0,
        0.0
      ],
      [
        "PAT_2241",
        0,
        5013.5521
      ]
    ],
    "S41": [
      [
        "PAT_0626",
        0,
        0.0
      ],
      [
        "PAT_0626",
        0,
        3054.8246
      ]
    ],
    "S30": [
      [
        "PAT_0626",
        0,
        0.0
      ],
      [
        "PAT_0626",
        0,
        3054.8246
      ]
    ],
    "S22": [
      [
        "PAT_0626",
        0,
        1841.3873
      ],
      [
        "PAT_0626",
        0,
        4896.2119
      ]
    ],
    "S118": [
      [
        "PAT_2819",
        0,
        0.0
      ],
      [
        "PAT_2819",
        0,
        3054.8246
      ],
      [
        "PAT_0646",
        0,
        6109.6492
      ]
    ],
    "S17": [
      [
        "PAT_0647",
        0,
        0.0
      ],
      [
        "PAT_0646",
        1,
        4674.9323
      ]
    ],
    "S148": [
      [
        "PAT_0392",
        0,
        0.0
      ]
    ],
    "S99": [
      [
        "PAT_2834",
        0,
        0.0
      ]
    ],
    "S61": [
      [
        "PAT_0527",
        0,
        0.0
      ]
    ],
    "S123": [
      [
        "PAT_0483",
        0,
        1653.1818
      ]
    ],
    "S108": [
      [
        "PAT_2937",
        0,
        0.0
      ],
      [
        "PAT_0384",
        0,
        4238.1002
      ]
    ],
    "S28": [
      [
        "PAT_3058",
        0,
        0.0
      ],
      [
        "PAT_3058",
        0,
        862.3479
      ],
      [
        "PAT_0011",
        0,
        1724.6958
      ],
      [
        "PAT_0011",
        0,
        5043.6212
      ]
    ],