{
  "instance": "SYN_SWEEP5_SIZE_L_018",
  "method": "ILS_SA",
  "start_method": "multistart",
  "time_limit": 60.0,
  "cost": 12400.8828,
  "is_feasible": true,
  "unmet": {},
  "overprod": {
    "P8": 1,
    "P14": 2,
    "P16": 2
  },
  "elapsed_sec": 60.01,
  "active": {
    "S16": [
      [
        "PAT_0114",
        0,
        0.0
      ],
      [
        "PAT_0114",
        0,
        2996.9103
      ]
    ],
    "S55": [
      [
        "PAT_0118",
        0,
        1616.0402
      ],
      [
        "PAT_0118",
        0,
        4612.9505
      ]
    ],
    "S20": [
      [
        "PAT_0463",
        0,
        0.0
      ],
      [
        "PAT_0534",
        0,
        2836.7857
      ],
      [
        "PAT_0534",
        0,
        5470.2454
      ]
    ],
    "S60": [
      [
        "PAT_0082",
        0,
        698.9491
      ]
    ],
    "S14": [
      [
        "PAT_0825",
        0,
        2110.2576
      ]
    ],
    "S15": [
      [
        "PAT_0717",
        0,
        0.0
      ]
    ],
    "S48": [
      [
        "PAT_0738",
        0,
        0.0
      ]
    ],
    "S25": [
      [
        "PAT_0667",
        0,
        0.0
      ],
      [
        "PAT_0407",
        0,
        4020.6639
      ]
    ],
    "S8": [
      [
        "PAT_0696",
        0,
        2588.8537
      ]
    ],
    "S10": [
      [
        "PAT_0696",
        0,
        0.0
      ]
    ],
    "S53": [
      [
        "PAT_0471",
        0,
        0.0
      ],
      [
        "PAT_0099",
        0,
        2829.7645000000007
      ],
      [
        "PAT_0463",
        1,
        5826.674800000001
      ]
    ],
    "S7": [
      [
        "PAT_0623",
        0,
        0.0
      ],
      [
        "PAT_0623",
        0,
        1552.0822
      ],
      [
        "PAT_0607",
        0,
        3104.1644
      ]
    ],
    "S69": [
      [
        "PAT_0765",
        0,
        0.0
      ],
      [
        "PAT_0444",
        0,
        4683.3573
      ]
    ],
    "S6": [
      [
        "PAT_0684",
        0,
        0.0
      ],
      [
        "PAT_0830",
        0,
        3647.5411
      ]
    ],
    "S3": [
      [
        "PAT_0825",
        0,
        0.0
      ],
      [
        "PAT_0667",
        0,
        4683.3573
      ]
    ],
    "S68": [
      [
        "PAT_0702",
        0,
        0.0
      ],
      [
        "PAT_0255",
        0,
        4683.3573
      ]
    ],
    "S59": [
      [
        "PAT_0198",
        0,
        0.0
      ],
      [
        "PAT_0201",
        0,
        3002.5184
      ]
    ],
    "S19": [
      [
        "PAT_0060",
        0,
        0.0
      ],
      [
        "PAT_0060",
        0,
        1556.3126
      ],
      [
        "PAT_0627",
        1,
        4583.4709
      ]
    ],
    "S31": [
      [
        "PAT_0832",
        0,
        0.0
      ]
    ],
    "S17": [
      [
        "PAT_0677",
        0,
        0.0
      ],
      [
        "PAT_0615",
        1,
        5612.2442
      ]
    ],
    "S70": [
      [
        "PAT_0711",
        0,
        1090.3561
      ]
    ]
  }
}