{
  "instance": "SYN_SWEEP5_SIZE_XL_011",
  "method": "VNS_SA",
  "start_method": "multistart",
  "time_limit": 60.0,
  "cost": 35877.5586,
  "is_feasible": true,
  "unmet": {},
  "overprod": {
    "P2": 2,
    "P4": 1,
    "P11": 1,
    "P18": 1,
    "P28": 1
  },
  "elapsed_sec": 60.04,
  "active": {
    "S9": [
      [
        "PAT_0274",
        0,
        0.0
      ],
      [
        "PAT_0274",
        0,
        2945.407
      ]
    ],
    "S144": [
      [
        "PAT_0571",
        0,
        0.0
      ],
      [
        "PAT_0571",
        0,
        3256.4672
      ],
      [
        "PAT_0342",
        0,
        6512.9344
      ]
    ],
    "S135": [
      [
        "PAT_0500",
        0,
        0.0
      ],
      [
        "PAT_0517",
        0,
        1864.1431
      ]
    ],
    "S103": [
      [
        "PAT_0693",
        0,
        960.3995000000004
      ],
      [
        "PAT_0693",
        0,
        3937.0923000000003
      ]
    ],
    "S36": [
      [
        "PAT_0523",
        0,
        0.0
      ]
    ],
    "S155": [
      [
        "PAT_0562",
        0,
        1397.6375
      ],
      [
        "PAT_0562",
        0,
        4566.3205
      ]
    ],
    "S123": [
      [
        "PAT_0578",
        0,
        0.0
      ]
    ],
    "S117": [
      [
        "PAT_0562",
        0,
        0.0
      ],
      [
        "PAT_0562",
        0,
        3168.683
      ]
    ],
    "S66": [
      [
        "PAT_0506",
        0,
        0.0
      ],
      [
        "PAT_0354",
        1,
        4393.7165
      ]
    ],
    "S105": [
      [
        "PAT_0577",
        0,
        0.0
      ],
      [
        "PAT_0608",
        0,
        3256.4672
      ]
    ],
    "S114": [
      [
        "PAT_0727",
        0,
        1238.3443
      ]
    ],
    "S62": [
      [
        "PAT_0714",
        0,
        1646.9516
      ]
    ],
    "S6": [
      [
        "PAT_0557",
        0,
        0.0
      ],
      [
        "PAT_0714",
        0,
        3138.3464000000004
      ]
    ],
    "S68": [
      [
        "PAT_0725",
        0,
        0.0
      ],
      [
        "PAT_0725",
        0,
        3341.8633
      ]
    ],
    "S84": [
      [
        "PAT_0606",
        0,
        0.0
      ],
      [
        "PAT_0606",
        0,
        2976.6928
      ]
    ],
    "S4": [
      [
        "PAT_0609",
        0,
        0.0
      ],
      [
        "PAT_0609",
        0,
        2976.6928
      ]
    ],
    "S154": [
      [
        "PAT_0558",
        0,
        0.0
      ],
      [
        "PAT_0705",
        0,
        3422.1674000000003
      ]
    ],
    "S139": [
      [
        "PAT_0725",
        0,
        0.0
      ],
      [
        "PAT_0627",
        0,
        3749.4383
      ]
    ],
    "S72": [
      [
        "PAT_0708",
        0,
        0.0
      ],
      [
        "PAT_0708",
        0,
        3445.2418
      ]
    ],
    "S94": [
      [
        "PAT_0554",
        0,
        1252.6916
      ]
    ],
    "S3": [
      [
        "PAT_0721",
        0,
        0.0
      ],
      [
        "PAT_0557",
        1,
        3445.2418
      ]
    ],
    "S8": [
      [
        "PAT_0556",
        0,
        0.0
      ],
      [
        "PAT_0693",
        1,
        4267.3774
      ]
    ],
    "S13": [
      [
        "PAT_0390",
        0,
        0.0
      ],
      [
        "PAT_0390",
        0,
        3509.0392
      ]
    ],
    "S109": [
      [
        "PAT_0381",
        0,
        0.0
      ],
      [
        "PAT_0381",
        0,
        3509.0392
      ]
    ],
    "S75": [
      [
        "PAT_0501",
        0,
        0.0
      ],
      [
        "PAT_0485",
        0,
        1715.5579
      ]
    ],
    "S120": [
      [
        "PAT_0618",
        0,
        1494.8086
      ],
      [
        "PAT_0618",
        0,
        4471.5014
      ]
    ],
    "S125": [
      [
        "PAT_0720",
        0,
        2777.4283
      ]
    ],
    "S46": [
      [
        "PAT_0704",
        0,
        1637.4736
      ]
    ],
    "S43": [
      [
        "PAT_0637",
        0,
        0.0
      ],
      [
        "PAT_0637",
        0,
        2976.6928
      ]
    ],
    "S18": [
      [
        "PAT_0013",
        0,
        0.0
      ],
      [
        "PAT_0018",
        0,
        3987.1911
      ]
    ],
    "S85": [
      [
        "PAT_0344",
        0,
        0.0
      ],
      [
        "PAT_0495",
        0,
        1547.3595
      ]
    ],
    "S45": [
      [
        "PAT_0619",
        0,
        0.0
      ]
    ],
    "S158": [
      [
        "PAT_0676",
        0,
        0.0
      ],
      [
        "PAT_1073",
        0,
        2976.6928
      ]
    ],
    "S57": [
      [
        "PAT_0562",
        0,
        0.0
      ]
    ],
    "S47": [
      [
        "PAT_0737",
        0,
        0.0
      ]
    ],
    "S150": [
      [
        "PAT_0737",
        0,
        0.0
      ]
    ],
    "S151": [
      [
        "PAT_0558",
        0,
        0.0
      ],
      [
        "PAT_0618",
        1,
        4429.21
      ]
    ],
    "S138": [
      [
        "PAT_0506",
        0,
        1409.3005
      ]
    ],
    "S26": [
      [
        "PAT_0855",
        0,
        0.0
      ]
    ],
    "S113": [
      [
        "PAT_0558",
        0,
        2448.2759
      ]
    ],
    "S93": [
      [
        "PAT_0788",
        0,
        1217.91
      ]
    ],
    "S145": [
      [
        "PAT_1185",
        0,
        0.0
      ]
    ],
    "S107": [
      [
        "PAT_0788",
        0,
        0.0
      ]
    ],
    "S79": [
      [
        "PAT_0704",
        0,
        0.0
      ]
    ],
    "S19": [
      [
        "PAT_0682",
        0,
        0.0
      ]
    ],
    "S95": [
      [
        "PAT_0937",
        0,
        0.0
      ]
    ],
    "S149": [
      [
        "PAT_0558",
        0,
        0.0
      ]
    ],
    "S108": [
      [
        "PAT_0759",
        0,
        0.0
      ]
    ],
    "S7": [
      [
        "PAT_0719",
        0,
        1139.1209
      ]
    ],
    "S22": [
      [
        "PAT_1161",
        0,
        0.0
      ]
    ],
    "S29": [
      [
        "PAT_0879",
        0,
        0.0
      ]
    ],
    "S153": [
      [
        "PAT_0704",
        0,
        0.0
      ]
    ],
    "S60": [
      [
        "PAT_0415",
        0,
        0.0
      ],
      [
        "PAT_0493",
        0,
        3509.0392
      ]
    ],
    "S98": [
      [
        "PAT_0185",
        0,
        0.0
      ],
      [
        "PAT_0501",
        0,
        2152.0969
      ],
      [
        "PAT_0501",
        0,
        3867.6548000000003
      ],
      [
        "PAT_0501",
        0,
        5583.2127
      ]
    ],
    "S34": [
      [
        "PAT_0028",
        0,
        0.0
      ]
    ],
    "S24": [
      [
        "PAT_0956",
        0,
        0.0
      ]
    ],
    "S119": [
      [
        "PAT_0003",
        0,
        0.0
      ]
    ],
    "S25": [
      [
        "PAT_0023",
        0,
        0.0
      ],
      [
        "PAT_0028",
        0,
        3987.1911
      ]
    ],
    "S10": [
      [
        "PAT_0094",
        0,
        1779.0089
      ],
      [
        "PAT_0727",
        1,
        4075.168
      ]
    ],
    "S73": [
      [
        "PAT_0208",
        0,
        1473.4371
      ]
    ],