{
  "instance": "SYN_SWEEP5_SIZE_XL_009",
  "method": "SA",
  "start_method": "multistart",
  "time_limit": 60.0,
  "cost": 30312.4043,
  "is_feasible": true,
  "unmet": {},
  "overprod": {
    "P2": 2,
    "P16": 1,
    "P20": 1,
    "P29": 1,
    "P30": 1,
    "P31": 1
  },
  "elapsed_sec": 60.09,
  "active": {
    "S62": [
      [
        "PAT_0599",
        0,
        1647.7446
      ],
      [
        "PAT_0002",
        0,
        5025.3670999999995
      ]
    ],
    "S118": [
      [
        "PAT_0647",
        0,
        0.0
      ],
      [
        "PAT_0647",
        0,
        3054.8246
      ],
      [
        "PAT_0646",
        0,
        6109.6492
      ]
    ],
    "S12": [
      [
        "PAT_2759",
        0,
        0.0
      ],
      [
        "PAT_0015",
        0,
        3212.0127
      ]
    ],
    "S70": [
      [
        "PAT_0368",
        0,
        0.0
      ],
      [
        "PAT_2415",
        0,
        5064.0538
      ],
      [
        "PAT_0291",
        3,
        8118.8784
      ]
    ],
    "S73": [
      [
        "PAT_0563",
        0,
        0.0
      ],
      [
        "PAT_0637",
        0,
        3377.6225
      ]
    ],
    "S158": [
      [
        "PAT_0041",
        0,
        0.0
      ],
      [
        "PAT_0041",
        0,
        3318.9254
      ]
    ],
    "S148": [
      [
        "PAT_0251",
        0,
        0.0
      ],
      [
        "PAT_0323",
        1,
        5254.5541
      ]
    ],
    "S48": [
      [
        "PAT_2253",
        0,
        0.0
      ],
      [
        "PAT_0063",
        0,
        3658.9347
      ]
    ],
    "S32": [
      [
        "PAT_0017",
        0,
        0.0
      ],
      [
        "PAT_2616",
        0,
        4690.3867
      ]
    ],
    "S108": [
      [
        "PAT_2937",
        0,
        0.0
      ],
      [
        "PAT_0396",
        0,
        5100.4481
      ]
    ],
    "S22": [
      [
        "PAT_0642",
        0,
        1841.3873
      ],
      [
        "PAT_2819",
        0,
        4896.2119
      ]
    ],
    "S44": [
      [
        "PAT_2091",
        0,
        0.0
      ],
      [
        "PAT_3222",
        0,
        3054.8246
      ],
      [
        "PAT_3059",
        0,
        3928.5101000000004
      ],
      [
        "PAT_3059",
        0,
        4790.858
      ],
      [
        "PAT_3076",
        0,
        5653.2059
      ]
    ],
    "S112": [
      [
        "PAT_0403",
        0,
        0.0
      ],
      [
        "PAT_0403",
        0,
        3492.4102
      ]
    ],
    "S115": [
      [
        "PAT_2834",
        0,
        0.0
      ],
      [
        "PAT_0378",
        0,
        4690.5872
      ]
    ],
    "S1": [
      [
        "PAT_0023",
        0,
        0.0
      ],
      [
        "PAT_0045",
        0,
        3318.9254
      ]
    ],
    "S153": [
      [
        "PAT_2982",
        0,
        0.0
      ],
      [
        "PAT_0151",
        0,
        4238.1002
      ]
    ],
    "S47": [
      [
        "PAT_2759",
        0,
        1144.5519
      ],
      [
        "PAT_0018",
        0,
        4199.3765
      ]
    ],
    "S145": [
      [
        "PAT_0563",
        0,
        1023.0943
      ],
      [
        "PAT_0563",
        0,
        4400.7168
      ]
    ],
    "S43": [
      [
        "PAT_1913",
        0,
        0.0
      ],
      [
        "PAT_2841",
        0,
        3054.8246
      ]
    ],
    "S53": [
      [
        "PAT_3117",
        0,
        0.0
      ],
      [
        "PAT_1810",
        0,
        862.3479
      ],
      [
        "PAT_2974",
        0,
        3917.1724999999997
      ]
    ],
    "S69": [
      [
        "PAT_0580",
        0,
        0.0
      ],
      [
        "PAT_0149",
        1,
        4650.1468
      ]
    ],
    "S101": [
      [
        "PAT_3059",
        0,
        0.0
      ],
      [
        "PAT_0063",
        0,
        2192.8699
      ],
      [
        "PAT_0063",
        0,
        5511.7953
      ]
    ],
    "S64": [
      [
        "PAT_1003",
        0,
        1121.3635
      ],
      [
        "PAT_0081",
        0,
        4623.3232
      ]
    ],
    "S154": [
      [
        "PAT_2848",
        0,
        0.0
      ],
      [
        "PAT_2848",
        0,
        4238.1002
      ]
    ],
    "S84": [
      [
        "PAT_1340",
        0,
        0.0
      ],
      [
        "PAT_0968",
        1,
        3809.2068
      ]
    ],
    "S28": [
      [
        "PAT_0186",
        0,
        0.0
      ],
      [
        "PAT_0350",
        0,
        3318.9254
      ],
      [
        "PAT_0050",
        1,
        5254.7041
      ]
    ],
    "S77": [
      [
        "PAT_0321",
        0,
        0.0
      ],
      [
        "PAT_2010",
        0,
        1786.2699
      ],
      [
        "PAT_0599",
        0,
        4841.0945
      ]
    ],
    "S5": [
      [
        "PAT_3098",
        0,
        0.0
      ],
      [
        "PAT_3059",
        0,
        1380.0185
      ],
      [
        "PAT_2942",
        0,
        2242.3664
      ]
    ],
    "S25": [
      [
        "PAT_0321",
        0,
        0.0
      ],
      [
        "PAT_0568",
        0,
        1121.3635
      ],
      [
        "PAT_0568",
        0,
        4498.986
      ]
    ],
    "S81": [
      [
        "PAT_2533",
        0,
        0.0
      ],
      [
        "PAT_0440",
        0,
        3054.8246
      ]
    ],
    "S3": [
      [
        "PAT_0451",
        0,
        1383.1212
      ]
    ],
    "S140": [
      [
        "PAT_2442",
        0,
        1343.8132
      ],
      [
        "PAT_0580",
        0,
        4398.6378
      ],
      [
        "PAT_0326",
        1,
        7776.2603
      ]
    ],
    "S159": [
      [
        "PAT_0250",
        0,
        1831.4577
      ]
    ],
    "S30": [
      [
        "PAT_2893",
        0,
        1627.6891
      ]
    ],
    "S40": [
      [
        "PAT_0475",
        0,
        0.0
      ]
    ],
    "S138": [
      [
        "PAT_0456",
        0,
        0.0
      ],
      [
        "PAT_0135",
        0,
        5064.0538
      ]
    ],
    "S7": [
      [
        "PAT_0364",
        0,
        0.0
      ],
      [
        "PAT_0486",
        0,
        2297.3019
      ]
    ],
    "S127": [
      [
        "PAT_0002",
        0,
        2489.7586
      ]
    ],
    "S36": [
      [
        "PAT_3187",
        0,
        0.0
      ],
      [
        "PAT_0632",
        0,
        862.3479
      ],
      [
        "PAT_2749",
        0,
        3917.1724999999997
      ]
    ],
    "S68": [
      [
        "PAT_0341",
        0,
        0.0
      ],
      [
        "PAT_2084",
        0,
        1121.3635
      ],
      [
        "PAT_0226",
        1,
        5337.3369
      ]
    ],
    "S99": [
      [
        "PAT_0492",
        0,
        0.0
      ]
    ],
    "S59": [
      [
        "PAT_0445",
        0,
        1915.248
      ]
    ],
    "S107": [
      [
        "PAT_0440",
        0,
        0.0
      ]
    ],
    "S24": [
      [
        "PAT_0415",
        0,
        1432.8665
      ]
    ],
    "S19": [
      [
        "PAT_0364",
        0,
        0.0
      ],
      [
        "PAT_0175",
        0,
        2297.3019
      ]
    ],
    "S123": [
      [
        "PAT_0492",
        0,
        1653.1818
      ]
    ],