{
  "instance": "SYN_SWEEP5_SIZE_XL_022",
  "method": "ILS_SA",
  "start_method": "multistart",
  "time_limit": 60.0,
  "cost": 29678.8166,
  "is_feasible": true,
  "unmet": {},
  "overprod": {
    "P4": 1,
    "P17": 1,
    "P18": 1,
    "P19": 1,
    "P20": 3,
    "P23": 1
  },
  "elapsed_sec": 216.59,
  "active": {
    "S121": [
      [
        "PAT_17658",
        0,
        0.0
      ],
      [
        "PAT_9764",
        0,
        4196.4324
      ]
    ],
    "S18": [
      [
        "PAT_3128",
        0,
        0.0
      ],
      [
        "PAT_9911",
        0,
        2690.588
      ],
      [
        "PAT_9830",
        0,
        6151.465200000001
      ]
    ],
    "S76": [
      [
        "PAT_0442",
        0,
        0.0
      ],
      [
        "PAT_17639",
        0,
        3508.4921
      ]
    ],
    "S38": [
      [
        "PAT_9751",
        0,
        0.0
      ],
      [
        "PAT_9751",
        0,
        2817.2142
      ]
    ],
    "S16": [
      [
        "PAT_0562",
        0,
        0.0
      ],
      [
        "PAT_2151",
        0,
        2889.0253000000007
      ],
      [
        "PAT_2151",
        0,
        5579.613300000001
      ]
    ],
    "S34": [
      [
        "PAT_9726",
        0,
        2405.6038
      ]
    ],
    "S81": [
      [
        "PAT_9725",
        0,
        0.0
      ],
      [
        "PAT_9662",
        1,
        3971.2458
      ]
    ],
    "S133": [
      [
        "PAT_17611",
        0,
        1146.5226
      ]
    ],
    "S1": [
      [
        "PAT_0443",
        0,
        0.0
      ],
      [
        "PAT_0443",
        0,
        2690.588
      ]
    ],
    "S35": [
      [
        "PAT_0154",
        0,
        0.0
      ],
      [
        "PAT_9588",
        1,
        3465.8109
      ]
    ],
    "S124": [
      [
        "PAT_9637",
        0,
        0.0
      ],
      [
        "PAT_4429",
        0,
        4688.9247
      ]
    ],
    "S129": [
      [
        "PAT_4428",
        0,
        0.0
      ],
      [
        "PAT_0783",
        0,
        3109.6682
      ]
    ],
    "S80": [
      [
        "PAT_9588",
        0,
        1654.6403
      ]
    ],
    "S91": [
      [
        "PAT_9588",
        0,
        2737.3588
      ]
    ],
    "S47": [
      [
        "PAT_4464",
        0,
        0.0
      ]
    ],
    "S138": [
      [
        "PAT_0660",
        0,
        1350.7506
      ],
      [
        "PAT_17605",
        0,
        4154.120800000001
      ]
    ],
    "S101": [
      [
        "PAT_17605",
        0,
        4688.7909
      ]
    ],
    "S87": [
      [
        "PAT_11066",
        0,
        0.0
      ],
      [
        "PAT_11066",
        0,
        3228.4053
      ]
    ],
    "S11": [
      [
        "PAT_10440",
        0,
        0.0
      ],
      [
        "PAT_10440",
        0,
        3228.4053
      ]
    ],
    "S120": [
      [
        "PAT_17595",
        0,
        0.0
      ]
    ],
    "S52": [
      [
        "PAT_9910",
        0,
        445.3942
      ]
    ],
    "S67": [
      [
        "PAT_4804",
        0,
        0.0
      ],
      [
        "PAT_4804",
        0,
        4156.9563
      ]
    ],
    "S13": [
      [
        "PAT_9899",
        0,
        0.0
      ],
      [
        "PAT_9930",
        0,
        3228.4053
      ]
    ],
    "S59": [
      [
        "PAT_17614",
        0,
        0.0
      ]
    ],
    "S33": [
      [
        "PAT_9830",
        0,
        0.0
      ],
      [
        "PAT_9637",
        0,
        2817.2142
      ]
    ],
    "S41": [
      [
        "PAT_9740",
        0,
        0.0
      ]
    ],
    "S66": [
      [
        "PAT_9898",
        0,
        1542.2485
      ]
    ],
    "S74": [
      [
        "PAT_11499",
        0,
        2443.7838
      ]
    ],
    "S107": [
      [
        "PAT_9483",
        0,
        0.0
      ],
      [
        "PAT_9723",
        1,
        4156.9563
      ]
    ],
    "S17": [
      [
        "PAT_9751",
        0,
        2910.2266
      ]
    ],
    "S42": [
      [
        "PAT_17630",
        0,
        1674.7329
      ]
    ],
    "S8": [
      [
        "PAT_10269",
        0,
        3156.6649
      ]
    ],
    "S128": [
      [
        "PAT_9601",
        0,
        0.0
      ],
      [
        "PAT_9663",
        1,
        4393.5459
      ]
    ],
    "S30": [
      [
        "PAT_9642",
        0,
        1038.619
      ],
      [
        "PAT_10628",
        0,
        3836.6218
      ]
    ],
    "S82": [
      [
        "PAT_7803",
        0,
        0.0
      ]
    ],
    "S140": [
      [
        "PAT_4447",
        0,
        1108.853
      ]
    ],
    "S77": [
      [
        "PAT_17222",
        0,
        0.0
      ],
      [
        "PAT_15919",
        1,
        5051.0282
      ]
    ],
    "S23": [
      [
        "PAT_8968",
        0,
        0.0
      ]
    ],
    "S72": [
      [
        "PAT_9587",
        0,
        2039.9662
      ]
    ],
    "S127": [
      [
        "PAT_17616",
        0,
        0.0
      ],
      [
        "PAT_3321",
        0,
        3881.3024
      ]
    ],
    "S100": [
      [
        "PAT_17402",
        0,
        0.0
      ]
    ],
    "S20": [
      [
        "PAT_6057",
        0,
        0.0
      ],
      [
        "PAT_9674",
        1,
        4156.9563
      ]
    ],
    "S103": [
      [
        "PAT_4470",
        0,
        966.5426
      ]
    ],
    "S32": [
      [
        "PAT_9021",
        0,
        0.0
      ],
      [
        "PAT_9021",
        0,
        4156.9563
      ]
    ],
    "S122": [
      [
        "PAT_0093",
        0,
        0.0
      ],
      [
        "PAT_0033",
        0,
        3003.2178
      ]
    ],
    "S29": [
      [
        "PAT_17620",
        0,
        0.0
      ],
      [
        "PAT_8978",
        0,
        4870.9405
      ]
    ],
    "S60": [
      [
        "PAT_4332",
        0,
        0.0
      ],
      [
        "PAT_4305",
        0,
        2690.588
      ]
    ],
    "S123": [
      [
        "PAT_17008",
        0,
        0.0
      ],
      [
        "PAT_10944",
        0,
        3228.4053
      ]
    ],
    "S10": [
      [
        "PAT_8111",
        0,
        0.0
      ]
    ],
    "S116": [
      [
        "PAT_17605",
        0,
        1141.6426
      ],
      [
        "PAT_17506",
        0,
        5022.945
      ]
    ],
    "S117": [
      [
        "PAT_0139",
        0,
        0.0
      ],
      [
        "PAT_0139",
        0,
        2690.588
      ]
    ],
    "S37": [
      [
        "PAT_4256",
        0,
        0.0
      ],
      [
        "PAT_3267",
        0,
        2690.588
      ]
    ],
    "S132": [
      [
        "PAT_12171",
        0,
        0.0
      ]
    ],
    "S84": [
      [
        "PAT_16755",
        0,
        945.3716
      ]
    ],
    "S137": [
      [
        "PAT_8871",
        0,
        3028.8411
      ]
    ]
  }
}