{
  "instance": "SYN_SWEEP5_SIZE_XL_025",
  "method": "GRASP_SA",
  "start_method": "none",
  "time_limit": 60.0,
  "cost": 25375.2383,
  "is_feasible": true,
  "unmet": {},
  "overprod": {
    "P3": 1,
    "P7": 1,
    "P9": 1
  },
  "elapsed_sec": 60.08,
  "active": {
    "S48": [
      [
        "PAT_0385",
        0,
        0.0
      ],
      [
        "PAT_0385",
        0,
        2901.4284
      ],
      [
        "PAT_0385",
        0,
        5802.8568
      ]
    ],
    "S42": [
      [
        "PAT_0079",
        0,
        0.0
      ],
      [
        "PAT_0079",
        0,
        3156.427
      ]
    ],
    "S138": [
      [
        "PAT_1169",
        0,
        0.0
      ],
      [
        "PAT_1169",
        0,
        3284.229
      ]
    ],
    "S30": [
      [
        "PAT_0399",
        0,
        0.0
      ],
      [
        "PAT_0158",
        0,
        2579.6225000000013
      ],
      [
        "PAT_0158",
        0,
        5481.050900000001
      ]
    ],
    "S119": [
      [
        "PAT_1210",
        0,
        0.0
      ],
      [
        "PAT_1210",
        0,
        3284.229
      ]
    ],
    "S55": [
      [
        "PAT_1243",
        0,
        0.0
      ],
      [
        "PAT_1243",
        0,
        3284.229
      ],
      [
        "PAT_0398",
        0,
        6568.458
      ]
    ],
    "S113": [
      [
        "PAT_1094",
        0,
        0.0
      ],
      [
        "PAT_0155",
        0,
        4453.8156
      ]
    ],
    "S116": [
      [
        "PAT_0008",
        0,
        0.0
      ],
      [
        "PAT_0400",
        0,
        4482.6923
      ]
    ],
    "S56": [
      [
        "PAT_0090",
        0,
        876.4581
      ]
    ],
    "S107": [
      [
        "PAT_0087",
        0,
        0.0
      ]
    ],
    "S57": [
      [
        "PAT_0087",
        0,
        0.0
      ]
    ],
    "S63": [
      [
        "PAT_0288",
        0,
        0.0
      ],
      [
        "PAT_0288",
        0,
        2901.4284
      ]
    ],
    "S66": [
      [
        "PAT_0049",
        0,
        0.0
      ],
      [
        "PAT_0852",
        0,
        5105.2779
      ]
    ],
    "S6": [
      [
        "PAT_0099",
        0,
        1617.6118
      ],
      [
        "PAT_0409",
        1,
        7282.0638
      ]
    ],
    "S82": [
      [
        "PAT_0108",
        0,
        1657.5764
      ]
    ],
    "S65": [
      [
        "PAT_0399",
        0,
        0.0
      ],
      [
        "PAT_0101",
        0,
        2548.7155
      ]
    ],
    "S46": [
      [
        "PAT_0467",
        0,
        2003.0814
      ],
      [
        "PAT_0467",
        0,
        3413.5231000000003
      ],
      [
        "PAT_0467",
        0,
        4823.964800000001
      ],
      [
        "PAT_0009",
        0,
        6234.406500000001
      ]
    ],
    "S45": [
      [
        "PAT_0090",
        0,
        0.0
      ],
      [
        "PAT_0399",
        0,
        4886.7837
      ]
    ],
    "S62": [
      [
        "PAT_0008",
        0,
        0.0
      ],
      [
        "PAT_0090",
        1,
        3207.0598
      ]
    ],
    "S81": [
      [
        "PAT_0013",
        0,
        0.0
      ],
      [
        "PAT_0107",
        1,
        3156.427
      ]
    ],
    "S1": [
      [
        "PAT_1223",
        0,
        1342.1592
      ],
      [
        "PAT_1183",
        1,
        4626.388199999999
      ]
    ],
    "S14": [
      [
        "PAT_0008",
        0,
        0.0
      ],
      [
        "PAT_0008",
        1,
        3156.427
      ]
    ],
    "S15": [
      [
        "PAT_0038",
        0,
        0.0
      ]
    ],
    "S105": [
      [
        "PAT_0454",
        0,
        0.0
      ],
      [
        "PAT_0454",
        0,
        1410.4417
      ],
      [
        "PAT_0454",
        0,
        2820.8834
      ],
      [
        "PAT_0414",
        0,
        4231.3251
      ],
      [
        "PAT_0466",
        0,
        5641.7668
      ]
    ],
    "S69": [
      [
        "PAT_0467",
        0,
        0.0
      ],
      [
        "PAT_0108",
        0,
        1410.4417
      ]
    ],
    "S111": [
      [
        "PAT_0775",
        0,
        0.0
      ],
      [
        "PAT_0549",
        0,
        4106.3857
      ]
    ],
    "S89": [
      [
        "PAT_0090",
        0,
        0.0
      ]
    ],
    "S54": [
      [
        "PAT_0826",
        0,
        0.0
      ],
      [
        "PAT_0266",
        0,
        4106.3857
      ]
    ],
    "S43": [
      [
        "PAT_1258",
        0,
        1062.2658
      ]
    ],
    "S94": [
      [
        "PAT_0896",
        0,
        0.0
      ],
      [
        "PAT_0896",
        0,
        4106.3857
      ]
    ],
    "S87": [
      [
        "PAT_0158",
        0,
        0.0
      ],
      [
        "PAT_0118",
        0,
        2901.4284
      ]
    ],
    "S7": [
      [
        "PAT_0134",
        0,
        0.0
      ]
    ],
    "S49": [
      [
        "PAT_0203",
        0,
        0.0
      ],
      [
        "PAT_0461",
        0,
        2901.4284
      ],
      [
        "PAT_0360",
        0,
        4311.8701
      ]
    ],
    "S90": [
      [
        "PAT_0134",
        0,
        0.0
      ]
    ],
    "S98": [
      [
        "PAT_0090",
        0,
        0.0
      ]
    ],
    "S22": [
      [
        "PAT_0479",
        0,
        0.0
      ],
      [
        "PAT_0515",
        0,
        4106.3857
      ]
    ],
    "S33": [
      [
        "PAT_0023",
        0,
        0.0
      ],
      [
        "PAT_0653",
        0,
        3156.427
      ]
    ],
    "S3": [
      [
        "PAT_0467",
        0,
        0.0
      ],
      [
        "PAT_0467",
        0,
        1410.4417
      ],
      [
        "PAT_0467",
        0,
        2820.8834
      ],
      [
        "PAT_0004",
        0,
        4231.3251
      ]
    ],
    "S109": [
      [
        "PAT_0316",
        0,
        0.0
      ],
      [
        "PAT_0425",
        1,
        4920.8144
      ]
    ]
  }
}