{
  "instance": "SYN_SWEEP5_SIZE_XL_011",
  "method": "SA",
  "start_method": "multistart",
  "time_limit": 60.0,
  "cost": 35898.5009,
  "is_feasible": true,
  "unmet": {},
  "overprod": {
    "P2": 2,
    "P4": 2,
    "P11": 1,
    "P15": 1,
    "P18": 1,
    "P24": 2
  },
  "elapsed_sec": 60.07,
  "active": {
    "S103": [
      [
        "PAT_0637",
        0,
        853.6575
      ],
      [
        "PAT_0693",
        0,
        3937.0923000000003
      ]
    ],
    "S84": [
      [
        "PAT_0606",
        0,
        0.0
      ],
      [
        "PAT_0558",
        0,
        2976.6928
      ]
    ],
    "S154": [
      [
        "PAT_0558",
        0,
        0.0
      ],
      [
        "PAT_0705",
        0,
        3422.1674000000003
      ]
    ],
    "S10": [
      [
        "PAT_0002",
        0,
        0.0
      ],
      [
        "PAT_0727",
        1,
        4075.168
      ]
    ],
    "S123": [
      [
        "PAT_0728",
        0,
        0.0
      ]
    ],
    "S24": [
      [
        "PAT_0644",
        0,
        0.0
      ],
      [
        "PAT_0650",
        0,
        2976.6928
      ]
    ],
    "S117": [
      [
        "PAT_0003",
        0,
        0.0
      ],
      [
        "PAT_0627",
        0,
        4090.8235
      ]
    ],
    "S25": [
      [
        "PAT_0719",
        0,
        1183.2116000000005
      ],
      [
        "PAT_0676",
        0,
        5128.1297
      ]
    ],
    "S8": [
      [
        "PAT_0556",
        0,
        0.0
      ],
      [
        "PAT_0249",
        1,
        4267.3774
      ]
    ],
    "S151": [
      [
        "PAT_0562",
        0,
        0.0
      ],
      [
        "PAT_0609",
        1,
        4429.21
      ]
    ],
    "S139": [
      [
        "PAT_0725",
        0,
        0.0
      ],
      [
        "PAT_0693",
        0,
        3749.4383
      ]
    ],
    "S155": [
      [
        "PAT_0490",
        0,
        1397.6375
      ],
      [
        "PAT_0558",
        0,
        4906.6767
      ]
    ],
    "S85": [
      [
        "PAT_0383",
        0,
        1547.3595
      ]
    ],
    "S43": [
      [
        "PAT_0506",
        0,
        0.0
      ],
      [
        "PAT_0500",
        0,
        4393.7165
      ]
    ],
    "S60": [
      [
        "PAT_0415",
        0,
        0.0
      ],
      [
        "PAT_0714",
        0,
        3509.0392
      ]
    ],
    "S135": [
      [
        "PAT_0516",
        0,
        0.0
      ],
      [
        "PAT_0501",
        0,
        4393.7165
      ]
    ],
    "S33": [
      [
        "PAT_0557",
        0,
        0.0
      ],
      [
        "PAT_0704",
        0,
        3228.1646
      ]
    ],
    "S53": [
      [
        "PAT_0418",
        0,
        0.0
      ],
      [
        "PAT_0562",
        0,
        3509.0392
      ]
    ],
    "S105": [
      [
        "PAT_0577",
        0,
        0.0
      ],
      [
        "PAT_0608",
        0,
        3256.4672
      ]
    ],
    "S4": [
      [
        "PAT_0609",
        0,
        0.0
      ],
      [
        "PAT_0882",
        0,
        2976.6928
      ]
    ],
    "S19": [
      [
        "PAT_0682",
        0,
        0.0
      ]
    ],
    "S75": [
      [
        "PAT_0486",
        0,
        0.0
      ],
      [
        "PAT_0501",
        1,
        4500.8359
      ]
    ],
    "S158": [
      [
        "PAT_0614",
        0,
        0.0
      ],
      [
        "PAT_1073",
        0,
        2976.6928
      ]
    ],
    "S47": [
      [
        "PAT_0557",
        0,
        0.0
      ]
    ],
    "S144": [
      [
        "PAT_0571",
        0,
        853.6575
      ],
      [
        "PAT_0571",
        0,
        4110.1247
      ]
    ],
    "S5": [
      [
        "PAT_0081",
        0,
        0.0
      ],
      [
        "PAT_0501",
        1,
        3492.849
      ],
      [
        "PAT_0305",
        1,
        5208.4069
      ]
    ],
    "S149": [
      [
        "PAT_0390",
        0,
        0.0
      ]
    ],
    "S125": [
      [
        "PAT_0501",
        0,
        0.0
      ],
      [
        "PAT_0714",
        0,
        2777.4283
      ]
    ],
    "S74": [
      [
        "PAT_1010",
        0,
        2273.241
      ]
    ],
    "S18": [
      [
        "PAT_0011",
        0,
        0.0
      ],
      [
        "PAT_0011",
        0,
        3987.1911
      ]
    ],
    "S80": [
      [
        "PAT_0708",
        0,
        0.0
      ],
      [
        "PAT_0725",
        1,
        3977.0093
      ]
    ],
    "S98": [
      [
        "PAT_0279",
        0,
        0.0
      ],
      [
        "PAT_0523",
        0,
        2945.407
      ]
    ],
    "S9": [
      [
        "PAT_0243",
        0,
        0.0
      ],
      [
        "PAT_0523",
        0,
        2945.407
      ]
    ],
    "S26": [
      [
        "PAT_0901",
        0,
        0.0
      ]
    ],
    "S57": [
      [
        "PAT_0737",
        0,
        0.0
      ]
    ],
    "S113": [
      [
        "PAT_0606",
        0,
        2448.2759
      ]
    ],
    "S3": [
      [
        "PAT_0713",
        0,
        0.0
      ],
      [
        "PAT_0630",
        1,
        4479.7154
      ]
    ],
    "S36": [
      [
        "PAT_0188",
        0,
        0.0
      ],
      [
        "PAT_0578",
        0,
        2152.0969
      ]
    ],
    "S13": [
      [
        "PAT_0024",
        0,
        0.0
      ],
      [
        "PAT_0607",
        0,
        4067.8827
      ]
    ],
    "S109": [
      [
        "PAT_0321",
        0,
        0.0
      ],
      [
        "PAT_0562",
        0,
        853.6575
      ],
      [
        "PAT_0558",
        0,
        4022.3405000000002
      ]
    ],
    "S34": [
      [
        "PAT_0554",
        0,
        0.0
      ]
    ],
    "S66": [
      [
        "PAT_1148",
        0,
        0.0
      ]
    ],
    "S94": [
      [
        "PAT_0717",
        0,
        1252.6916
      ]
    ],
    "S138": [
      [
        "PAT_0562",
        0,
        0.0
      ],
      [
        "PAT_1128",
        0,
        3272.8871
      ]
    ],
    "S89": [
      [
        "PAT_0562",
        0,
        3768.4955
      ]
    ],
    "S145": [
      [
        "PAT_0002",
        0,
        0.0
      ]
    ],
    "S153": [
      [
        "PAT_0849",
        0,
        0.0
      ]
    ],
    "S11": [
      [
        "PAT_0790",
        0,
        0.0
      ]
    ],
    "S134": [
      [
        "PAT_0717",
        0,
        0.0
      ],
      [
        "PAT_0725",
        1,
        3589.4018
      ]
    ],
    "S21": [
      [
        "PAT_0704",
        0,
        0.0
      ]
    ],
    "S141": [
      [
        "PAT_0935",
        0,
        2133.3103
      ]
    ],
    "S69": [
      [
        "PAT_0848",
        0,
        0.0
      ]
    ],
    "S6": [
      [
        "PAT_0463",
        0,
        0.0
      ],
      [
        "PAT_0625",
        0,
        3509.0392
      ]
    ],
    "S72": [
      [
        "PAT_0381",
        0,
        0.0
      ],
      [
        "PAT_0709",
        0,
        3616.652
      ]
    ],
    "S156": [
      [
        "PAT_0313",
        0,
        0.0
      ],
      [
        "PAT_1185",
        0,
        1373.1881
      ]
    ],
    "S119": [
      [
        "PAT_0003",
        0,
        0.0
      ]
    ],