{
  "instance": "SYN_SWEEP5_SIZE_XL_009",
  "method": "VNS_SA",
  "start_method": "multistart",
  "time_limit": 60.0,
  "cost": 31555.681,
  "is_feasible": true,
  "unmet": {},
  "overprod": {
    "P2": 4,
    "P5": 1,
    "P9": 1,
    "P30": 1,
    "P31": 1
  },
  "elapsed_sec": 61.39,
  "active": {
    "S114": [
      [
        "PAT_3298",
        0,
        0.0
      ],
      [
        "PAT_0364",
        0,
        2084.8125
      ],
      [
        "PAT_0364",
        0,
        4382.1144
      ]
    ],
    "S25": [
      [
        "PAT_0568",
        0,
        0.0
      ],
      [
        "PAT_0568",
        0,
        3377.6225
      ]
    ],
    "S158": [
      [
        "PAT_0045",
        0,
        0.0
      ],
      [
        "PAT_0045",
        0,
        3318.9254
      ]
    ],
    "S62": [
      [
        "PAT_0599",
        0,
        1647.7446
      ],
      [
        "PAT_0599",
        0,
        5025.3670999999995
      ]
    ],
    "S64": [
      [
        "PAT_0077",
        0,
        0.0
      ],
      [
        "PAT_0077",
        0,
        3318.9254
      ]
    ],
    "S53": [
      [
        "PAT_2833",
        0,
        0.0
      ],
      [
        "PAT_0015",
        0,
        4848.4565999999995
      ]
    ],
    "S118": [
      [
        "PAT_0647",
        0,
        0.0
      ],
      [
        "PAT_0647",
        0,
        3054.8246
      ],
      [
        "PAT_0646",
        0,
        6109.6492
      ]
    ],
    "S99": [
      [
        "PAT_2834",
        0,
        0.0
      ]
    ],
    "S138": [
      [
        "PAT_0480",
        0,
        0.0
      ],
      [
        "PAT_0150",
        0,
        5064.0538
      ]
    ],
    "S43": [
      [
        "PAT_1910",
        0,
        0.0
      ],
      [
        "PAT_2841",
        0,
        3054.8246
      ]
    ],
    "S1": [
      [
        "PAT_0070",
        0,
        0.0
      ],
      [
        "PAT_0070",
        0,
        3318.9254
      ]
    ],
    "S84": [
      [
        "PAT_2363",
        0,
        0.0
      ],
      [
        "PAT_1261",
        1,
        3809.2068
      ]
    ],
    "S7": [
      [
        "PAT_3074",
        0,
        0.0
      ],
      [
        "PAT_0481",
        0,
        1927.2049
      ]
    ],
    "S68": [
      [
        "PAT_0200",
        0,
        0.0
      ],
      [
        "PAT_0014",
        0,
        3318.9254
      ]
    ],
    "S153": [
      [
        "PAT_2982",
        0,
        0.0
      ],
      [
        "PAT_0151",
        0,
        4238.1002
      ]
    ],
    "S67": [
      [
        "PAT_1804",
        0,
        0.0
      ],
      [
        "PAT_1804",
        0,
        3054.8246
      ]
    ],
    "S41": [
      [
        "PAT_0828",
        0,
        0.0
      ],
      [
        "PAT_1804",
        0,
        3054.8246
      ]
    ],
    "S32": [
      [
        "PAT_0654",
        0,
        0.0
      ],
      [
        "PAT_1164",
        0,
        3054.8246
      ]
    ],
    "S87": [
      [
        "PAT_2597",
        0,
        0.0
      ],
      [
        "PAT_0646",
        1,
        3659.6878
      ]
    ],
    "S102": [
      [
        "PAT_0420",
        0,
        0.0
      ]
    ],
    "S28": [
      [
        "PAT_0012",
        0,
        0.0
      ],
      [
        "PAT_0255",
        0,
        3318.9254
      ],
      [
        "PAT_3059",
        1,
        6637.8508
      ],
      [
        "PAT_3059",
        1,
        7500.1987
      ]
    ],
    "S5": [
      [
        "PAT_3090",
        0,
        862.3479
      ],
      [
        "PAT_2965",
        0,
        1724.6958
      ]
    ],
    "S116": [
      [
        "PAT_0302",
        0,
        0.0
      ],
      [
        "PAT_0112",
        0,
        2660.8972
      ]
    ],
    "S101": [
      [
        "PAT_3128",
        0,
        0.0
      ],
      [
        "PAT_0063",
        0,
        2192.8699
      ],
      [
        "PAT_0063",
        0,
        5511.7953
      ]
    ],
    "S115": [
      [
        "PAT_0486",
        0,
        0.0
      ]
    ],
    "S36": [
      [
        "PAT_2775",
        0,
        0.0
      ],
      [
        "PAT_2764",
        0,
        3054.8246
      ],
      [
        "PAT_2081",
        0,
        6109.6492
      ]
    ],
    "S30": [
      [
        "PAT_0637",
        0,
        0.0
      ],
      [
        "PAT_2754",
        0,
        3309.7927
      ]
    ],
    "S92": [
      [
        "PAT_0389",
        0,
        0.0
      ],
      [
        "PAT_0563",
        1,
        3492.4102
      ]
    ],
    "S112": [
      [
        "PAT_0368",
        0,
        0.0
      ],
      [
        "PAT_0368",
        0,
        3492.4102
      ]
    ],
    "S70": [
      [
        "PAT_0395",
        0,
        0.0
      ],
      [
        "PAT_1039",
        0,
        5013.5521
      ],
      [
        "PAT_0304",
        2,
        8068.3767
      ]
    ],
    "S94": [
      [
        "PAT_1701",
        0,
        0.0
      ],
      [
        "PAT_1002",
        0,
        3054.8246
      ]
    ],
    "S154": [
      [
        "PAT_2848",
        0,
        0.0
      ],
      [
        "PAT_2848",
        0,
        4238.1002
      ],
      [
        "PAT_3059",
        1,
        8476.2004
      ]
    ],
    "S123": [
      [
        "PAT_0480",
        0,
        1653.1818
      ]
    ],
    "S145": [
      [
        "PAT_0613",
        0,
        1023.0943
      ],
      [
        "PAT_0563",
        0,
        4400.7168
      ]
    ],
    "S69": [
      [
        "PAT_0149",
        0,
        0.0
      ],
      [
        "PAT_0007",
        1,
        4650.1468
      ]
    ],
    "S108": [
      [
        "PAT_2937",
        0,
        0.0
      ],
      [
        "PAT_0384",
        0,
        4238.1002
      ]
    ],
    "S3": [
      [
        "PAT_0459",
        0,
        1383.1212
      ]
    ],
    "S12": [
      [
        "PAT_0502",
        0,
        1421.9542
      ]
    ],
    "S19": [
      [
        "PAT_3201",
        0,
        0.0
      ],
      [
        "PAT_0293",
        0,
        1422.8457000000003
      ],
      [
        "PAT_0293",
        0,
        2544.2092000000002
      ],
      [
        "PAT_0293",
        0,
        3665.5727
      ],
      [
        "PAT_3161",
        0,
        5526.1133
      ]
    ],
    "S44": [
      [
        "PAT_0312",
        0,
        0.0
      ],
      [
        "PAT_3273",
        0,
        1944.9513
      ],
      [
        "PAT_0002",
        0,
        2807.2992
      ]
    ],
    "S156": [
      [
        "PAT_1849",
        0,
        0.0
      ],
      [
        "PAT_0017",
        0,
        3054.8246
      ]
    ],
    "S148": [
      [
        "PAT_2976",
        0,
        0.0
      ]
    ],
    "S47": [
      [
        "PAT_2749",
        0,
        1144.5519
      ],
      [
        "PAT_0018",
        0,
        4199.3765
      ]
    ],
    "S140": [
      [
        "PAT_0326",
        0,
        1343.8132
      ],
      [
        "PAT_0558",
        0,
        2465.1767
      ],
      [
        "PAT_0600",
        0,
        5842.7991999999995
      ]
    ],
    "S42": [
      [
        "PAT_0475",
        0,
        0.0
      ]
    ],
    "S24": [
      [
        "PAT_0387",
        0,
        1432.8665
      ]
    ],