{
  "instance": "SYN_SWEEP5_SIZE_XL_006",
  "method": "SA",
  "start_method": "greedy",
  "time_limit": 60.0,
  "cost": 27965.3215,
  "is_feasible": true,
  "unmet": {},
  "overprod": {
    "P1": 1,
    "P14": 1,
    "P15": 1,
    "P28": 6
  },
  "elapsed_sec": 60.02,
  "active": {
    "S76": [
      [
        "PAT_0356",
        0,
        1203.6743
      ],
      [
        "PAT_0015",
        0,
        5072.7015
      ]
    ],
    "S94": [
      [
        "PAT_0110",
        0,
        0.0
      ],
      [
        "PAT_0053",
        0,
        2240.1706999999997
      ],
      [
        "PAT_0328",
        0,
        3723.3735999999994
      ],
      [
        "PAT_0117",
        0,
        7081.703299999999
      ]
    ],
    "S122": [
      [
        "PAT_0030",
        0,
        0.0
      ],
      [
        "PAT_0409",
        0,
        3375.8395999999993
      ]
    ],
    "S75": [
      [
        "PAT_0292",
        0,
        0.0
      ],
      [
        "PAT_0003",
        0,
        2711.7351
      ],
      [
        "PAT_0261",
        0,
        6004.000099999999
      ]
    ],
    "S13": [
      [
        "PAT_0432",
        0,
        1298.8781
      ],
      [
        "PAT_0223",
        1,
        6696.7809
      ]
    ],
    "S130": [
      [
        "PAT_0370",
        0,
        0.0
      ],
      [
        "PAT_0037",
        0,
        3344.6735
      ],
      [
        "PAT_0282",
        0,
        6517.0926
      ]
    ],
    "S134": [
      [
        "PAT_0056",
        0,
        0.0
      ],
      [
        "PAT_0056",
        0,
        1449.336
      ],
      [
        "PAT_0472",
        1,
        2898.672
      ]
    ],
    "S99": [
      [
        "PAT_0247",
        0,
        0.0
      ],
      [
        "PAT_0471",
        0,
        3053.9256
      ]
    ],
    "S65": [
      [
        "PAT_0350",
        0,
        0.0
      ],
      [
        "PAT_0460",
        0,
        2969.1574
      ],
      [
        "PAT_0079",
        0,
        5288.8129
      ]
    ],
    "S31": [
      [
        "PAT_0490",
        0,
        0.0
      ],
      [
        "PAT_0119",
        0,
        1926.9717
      ],
      [
        "PAT_0379",
        0,
        3911.1615
      ]
    ],
    "S120": [
      [
        "PAT_0276",
        0,
        0.0
      ],
      [
        "PAT_0361",
        0,
        3625.6862
      ]
    ],
    "S133": [
      [
        "PAT_0218",
        0,
        1057.3244
      ],
      [
        "PAT_0402",
        0,
        3406.805
      ]
    ],
    "S92": [
      [
        "PAT_0288",
        0,
        0.0
      ],
      [
        "PAT_0225",
        1,
        3864.3134
      ]
    ],
    "S91": [
      [
        "PAT_0014",
        0,
        0.0
      ],
      [
        "PAT_0309",
        0,
        4194.2314
      ]
    ],
    "S40": [
      [
        "PAT_0114",
        0,
        1354.3348
      ],
      [
        "PAT_0425",
        0,
        3338.5246
      ]
    ],
    "S14": [
      [
        "PAT_0007",
        0,
        2077.1571
      ],
      [
        "PAT_0227",
        0,
        4853.7662
      ]
    ],
    "S78": [
      [
        "PAT_0009",
        0,
        0.0
      ],
      [
        "PAT_0296",
        1,
        4720.3773
      ]
    ],
    "S100": [
      [
        "PAT_0489",
        0,
        0.0
      ],
      [
        "PAT_0037",
        0,
        1926.9717
      ]
    ],
    "S23": [
      [
        "PAT_0127",
        0,
        0.0
      ],
      [
        "PAT_0003",
        0,
        2489.5095
      ],
      [
        "PAT_0279",
        0,
        5781.7744999999995
      ]
    ],
    "S138": [
      [
        "PAT_0492",
        0,
        0.0
      ],
      [
        "PAT_0045",
        1,
        4241.5471
      ]
    ],
    "S30": [
      [
        "PAT_0008",
        0,
        0.0
      ],
      [
        "PAT_0076",
        0,
        3181.8081
      ]
    ],
    "S90": [
      [
        "PAT_0418",
        0,
        0.0
      ],
      [
        "PAT_0408",
        0,
        4117.4804
      ]
    ],
    "S37": [
      [
        "PAT_0351",
        0,
        1420.5197
      ],
      [
        "PAT_0482",
        0,
        4387.4485
      ]
    ],
    "S142": [
      [
        "PAT_0037",
        0,
        2293.9511
      ],
      [
        "PAT_0268",
        0,
        5466.3702
      ]
    ],
    "S38": [
      [
        "PAT_0441",
        0,
        0.0
      ],
      [
        "PAT_0465",
        0,
        3869.6807
      ],
      [
        "PAT_0465",
        0,
        5818.489
      ]
    ],
    "S62": [
      [
        "PAT_0360",
        0,
        0.0
      ],
      [
        "PAT_0137",
        0,
        2966.9288
      ]
    ],
    "S60": [
      [
        "PAT_0324",
        0,
        1480.4004
      ],
      [
        "PAT_0090",
        1,
        4838.7301
      ]
    ],
    "S53": [
      [
        "PAT_0356",
        0,
        0.0
      ],
      [
        "PAT_0003",
        1,
        2966.9288
      ]
    ],
    "S117": [
      [
        "PAT_0112",
        0,
        0.0
      ],
      [
        "PAT_0406",
        0,
        3010.469
      ]
    ],
    "S104": [
      [
        "PAT_0113",
        0,
        0.0
      ],
      [
        "PAT_0172",
        0,
        1984.1898
      ]
    ],
    "S12": [
      [
        "PAT_0391",
        0,
        0.0
      ],
      [
        "PAT_0391",
        0,
        3285.9498
      ],
      [
        "PAT_0115",
        1,
        7135.1353
      ]
    ],
    "S101": [
      [
        "PAT_0432",
        0,
        0.0
      ],
      [
        "PAT_0328",
        0,
        4117.4804
      ]
    ],
    "S58": [
      [
        "PAT_0314",
        0,
        0.0
      ],
      [
        "PAT_0060",
        0,
        3358.3297
      ]
    ],
    "S77": [
      [
        "PAT_0204",
        0,
        0.0
      ],
      [
        "PAT_0110",
        0,
        3578.1498
      ]
    ],
    "S36": [
      [
        "PAT_0303",
        0,
        0.0
      ],
      [
        "PAT_0364",
        0,
        2711.7351
      ],
      [
        "PAT_0308",
        1,
        5678.6639
      ]
    ],
    "S86": [
      [
        "PAT_0408",
        0,
        0.0
      ]
    ],
    "S131": [
      [
        "PAT_0003",
        0,
        0.0
      ],
      [
        "PAT_0472",
        1,
        3292.265
      ]
    ],
    "S88": [
      [
        "PAT_0167",
        0,
        0.0
      ],
      [
        "PAT_0472",
        0,
        3578.1498
      ]
    ],
    "S70": [
      [
        "PAT_0409",
        1,
        1184.1452
      ]
    ],
    "S116": [
      [
        "PAT_0486",
        0,
        3008.9932
      ],
      [
        "PAT_0075",
        0,
        4935.9649
      ]
    ],
    "S18": [
      [
        "PAT_0030",
        0,
        0.0
      ],
      [
        "PAT_0424",
        0,
        3172.4191
      ]
    ],
    "S73": [
      [
        "PAT_0409",
        0,
        0.0
      ]
    ]
  }
}