{
  "instance": "SYN_SWEEP5_SIZE_XL_005",
  "method": "FI",
  "start_method": "multistart",
  "time_limit": 60.0,
  "cost": 26129.7227,
  "is_feasible": true,
  "unmet": {},
  "overprod": {
    "P2": 1,
    "P4": 1,
    "P8": 1,
    "P10": 2,
    "P22": 1,
    "P24": 6,
    "P25": 1,
    "P33": 1
  },
  "elapsed_sec": 199.41,
  "active": {
    "S40": [
      [
        "PAT_19205",
        0,
        928.2123
      ],
      [
        "PAT_19205",
        0,
        1936.9432000000002
      ],
      [
        "PAT_19205",
        0,
        2945.6741
      ]
    ],
    "S126": [
      [
        "PAT_18776",
        0,
        0.0
      ],
      [
        "PAT_18776",
        0,
        1555.9875
      ],
      [
        "PAT_18776",
        0,
        3111.975
      ]
    ],
    "S96": [
      [
        "PAT_11275",
        0,
        0.0
      ],
      [
        "PAT_11275",
        0,
        2325.9416
      ]
    ],
    "S84": [
      [
        "PAT_9854",
        0,
        0.0
      ],
      [
        "PAT_9854",
        0,
        2615.2425
      ]
    ],
    "S85": [
      [
        "PAT_18497",
        0,
        0.0
      ],
      [
        "PAT_11888",
        0,
        3356.6335
      ]
    ],
    "S15": [
      [
        "PAT_16721",
        0,
        0.0
      ],
      [
        "PAT_11995",
        0,
        1953.3536999999997
      ]
    ],
    "S132": [
      [
        "PAT_12049",
        0,
        0.0
      ],
      [
        "PAT_11877",
        0,
        2128.1749
      ]
    ],
    "S140": [
      [
        "PAT_9475",
        0,
        0.0
      ],
      [
        "PAT_9475",
        0,
        2615.2425
      ]
    ],
    "S79": [
      [
        "PAT_18604",
        0,
        0.0
      ]
    ],
    "S92": [
      [
        "PAT_12021",
        0,
        0.0
      ],
      [
        "PAT_0018",
        0,
        1925.9981
      ]
    ],
    "S12": [
      [
        "PAT_10784",
        0,
        0.0
      ],
      [
        "PAT_10784",
        0,
        2615.2425
      ]
    ],
    "S29": [
      [
        "PAT_10802",
        0,
        0.0
      ],
      [
        "PAT_10802",
        0,
        2615.2425
      ]
    ],
    "S103": [
      [
        "PAT_12874",
        0,
        0.0
      ],
      [
        "PAT_12874",
        0,
        1763.834
      ],
      [
        "PAT_12874",
        0,
        3527.668
      ]
    ],
    "S23": [
      [
        "PAT_12874",
        0,
        0.0
      ],
      [
        "PAT_12874",
        0,
        1763.834
      ],
      [
        "PAT_12874",
        0,
        3527.668
      ]
    ],
    "S49": [
      [
        "PAT_18571",
        0,
        796.5085
      ]
    ],
    "S67": [
      [
        "PAT_0021",
        0,
        0.0
      ]
    ],
    "S104": [
      [
        "PAT_11967",
        0,
        0.0
      ]
    ],
    "S7": [
      [
        "PAT_10851",
        0,
        0.0
      ],
      [
        "PAT_10787",
        0,
        2524.4371000000006
      ]
    ],
    "S121": [
      [
        "PAT_19046",
        0,
        0.0
      ]
    ],
    "S114": [
      [
        "PAT_18622",
        0,
        0.0
      ],
      [
        "PAT_17353",
        0,
        1863.0392000000002
      ]
    ],
    "S81": [
      [
        "PAT_17353",
        0,
        0.0
      ],
      [
        "PAT_16990",
        1,
        3960.0642
      ]
    ],
    "S80": [
      [
        "PAT_0051",
        0,
        0.0
      ],
      [
        "PAT_0766",
        0,
        2391.8336
      ]
    ],
    "S60": [
      [
        "PAT_9068",
        0,
        1684.3667
      ]
    ],
    "S39": [
      [
        "PAT_9038",
        0,
        677.3708
      ]
    ],
    "S22": [
      [
        "PAT_0002",
        0,
        752.6833
      ]
    ],
    "S110": [
      [
        "PAT_10740",
        0,
        0.0
      ],
      [
        "PAT_16952",
        1,
        2615.2425
      ]
    ],
    "S71": [
      [
        "PAT_17388",
        0,
        0.0
      ]
    ],
    "S27": [
      [
        "PAT_17655",
        0,
        0.0
      ],
      [
        "PAT_10116",
        0,
        3375.2245
      ]
    ],
    "S130": [
      [
        "PAT_17388",
        0,
        1489.3244
      ]
    ],
    "S128": [
      [
        "PAT_0845",
        0,
        0.0
      ],
      [
        "PAT_0845",
        0,
        2209.3725
      ]
    ],
    "S119": [
      [
        "PAT_12053",
        0,
        0.0
      ],
      [
        "PAT_12053",
        0,
        1763.834
      ]
    ],
    "S117": [
      [
        "PAT_0092",
        0,
        0.0
      ],
      [
        "PAT_2162",
        0,
        3086.2041
      ]
    ],
    "S2": [
      [
        "PAT_3319",
        0,
        0.0
      ],
      [
        "PAT_3319",
        0,
        2209.3725
      ]
    ],
    "S64": [
      [
        "PAT_0031",
        0,
        0.0
      ],
      [
        "PAT_0031",
        0,
        2209.3725
      ]
    ],
    "S54": [
      [
        "PAT_0095",
        0,
        1488.31
      ],
      [
        "PAT_0095",
        0,
        3697.6825
      ]
    ],
    "S93": [
      [
        "PAT_3447",
        0,
        0.0
      ],
      [
        "PAT_3447",
        0,
        2209.3725
      ]
    ],
    "S20": [
      [
        "PAT_3319",
        0,
        703.4091
      ],
      [
        "PAT_3319",
        0,
        2912.7816
      ]
    ],
    "S129": [
      [
        "PAT_9037",
        0,
        0.0
      ],
      [
        "PAT_9037",
        0,
        2615.2425
      ]
    ],
    "S112": [
      [
        "PAT_10835",
        0,
        0.0
      ],
      [
        "PAT_10835",
        0,
        2325.9416
      ]
    ],
    "S56": [
      [
        "PAT_15726",
        0,
        951.289
      ],
      [
        "PAT_19046",
        1,
        2715.123
      ]
    ],
    "S75": [
      [
        "PAT_0092",
        0,
        0.0
      ],
      [
        "PAT_17217",
        0,
        2336.588
      ],
      [
        "PAT_17217",
        0,
        4100.4220000000005
      ]
    ],
    "S50": [
      [
        "PAT_0079",
        0,
        531.7532
      ],
      [
        "PAT_2266",
        1,
        3240.4451
      ]
    ],
    "S118": [
      [
        "PAT_10835",
        0,
        1180.2981
      ],
      [
        "PAT_10835",
        0,
        3506.2397
      ]
    ],
    "S72": [
      [
        "PAT_10668",
        0,
        0.0
      ],
      [
        "PAT_18641",
        0,
        2615.2425
      ]
    ],
    "S44": [
      [
        "PAT_19021",
        0,
        0.0
      ],
      [
        "PAT_19021",
        0,
        1555.9875
      ],
      [
        "PAT_13914",
        0,
        3111.975
      ]
    ],
    "S5": [
      [
        "PAT_15137",
        0,
        0.0
      ],
      [
        "PAT_17384",
        0,
        2465.9103
      ]
    ],
    "S43": [
      [
        "PAT_17712",
        0,
        0.0
      ],
      [
        "PAT_0099",
        0,
        3356.6335
      ]
    ],
    "S32": [
      [
        "PAT_3419",
        0,
        0.0
      ],
      [
        "PAT_18937",
        1,
        2728.2684
      ]
    ]
  }
}