{
  "instance": "SYN_SWEEP5_SIZE_XL_018",
  "method": "SD",
  "start_method": "multistart",
  "time_limit": 60.0,
  "cost": 26174.5324,
  "is_feasible": true,
  "unmet": {},
  "overprod": {
    "P2": 1,
    "P10": 1,
    "P12": 1,
    "P13": 1,
    "P19": 1,
    "P20": 2
  },
  "elapsed_sec": 60.01,
  "active": {
    "S76": [
      [
        "PAT_1166",
        0,
        2425.1371
      ]
    ],
    "S9": [
      [
        "PAT_1036",
        0,
        0.0
      ],
      [
        "PAT_1036",
        0,
        2909.6207
      ]
    ],
    "S74": [
      [
        "PAT_1286",
        0,
        0.0
      ],
      [
        "PAT_1286",
        0,
        3312.0202
      ]
    ],
    "S14": [
      [
        "PAT_0085",
        0,
        0.0
      ],
      [
        "PAT_0085",
        0,
        2670.4487
      ]
    ],
    "S22": [
      [
        "PAT_0918",
        0,
        0.0
      ],
      [
        "PAT_0918",
        0,
        2119.2496
      ]
    ],
    "S5": [
      [
        "PAT_1635",
        0,
        1678.4713
      ],
      [
        "PAT_1635",
        0,
        4077.0343000000003
      ]
    ],
    "S128": [
      [
        "PAT_1067",
        0,
        0.0
      ],
      [
        "PAT_1067",
        0,
        2909.6207
      ]
    ],
    "S143": [
      [
        "PAT_1205",
        0,
        1217.4595
      ]
    ],
    "S113": [
      [
        "PAT_1361",
        0,
        0.0
      ],
      [
        "PAT_1361",
        0,
        3416.6433
      ]
    ],
    "S23": [
      [
        "PAT_1248",
        0,
        2403.1889
      ]
    ],
    "S36": [
      [
        "PAT_0975",
        0,
        0.0
      ],
      [
        "PAT_1612",
        0,
        3248.2086
      ]
    ],
    "S52": [
      [
        "PAT_1606",
        0,
        0.0
      ]
    ],
    "S12": [
      [
        "PAT_1634",
        0,
        862.5878
      ],
      [
        "PAT_1634",
        0,
        3261.1508000000003
      ]
    ],
    "S94": [
      [
        "PAT_1422",
        0,
        1022.5143
      ]
    ],
    "S69": [
      [
        "PAT_0108",
        0,
        0.0
      ],
      [
        "PAT_1625",
        0,
        2670.4487
      ]
    ],
    "S62": [
      [
        "PAT_1356",
        0,
        2616.6199
      ]
    ],
    "S77": [
      [
        "PAT_1601",
        0,
        0.0
      ]
    ],
    "S132": [
      [
        "PAT_1591",
        0,
        0.0
      ],
      [
        "PAT_1617",
        0,
        2363.3469
      ]
    ],
    "S141": [
      [
        "PAT_0056",
        0,
        2816.2947
      ]
    ],
    "S15": [
      [
        "PAT_1544",
        0,
        0.0
      ],
      [
        "PAT_0020",
        0,
        3416.6433
      ]
    ],
    "S133": [
      [
        "PAT_0018",
        0,
        1804.9105
      ]
    ],
    "S19": [
      [
        "PAT_1600",
        0,
        0.0
      ]
    ],
    "S40": [
      [
        "PAT_1365",
        0,
        2016.582
      ]
    ],
    "S31": [
      [
        "PAT_1365",
        0,
        0.0
      ]
    ],
    "S122": [
      [
        "PAT_1550",
        0,
        0.0
      ]
    ],
    "S105": [
      [
        "PAT_1198",
        0,
        972.1665
      ]
    ],
    "S134": [
      [
        "PAT_1198",
        0,
        0.0
      ]
    ],
    "S39": [
      [
        "PAT_1198",
        0,
        0.0
      ]
    ],
    "S28": [
      [
        "PAT_1198",
        0,
        0.0
      ]
    ],
    "S60": [
      [
        "PAT_1198",
        0,
        684.8636
      ]
    ],
    "S51": [
      [
        "PAT_1198",
        0,
        0.0
      ]
    ],
    "S48": [
      [
        "PAT_1373",
        0,
        0.0
      ]
    ],
    "S68": [
      [
        "PAT_0115",
        0,
        1875.0851
      ]
    ],
    "S91": [
      [
        "PAT_0292",
        0,
        2074.6207
      ]
    ],
    "S89": [
      [
        "PAT_0816",
        0,
        577.7188
      ]
    ],
    "S41": [
      [
        "PAT_0256",
        0,
        1699.065
      ]
    ],
    "S29": [
      [
        "PAT_0143",
        0,
        0.0
      ]
    ],
    "S11": [
      [
        "PAT_0846",
        0,
        0.0
      ],
      [
        "PAT_0017",
        0,
        3647.4038
      ]
    ],
    "S115": [
      [
        "PAT_0291",
        0,
        1144.448
      ]
    ],
    "S112": [
      [
        "PAT_0355",
        0,
        2573.4093
      ]
    ],
    "S58": [
      [
        "PAT_0224",
        0,
        0.0
      ],
      [
        "PAT_0018",
        0,
        3647.4038
      ]
    ],
    "S50": [
      [
        "PAT_0198",
        1,
        634.2975
      ],
      [
        "PAT_0018",
        1,
        4281.7013
      ]
    ],
    "S88": [
      [
        "PAT_0119",
        0,
        0.0
      ]
    ],
    "S45": [
      [
        "PAT_0197",
        0,
        944.7855
      ]
    ],
    "S30": [
      [
        "PAT_0869",
        0,
        0.0
      ]
    ],
    "S59": [
      [
        "PAT_0119",
        0,
        0.0
      ]
    ],
    "S110": [
      [
        "PAT_0142",
        0,
        589.8034
      ]
    ],
    "S46": [
      [
        "PAT_0142",
        0,
        0.0
      ]
    ],
    "S8": [
      [
        "PAT_0142",
        0,
        497.4874
      ]
    ],
    "S13": [
      [
        "PAT_0142",
        0,
        0.0
      ]
    ],
    "S120": [
      [
        "PAT_0149",
        0,
        2084.2277
      ]
    ],
    "S90": [
      [
        "PAT_0142",
        0,
        0.0
      ]
    ],
    "S3": [
      [
        "PAT_0142",
        0,
        1803.1422
      ]
    ],
    "S35": [
      [
        "PAT_0259",
        0,
        0.0
      ]
    ],
    "S44": [
      [
        "PAT_0146",
        0,
        0.0
      ]
    ]
  }
}