{
  "instance": "SYN_SWEEP5_SIZE_L_028",
  "method": "GRASP_SA",
  "start_method": "none",
  "time_limit": 60.0,
  "cost": 23795.5113,
  "is_feasible": true,
  "unmet": {},
  "overprod": {
    "P1": 2,
    "P4": 1,
    "P17": 3,
    "P18": 1,
    "P21": 1,
    "P24": 1
  },
  "elapsed_sec": 60.04,
  "active": {
    "S13": [
      [
        "PAT_0112",
        0,
        0.0
      ],
      [
        "PAT_0112",
        0,
        3322.0003
      ],
      [
        "PAT_0452",
        1,
        6644.0006
      ]
    ],
    "S11": [
      [
        "PAT_0330",
        0,
        2050.9994
      ],
      [
        "PAT_0330",
        0,
        5142.2598
      ]
    ],
    "S39": [
      [
        "PAT_0745",
        0,
        0.0
      ],
      [
        "PAT_0745",
        0,
        3665.6973
      ],
      [
        "PAT_0453",
        1,
        7331.3946
      ]
    ],
    "S51": [
      [
        "PAT_0444",
        0,
        1566.9828
      ],
      [
        "PAT_0444",
        0,
        5026.7619
      ]
    ],
    "S63": [
      [
        "PAT_0473",
        0,
        0.0
      ],
      [
        "PAT_0427",
        0,
        4484.266999999998
      ],
      [
        "PAT_0427",
        0,
        7338.301899999999
      ]
    ],
    "S54": [
      [
        "PAT_0429",
        0,
        0.0
      ],
      [
        "PAT_0217",
        0,
        3338.37
      ]
    ],
    "S62": [
      [
        "PAT_0883",
        0,
        0.0
      ],
      [
        "PAT_0223",
        0,
        3108.2883999999995
      ]
    ],
    "S20": [
      [
        "PAT_0277",
        0,
        0.0
      ],
      [
        "PAT_0277",
        0,
        3091.2604
      ]
    ],
    "S45": [
      [
        "PAT_0256",
        0,
        0.0
      ],
      [
        "PAT_0256",
        0,
        3091.2604
      ]
    ],
    "S2": [
      [
        "PAT_0504",
        0,
        0.0
      ],
      [
        "PAT_0504",
        0,
        3265.8453
      ]
    ],
    "S52": [
      [
        "PAT_0882",
        0,
        0.0
      ],
      [
        "PAT_0882",
        0,
        2969.4635
      ],
      [
        "PAT_0882",
        0,
        5938.927
      ]
    ],
    "S55": [
      [
        "PAT_0233",
        0,
        0.0
      ],
      [
        "PAT_0233",
        0,
        2957.9894
      ],
      [
        "PAT_0233",
        0,
        5915.9788
      ]
    ],
    "S7": [
      [
        "PAT_0573",
        0,
        2645.3932
      ],
      [
        "PAT_0573",
        0,
        5911.2384999999995
      ]
    ],
    "S83": [
      [
        "PAT_0573",
        0,
        2352.11
      ],
      [
        "PAT_0573",
        0,
        5617.9553
      ]
    ],
    "S12": [
      [
        "PAT_0876",
        0,
        0.0
      ],
      [
        "PAT_0458",
        0,
        3831.8754
      ]
    ],
    "S23": [
      [
        "PAT_0399",
        0,
        0.0
      ],
      [
        "PAT_0399",
        0,
        3631.9272
      ]
    ],
    "S35": [
      [
        "PAT_0464",
        0,
        0.0
      ],
      [
        "PAT_0242",
        1,
        6640.2009
      ]
    ],
    "S26": [
      [
        "PAT_0637",
        0,
        0.0
      ],
      [
        "PAT_0381",
        0,
        5519.496
      ]
    ],
    "S75": [
      [
        "PAT_0379",
        0,
        0.0
      ],
      [
        "PAT_0379",
        0,
        3631.9272
      ]
    ],
    "S85": [
      [
        "PAT_0714",
        0,
        1337.1358
      ],
      [
        "PAT_0714",
        0,
        5002.8331
      ]
    ],
    "S84": [
      [
        "PAT_0482",
        0,
        0.0
      ],
      [
        "PAT_0430",
        0,
        3617.9363
      ],
      [
        "PAT_0430",
        0,
        6471.9712
      ]
    ],
    "S30": [
      [
        "PAT_0640",
        0,
        0.0
      ],
      [
        "PAT_0640",
        1,
        6053.3311
      ]
    ],
    "S57": [
      [
        "PAT_0237",
        0,
        0.0
      ],
      [
        "PAT_0432",
        0,
        2957.9894
      ],
      [
        "PAT_0448",
        0,
        5812.0243
      ]
    ],
    "S60": [
      [
        "PAT_0637",
        0,
        0.0
      ],
      [
        "PAT_0430",
        1,
        6393.9157
      ]
    ],
    "S29": [
      [
        "PAT_0255",
        0,
        0.0
      ],
      [
        "PAT_0637",
        0,
        5711.4697
      ]
    ],
    "S43": [
      [
        "PAT_0636",
        0,
        2881.8169
      ]
    ],
    "S42": [
      [
        "PAT_0636",
        0,
        0.0
      ]
    ],
    "S58": [
      [
        "PAT_0167",
        0,
        0.0
      ]
    ],
    "S48": [
      [
        "PAT_0458",
        0,
        0.0
      ]
    ],
    "S44": [
      [
        "PAT_0810",
        0,
        857.9745
      ],
      [
        "PAT_0237",
        1,
        4523.6718
      ]
    ],
    "S49": [
      [
        "PAT_0237",
        0,
        0.0
      ],
      [
        "PAT_0236",
        0,
        2957.9894
      ]
    ],
    "S24": [
      [
        "PAT_0237",
        0,
        0.0
      ],
      [
        "PAT_0237",
        0,
        2957.9894
      ],
      [
        "PAT_0547",
        0,
        5915.9788
      ]
    ],
    "S22": [
      [
        "PAT_0640",
        0,
        1901.8879
      ],
      [
        "PAT_0665",
        1,
        5567.5851999999995
      ]
    ],
    "S18": [
      [
        "PAT_0876",
        0,
        0.0
      ]
    ],
    "S59": [
      [
        "PAT_0392",
        0,
        0.0
      ],
      [
        "PAT_0499",
        0,
        3631.9272
      ]
    ],
    "S8": [
      [
        "PAT_0463",
        0,
        0.0
      ],
      [
        "PAT_0467",
        0,
        4072.786
      ]
    ],
    "S79": [
      [
        "PAT_0468",
        0,
        0.0
      ],
      [
        "PAT_0468",
        1,
        4072.786
      ]
    ]
  }
}