{
  "instance": "SYN_SWEEP5_SIZE_XL_022",
  "method": "SA",
  "start_method": "greedy",
  "time_limit": 60.0,
  "cost": 29478.1911,
  "is_feasible": true,
  "unmet": {},
  "overprod": {
    "P1": 1,
    "P2": 1,
    "P14": 1,
    "P17": 1,
    "P19": 2,
    "P23": 1,
    "P27": 1
  },
  "elapsed_sec": 60.41,
  "active": {
    "S133": [
      [
        "PAT_17666",
        0,
        1146.5226
      ]
    ],
    "S18": [
      [
        "PAT_17455",
        0,
        0.0
      ],
      [
        "PAT_9830",
        0,
        3334.2510000000007
      ],
      [
        "PAT_9830",
        0,
        6151.465200000001
      ]
    ],
    "S34": [
      [
        "PAT_9726",
        0,
        2405.6038
      ]
    ],
    "S80": [
      [
        "PAT_9772",
        0,
        1654.6403
      ]
    ],
    "S23": [
      [
        "PAT_0442",
        0,
        0.0
      ],
      [
        "PAT_0442",
        0,
        2690.588
      ]
    ],
    "S91": [
      [
        "PAT_9588",
        0,
        2737.3588
      ]
    ],
    "S59": [
      [
        "PAT_17629",
        0,
        0.0
      ],
      [
        "PAT_3907",
        1,
        4366.6033
      ]
    ],
    "S16": [
      [
        "PAT_17616",
        0,
        0.0
      ],
      [
        "PAT_17616",
        0,
        3881.3024
      ]
    ],
    "S127": [
      [
        "PAT_17616",
        0,
        0.0
      ],
      [
        "PAT_9722",
        0,
        3881.3024
      ]
    ],
    "S107": [
      [
        "PAT_8978",
        0,
        0.0
      ],
      [
        "PAT_9657",
        1,
        5440.0893
      ]
    ],
    "S88": [
      [
        "PAT_4445",
        0,
        741.6838
      ],
      [
        "PAT_15661",
        0,
        4906.8048
      ]
    ],
    "S69": [
      [
        "PAT_9931",
        0,
        0.0
      ],
      [
        "PAT_9899",
        0,
        4451.4995
      ]
    ],
    "S140": [
      [
        "PAT_16473",
        0,
        1108.853
      ],
      [
        "PAT_9739",
        0,
        4337.2582999999995
      ]
    ],
    "S87": [
      [
        "PAT_9661",
        0,
        0.0
      ],
      [
        "PAT_9918",
        0,
        3120.7619
      ]
    ],
    "S81": [
      [
        "PAT_9726",
        0,
        0.0
      ],
      [
        "PAT_4309",
        1,
        3971.2458
      ]
    ],
    "S1": [
      [
        "PAT_0442",
        0,
        0.0
      ],
      [
        "PAT_0442",
        0,
        2690.588
      ]
    ],
    "S82": [
      [
        "PAT_9624",
        0,
        0.0
      ]
    ],
    "S121": [
      [
        "PAT_0383",
        0,
        0.0
      ],
      [
        "PAT_0383",
        0,
        2690.588
      ]
    ],
    "S138": [
      [
        "PAT_9697",
        0,
        0.0
      ],
      [
        "PAT_17638",
        0,
        2541.7839
      ]
    ],
    "S117": [
      [
        "PAT_17605",
        0,
        0.0
      ]
    ],
    "S11": [
      [
        "PAT_8696",
        0,
        0.0
      ]
    ],
    "S47": [
      [
        "PAT_7031",
        0,
        0.0
      ]
    ],
    "S77": [
      [
        "PAT_16430",
        0,
        0.0
      ],
      [
        "PAT_9911",
        1,
        5051.0282
      ]
    ],
    "S129": [
      [
        "PAT_4428",
        0,
        0.0
      ],
      [
        "PAT_2892",
        0,
        3109.6682
      ]
    ],
    "S63": [
      [
        "PAT_9473",
        0,
        0.0
      ],
      [
        "PAT_10220",
        0,
        4156.9563
      ]
    ],
    "S132": [
      [
        "PAT_10660",
        0,
        0.0
      ]
    ],
    "S60": [
      [
        "PAT_3387",
        0,
        0.0
      ],
      [
        "PAT_3387",
        0,
        2690.588
      ]
    ],
    "S123": [
      [
        "PAT_17466",
        0,
        0.0
      ]
    ],
    "S42": [
      [
        "PAT_17630",
        0,
        1674.7329
      ],
      [
        "PAT_0148",
        1,
        5556.0353
      ]
    ],
    "S37": [
      [
        "PAT_16344",
        0,
        0.0
      ],
      [
        "PAT_0037",
        0,
        3228.4053
      ]
    ],
    "S120": [
      [
        "PAT_10603",
        0,
        0.0
      ]
    ],
    "S84": [
      [
        "PAT_8872",
        0,
        945.3716
      ]
    ],
    "S55": [
      [
        "PAT_8173",
        0,
        2732.0599
      ]
    ],
    "S20": [
      [
        "PAT_8965",
        0,
        0.0
      ],
      [
        "PAT_0582",
        0,
        4156.9563
      ]
    ],
    "S67": [
      [
        "PAT_0157",
        0,
        0.0
      ],
      [
        "PAT_0157",
        0,
        2690.588
      ],
      [
        "PAT_9750",
        0,
        5381.176
      ]
    ],
    "S30": [
      [
        "PAT_9610",
        0,
        1038.619
      ],
      [
        "PAT_9587",
        1,
        3836.6218
      ]
    ],
    "S76": [
      [
        "PAT_9751",
        0,
        960.2575
      ],
      [
        "PAT_17617",
        0,
        3777.4717
      ]
    ],
    "S10": [
      [
        "PAT_5620",
        0,
        0.0
      ]
    ],
    "S32": [
      [
        "PAT_6179",
        0,
        0.0
      ],
      [
        "PAT_6179",
        0,
        4156.9563
      ]
    ],
    "S103": [
      [
        "PAT_8687",
        0,
        966.5426
      ]
    ],
    "S29": [
      [
        "PAT_17630",
        0,
        0.0
      ],
      [
        "PAT_6352",
        0,
        4870.9405
      ]
    ],
    "S38": [
      [
        "PAT_0139",
        0,
        0.0
      ],
      [
        "PAT_0139",
        0,
        2690.588
      ],
      [
        "PAT_9684",
        0,
        5381.176
      ]
    ],
    "S35": [
      [
        "PAT_1311",
        0,
        0.0
      ],
      [
        "PAT_9607",
        1,
        3465.8109
      ]
    ],
    "S72": [
      [
        "PAT_9899",
        0,
        2039.9662
      ]
    ],
    "S8": [
      [
        "PAT_11052",
        0,
        3156.6649
      ]
    ],
    "S6": [
      [
        "PAT_8433",
        0,
        1096.0844
      ]
    ],
    "S128": [
      [
        "PAT_12668",
        0,
        0.0
      ],
      [
        "PAT_10946",
        0,
        3228.4053
      ]
    ],
    "S122": [
      [
        "PAT_0086",
        0,
        0.0
      ],
      [
        "PAT_0040",
        0,
        3003.2178
      ]
    ],
    "S33": [
      [
        "PAT_9700",
        0,
        0.0
      ],
      [
        "PAT_9637",
        0,
        2421.9107
      ]
    ],
    "S124": [
      [
        "PAT_9860",
        0,
        0.0
      ],
      [
        "PAT_4429",
        0,
        4688.9247
      ]
    ],
    "S74": [
      [
        "PAT_9637",
        0,
        3489.0721
      ]
    ],
    "S101": [
      [
        "PAT_17605",
        0,
        4688.7909
      ]
    ],
    "S70": [
      [
        "PAT_9009",
        0,
        0.0
      ]
    ]
  }
}