{
  "instance": "SYN_SWEEP5_SIZE_XL_000",
  "method": "TS",
  "start_method": "multistart",
  "time_limit": 60.0,
  "cost": 23743.6206,
  "is_feasible": true,
  "unmet": {},
  "overprod": {
    "P8": 2,
    "P26": 1,
    "P32": 1,
    "P36": 1
  },
  "elapsed_sec": 128.48,
  "active": {
    "S139": [
      [
        "PAT_5960",
        0,
        1427.5367
      ],
      [
        "PAT_5960",
        0,
        2802.9317
      ],
      [
        "PAT_5960",
        0,
        4178.3267
      ],
      [
        "PAT_5960",
        0,
        5553.7217
      ]
    ],
    "S1": [
      [
        "PAT_4591",
        0,
        1093.0186
      ],
      [
        "PAT_4591",
        0,
        3591.9483
      ]
    ],
    "S101": [
      [
        "PAT_1867",
        0,
        1939.6132
      ],
      [
        "PAT_1867",
        0,
        4598.9084
      ]
    ],
    "S29": [
      [
        "PAT_1664",
        0,
        886.2535
      ],
      [
        "PAT_1664",
        0,
        3545.5487000000003
      ]
    ],
    "S114": [
      [
        "PAT_0168",
        0,
        0.0
      ],
      [
        "PAT_0168",
        0,
        3454.2
      ]
    ],
    "S50": [
      [
        "PAT_0939",
        0,
        1036.3115
      ],
      [
        "PAT_0939",
        0,
        3450.4222
      ]
    ],
    "S37": [
      [
        "PAT_1945",
        0,
        582.2095
      ],
      [
        "PAT_4569",
        1,
        2185.5185000000006
      ],
      [
        "PAT_4569",
        1,
        4684.448200000001
      ]
    ],
    "S143": [
      [
        "PAT_0804",
        0,
        0.0
      ],
      [
        "PAT_4518",
        0,
        3454.2
      ],
      [
        "PAT_4304",
        1,
        4444.7883999999995
      ]
    ],
    "S133": [
      [
        "PAT_1161",
        0,
        0.0
      ],
      [
        "PAT_1161",
        0,
        2414.1107
      ],
      [
        "PAT_6048",
        0,
        4828.2214
      ]
    ],
    "S10": [
      [
        "PAT_1386",
        0,
        0.0
      ],
      [
        "PAT_1386",
        0,
        2659.2952
      ]
    ],
    "S141": [
      [
        "PAT_1286",
        0,
        0.0
      ],
      [
        "PAT_1286",
        0,
        2894.3144
      ]
    ],
    "S47": [
      [
        "PAT_1277",
        0,
        936.0017
      ],
      [
        "PAT_1277",
        0,
        3830.3161
      ]
    ],
    "S6": [
      [
        "PAT_0788",
        0,
        0.0
      ],
      [
        "PAT_1936",
        1,
        4066.9337
      ]
    ],
    "S71": [
      [
        "PAT_4557",
        0,
        0.0
      ],
      [
        "PAT_1407",
        0,
        3363.2481
      ]
    ],
    "S19": [
      [
        "PAT_1345",
        0,
        0.0
      ],
      [
        "PAT_4568",
        1,
        2894.3144
      ]
    ],
    "S18": [
      [
        "PAT_0245",
        0,
        0.0
      ],
      [
        "PAT_1356",
        0,
        3716.9653
      ]
    ],
    "S27": [
      [
        "PAT_1258",
        0,
        0.0
      ],
      [
        "PAT_1258",
        0,
        2894.3144
      ]
    ],
    "S53": [
      [
        "PAT_1370",
        0,
        1292.8336
      ]
    ],
    "S95": [
      [
        "PAT_0007",
        0,
        0.0
      ],
      [
        "PAT_5846",
        0,
        3454.2
      ]
    ],
    "S74": [
      [
        "PAT_1259",
        0,
        2203.8407
      ]
    ],
    "S55": [
      [
        "PAT_1397",
        0,
        0.0
      ],
      [
        "PAT_1397",
        0,
        2659.2952
      ]
    ],
    "S97": [
      [
        "PAT_4624",
        0,
        0.0
      ]
    ],
    "S58": [
      [
        "PAT_4624",
        0,
        0.0
      ]
    ],
    "S62": [
      [
        "PAT_4557",
        0,
        0.0
      ],
      [
        "PAT_0082",
        0,
        3470.2559
      ]
    ],
    "S108": [
      [
        "PAT_4556",
        0,
        0.0
      ],
      [
        "PAT_4620",
        0,
        2839.1280000000006
      ]
    ],
    "S70": [
      [
        "PAT_5139",
        0,
        353.7462
      ],
      [
        "PAT_2020",
        1,
        4446.5031
      ],
      [
        "PAT_3818",
        1,
        5568.241300000001
      ]
    ],
    "S137": [
      [
        "PAT_0002",
        0,
        1616.9782
      ]
    ],
    "S73": [
      [
        "PAT_0081",
        0,
        694.6299
      ]
    ],
    "S21": [
      [
        "PAT_0002",
        0,
        0.0
      ]
    ],
    "S66": [
      [
        "PAT_0002",
        0,
        620.042
      ]
    ],
    "S106": [
      [
        "PAT_4613",
        0,
        0.0
      ],
      [
        "PAT_4613",
        0,
        3454.5606
      ]
    ],
    "S24": [
      [
        "PAT_0012",
        0,
        0.0
      ],
      [
        "PAT_0081",
        0,
        3516.8269
      ]
    ],
    "S90": [
      [
        "PAT_1547",
        0,
        0.0
      ],
      [
        "PAT_1553",
        1,
        3398.2769
      ]
    ],
    "S125": [
      [
        "PAT_4357",
        0,
        0.0
      ],
      [
        "PAT_1780",
        0,
        990.5884
      ],
      [
        "PAT_1780",
        0,
        3649.8836
      ]
    ],
    "S13": [
      [
        "PAT_1345",
        0,
        0.0
      ],
      [
        "PAT_5794",
        0,
        2894.3144
      ]
    ],
    "S65": [
      [
        "PAT_5710",
        0,
        0.0
      ],
      [
        "PAT_6038",
        1,
        4311.2883
      ]
    ],
    "S135": [
      [
        "PAT_5124",
        0,
        0.0
      ]
    ],
    "S26": [
      [
        "PAT_1093",
        0,
        0.0
      ],
      [
        "PAT_1093",
        0,
        2414.1107
      ]
    ],
    "S14": [
      [
        "PAT_4093",
        0,
        0.0
      ],
      [
        "PAT_5919",
        0,
        2481.379
      ]
    ],
    "S119": [
      [
        "PAT_1338",
        0,
        0.0
      ],
      [
        "PAT_0832",
        0,
        2894.3144
      ]
    ]
  }
}