{
  "instance": "SYN_SWEEP5_SIZE_L_009",
  "method": "GRASP_SA",
  "start_method": "none",
  "time_limit": 60.0,
  "cost": 11160.8407,
  "is_feasible": true,
  "unmet": {},
  "overprod": {
    "P7": 1,
    "P10": 1,
    "P17": 1
  },
  "elapsed_sec": 60.59,
  "active": {
    "S52": [
      [
        "PAT_4638",
        0,
        0.0
      ],
      [
        "PAT_4638",
        0,
        2420.7664
      ]
    ],
    "S29": [
      [
        "PAT_2580",
        0,
        0.0
      ],
      [
        "PAT_2580",
        0,
        2681.4265
      ]
    ],
    "S13": [
      [
        "PAT_0069",
        0,
        0.0
      ],
      [
        "PAT_3791",
        0,
        3242.8743
      ]
    ],
    "S31": [
      [
        "PAT_5090",
        0,
        0.0
      ],
      [
        "PAT_4971",
        0,
        2370.5021999999994
      ],
      [
        "PAT_4971",
        0,
        4791.268599999999
      ]
    ],
    "S55": [
      [
        "PAT_9058",
        0,
        0.0
      ],
      [
        "PAT_0017",
        1,
        2311.6369
      ]
    ],
    "S35": [
      [
        "PAT_1648",
        0,
        1701.4827
      ],
      [
        "PAT_1648",
        0,
        4382.9092
      ]
    ],
    "S43": [
      [
        "PAT_0069",
        0,
        1038.0825
      ]
    ],
    "S10": [
      [
        "PAT_3972",
        0,
        2072.779
      ],
      [
        "PAT_3972",
        0,
        4493.5454
      ]
    ],
    "S23": [
      [
        "PAT_0045",
        0,
        4382.9073
      ]
    ],
    "S37": [
      [
        "PAT_5090",
        0,
        951.7942
      ],
      [
        "PAT_2096",
        1,
        3330.0699
      ]
    ],
    "S38": [
      [
        "PAT_1477",
        0,
        1972.0789
      ]
    ],
    "S26": [
      [
        "PAT_1049",
        0,
        0.0
      ],
      [
        "PAT_0004",
        0,
        2971.0803
      ]
    ],
    "S32": [
      [
        "PAT_9021",
        0,
        1544.3778
      ]
    ],
    "S53": [
      [
        "PAT_1649",
        0,
        0.0
      ],
      [
        "PAT_5664",
        1,
        3962.8151
      ]
    ],
    "S34": [
      [
        "PAT_4333",
        0,
        0.0
      ],
      [
        "PAT_6897",
        0,
        2420.7664
      ]
    ],
    "S25": [
      [
        "PAT_0098",
        0,
        0.0
      ],
      [
        "PAT_5089",
        0,
        2971.0803
      ]
    ],
    "S20": [
      [
        "PAT_9981",
        0,
        0.0
      ],
      [
        "PAT_8842",
        1,
        3709.5338
      ]
    ],
    "S51": [
      [
        "PAT_0009",
        1,
        1545.613
      ],
      [
        "PAT_0009",
        1,
        3608.4421
      ]
    ],
    "S59": [
      [
        "PAT_4396",
        0,
        0.0
      ]
    ],
    "S3": [
      [
        "PAT_3380",
        0,
        0.0
      ],
      [
        "PAT_2608",
        0,
        2681.4265
      ]
    ],
    "S49": [
      [
        "PAT_0048",
        0,
        1292.1374
      ]
    ]
  }
}