{
  "instance": "SYN_SWEEP5_SIZE_XL_027",
  "method": "SA",
  "start_method": "greedy",
  "time_limit": 60.0,
  "cost": 18667.2461,
  "is_feasible": true,
  "unmet": {},
  "overprod": {
    "P4": 2,
    "P5": 1,
    "P7": 1,
    "P11": 1,
    "P13": 1
  },
  "elapsed_sec": 60.05,
  "active": {
    "S35": [
      [
        "PAT_0312",
        0,
        0.0
      ],
      [
        "PAT_0453",
        0,
        2463.9387
      ],
      [
        "PAT_0457",
        0,
        5432.4219
      ]
    ],
    "S15": [
      [
        "PAT_0013",
        0,
        0.0
      ],
      [
        "PAT_0311",
        1,
        5102.1492
      ]
    ],
    "S26": [
      [
        "PAT_0009",
        0,
        0.0
      ],
      [
        "PAT_0004",
        0,
        2733.1536
      ]
    ],
    "S31": [
      [
        "PAT_0451",
        0,
        696.152
      ],
      [
        "PAT_0003",
        0,
        3699.7728
      ]
    ],
    "S72": [
      [
        "PAT_0012",
        0,
        0.0
      ],
      [
        "PAT_0331",
        1,
        3337.4663
      ]
    ],
    "S110": [
      [
        "PAT_0443",
        0,
        0.0
      ],
      [
        "PAT_0012",
        0,
        4772.8441
      ]
    ],
    "S76": [
      [
        "PAT_0457",
        0,
        497.071
      ],
      [
        "PAT_0457",
        0,
        1317.1659
      ],
      [
        "PAT_0003",
        0,
        2586.9590000000003
      ]
    ],
    "S6": [
      [
        "PAT_0457",
        0,
        0.0
      ],
      [
        "PAT_0444",
        0,
        1239.9694999999997
      ],
      [
        "PAT_0259",
        0,
        3598.1813999999995
      ]
    ],
    "S49": [
      [
        "PAT_0340",
        0,
        0.0
      ],
      [
        "PAT_0279",
        0,
        4884.4857
      ]
    ],
    "S126": [
      [
        "PAT_0087",
        0,
        0.0
      ],
      [
        "PAT_0287",
        0,
        3993.907
      ]
    ],
    "S108": [
      [
        "PAT_0408",
        0,
        0.0
      ],
      [
        "PAT_0007",
        0,
        2452.3218
      ],
      [
        "PAT_0002",
        0,
        4712.2862000000005
      ]
    ],
    "S63": [
      [
        "PAT_0008",
        0,
        0.0
      ],
      [
        "PAT_0340",
        0,
        2259.9644
      ]
    ],
    "S68": [
      [
        "PAT_0247",
        0,
        0.0
      ],
      [
        "PAT_0011",
        0,
        3470.7819
      ]
    ],
    "S100": [
      [
        "PAT_0259",
        0,
        0.0
      ],
      [
        "PAT_0457",
        0,
        2003.0905
      ],
      [
        "PAT_0287",
        1,
        3318.2038
      ]
    ],
    "S1": [
      [
        "PAT_0408",
        0,
        0.0
      ],
      [
        "PAT_0438",
        0,
        2452.3218
      ],
      [
        "PAT_0285",
        0,
        5147.248
      ]
    ],
    "S27": [
      [
        "PAT_0290",
        0,
        0.0
      ],
      [
        "PAT_0437",
        0,
        2414.6322
      ],
      [
        "PAT_0021",
        1,
        6190.2028
      ]
    ],
    "S46": [
      [
        "PAT_0443",
        0,
        0.0
      ],
      [
        "PAT_0344",
        0,
        2694.828
      ]
    ],
    "S47": [
      [
        "PAT_0133",
        0,
        0.0
      ],
      [
        "PAT_0368",
        0,
        3291.608
      ]
    ],
    "S16": [
      [
        "PAT_0463",
        0,
        0.0
      ],
      [
        "PAT_0461",
        0,
        4076.8539
      ]
    ],
    "S81": [
      [
        "PAT_0022",
        0,
        0.0
      ],
      [
        "PAT_0356",
        0,
        2638.8717999999994
      ],
      [
        "PAT_0288",
        0,
        5713.897
      ]
    ],
    "S54": [
      [
        "PAT_0178",
        0,
        0.0
      ],
      [
        "PAT_0462",
        0,
        3542.4848
      ]
    ],
    "S38": [
      [
        "PAT_0436",
        0,
        0.0
      ],
      [
        "PAT_0339",
        0,
        2694.9262
      ]
    ],
    "S125": [
      [
        "PAT_0340",
        0,
        0.0
      ],
      [
        "PAT_0452",
        1,
        5384.1951
      ]
    ],
    "S62": [
      [
        "PAT_0327",
        0,
        0.0
      ]
    ],
    "S33": [
      [
        "PAT_0007",
        0,
        0.0
      ],
      [
        "PAT_0436",
        0,
        2259.9644
      ]
    ],
    "S45": [
      [
        "PAT_0012",
        0,
        3355.8218
      ]
    ],
    "S82": [
      [
        "PAT_0003",
        0,
        4133.4122
      ]
    ]
  }
}