{
  "instance": "SYN_SWEEP5_SIZE_XL_022",
  "method": "SA",
  "start_method": "multistart",
  "time_limit": 60.0,
  "cost": 28500.5033,
  "is_feasible": true,
  "unmet": {},
  "overprod": {
    "P1": 1,
    "P2": 1,
    "P19": 1
  },
  "elapsed_sec": 216.25,
  "active": {
    "S122": [
      [
        "PAT_0073",
        0,
        0.0
      ],
      [
        "PAT_0073",
        0,
        3003.2178
      ]
    ],
    "S121": [
      [
        "PAT_17658",
        0,
        0.0
      ],
      [
        "PAT_9764",
        0,
        4196.4324
      ]
    ],
    "S18": [
      [
        "PAT_16117",
        0,
        0.0
      ],
      [
        "PAT_9830",
        0,
        3334.2510000000007
      ],
      [
        "PAT_9830",
        0,
        6151.465200000001
      ]
    ],
    "S33": [
      [
        "PAT_9637",
        0,
        0.0
      ],
      [
        "PAT_9637",
        0,
        2798.0028
      ]
    ],
    "S76": [
      [
        "PAT_17454",
        0,
        0.0
      ],
      [
        "PAT_17639",
        0,
        3508.4921
      ]
    ],
    "S16": [
      [
        "PAT_0443",
        0,
        0.0
      ],
      [
        "PAT_2151",
        0,
        2889.0253000000007
      ],
      [
        "PAT_2151",
        0,
        5579.613300000001
      ]
    ],
    "S34": [
      [
        "PAT_9726",
        0,
        2405.6038
      ]
    ],
    "S23": [
      [
        "PAT_0442",
        0,
        0.0
      ],
      [
        "PAT_0442",
        0,
        2690.588
      ]
    ],
    "S133": [
      [
        "PAT_17611",
        0,
        1146.5226
      ]
    ],
    "S35": [
      [
        "PAT_0154",
        0,
        0.0
      ],
      [
        "PAT_9588",
        1,
        3465.8109
      ]
    ],
    "S129": [
      [
        "PAT_4428",
        0,
        0.0
      ],
      [
        "PAT_0783",
        0,
        3109.6682
      ]
    ],
    "S80": [
      [
        "PAT_9588",
        0,
        1654.6403
      ]
    ],
    "S91": [
      [
        "PAT_9588",
        0,
        2737.3588
      ]
    ],
    "S67": [
      [
        "PAT_4804",
        0,
        0.0
      ],
      [
        "PAT_4804",
        0,
        4156.9563
      ]
    ],
    "S59": [
      [
        "PAT_17614",
        0,
        0.0
      ],
      [
        "PAT_10440",
        1,
        4366.6033
      ]
    ],
    "S87": [
      [
        "PAT_11066",
        0,
        0.0
      ],
      [
        "PAT_11311",
        0,
        3466.7798
      ]
    ],
    "S117": [
      [
        "PAT_2497",
        0,
        0.0
      ],
      [
        "PAT_2497",
        0,
        2690.588
      ]
    ],
    "S107": [
      [
        "PAT_9083",
        0,
        0.0
      ],
      [
        "PAT_9723",
        1,
        4156.9563
      ]
    ],
    "S81": [
      [
        "PAT_9725",
        0,
        0.0
      ],
      [
        "PAT_9739",
        0,
        3510.8997
      ]
    ],
    "S38": [
      [
        "PAT_16439",
        0,
        0.0
      ],
      [
        "PAT_9751",
        0,
        3228.4053
      ]
    ],
    "S127": [
      [
        "PAT_17616",
        0,
        0.0
      ]
    ],
    "S138": [
      [
        "PAT_9662",
        0,
        1350.7506
      ],
      [
        "PAT_17605",
        0,
        4154.120800000001
      ]
    ],
    "S47": [
      [
        "PAT_4464",
        0,
        0.0
      ]
    ],
    "S41": [
      [
        "PAT_9587",
        0,
        0.0
      ],
      [
        "PAT_0016",
        0,
        3073.5062000000003
      ]
    ],
    "S72": [
      [
        "PAT_9899",
        0,
        2039.9662
      ]
    ],
    "S27": [
      [
        "PAT_9473",
        0,
        523.1765
      ]
    ],
    "S124": [
      [
        "PAT_17465",
        0,
        0.0
      ],
      [
        "PAT_4429",
        0,
        4688.9247
      ]
    ],
    "S82": [
      [
        "PAT_4949",
        0,
        0.0
      ]
    ],
    "S52": [
      [
        "PAT_17594",
        0,
        0.0
      ]
    ],
    "S20": [
      [
        "PAT_9689",
        0,
        0.0
      ],
      [
        "PAT_6700",
        0,
        2421.9107
      ]
    ],
    "S17": [
      [
        "PAT_17262",
        0,
        2120.8679
      ]
    ],
    "S32": [
      [
        "PAT_9193",
        0,
        0.0
      ],
      [
        "PAT_9193",
        0,
        4156.9563
      ]
    ],
    "S40": [
      [
        "PAT_4794",
        0,
        3259.2521
      ]
    ],
    "S103": [
      [
        "PAT_17605",
        0,
        966.5426
      ]
    ],
    "S101": [
      [
        "PAT_17605",
        0,
        4688.7909
      ]
    ],
    "S29": [
      [
        "PAT_17620",
        0,
        0.0
      ],
      [
        "PAT_9483",
        0,
        4870.9405
      ]
    ],
    "S10": [
      [
        "PAT_8971",
        0,
        0.0
      ]
    ],
    "S128": [
      [
        "PAT_9601",
        0,
        0.0
      ],
      [
        "PAT_9707",
        0,
        2798.0028
      ]
    ],
    "S84": [
      [
        "PAT_10841",
        0,
        945.3716
      ]
    ],
    "S30": [
      [
        "PAT_9642",
        0,
        1038.619
      ],
      [
        "PAT_3149",
        1,
        3836.6218
      ]
    ],
    "S11": [
      [
        "PAT_10440",
        0,
        0.0
      ],
      [
        "PAT_9751",
        0,
        3626.9429
      ]
    ],
    "S66": [
      [
        "PAT_4452",
        0,
        1542.2485
      ]
    ],
    "S1": [
      [
        "PAT_10402",
        0,
        0.0
      ],
      [
        "PAT_0442",
        0,
        3228.4053
      ]
    ],
    "S74": [
      [
        "PAT_17043",
        0,
        0.0
      ],
      [
        "PAT_9859",
        0,
        3489.0721
      ]
    ],
    "S100": [
      [
        "PAT_9898",
        0,
        0.0
      ]
    ],
    "S120": [
      [
        "PAT_11744",
        0,
        0.0
      ]
    ],
    "S37": [
      [
        "PAT_3306",
        0,
        0.0
      ],
      [
        "PAT_4255",
        1,
        4033.428
      ]
    ],
    "S53": [
      [
        "PAT_9910",
        0,
        2948.9076
      ]
    ],
    "S42": [
      [
        "PAT_17630",
        0,
        1674.7329
      ],
      [
        "PAT_0660",
        1,
        5556.0353
      ]
    ],
    "S77": [
      [
        "PAT_17595",
        0,
        0.0
      ],
      [
        "PAT_16005",
        1,
        5051.0282
      ]
    ],
    "S6": [
      [
        "PAT_9481",
        0,
        1096.0844
      ]
    ],
    "S60": [
      [
        "PAT_3190",
        0,
        0.0
      ],
      [
        "PAT_4305",
        0,
        2690.588
      ]
    ]
  }
}