{
  "instance": "SYN_SWEEP5_SIZE_XL_008",
  "method": "VNS_SA",
  "start_method": "multistart",
  "time_limit": 60.0,
  "cost": 33237.447,
  "is_feasible": true,
  "unmet": {},
  "overprod": {
    "P5": 1,
    "P10": 1,
    "P12": 1,
    "P14": 1,
    "P16": 1,
    "P18": 1,
    "P20": 2,
    "P21": 1,
    "P22": 1,
    "P25": 1,
    "P27": 1,
    "P29": 1,
    "P32": 1,
    "P33": 1
  },
  "elapsed_sec": 153.37,
  "active": {
    "S23": [
      [
        "PAT_1776",
        0,
        0.0
      ],
      [
        "PAT_1776",
        0,
        1909.7084
      ],
      [
        "PAT_1776",
        0,
        3819.4168
      ]
    ],
    "S139": [
      [
        "PAT_6345",
        0,
        0.0
      ],
      [
        "PAT_6345",
        0,
        2111.6893
      ]
    ],
    "S39": [
      [
        "PAT_6139",
        0,
        0.0
      ],
      [
        "PAT_6139",
        0,
        3278.8529
      ]
    ],
    "S33": [
      [
        "PAT_1987",
        0,
        0.0
      ],
      [
        "PAT_1987",
        0,
        2707.0672
      ],
      [
        "PAT_1987",
        0,
        5414.1344
      ]
    ],
    "S89": [
      [
        "PAT_5889",
        0,
        0.0
      ],
      [
        "PAT_5889",
        0,
        3278.8529
      ],
      [
        "PAT_2241",
        2,
        6557.7058
      ]
    ],
    "S19": [
      [
        "PAT_0022",
        0,
        0.0
      ],
      [
        "PAT_0022",
        0,
        2293.8796
      ],
      [
        "PAT_1735",
        1,
        5366.069
      ]
    ],
    "S132": [
      [
        "PAT_2442",
        0,
        0.0
      ],
      [
        "PAT_1525",
        0,
        2025.2685
      ],
      [
        "PAT_1525",
        0,
        3934.9768999999997
      ],
      [
        "PAT_1525",
        0,
        5844.685299999999
      ]
    ],
    "S47": [
      [
        "PAT_2380",
        0,
        2649.8428
      ],
      [
        "PAT_2380",
        0,
        6120.7356
      ]
    ],
    "S30": [
      [
        "PAT_2424",
        0,
        0.0
      ],
      [
        "PAT_2424",
        0,
        3470.8928
      ]
    ],
    "S119": [
      [
        "PAT_2110",
        0,
        2765.5489
      ],
      [
        "PAT_2110",
        0,
        5472.616099999999
      ]
    ],
    "S98": [
      [
        "PAT_6319",
        0,
        0.0
      ],
      [
        "PAT_6319",
        0,
        2111.6893
      ],
      [
        "PAT_6319",
        0,
        4223.3786
      ]
    ],
    "S84": [
      [
        "PAT_2368",
        0,
        0.0
      ],
      [
        "PAT_2368",
        0,
        3470.8928
      ]
    ],
    "S61": [
      [
        "PAT_2432",
        0,
        0.0
      ],
      [
        "PAT_2432",
        0,
        1993.8151
      ],
      [
        "PAT_2432",
        0,
        3987.6302
      ],
      [
        "PAT_2443",
        1,
        5981.4453
      ]
    ],
    "S86": [
      [
        "PAT_1435",
        0,
        0.0
      ],
      [
        "PAT_1435",
        0,
        4326.6361
      ]
    ],
    "S44": [
      [
        "PAT_0964",
        0,
        0.0
      ],
      [
        "PAT_0964",
        0,
        4600.7226
      ]
    ],
    "S150": [
      [
        "PAT_0965",
        0,
        0.0
      ],
      [
        "PAT_6318",
        0,
        4600.7226
      ]
    ],
    "S74": [
      [
        "PAT_2301",
        0,
        0.0
      ],
      [
        "PAT_2301",
        0,
        3141.9469
      ]
    ],
    "S21": [
      [
        "PAT_1236",
        0,
        0.0
      ],
      [
        "PAT_1236",
        0,
        4326.6361
      ]
    ],
    "S45": [
      [
        "PAT_3079",
        0,
        0.0
      ],
      [
        "PAT_2382",
        0,
        3683.63
      ]
    ],
    "S104": [
      [
        "PAT_2301",
        0,
        0.0
      ],
      [
        "PAT_2301",
        0,
        3141.9469
      ],
      [
        "PAT_0010",
        0,
        6283.8938
      ]
    ],
    "S76": [
      [
        "PAT_1855",
        0,
        0.0
      ],
      [
        "PAT_2210",
        0,
        3804.6205
      ],
      [
        "PAT_2210",
        0,
        6511.6877
      ]
    ],
    "S16": [
      [
        "PAT_1116",
        0,
        0.0
      ],
      [
        "PAT_1116",
        0,
        4326.6361
      ]
    ],
    "S58": [
      [
        "PAT_2226",
        0,
        0.0
      ],
      [
        "PAT_1220",
        0,
        3359.3414
      ]
    ],
    "S40": [
      [
        "PAT_1003",
        0,
        0.0
      ]
    ],
    "S3": [
      [
        "PAT_1936",
        0,
        0.0
      ],
      [
        "PAT_0897",
        1,
        3130.3831
      ]
    ],
    "S95": [
      [
        "PAT_1219",
        0,
        0.0
      ],
      [
        "PAT_1860",
        1,
        5224.7313
      ]
    ],
    "S1": [
      [
        "PAT_1504",
        0,
        0.0
      ],
      [
        "PAT_1504",
        0,
        3138.1067
      ]
    ],
    "S135": [
      [
        "PAT_2305",
        0,
        2406.405
      ],
      [
        "PAT_2305",
        0,
        5548.3519
      ]
    ],
    "S51": [
      [
        "PAT_2305",
        0,
        0.0
      ],
      [
        "PAT_2305",
        0,
        3141.9469
      ]
    ],
    "S59": [
      [
        "PAT_2305",
        1,
        1357.1795
      ],
      [
        "PAT_2305",
        1,
        4499.1264
      ]
    ],
    "S121": [
      [
        "PAT_0010",
        0,
        0.0
      ],
      [
        "PAT_1859",
        0,
        2448.7083
      ],
      [
        "PAT_1859",
        0,
        5762.9892
      ]
    ],
    "S120": [
      [
        "PAT_1202",
        0,
        1056.9987
      ]
    ],
    "S31": [
      [
        "PAT_1904",
        1,
        1244.4953
      ],
      [
        "PAT_1904",
        1,
        4558.7762
      ]
    ],
    "S131": [
      [
        "PAT_1860",
        0,
        0.0
      ],
      [
        "PAT_2305",
        1,
        4482.0855
      ]
    ],
    "S136": [
      [
        "PAT_1904",
        0,
        0.0
      ],
      [
        "PAT_1904",
        0,
        3314.2809
      ]
    ],
    "S113": [
      [
        "PAT_1504",
        0,
        2338.0849
      ]
    ],
    "S34": [
      [
        "PAT_1874",
        0,
        0.0
      ],
      [
        "PAT_5696",
        0,
        3314.2809
      ]
    ],
    "S149": [
      [
        "PAT_2009",
        0,
        0.0
      ],
      [
        "PAT_1856",
        0,
        3404.4534
      ]
    ],
    "S57": [
      [
        "PAT_0266",
        0,
        0.0
      ],
      [
        "PAT_1856",
        0,
        3945.7197
      ]
    ],
    "S72": [
      [
        "PAT_1856",
        0,
        1309.9138
      ]
    ],
    "S148": [
      [
        "PAT_1503",
        0,
        0.0
      ],
      [
        "PAT_1504",
        0,
        3318.3435000000004
      ]
    ],
    "S68": [
      [
        "PAT_5058",
        0,
        1214.3601
      ],
      [
        "PAT_5058",
        0,
        4559.5943
      ]
    ],
    "S96": [
      [
        "PAT_2928",
        0,
        1635.2151
      ],
      [
        "PAT_2928",
        0,
        4980.4493
      ]
    ],