{
  "instance": "SYN_SWEEP1_DEFECT_LOW_007",
  "method": "FI",
  "start_method": "greedy",
  "time_limit": 60.0,
  "cost": 12469.8307,
  "is_feasible": true,
  "unmet": {},
  "overprod": {
    "P2": 1,
    "P4": 2,
    "P10": 1,
    "P11": 1
  },
  "elapsed_sec": 60.01,
  "active": {
    "S46": [
      [
        "PAT_0716",
        0,
        996.8592
      ],
      [
        "PAT_0716",
        0,
        3636.1319
      ]
    ],
    "S47": [
      [
        "PAT_0721",
        0,
        0.0
      ],
      [
        "PAT_0721",
        0,
        2639.2727
      ],
      [
        "PAT_0721",
        0,
        5278.5454
      ]
    ],
    "S6": [
      [
        "PAT_0269",
        0,
        0.0
      ],
      [
        "PAT_0495",
        1,
        2861.7924000000003
      ],
      [
        "PAT_0495",
        1,
        6035.0789
      ]
    ],
    "S16": [
      [
        "PAT_0218",
        0,
        0.0
      ],
      [
        "PAT_0218",
        0,
        2776.4578
      ],
      [
        "PAT_0218",
        0,
        5552.9156
      ]
    ],
    "S12": [
      [
        "PAT_0394",
        0,
        0.0
      ],
      [
        "PAT_0394",
        0,
        3173.2865
      ]
    ],
    "S41": [
      [
        "PAT_0282",
        0,
        0.0
      ],
      [
        "PAT_0282",
        0,
        2776.4578
      ]
    ],
    "S14": [
      [
        "PAT_0422",
        1,
        1316.0681
      ],
      [
        "PAT_0422",
        1,
        4489.354600000001
      ]
    ],
    "S29": [
      [
        "PAT_0401",
        0,
        3005.0228
      ]
    ],
    "S7": [
      [
        "PAT_0003",
        0,
        0.0
      ],
      [
        "PAT_0003",
        0,
        2776.4578
      ]
    ],
    "S35": [
      [
        "PAT_0003",
        1,
        949.5544
      ],
      [
        "PAT_0003",
        1,
        3726.0122
      ]
    ],
    "S2": [
      [
        "PAT_0520",
        0,
        1276.9364
      ]
    ],
    "S53": [
      [
        "PAT_0406",
        0,
        0.0
      ],
      [
        "PAT_0169",
        0,
        3173.2865
      ]
    ],
    "S49": [
      [
        "PAT_0556",
        0,
        0.0
      ],
      [
        "PAT_0419",
        0,
        3173.2865
      ]
    ],
    "S22": [
      [
        "PAT_0405",
        0,
        0.0
      ],
      [
        "PAT_0320",
        0,
        3173.2865
      ]
    ],
    "S9": [
      [
        "PAT_0007",
        0,
        2417.5893
      ],
      [
        "PAT_0007",
        0,
        5194.0471
      ]
    ],
    "S59": [
      [
        "PAT_0007",
        0,
        1577.5827
      ]
    ],
    "S45": [
      [
        "PAT_0007",
        0,
        2579.178
      ]
    ],
    "S1": [
      [
        "PAT_0007",
        0,
        744.3182
      ],
      [
        "PAT_0006",
        0,
        3520.7760000000003
      ]
    ],
    "S57": [
      [
        "PAT_0376",
        0,
        0.0
      ],
      [
        "PAT_0361",
        0,
        3173.7945
      ]
    ],
    "S4": [
      [
        "PAT_0313",
        0,
        0.0
      ],
      [
        "PAT_0010",
        0,
        3173.7945
      ]
    ],
    "S18": [
      [
        "PAT_0196",
        0,
        1271.7396
      ],
      [
        "PAT_0196",
        0,
        4048.1974
      ]
    ],
    "S19": [
      [
        "PAT_0733",
        0,
        0.0
      ],
      [
        "PAT_0733",
        0,
        2639.2727
      ],
      [
        "PAT_0217",
        0,
        5278.5454
      ]
    ]
  }
}