{
  "instance": "SYN_SWEEP1_DEFECT_HIGH_019",
  "method": "VNS_SA",
  "start_method": "multistart",
  "time_limit": 60.0,
  "cost": 7589.2653,
  "is_feasible": true,
  "unmet": {},
  "overprod": {
    "P3": 1,
    "P5": 4,
    "P9": 1
  },
  "elapsed_sec": 42.12,
  "active": {
    "S15": [
      [
        "PAT_0498",
        0,
        2798.7662
      ],
      [
        "PAT_0498",
        0,
        7026.5977
      ]
    ],
    "S12": [
      [
        "PAT_0505",
        0,
        0.0
      ],
      [
        "PAT_0505",
        0,
        2541.997
      ],
      [
        "PAT_0483",
        1,
        6765.8217
      ]
    ],
    "S9": [
      [
        "PAT_0479",
        0,
        0.0
      ],
      [
        "PAT_0326",
        0,
        6597.6482
      ]
    ],
    "S26": [
      [
        "PAT_0125",
        0,
        0.0
      ],
      [
        "PAT_0505",
        0,
        4960.799700000001
      ],
      [
        "PAT_0505",
        0,
        7502.796700000001
      ]
    ],
    "S27": [
      [
        "PAT_0607",
        0,
        0.0
      ],
      [
        "PAT_0619",
        1,
        4926.84
      ]
    ],
    "S10": [
      [
        "PAT_0544",
        0,
        0.0
      ],
      [
        "PAT_0544",
        0,
        2508.1502
      ],
      [
        "PAT_0544",
        0,
        5016.3004
      ]
    ],
    "S13": [
      [
        "PAT_0450",
        0,
        0.0
      ],
      [
        "PAT_0616",
        0,
        4512.5738
      ]
    ],
    "S11": [
      [
        "PAT_0621",
        0,
        0.0
      ],
      [
        "PAT_0621",
        0,
        4926.84
      ]
    ],
    "S8": [
      [
        "PAT_0566",
        0,
        0.0
      ],
      [
        "PAT_0619",
        0,
        3929.1979
      ]
    ],
    "S5": [
      [
        "PAT_0575",
        0,
        0.0
      ],
      [
        "PAT_0596",
        1,
        3929.1979
      ]
    ]
  }
}