{
  "instance": "SYN_SWEEP1_DEFECT_LOW_006",
  "method": "SD",
  "start_method": "greedy",
  "time_limit": 60.0,
  "cost": 7513.2025,
  "is_feasible": true,
  "unmet": {},
  "overprod": {
    "P2": 1,
    "P3": 1,
    "P8": 1
  },
  "elapsed_sec": 0.83,
  "active": {
    "S4": [
      [
        "PAT_0052",
        0,
        1621.8762
      ],
      [
        "PAT_0052",
        0,
        2622.7001999999998
      ],
      [
        "PAT_0052",
        0,
        3623.5242
      ],
      [
        "PAT_0052",
        0,
        4624.348199999999
      ]
    ],
    "S45": [
      [
        "PAT_0037",
        0,
        0.0
      ],
      [
        "PAT_0037",
        0,
        3115.7652
      ]
    ],
    "S42": [
      [
        "PAT_0041",
        0,
        0.0
      ],
      [
        "PAT_0041",
        0,
        1000.824
      ],
      [
        "PAT_0041",
        0,
        2001.648
      ]
    ],
    "S22": [
      [
        "PAT_0077",
        0,
        0.0
      ],
      [
        "PAT_0077",
        0,
        1792.3827
      ],
      [
        "PAT_0077",
        0,
        3584.7654
      ],
      [
        "PAT_0077",
        0,
        5377.1481
      ]
    ],
    "S10": [
      [
        "PAT_0098",
        0,
        0.0
      ],
      [
        "PAT_0098",
        0,
        2924.8929
      ]
    ],
    "S20": [
      [
        "PAT_0093",
        0,
        0.0
      ],
      [
        "PAT_0093",
        0,
        2924.8929
      ]
    ],
    "S44": [
      [
        "PAT_0057",
        0,
        0.0
      ],
      [
        "PAT_0098",
        0,
        2071.2708000000002
      ],
      [
        "PAT_0066",
        0,
        5317.478
      ]
    ],
    "S29": [
      [
        "PAT_0014",
        0,
        0.0
      ],
      [
        "PAT_0016",
        0,
        3491.3992
      ]
    ],
    "S37": [
      [
        "PAT_0014",
        0,
        0.0
      ]
    ],
    "S31": [
      [
        "PAT_0044",
        0,
        0.0
      ],
      [
        "PAT_0014",
        0,
        2866.8912
      ]
    ],
    "S25": [
      [
        "PAT_0024",
        0,
        0.0
      ],
      [
        "PAT_0017",
        0,
        3491.3992
      ]
    ],
    "S1": [
      [
        "PAT_0013",
        0,
        0.0
      ]
    ],
    "S11": [
      [
        "PAT_0004",
        0,
        0.0
      ]
    ]
  }
}