{
  "instance": "SYN_SWEEP1_DEFECT_LOW_007",
  "method": "TS",
  "start_method": "greedy",
  "time_limit": 60.0,
  "cost": 12155.6319,
  "is_feasible": true,
  "unmet": {},
  "overprod": {
    "P4": 2,
    "P10": 1,
    "P11": 1
  },
  "elapsed_sec": 60.01,
  "active": {
    "S47": [
      [
        "PAT_0721",
        0,
        0.0
      ],
      [
        "PAT_0721",
        0,
        2639.2727
      ],
      [
        "PAT_0721",
        0,
        5278.5454
      ]
    ],
    "S6": [
      [
        "PAT_0007",
        0,
        0.0
      ],
      [
        "PAT_0495",
        1,
        2861.7924000000003
      ],
      [
        "PAT_0495",
        1,
        6035.0789
      ]
    ],
    "S16": [
      [
        "PAT_0218",
        0,
        0.0
      ],
      [
        "PAT_0218",
        0,
        2776.4578
      ],
      [
        "PAT_0218",
        0,
        5552.9156
      ]
    ],
    "S41": [
      [
        "PAT_0282",
        0,
        0.0
      ],
      [
        "PAT_0282",
        0,
        2776.4578
      ]
    ],
    "S18": [
      [
        "PAT_0018",
        0,
        1271.7396
      ],
      [
        "PAT_0018",
        0,
        4048.1974
      ]
    ],
    "S29": [
      [
        "PAT_0010",
        0,
        759.7415
      ],
      [
        "PAT_0401",
        0,
        3543.4443
      ]
    ],
    "S7": [
      [
        "PAT_0003",
        0,
        0.0
      ],
      [
        "PAT_0003",
        0,
        2776.4578
      ]
    ],
    "S9": [
      [
        "PAT_0007",
        0,
        3122.0931999999993
      ],
      [
        "PAT_0007",
        0,
        5898.5509999999995
      ]
    ],
    "S57": [
      [
        "PAT_0376",
        0,
        0.0
      ],
      [
        "PAT_0361",
        0,
        3173.7945
      ]
    ],
    "S45": [
      [
        "PAT_0334",
        0,
        630.7011
      ],
      [
        "PAT_0007",
        0,
        3954.9258
      ]
    ],
    "S53": [
      [
        "PAT_0406",
        0,
        0.0
      ],
      [
        "PAT_0169",
        0,
        3173.2865
      ]
    ],
    "S1": [
      [
        "PAT_0007",
        0,
        744.3182
      ],
      [
        "PAT_0360",
        0,
        4049.7028
      ]
    ],
    "S35": [
      [
        "PAT_0003",
        1,
        949.5544
      ],
      [
        "PAT_0003",
        1,
        3726.0122
      ]
    ],
    "S19": [
      [
        "PAT_0733",
        0,
        0.0
      ],
      [
        "PAT_0733",
        0,
        2639.2727
      ],
      [
        "PAT_0247",
        0,
        5278.5454
      ]
    ],
    "S46": [
      [
        "PAT_0716",
        0,
        996.8592
      ],
      [
        "PAT_0716",
        0,
        3636.1319
      ]
    ],
    "S20": [
      [
        "PAT_0443",
        0,
        0.0
      ],
      [
        "PAT_0251",
        1,
        4047.0683
      ]
    ],
    "S12": [
      [
        "PAT_0395",
        0,
        0.0
      ],
      [
        "PAT_0501",
        0,
        3173.2865
      ]
    ],
    "S22": [
      [
        "PAT_0405",
        0,
        0.0
      ]
    ],
    "S2": [
      [
        "PAT_0520",
        0,
        1276.9364
      ]
    ],
    "S59": [
      [
        "PAT_0007",
        0,
        1577.5827
      ]
    ],
    "S14": [
      [
        "PAT_0592",
        0,
        1316.0681
      ],
      [
        "PAT_0638",
        1,
        4489.354600000001
      ]
    ]
  }
}