{
  "instance": "SYN_SWEEP2_DEMAND_TIGHT_021",
  "method": "TS",
  "start_method": "greedy",
  "time_limit": 60.0,
  "cost": 7653.9537,
  "is_feasible": true,
  "unmet": {},
  "overprod": {
    "P4": 1,
    "P5": 1,
    "P10": 1
  },
  "elapsed_sec": 60.01,
  "active": {
    "S24": [
      [
        "PAT_0663",
        0,
        0.0
      ],
      [
        "PAT_0663",
        0,
        4161.6306
      ]
    ],
    "S27": [
      [
        "PAT_3193",
        0,
        0.0
      ],
      [
        "PAT_3193",
        0,
        2431.4206
      ],
      [
        "PAT_3193",
        0,
        4862.8412
      ]
    ],
    "S28": [
      [
        "PAT_0098",
        0,
        0.0
      ],
      [
        "PAT_0101",
        0,
        4619.142
      ]
    ],
    "S52": [
      [
        "PAT_1898",
        0,
        1023.3625
      ],
      [
        "PAT_1898",
        0,
        3454.7830999999996
      ],
      [
        "PAT_1898",
        0,
        5886.2037
      ]
    ],
    "S35": [
      [
        "PAT_0026",
        0,
        0.0
      ],
      [
        "PAT_3124",
        0,
        3334.6903
      ],
      [
        "PAT_3124",
        0,
        5766.1109
      ]
    ],
    "S13": [
      [
        "PAT_0015",
        0,
        0.0
      ],
      [
        "PAT_0043",
        0,
        3020.718799999999
      ],
      [
        "PAT_0043",
        0,
        5802.682499999999
      ]
    ],
    "S54": [
      [
        "PAT_3283",
        0,
        0.0
      ],
      [
        "PAT_3283",
        0,
        2431.4206
      ],
      [
        "PAT_2123",
        0,
        4862.8412
      ]
    ],
    "S4": [
      [
        "PAT_2994",
        0,
        0.0
      ],
      [
        "PAT_2994",
        0,
        2431.4206
      ],
      [
        "PAT_2556",
        0,
        4862.8412
      ]
    ],
    "S41": [
      [
        "PAT_0036",
        0,
        0.0
      ],
      [
        "PAT_1186",
        0,
        2781.9637
      ]
    ],
    "S47": [
      [
        "PAT_1229",
        0,
        0.0
      ],
      [
        "PAT_0314",
        1,
        4626.3843
      ]
    ],
    "S8": [
      [
        "PAT_1594",
        0,
        0.0
      ],
      [
        "PAT_3329",
        0,
        4161.6306
      ]
    ]
  }
}