{
  "instance": "SYN_SWEEP1_DEFECT_HIGH_026",
  "method": "SA",
  "start_method": "multistart",
  "time_limit": 60.0,
  "cost": 5268.1638,
  "is_feasible": true,
  "unmet": {},
  "overprod": {
    "P3": 1,
    "P5": 1,
    "P7": 1,
    "P8": 2
  },
  "elapsed_sec": 60.0,
  "active": {
    "S47": [
      [
        "PAT_0098",
        0,
        0.0
      ],
      [
        "PAT_0134",
        0,
        2118.2091
      ],
      [
        "PAT_0134",
        0,
        3557.0513999999994
      ],
      [
        "PAT_0100",
        1,
        5654.5408
      ]
    ],
    "S46": [
      [
        "PAT_0076",
        0,
        0.0
      ],
      [
        "PAT_0076",
        0,
        3473.808
      ]
    ],
    "S30": [
      [
        "PAT_0086",
        0,
        0.0
      ],
      [
        "PAT_0045",
        0,
        2836.9291
      ]
    ],
    "S31": [
      [
        "PAT_0132",
        0,
        3299.0445
      ],
      [
        "PAT_0132",
        0,
        4504.1202
      ],
      [
        "PAT_0132",
        0,
        5709.195900000001
      ]
    ],
    "S21": [
      [
        "PAT_0039",
        0,
        0.0
      ],
      [
        "PAT_0042",
        1,
        3008.8016
      ]
    ],
    "S36": [
      [
        "PAT_0049",
        0,
        0.0
      ],
      [
        "PAT_0060",
        0,
        3008.8016
      ],
      [
        "PAT_0105",
        1,
        6567.445
      ]
    ],
    "S39": [
      [
        "PAT_0044",
        0,
        0.0
      ]
    ],
    "S4": [
      [
        "PAT_0087",
        0,
        0.0
      ],
      [
        "PAT_0061",
        0,
        2556.3945
      ]
    ]
  }
}