{
  "instance": "SYN_SWEEP1_DEFECT_LOW_006",
  "method": "multistart",
  "start_method": "none",
  "time_limit": 60.0,
  "cost": 7736.8372,
  "is_feasible": true,
  "unmet": {},
  "overprod": {
    "P1": 8,
    "P2": 1,
    "P4": 3,
    "P7": 1
  },
  "elapsed_sec": 0.18,
  "active": {
    "S4": [
      [
        "PAT_0050",
        0,
        1621.8762
      ],
      [
        "PAT_0050",
        0,
        2622.7001999999998
      ],
      [
        "PAT_0050",
        0,
        3623.5242
      ],
      [
        "PAT_0050",
        0,
        4624.348199999999
      ]
    ],
    "S45": [
      [
        "PAT_0037",
        0,
        0.0
      ],
      [
        "PAT_0037",
        0,
        3115.7652
      ]
    ],
    "S38": [
      [
        "PAT_0046",
        0,
        2828.493
      ],
      [
        "PAT_0046",
        0,
        3829.317
      ],
      [
        "PAT_0040",
        1,
        4830.141
      ]
    ],
    "S22": [
      [
        "PAT_0078",
        0,
        0.0
      ],
      [
        "PAT_0078",
        0,
        1792.3827
      ],
      [
        "PAT_0078",
        0,
        3584.7654
      ],
      [
        "PAT_0078",
        0,
        5377.1481
      ]
    ],
    "S20": [
      [
        "PAT_0008",
        0,
        1267.2779
      ],
      [
        "PAT_0071",
        0,
        4758.6771
      ]
    ],
    "S10": [
      [
        "PAT_0098",
        0,
        0.0
      ],
      [
        "PAT_0098",
        0,
        2924.8929
      ]
    ],
    "S44": [
      [
        "PAT_0094",
        0,
        1092.162
      ],
      [
        "PAT_0092",
        1,
        4017.0549
      ]
    ],
    "S25": [
      [
        "PAT_0098",
        0,
        0.0
      ],
      [
        "PAT_0019",
        0,
        2924.8929
      ]
    ],
    "S37": [
      [
        "PAT_0014",
        0,
        0.0
      ]
    ],
    "S29": [
      [
        "PAT_0014",
        0,
        0.0
      ],
      [
        "PAT_0017",
        0,
        3491.3992
      ]
    ],
    "S31": [
      [
        "PAT_0025",
        0,
        2866.8912
      ]
    ],
    "S39": [
      [
        "PAT_0013",
        0,
        0.0
      ],
      [
        "PAT_0013",
        0,
        3491.3992
      ]
    ],
    "S1": [
      [
        "PAT_0013",
        0,
        0.0
      ]
    ]
  }
}