{
  "instance": "SYN_SWEEP1_DEFECT_LOW_025",
  "method": "SA",
  "start_method": "multistart",
  "time_limit": 60.0,
  "cost": 11029.2708,
  "is_feasible": true,
  "unmet": {},
  "overprod": {
    "P2": 1,
    "P8": 2,
    "P10": 1
  },
  "elapsed_sec": 112.33,
  "active": {
    "S23": [
      [
        "PAT_0004",
        0,
        0.0
      ],
      [
        "PAT_0004",
        0,
        3408.5346
      ]
    ],
    "S44": [
      [
        "PAT_0035",
        0,
        890.3301
      ],
      [
        "PAT_0035",
        0,
        4298.8647
      ]
    ],
    "S31": [
      [
        "PAT_0085",
        0,
        0.0
      ],
      [
        "PAT_7883",
        1,
        4777.55
      ]
    ],
    "S41": [
      [
        "PAT_2730",
        0,
        0.0
      ],
      [
        "PAT_2730",
        0,
        2826.6491
      ],
      [
        "PAT_2730",
        0,
        5653.2982
      ]
    ],
    "S46": [
      [
        "PAT_5434",
        0,
        990.4338
      ],
      [
        "PAT_5434",
        0,
        3817.0829000000003
      ]
    ],
    "S37": [
      [
        "PAT_2798",
        0,
        1108.0311
      ],
      [
        "PAT_2798",
        0,
        3934.6802
      ],
      [
        "PAT_2798",
        0,
        6761.329299999999
      ]
    ],
    "S30": [
      [
        "PAT_0163",
        0,
        1246.6062
      ]
    ],
    "S8": [
      [
        "PAT_0018",
        0,
        0.0
      ],
      [
        "PAT_0047",
        0,
        3408.5346
      ]
    ],
    "S16": [
      [
        "PAT_2238",
        0,
        0.0
      ],
      [
        "PAT_0006",
        0,
        2826.6491
      ]
    ],
    "S17": [
      [
        "PAT_4614",
        0,
        0.0
      ],
      [
        "PAT_0298",
        0,
        2826.6491
      ],
      [
        "PAT_0007",
        1,
        5653.2982
      ]
    ],
    "S22": [
      [
        "PAT_1899",
        0,
        0.0
      ],
      [
        "PAT_0082",
        0,
        3618.1755
      ]
    ],
    "S25": [
      [
        "PAT_4166",
        0,
        0.0
      ]
    ],
    "S18": [
      [
        "PAT_0114",
        0,
        0.0
      ],
      [
        "PAT_0053",
        1,
        5911.2253
      ]
    ],
    "S28": [
      [
        "PAT_0104",
        0,
        0.0
      ]
    ],
    "S47": [
      [
        "PAT_4292",
        0,
        1529.4131
      ],
      [
        "PAT_4292",
        0,
        4356.0622
      ]
    ],
    "S54": [
      [
        "PAT_0148",
        0,
        0.0
      ],
      [
        "PAT_3364",
        1,
        4777.55
      ]
    ],
    "S38": [
      [
        "PAT_0134",
        0,
        0.0
      ],
      [
        "PAT_4166",
        0,
        4777.55
      ]
    ]
  }
}