{
  "instance": "SYN_SWEEP1_DEFECT_HIGH_014",
  "method": "FI",
  "start_method": "multistart",
  "time_limit": 60.0,
  "cost": 10483.2846,
  "is_feasible": true,
  "unmet": {},
  "overprod": {
    "P1": 1,
    "P7": 1,
    "P8": 1
  },
  "elapsed_sec": 60.0,
  "active": {
    "S24": [
      [
        "PAT_0009",
        0,
        0.0
      ],
      [
        "PAT_0009",
        0,
        1806.937
      ],
      [
        "PAT_0009",
        0,
        3613.874
      ]
    ],
    "S31": [
      [
        "PAT_0379",
        0,
        2698.2292
      ],
      [
        "PAT_0379",
        0,
        5500.825500000001
      ]
    ],
    "S28": [
      [
        "PAT_0062",
        0,
        0.0
      ],
      [
        "PAT_0062",
        0,
        1806.937
      ],
      [
        "PAT_0042",
        0,
        3613.874
      ],
      [
        "PAT_0042",
        0,
        5420.811
      ]
    ],
    "S18": [
      [
        "PAT_0012",
        0,
        0.0
      ],
      [
        "PAT_0012",
        0,
        1806.937
      ],
      [
        "PAT_0012",
        0,
        3613.874
      ],
      [
        "PAT_0012",
        0,
        5420.811
      ]
    ],
    "S38": [
      [
        "PAT_0092",
        0,
        0.0
      ],
      [
        "PAT_0420",
        2,
        3747.8444
      ],
      [
        "PAT_0420",
        2,
        6550.4407
      ]
    ],
    "S16": [
      [
        "PAT_0122",
        0,
        0.0
      ]
    ],
    "S41": [
      [
        "PAT_0387",
        0,
        2820.958
      ],
      [
        "PAT_0387",
        0,
        5623.5543
      ]
    ],
    "S6": [
      [
        "PAT_0341",
        0,
        0.0
      ]
    ],
    "S7": [
      [
        "PAT_0128",
        0,
        0.0
      ]
    ],
    "S30": [
      [
        "PAT_0339",
        0,
        0.0
      ],
      [
        "PAT_0125",
        0,
        2919.5577999999996
      ]
    ],
    "S27": [
      [
        "PAT_0139",
        0,
        0.0
      ],
      [
        "PAT_0125",
        0,
        5090.4489
      ]
    ],
    "S20": [
      [
        "PAT_0124",
        0,
        0.0
      ],
      [
        "PAT_0124",
        0,
        4978.8414
      ]
    ],
    "S48": [
      [
        "PAT_0124",
        0,
        2422.599
      ]
    ],
    "S40": [
      [
        "PAT_0237",
        1,
        4572.0152
      ]
    ],
    "S23": [
      [
        "PAT_0124",
        0,
        0.0
      ]
    ],
    "S46": [
      [
        "PAT_0124",
        0,
        0.0
      ]
    ],
    "S26": [
      [
        "PAT_0305",
        0,
        969.4756
      ]
    ],
    "S43": [
      [
        "PAT_0334",
        0,
        0.0
      ]
    ]
  }
}