{
  "instance": "SYN_SWEEP1_DEFECT_LOW_022",
  "method": "ILS_SA",
  "start_method": "greedy",
  "time_limit": 60.0,
  "cost": 5618.7029,
  "is_feasible": true,
  "unmet": {},
  "overprod": {
    "P2": 1,
    "P3": 1,
    "P7": 2
  },
  "elapsed_sec": 60.01,
  "active": {
    "S20": [
      [
        "PAT_0614",
        0,
        0.0
      ],
      [
        "PAT_0614",
        0,
        2561.0426
      ]
    ],
    "S18": [
      [
        "PAT_0499",
        0,
        0.0
      ],
      [
        "PAT_0499",
        0,
        2360.9057
      ]
    ],
    "S4": [
      [
        "PAT_0241",
        0,
        0.0
      ],
      [
        "PAT_0160",
        1,
        2870.2128
      ]
    ],
    "S5": [
      [
        "PAT_0099",
        0,
        586.11
      ],
      [
        "PAT_0099",
        0,
        2843.3900000000003
      ]
    ],
    "S2": [
      [
        "PAT_0589",
        0,
        0.0
      ],
      [
        "PAT_0589",
        0,
        2561.0426
      ]
    ],
    "S6": [
      [
        "PAT_0121",
        0,
        759.1439
      ],
      [
        "PAT_0121",
        0,
        3016.4239000000002
      ]
    ],
    "S28": [
      [
        "PAT_0159",
        0,
        0.0
      ],
      [
        "PAT_0134",
        0,
        2297.9316999999996
      ]
    ],
    "S13": [
      [
        "PAT_0526",
        0,
        1763.9953
      ]
    ],
    "S27": [
      [
        "PAT_0326",
        0,
        437.4025
      ]
    ],
    "S31": [
      [
        "PAT_0436",
        0,
        0.0
      ],
      [
        "PAT_0637",
        0,
        2941.8406
      ]
    ],
    "S26": [
      [
        "PAT_0132",
        0,
        0.0
      ],
      [
        "PAT_0132",
        0,
        2257.28
      ]
    ]
  }
}