{
  "instance": "SYN_SWEEP1_DEFECT_HIGH_019",
  "method": "TS",
  "start_method": "greedy",
  "time_limit": 60.0,
  "cost": 7960.0684,
  "is_feasible": true,
  "unmet": {},
  "overprod": {
    "P1": 1,
    "P5": 1,
    "P9": 1
  },
  "elapsed_sec": 60.01,
  "active": {
    "S15": [
      [
        "PAT_0597",
        0,
        2798.7662
      ],
      [
        "PAT_0597",
        0,
        6727.9641
      ]
    ],
    "S30": [
      [
        "PAT_0563",
        0,
        0.0
      ],
      [
        "PAT_0607",
        0,
        4199.627199999999
      ]
    ],
    "S9": [
      [
        "PAT_0153",
        0,
        0.0
      ],
      [
        "PAT_0326",
        0,
        6597.6482
      ]
    ],
    "S6": [
      [
        "PAT_0607",
        0,
        0.0
      ],
      [
        "PAT_0435",
        0,
        5858.0445
      ]
    ],
    "S26": [
      [
        "PAT_0504",
        0,
        0.0
      ],
      [
        "PAT_0614",
        0,
        2575.9567000000006
      ],
      [
        "PAT_0505",
        0,
        7502.796700000001
      ]
    ],
    "S8": [
      [
        "PAT_0505",
        0,
        0.0
      ],
      [
        "PAT_0505",
        0,
        2541.997
      ],
      [
        "PAT_0484",
        0,
        5083.994
      ]
    ],
    "S11": [
      [
        "PAT_0497",
        0,
        0.0
      ],
      [
        "PAT_0497",
        0,
        4227.8315
      ]
    ],
    "S5": [
      [
        "PAT_0614",
        0,
        0.0
      ],
      [
        "PAT_0480",
        0,
        4926.84
      ]
    ],
    "S16": [
      [
        "PAT_0032",
        0,
        0.0
      ]
    ],
    "S10": [
      [
        "PAT_0544",
        0,
        0.0
      ],
      [
        "PAT_0544",
        0,
        2508.1502
      ],
      [
        "PAT_0544",
        0,
        5016.3004
      ]
    ],
    "S12": [
      [
        "PAT_0608",
        0,
        0.0
      ],
      [
        "PAT_0610",
        0,
        4926.84
      ]
    ]
  }
}