{
  "instance": "SYN_SWEEP1_DEFECT_HIGH_015",
  "method": "VNS_SA",
  "start_method": "multistart",
  "time_limit": 60.0,
  "cost": 5804.6763,
  "is_feasible": true,
  "unmet": {},
  "overprod": {
    "P2": 2,
    "P4": 1,
    "P6": 1
  },
  "elapsed_sec": 60.02,
  "active": {
    "S3": [
      [
        "PAT_0360",
        0,
        0.0
      ],
      [
        "PAT_0169",
        0,
        2210.0127
      ],
      [
        "PAT_0169",
        0,
        4420.0254
      ],
      [
        "PAT_0620",
        0,
        6630.038100000001
      ]
    ],
    "S35": [
      [
        "PAT_0842",
        0,
        1582.492
      ],
      [
        "PAT_0842",
        0,
        3792.5047000000004
      ],
      [
        "PAT_0664",
        0,
        6002.517400000001
      ]
    ],
    "S31": [
      [
        "PAT_2557",
        0,
        0.0
      ],
      [
        "PAT_0656",
        0,
        3792.1459
      ],
      [
        "PAT_0656",
        0,
        6002.158600000001
      ]
    ],
    "S25": [
      [
        "PAT_1771",
        0,
        0.0
      ],
      [
        "PAT_0289",
        1,
        3821.4714
      ]
    ],
    "S13": [
      [
        "PAT_0864",
        0,
        1406.572
      ]
    ],
    "S33": [
      [
        "PAT_0604",
        0,
        0.0
      ],
      [
        "PAT_3176",
        0,
        2210.0127
      ]
    ],
    "S18": [
      [
        "PAT_0019",
        0,
        0.0
      ],
      [
        "PAT_3500",
        0,
        4000.11
      ]
    ],
    "S36": [
      [
        "PAT_1037",
        0,
        1226.4145
      ],
      [
        "PAT_0445",
        0,
        5018.5604
      ]
    ],
    "S22": [
      [
        "PAT_1099",
        0,
        0.0
      ]
    ]
  }
}