{
  "instance": "SYN_SWEEP2_DEMAND_TIGHT_020",
  "method": "TS",
  "start_method": "multistart",
  "time_limit": 60.0,
  "cost": 8971.0106,
  "is_feasible": true,
  "unmet": {},
  "overprod": {
    "P1": 1,
    "P2": 1,
    "P3": 1
  },
  "elapsed_sec": 60.01,
  "active": {
    "S3": [
      [
        "PAT_1783",
        0,
        0.0
      ],
      [
        "PAT_1783",
        0,
        3074.3594
      ]
    ],
    "S17": [
      [
        "PAT_0270",
        0,
        0.0
      ],
      [
        "PAT_0029",
        0,
        4566.6999
      ]
    ],
    "S22": [
      [
        "PAT_1469",
        0,
        1421.611
      ]
    ],
    "S6": [
      [
        "PAT_1631",
        0,
        0.0
      ],
      [
        "PAT_1695",
        0,
        5006.386700000001
      ]
    ],
    "S31": [
      [
        "PAT_1937",
        0,
        0.0
      ],
      [
        "PAT_1785",
        0,
        4860.1217
      ],
      [
        "PAT_1785",
        0,
        7934.481099999999
      ]
    ],
    "S13": [
      [
        "PAT_1494",
        0,
        0.0
      ],
      [
        "PAT_0301",
        0,
        5054.5539
      ]
    ],
    "S12": [
      [
        "PAT_1605",
        0,
        0.0
      ],
      [
        "PAT_0828",
        0,
        4198.4105
      ]
    ],
    "S23": [
      [
        "PAT_2025",
        0,
        0.0
      ],
      [
        "PAT_1855",
        1,
        4393.7486
      ]
    ],
    "S4": [
      [
        "PAT_0201",
        0,
        0.0
      ],
      [
        "PAT_0550",
        0,
        4198.4105
      ]
    ],
    "S20": [
      [
        "PAT_1375",
        0,
        0.0
      ],
      [
        "PAT_1557",
        0,
        4198.4105
      ]
    ],
    "S29": [
      [
        "PAT_0028",
        0,
        0.0
      ],
      [
        "PAT_0028",
        0,
        4198.4105
      ]
    ],
    "S5": [
      [
        "PAT_2047",
        0,
        0.0
      ],
      [
        "PAT_1249",
        0,
        3613.1764000000003
      ]
    ],
    "S26": [
      [
        "PAT_1666",
        0,
        4983.1903
      ]
    ],
    "S21": [
      [
        "PAT_2073",
        0,
        0.0
      ],
      [
        "PAT_1842",
        0,
        3072.1196
      ]
    ]
  }
}