{
  "instance": "SYN_SWEEP1_DEFECT_LOW_000",
  "method": "TS",
  "start_method": "multistart",
  "time_limit": 60.0,
  "cost": 13774.2306,
  "is_feasible": true,
  "unmet": {},
  "overprod": {
    "P2": 1,
    "P6": 1,
    "P8": 1,
    "P14": 1
  },
  "elapsed_sec": 60.01,
  "active": {
    "S5": [
      [
        "PAT_0132",
        0,
        0.0
      ],
      [
        "PAT_0132",
        0,
        3177.8463
      ]
    ],
    "S22": [
      [
        "PAT_0127",
        0,
        0.0
      ],
      [
        "PAT_0127",
        0,
        3177.8463
      ]
    ],
    "S32": [
      [
        "PAT_0036",
        0,
        0.0
      ],
      [
        "PAT_0036",
        0,
        3587.5895
      ]
    ],
    "S29": [
      [
        "PAT_0007",
        0,
        0.0
      ]
    ],
    "S38": [
      [
        "PAT_0003",
        0,
        1526.5322
      ]
    ],
    "S50": [
      [
        "PAT_0012",
        0,
        0.0
      ],
      [
        "PAT_0474",
        1,
        5259.9336
      ],
      [
        "PAT_0474",
        1,
        6191.472900000001
      ]
    ],
    "S12": [
      [
        "PAT_0126",
        0,
        0.0
      ],
      [
        "PAT_0007",
        0,
        3540.590699999999
      ]
    ],
    "S46": [
      [
        "PAT_0127",
        0,
        0.0
      ],
      [
        "PAT_0010",
        0,
        3705.1836
      ]
    ],
    "S37": [
      [
        "PAT_0182",
        0,
        0.0
      ],
      [
        "PAT_0171",
        0,
        4545.2035
      ]
    ],
    "S34": [
      [
        "PAT_0141",
        0,
        0.0
      ],
      [
        "PAT_0141",
        0,
        4134.6576
      ]
    ],
    "S49": [
      [
        "PAT_0155",
        0,
        0.0
      ]
    ],
    "S24": [
      [
        "PAT_0035",
        0,
        0.0
      ],
      [
        "PAT_0151",
        0,
        3702.0035000000007
      ]
    ],
    "S8": [
      [
        "PAT_0002",
        0,
        0.0
      ]
    ],
    "S7": [
      [
        "PAT_0080",
        0,
        0.0
      ],
      [
        "PAT_0080",
        0,
        993.8382
      ],
      [
        "PAT_0010",
        0,
        1987.6764
      ]
    ],
    "S15": [
      [
        "PAT_0026",
        0,
        605.0338
      ]
    ],
    "S23": [
      [
        "PAT_0012",
        0,
        993.8382
      ]
    ],
    "S2": [
      [
        "PAT_0071",
        0,
        0.0
      ],
      [
        "PAT_0425",
        0,
        1398.9758
      ],
      [
        "PAT_0425",
        1,
        2332.827
      ],
      [
        "PAT_0128",
        0,
        3264.3663
      ],
      [
        "PAT_0079",
        3,
        6442.212600000001
      ]
    ],
    "S52": [
      [
        "PAT_0156",
        0,
        566.547
      ]
    ],
    "S35": [
      [
        "PAT_0155",
        0,
        0.0
      ]
    ],
    "S13": [
      [
        "PAT_0034",
        0,
        0.0
      ],
      [
        "PAT_0134",
        0,
        3587.5895
      ]
    ],
    "S21": [
      [
        "PAT_0143",
        0,
        0.0
      ],
      [
        "PAT_0159",
        0,
        4134.6576
      ]
    ],
    "S31": [
      [
        "PAT_0127",
        0,
        0.0
      ],
      [
        "PAT_0154",
        0,
        3177.8463
      ]
    ]
  }
}