{
  "instance": "SYN_SWEEP1_DEFECT_LOW_012",
  "method": "SA",
  "start_method": "greedy",
  "time_limit": 60.0,
  "cost": 8273.5943,
  "is_feasible": true,
  "unmet": {},
  "overprod": {
    "P3": 1,
    "P6": 1,
    "P7": 2
  },
  "elapsed_sec": 60.03,
  "active": {
    "S27": [
      [
        "PAT_0581",
        0,
        0.0
      ],
      [
        "PAT_1146",
        0,
        3510.1179
      ]
    ],
    "S22": [
      [
        "PAT_0587",
        0,
        0.0
      ],
      [
        "PAT_1128",
        1,
        4167.0293
      ]
    ],
    "S15": [
      [
        "PAT_0541",
        0,
        0.0
      ],
      [
        "PAT_0577",
        0,
        3103.853
      ]
    ],
    "S24": [
      [
        "PAT_0982",
        0,
        826.3219
      ],
      [
        "PAT_0152",
        0,
        4723.260499999999
      ]
    ],
    "S18": [
      [
        "PAT_0924",
        0,
        0.0
      ],
      [
        "PAT_0580",
        1,
        5670.5712
      ]
    ],
    "S30": [
      [
        "PAT_0564",
        0,
        1716.5575
      ],
      [
        "PAT_0564",
        0,
        4208.010899999999
      ],
      [
        "PAT_0564",
        0,
        6699.4643
      ]
    ],
    "S3": [
      [
        "PAT_0159",
        0,
        0.0
      ],
      [
        "PAT_0591",
        0,
        3528.6898
      ]
    ],
    "S17": [
      [
        "PAT_0059",
        0,
        0.0
      ],
      [
        "PAT_1123",
        0,
        3083.0945
      ]
    ],
    "S5": [
      [
        "PAT_0580",
        0,
        0.0
      ]
    ],
    "S12": [
      [
        "PAT_0102",
        0,
        0.0
      ],
      [
        "PAT_1040",
        0,
        3745.0268
      ]
    ],
    "S14": [
      [
        "PAT_0664",
        0,
        0.0
      ],
      [
        "PAT_0044",
        0,
        3510.2821
      ]
    ],
    "S29": [
      [
        "PAT_1027",
        0,
        854.6593
      ],
      [
        "PAT_0595",
        0,
        4364.9414
      ]
    ],
    "S36": [
      [
        "PAT_0675",
        0,
        0.0
      ],
      [
        "PAT_0572",
        1,
        5174.6893
      ]
    ]
  }
}