{
  "instance": "SYN_SWEEP2_DEMAND_TIGHT_021",
  "method": "TS",
  "start_method": "multistart",
  "time_limit": 60.0,
  "cost": 7408.9461,
  "is_feasible": true,
  "unmet": {},
  "overprod": {
    "P1": 1,
    "P3": 3,
    "P10": 3
  },
  "elapsed_sec": 60.01,
  "active": {
    "S13": [
      [
        "PAT_0015",
        0,
        0.0
      ],
      [
        "PAT_0015",
        0,
        2781.9637
      ],
      [
        "PAT_0015",
        0,
        5563.9274
      ]
    ],
    "S24": [
      [
        "PAT_2580",
        0,
        0.0
      ],
      [
        "PAT_2580",
        0,
        2431.4206
      ],
      [
        "PAT_2580",
        0,
        4862.8412
      ],
      [
        "PAT_2580",
        0,
        7294.2618
      ]
    ],
    "S28": [
      [
        "PAT_1898",
        0,
        0.0
      ],
      [
        "PAT_1898",
        0,
        2431.4206
      ],
      [
        "PAT_1898",
        0,
        4862.8412
      ]
    ],
    "S52": [
      [
        "PAT_1898",
        0,
        1023.3625
      ],
      [
        "PAT_1898",
        0,
        3454.7830999999996
      ],
      [
        "PAT_1898",
        0,
        5886.2037
      ]
    ],
    "S31": [
      [
        "PAT_1645",
        0,
        0.0
      ],
      [
        "PAT_1736",
        0,
        5050.2037
      ]
    ],
    "S8": [
      [
        "PAT_1833",
        0,
        0.0
      ],
      [
        "PAT_3330",
        0,
        4161.6306
      ]
    ],
    "S41": [
      [
        "PAT_0008",
        0,
        0.0
      ],
      [
        "PAT_0008",
        0,
        2781.9637
      ]
    ],
    "S47": [
      [
        "PAT_1427",
        0,
        0.0
      ],
      [
        "PAT_1225",
        0,
        4626.3843
      ]
    ],
    "S54": [
      [
        "PAT_1716",
        0,
        0.0
      ]
    ],
    "S4": [
      [
        "PAT_2845",
        0,
        0.0
      ],
      [
        "PAT_2845",
        0,
        2431.4206
      ],
      [
        "PAT_3337",
        0,
        4862.8412
      ]
    ],
    "S35": [
      [
        "PAT_1607",
        0,
        1542.2078
      ],
      [
        "PAT_2079",
        0,
        5703.838400000001
      ]
    ]
  }
}