{
  "instance": "SYN_SWEEP1_DEFECT_LOW_001",
  "method": "greedy",
  "start_method": "none",
  "time_limit": 60.0,
  "cost": 9930.875,
  "is_feasible": true,
  "unmet": {},
  "overprod": {
    "P3": 1,
    "P6": 3,
    "P7": 1
  },
  "elapsed_sec": 0.21,
  "active": {
    "S48": [
      [
        "PAT_0596",
        0,
        1072.0233
      ],
      [
        "PAT_0596",
        0,
        2830.3438
      ]
    ],
    "S8": [
      [
        "PAT_0232",
        0,
        2309.2294
      ]
    ],
    "S5": [
      [
        "PAT_0188",
        0,
        1121.2632
      ],
      [
        "PAT_0188",
        0,
        4087.7408000000005
      ]
    ],
    "S39": [
      [
        "PAT_0527",
        1,
        3200.5361
      ],
      [
        "PAT_0527",
        1,
        4958.8566
      ],
      [
        "PAT_0527",
        1,
        6717.1771
      ]
    ],
    "S15": [
      [
        "PAT_0150",
        0,
        1460.7217
      ],
      [
        "PAT_0150",
        0,
        4427.1993
      ]
    ],
    "S19": [
      [
        "PAT_0008",
        0,
        0.0
      ],
      [
        "PAT_0008",
        0,
        2966.4776
      ]
    ],
    "S40": [
      [
        "PAT_0407",
        0,
        0.0
      ],
      [
        "PAT_0557",
        1,
        4449.9338
      ]
    ],
    "S45": [
      [
        "PAT_0215",
        0,
        2606.0523
      ]
    ],
    "S1": [
      [
        "PAT_0350",
        0,
        1146.3082
      ]
    ],
    "S25": [
      [
        "PAT_0081",
        0,
        0.0
      ],
      [
        "PAT_0195",
        1,
        3877.5137
      ]
    ],
    "S23": [
      [
        "PAT_0079",
        0,
        0.0
      ],
      [
        "PAT_0079",
        0,
        2966.4776
      ]
    ],
    "S35": [
      [
        "PAT_0238",
        0,
        2181.3476
      ]
    ],
    "S26": [
      [
        "PAT_0385",
        0,
        0.0
      ]
    ],
    "S27": [
      [
        "PAT_0022",
        0,
        0.0
      ]
    ],
    "S47": [
      [
        "PAT_0003",
        0,
        0.0
      ],
      [
        "PAT_0001",
        1,
        2966.4776
      ]
    ],
    "S38": [
      [
        "PAT_0002",
        0,
        1089.6669
      ],
      [
        "PAT_0002",
        0,
        4056.1445000000003
      ]
    ],
    "S34": [
      [
        "PAT_0002",
        0,
        0.0
      ],
      [
        "PAT_0002",
        0,
        2966.4776
      ]
    ],
    "S43": [
      [
        "PAT_0236",
        0,
        0.0
      ],
      [
        "PAT_0236",
        0,
        4052.1651
      ]
    ]
  }
}