{
  "instance": "SYN_SWEEP1_DEFECT_LOW_009",
  "method": "ILS_SA",
  "start_method": "multistart",
  "time_limit": 60.0,
  "cost": 8882.8572,
  "is_feasible": true,
  "unmet": {},
  "overprod": {
    "P1": 2,
    "P5": 1,
    "P7": 1,
    "P14": 3
  },
  "elapsed_sec": 60.01,
  "active": {
    "S30": [
      [
        "PAT_0117",
        0,
        0.0
      ],
      [
        "PAT_0117",
        0,
        2937.9313
      ]
    ],
    "S21": [
      [
        "PAT_0229",
        0,
        0.0
      ]
    ],
    "S39": [
      [
        "PAT_0014",
        0,
        2570.9971
      ]
    ],
    "S26": [
      [
        "PAT_0014",
        0,
        0.0
      ]
    ],
    "S36": [
      [
        "PAT_0014",
        0,
        0.0
      ],
      [
        "PAT_0703",
        0,
        2937.9313
      ]
    ],
    "S44": [
      [
        "PAT_1024",
        0,
        0.0
      ],
      [
        "PAT_1024",
        0,
        2267.412
      ],
      [
        "PAT_1024",
        0,
        4534.824
      ]
    ],
    "S28": [
      [
        "PAT_0255",
        0,
        705.9688
      ],
      [
        "PAT_0255",
        0,
        2973.3808
      ],
      [
        "PAT_0255",
        0,
        5240.792799999999
      ]
    ],
    "S2": [
      [
        "PAT_0254",
        0,
        0.0
      ],
      [
        "PAT_0014",
        0,
        3195.3491
      ]
    ],
    "S14": [
      [
        "PAT_0014",
        0,
        3346.4518
      ]
    ],
    "S10": [
      [
        "PAT_1120",
        0,
        1037.176
      ],
      [
        "PAT_1120",
        0,
        2842.7070999999996
      ]
    ],
    "S19": [
      [
        "PAT_0019",
        0,
        0.0
      ],
      [
        "PAT_0243",
        0,
        2937.9313
      ]
    ],
    "S16": [
      [
        "PAT_0005",
        1,
        338.8488
      ],
      [
        "PAT_0005",
        1,
        3276.7801
      ]
    ],
    "S43": [
      [
        "PAT_0137",
        0,
        0.0
      ],
      [
        "PAT_0152",
        0,
        3574.3028
      ]
    ],
    "S46": [
      [
        "PAT_0235",
        0,
        0.0
      ],
      [
        "PAT_0051",
        1,
        3574.3028
      ]
    ],
    "S4": [
      [
        "PAT_0124",
        0,
        0.0
      ],
      [
        "PAT_0247",
        0,
        3574.3028
      ]
    ],
    "S6": [
      [
        "PAT_0954",
        0,
        507.9365
      ],
      [
        "PAT_0252",
        0,
        2775.3485
      ]
    ]
  }
}