{
  "instance": "SYN_SWEEP1_DEFECT_LOW_012",
  "method": "FI",
  "start_method": "multistart",
  "time_limit": 60.0,
  "cost": 9069.5874,
  "is_feasible": true,
  "unmet": {},
  "overprod": {
    "P3": 1,
    "P6": 1,
    "P7": 1
  },
  "elapsed_sec": 60.0,
  "active": {
    "S30": [
      [
        "PAT_0564",
        0,
        1716.5575
      ],
      [
        "PAT_0564",
        0,
        4208.010899999999
      ],
      [
        "PAT_0564",
        0,
        6699.4643
      ]
    ],
    "S15": [
      [
        "PAT_0541",
        0,
        0.0
      ],
      [
        "PAT_0572",
        0,
        3103.853
      ]
    ],
    "S22": [
      [
        "PAT_0600",
        0,
        0.0
      ],
      [
        "PAT_0577",
        1,
        4167.0293
      ]
    ],
    "S27": [
      [
        "PAT_0603",
        0,
        1484.6048
      ]
    ],
    "S17": [
      [
        "PAT_0604",
        0,
        649.086
      ]
    ],
    "S29": [
      [
        "PAT_0580",
        1,
        854.6593
      ],
      [
        "PAT_0580",
        1,
        4364.7772
      ]
    ],
    "S3": [
      [
        "PAT_1047",
        0,
        0.0
      ],
      [
        "PAT_1047",
        0,
        3510.2821
      ]
    ],
    "S14": [
      [
        "PAT_0044",
        0,
        0.0
      ],
      [
        "PAT_0044",
        0,
        3083.0945
      ]
    ],
    "S24": [
      [
        "PAT_0053",
        0,
        826.3219
      ],
      [
        "PAT_0736",
        0,
        4296.072899999999
      ]
    ],
    "S36": [
      [
        "PAT_0521",
        0,
        0.0
      ],
      [
        "PAT_0521",
        0,
        3083.0945
      ]
    ],
    "S33": [
      [
        "PAT_1121",
        0,
        0.0
      ],
      [
        "PAT_1121",
        0,
        3510.2821
      ]
    ],
    "S38": [
      [
        "PAT_1121",
        0,
        0.0
      ],
      [
        "PAT_1121",
        0,
        3510.2821
      ]
    ],
    "S5": [
      [
        "PAT_0580",
        0,
        0.0
      ],
      [
        "PAT_0009",
        0,
        3510.1179
      ]
    ],
    "S12": [
      [
        "PAT_0028",
        0,
        0.0
      ],
      [
        "PAT_0629",
        0,
        3745.0268
      ]
    ],
    "S18": [
      [
        "PAT_1160",
        0,
        0.0
      ],
      [
        "PAT_0609",
        1,
        5670.5712
      ]
    ]
  }
}