{
  "instance": "SYN_SWEEP1_DEFECT_HIGH_015",
  "method": "multistart",
  "start_method": "none",
  "time_limit": 60.0,
  "cost": 6627.4118,
  "is_feasible": true,
  "unmet": {},
  "overprod": {
    "P2": 2,
    "P7": 2,
    "P10": 2
  },
  "elapsed_sec": 5.1,
  "active": {
    "S33": [
      [
        "PAT_0864",
        0,
        3157.8507
      ]
    ],
    "S3": [
      [
        "PAT_0169",
        0,
        0.0
      ],
      [
        "PAT_0169",
        0,
        2210.0127
      ],
      [
        "PAT_0169",
        0,
        4420.0254
      ],
      [
        "PAT_0169",
        0,
        6630.038100000001
      ]
    ],
    "S36": [
      [
        "PAT_0825",
        0,
        2951.7194
      ],
      [
        "PAT_0825",
        0,
        5161.7321
      ]
    ],
    "S24": [
      [
        "PAT_0723",
        0,
        2152.4661
      ]
    ],
    "S31": [
      [
        "PAT_2264",
        0,
        0.0
      ],
      [
        "PAT_2264",
        0,
        3792.1459
      ]
    ],
    "S35": [
      [
        "PAT_0222",
        0,
        1582.492
      ],
      [
        "PAT_0222",
        0,
        3792.5047000000004
      ],
      [
        "PAT_0222",
        0,
        6002.517400000001
      ]
    ],
    "S25": [
      [
        "PAT_0955",
        0,
        0.0
      ],
      [
        "PAT_0127",
        1,
        3821.4714
      ]
    ],
    "S22": [
      [
        "PAT_0023",
        0,
        0.0
      ],
      [
        "PAT_0023",
        0,
        2210.0127
      ],
      [
        "PAT_0023",
        0,
        4420.0254
      ]
    ],
    "S18": [
      [
        "PAT_3500",
        0,
        4000.11
      ]
    ],
    "S16": [
      [
        "PAT_3500",
        0,
        4050.4483
      ]
    ],
    "S9": [
      [
        "PAT_1795",
        0,
        3659.0116
      ]
    ],
    "S30": [
      [
        "PAT_0895",
        0,
        0.0
      ]
    ]
  }
}