{
  "instance": "SYN_SWEEP1_DEFECT_HIGH_001",
  "method": "FI",
  "start_method": "greedy",
  "time_limit": 60.0,
  "cost": 9718.3078,
  "is_feasible": true,
  "unmet": {},
  "overprod": {
    "P1": 1,
    "P2": 1,
    "P8": 1
  },
  "elapsed_sec": 60.01,
  "active": {
    "S1": [
      [
        "PAT_0033",
        0,
        0.0
      ],
      [
        "PAT_0008",
        0,
        3369.7069
      ],
      [
        "PAT_0008",
        0,
        5069.6524
      ]
    ],
    "S27": [
      [
        "PAT_1100",
        0,
        0.0
      ],
      [
        "PAT_0022",
        0,
        3719.8664999999996
      ]
    ],
    "S19": [
      [
        "PAT_2296",
        0,
        0.0
      ],
      [
        "PAT_2296",
        0,
        2668.7434
      ]
    ],
    "S25": [
      [
        "PAT_0028",
        0,
        0.0
      ],
      [
        "PAT_0028",
        0,
        3140.8659
      ]
    ],
    "S20": [
      [
        "PAT_0035",
        0,
        0.0
      ],
      [
        "PAT_0035",
        0,
        3140.8659
      ]
    ],
    "S5": [
      [
        "PAT_0042",
        0,
        2140.4687
      ]
    ],
    "S8": [
      [
        "PAT_2302",
        0,
        0.0
      ],
      [
        "PAT_2302",
        0,
        2668.7434
      ]
    ],
    "S13": [
      [
        "PAT_1871",
        0,
        0.0
      ],
      [
        "PAT_1871",
        0,
        3621.4427
      ]
    ],
    "S59": [
      [
        "PAT_0070",
        0,
        0.0
      ],
      [
        "PAT_0070",
        0,
        3621.4427
      ]
    ],
    "S35": [
      [
        "PAT_0071",
        0,
        1713.7961
      ]
    ],
    "S33": [
      [
        "PAT_1100",
        0,
        0.0
      ],
      [
        "PAT_0064",
        1,
        3756.3165
      ]
    ],
    "S28": [
      [
        "PAT_1132",
        0,
        0.0
      ]
    ],
    "S18": [
      [
        "PAT_2305",
        0,
        2750.6075
      ],
      [
        "PAT_2309",
        1,
        5419.3508999999995
      ]
    ],
    "S42": [
      [
        "PAT_1939",
        0,
        0.0
      ],
      [
        "PAT_1106",
        0,
        4628.9928
      ]
    ],
    "S54": [
      [
        "PAT_2270",
        0,
        0.0
      ],
      [
        "PAT_0010",
        0,
        3621.4427
      ]
    ],
    "S49": [
      [
        "PAT_0106",
        0,
        0.0
      ],
      [
        "PAT_1217",
        0,
        3621.4427
      ]
    ]
  }
}