{
  "instance": "SYN_SWEEP1_DEFECT_LOW_000",
  "method": "multistart",
  "start_method": "none",
  "time_limit": 60.0,
  "cost": 14747.6609,
  "is_feasible": true,
  "unmet": {},
  "overprod": {
    "P2": 4,
    "P3": 4,
    "P8": 1
  },
  "elapsed_sec": 1.74,
  "active": {
    "S28": [
      [
        "PAT_0028",
        0,
        0.0
      ],
      [
        "PAT_0125",
        1,
        4309.6046
      ]
    ],
    "S5": [
      [
        "PAT_0132",
        0,
        0.0
      ],
      [
        "PAT_0132",
        0,
        3177.8463
      ],
      [
        "PAT_0420",
        0,
        6355.6926
      ],
      [
        "PAT_0089",
        0,
        7287.231900000001
      ]
    ],
    "S22": [
      [
        "PAT_0127",
        0,
        0.0
      ],
      [
        "PAT_0127",
        0,
        3177.8463
      ]
    ],
    "S13": [
      [
        "PAT_0034",
        0,
        0.0
      ],
      [
        "PAT_0134",
        1,
        5017.5841
      ]
    ],
    "S32": [
      [
        "PAT_0036",
        0,
        0.0
      ],
      [
        "PAT_0036",
        0,
        3587.5895
      ]
    ],
    "S29": [
      [
        "PAT_0007",
        0,
        0.0
      ]
    ],
    "S38": [
      [
        "PAT_0003",
        0,
        1526.5322
      ]
    ],
    "S23": [
      [
        "PAT_0012",
        0,
        0.0
      ],
      [
        "PAT_0083",
        0,
        5259.9336
      ]
    ],
    "S50": [
      [
        "PAT_0012",
        0,
        0.0
      ],
      [
        "PAT_0474",
        1,
        5259.9336
      ],
      [
        "PAT_0474",
        1,
        6191.472900000001
      ]
    ],
    "S2": [
      [
        "PAT_0128",
        0,
        3047.3249
      ],
      [
        "PAT_0424",
        2,
        6225.171200000001
      ]
    ],
    "S12": [
      [
        "PAT_0007",
        0,
        2975.236
      ]
    ],
    "S7": [
      [
        "PAT_0010",
        0,
        0.0
      ],
      [
        "PAT_0079",
        1,
        5259.9336
      ],
      [
        "PAT_0079",
        1,
        6253.7718
      ]
    ],
    "S46": [
      [
        "PAT_0010",
        0,
        3705.1836
      ]
    ],
    "S31": [
      [
        "PAT_0127",
        0,
        0.0
      ],
      [
        "PAT_0126",
        0,
        3177.8463
      ]
    ],
    "S52": [
      [
        "PAT_0127",
        0,
        566.547
      ],
      [
        "PAT_0038",
        1,
        3744.3933
      ]
    ],
    "S26": [
      [
        "PAT_0002",
        0,
        2216.6249
      ]
    ],
    "S24": [
      [
        "PAT_0152",
        0,
        3571.0995
      ]
    ],
    "S37": [
      [
        "PAT_0171",
        0,
        4545.2035
      ]
    ],
    "S21": [
      [
        "PAT_0143",
        0,
        0.0
      ],
      [
        "PAT_0158",
        0,
        4134.6576
      ]
    ],
    "S42": [
      [
        "PAT_0182",
        0,
        2168.2003
      ]
    ],
    "S34": [
      [
        "PAT_0141",
        0,
        0.0
      ],
      [
        "PAT_0141",
        0,
        4134.6576
      ]
    ],
    "S18": [
      [
        "PAT_0156",
        0,
        2118.654
      ]
    ],
    "S49": [
      [
        "PAT_0155",
        0,
        0.0
      ]
    ],
    "S11": [
      [
        "PAT_0155",
        0,
        0.0
      ]
    ],
    "S53": [
      [
        "PAT_0154",
        0,
        0.0
      ]
    ]
  }
}