{
  "instance": "SYN_SWEEP1_DEFECT_LOW_022",
  "method": "SD",
  "start_method": "greedy",
  "time_limit": 60.0,
  "cost": 6150.7083,
  "is_feasible": true,
  "unmet": {},
  "overprod": {
    "P3": 1,
    "P7": 1,
    "P9": 1
  },
  "elapsed_sec": 2.94,
  "active": {
    "S3": [
      [
        "PAT_0527",
        0,
        1292.8678
      ]
    ],
    "S2": [
      [
        "PAT_0636",
        0,
        0.0
      ],
      [
        "PAT_0636",
        0,
        2561.0426
      ]
    ],
    "S13": [
      [
        "PAT_0526",
        0,
        1763.9953
      ]
    ],
    "S26": [
      [
        "PAT_0169",
        0,
        0.0
      ],
      [
        "PAT_0169",
        0,
        2257.28
      ]
    ],
    "S20": [
      [
        "PAT_0614",
        0,
        0.0
      ],
      [
        "PAT_0614",
        0,
        2561.0426
      ]
    ],
    "S27": [
      [
        "PAT_0452",
        0,
        817.2889
      ]
    ],
    "S18": [
      [
        "PAT_0499",
        0,
        0.0
      ],
      [
        "PAT_0499",
        0,
        2360.9057
      ]
    ],
    "S17": [
      [
        "PAT_0258",
        0,
        1183.7761
      ]
    ],
    "S6": [
      [
        "PAT_0121",
        0,
        759.1439
      ],
      [
        "PAT_0121",
        0,
        3016.4239000000002
      ]
    ],
    "S5": [
      [
        "PAT_0099",
        0,
        586.11
      ],
      [
        "PAT_0099",
        0,
        2843.3900000000003
      ]
    ],
    "S4": [
      [
        "PAT_0137",
        0,
        0.0
      ],
      [
        "PAT_0001",
        0,
        2257.28
      ]
    ],
    "S31": [
      [
        "PAT_0520",
        0,
        0.0
      ],
      [
        "PAT_0003",
        0,
        2941.8406
      ]
    ],
    "S28": [
      [
        "PAT_0134",
        0,
        2049.4859
      ]
    ]
  }
}