{
  "instance": "SYN_SWEEP1_DEFECT_HIGH_026",
  "method": "GRASP_SA",
  "start_method": "none",
  "time_limit": 60.0,
  "cost": 5073.8458,
  "is_feasible": true,
  "unmet": {},
  "overprod": {
    "P3": 1,
    "P4": 2,
    "P8": 5
  },
  "elapsed_sec": 60.01,
  "active": {
    "S31": [
      [
        "PAT_0068",
        0,
        3299.0445
      ]
    ],
    "S47": [
      [
        "PAT_0098",
        0,
        0.0
      ],
      [
        "PAT_0133",
        0,
        2118.2091
      ],
      [
        "PAT_0043",
        1,
        3323.2848000000004
      ],
      [
        "PAT_0105",
        1,
        6332.0864
      ]
    ],
    "S36": [
      [
        "PAT_0050",
        0,
        0.0
      ],
      [
        "PAT_0128",
        0,
        3008.8016
      ],
      [
        "PAT_0049",
        1,
        4618.8791
      ]
    ],
    "S46": [
      [
        "PAT_0099",
        0,
        0.0
      ],
      [
        "PAT_0076",
        0,
        2118.2091
      ],
      [
        "PAT_0129",
        1,
        5592.0171
      ]
    ],
    "S30": [
      [
        "PAT_0089",
        0,
        1004.6275
      ],
      [
        "PAT_0132",
        0,
        3561.022
      ],
      [
        "PAT_0132",
        0,
        4766.0977
      ]
    ],
    "S21": [
      [
        "PAT_0030",
        0,
        0.0
      ],
      [
        "PAT_0003",
        1,
        3008.8016
      ]
    ],
    "S4": [
      [
        "PAT_0076",
        0,
        0.0
      ],
      [
        "PAT_0086",
        0,
        3473.808
      ],
      [
        "PAT_0128",
        1,
        6030.202499999999
      ]
    ]
  }
}