{
  "instance": "SYN_SWEEP1_DEFECT_HIGH_019",
  "method": "SD",
  "start_method": "multistart",
  "time_limit": 60.0,
  "cost": 7933.6337,
  "is_feasible": true,
  "unmet": {},
  "overprod": {
    "P3": 1,
    "P5": 2,
    "P7": 1,
    "P9": 1
  },
  "elapsed_sec": 11.9,
  "active": {
    "S10": [
      [
        "PAT_0544",
        0,
        0.0
      ],
      [
        "PAT_0544",
        0,
        2508.1502
      ],
      [
        "PAT_0544",
        0,
        5016.3004
      ]
    ],
    "S5": [
      [
        "PAT_0590",
        0,
        0.0
      ],
      [
        "PAT_0590",
        0,
        3929.1979
      ]
    ],
    "S15": [
      [
        "PAT_0498",
        0,
        2798.7662
      ],
      [
        "PAT_0498",
        0,
        7026.5977
      ]
    ],
    "S11": [
      [
        "PAT_0621",
        0,
        0.0
      ],
      [
        "PAT_0621",
        0,
        4926.84
      ]
    ],
    "S8": [
      [
        "PAT_0599",
        0,
        0.0
      ],
      [
        "PAT_0613",
        0,
        3929.1979
      ]
    ],
    "S12": [
      [
        "PAT_0505",
        0,
        0.0
      ],
      [
        "PAT_0505",
        0,
        2541.997
      ],
      [
        "PAT_0483",
        1,
        6765.8217
      ]
    ],
    "S26": [
      [
        "PAT_0606",
        0,
        0.0
      ],
      [
        "PAT_0505",
        0,
        4960.799700000001
      ],
      [
        "PAT_0505",
        0,
        7502.796700000001
      ]
    ],
    "S30": [
      [
        "PAT_0616",
        0,
        0.0
      ],
      [
        "PAT_0616",
        0,
        4926.84
      ]
    ],
    "S3": [
      [
        "PAT_0607",
        0,
        2081.9668
      ]
    ],
    "S9": [
      [
        "PAT_0479",
        0,
        0.0
      ],
      [
        "PAT_0326",
        0,
        6597.6482
      ]
    ],
    "S27": [
      [
        "PAT_0125",
        0,
        0.0
      ],
      [
        "PAT_0450",
        1,
        4512.5738
      ]
    ]
  }
}