{
  "instance": "SYN_SWEEP1_DEFECT_LOW_028",
  "method": "multistart",
  "start_method": "none",
  "time_limit": 60.0,
  "cost": 10053.4179,
  "is_feasible": true,
  "unmet": {},
  "overprod": {
    "P1": 1,
    "P2": 6,
    "P5": 2,
    "P9": 2
  },
  "elapsed_sec": 1.38,
  "active": {
    "S46": [
      [
        "PAT_0011",
        0,
        861.6112
      ],
      [
        "PAT_0011",
        0,
        2499.4066000000003
      ],
      [
        "PAT_0020",
        0,
        4137.202
      ]
    ],
    "S8": [
      [
        "PAT_0004",
        0,
        0.0
      ],
      [
        "PAT_0004",
        0,
        1637.7954
      ],
      [
        "PAT_0004",
        0,
        3275.5908
      ],
      [
        "PAT_0039",
        0,
        4913.3862
      ]
    ],
    "S51": [
      [
        "PAT_0072",
        1,
        519.6924
      ],
      [
        "PAT_0072",
        1,
        3709.1744
      ]
    ],
    "S2": [
      [
        "PAT_0087",
        0,
        0.0
      ],
      [
        "PAT_0087",
        0,
        3189.482
      ]
    ],
    "S6": [
      [
        "PAT_0072",
        0,
        1367.6632
      ],
      [
        "PAT_0072",
        0,
        4557.1452
      ]
    ],
    "S28": [
      [
        "PAT_0073",
        0,
        4264.2827
      ]
    ],
    "S23": [
      [
        "PAT_0137",
        0,
        2095.2568
      ]
    ],
    "S50": [
      [
        "PAT_0235",
        0,
        2389.5409
      ]
    ],
    "S14": [
      [
        "PAT_0091",
        0,
        0.0
      ],
      [
        "PAT_0091",
        0,
        3189.482
      ]
    ],
    "S7": [
      [
        "PAT_0077",
        0,
        0.0
      ],
      [
        "PAT_0057",
        1,
        3580.0091
      ]
    ],
    "S39": [
      [
        "PAT_0044",
        0,
        400.8599
      ],
      [
        "PAT_0044",
        0,
        2999.0114
      ],
      [
        "PAT_0044",
        0,
        5597.162899999999
      ]
    ],
    "S10": [
      [
        "PAT_0093",
        0,
        4146.347
      ]
    ],
    "S48": [
      [
        "PAT_0102",
        0,
        2510.8006
      ]
    ],
    "S32": [
      [
        "PAT_0113",
        0,
        0.0
      ]
    ],
    "S1": [
      [
        "PAT_0044",
        0,
        0.0
      ],
      [
        "PAT_0044",
        0,
        2598.1515
      ],
      [
        "PAT_0050",
        0,
        5196.303
      ]
    ],
    "S4": [
      [
        "PAT_0092",
        0,
        2993.1724
      ]
    ],
    "S19": [
      [
        "PAT_0081",
        0,
        2432.5783
      ]
    ],
    "S38": [
      [
        "PAT_0048",
        0,
        0.0
      ]
    ]
  }
}