{
  "instance": "SYN_SWEEP2_DEMAND_TIGHT_022",
  "method": "TS",
  "start_method": "multistart",
  "time_limit": 60.0,
  "cost": 16128.0509,
  "is_feasible": true,
  "unmet": {},
  "overprod": {
    "P2": 1,
    "P7": 1,
    "P8": 1,
    "P11": 3
  },
  "elapsed_sec": 60.01,
  "active": {
    "S19": [
      [
        "PAT_1201",
        0,
        0.0
      ],
      [
        "PAT_1201",
        0,
        3692.352
      ]
    ],
    "S2": [
      [
        "PAT_0010",
        0,
        0.0
      ]
    ],
    "S55": [
      [
        "PAT_0018",
        0,
        0.0
      ],
      [
        "PAT_2555",
        0,
        4347.5465
      ]
    ],
    "S27": [
      [
        "PAT_0041",
        0,
        1510.3565
      ]
    ],
    "S23": [
      [
        "PAT_0213",
        0,
        0.0
      ]
    ],
    "S46": [
      [
        "PAT_0275",
        0,
        2727.9926
      ]
    ],
    "S43": [
      [
        "PAT_0479",
        0,
        3690.2146
      ]
    ],
    "S14": [
      [
        "PAT_0023",
        0,
        2581.291
      ]
    ],
    "S52": [
      [
        "PAT_1884",
        0,
        0.0
      ],
      [
        "PAT_0019",
        0,
        4495.6392
      ]
    ],
    "S4": [
      [
        "PAT_1058",
        0,
        2667.0423
      ]
    ],
    "S57": [
      [
        "PAT_0019",
        0,
        4648.537800000001
      ]
    ],
    "S39": [
      [
        "PAT_0018",
        0,
        0.0
      ],
      [
        "PAT_2720",
        0,
        4186.273799999999
      ]
    ],
    "S51": [
      [
        "PAT_2120",
        0,
        0.0
      ],
      [
        "PAT_0023",
        0,
        4463.072
      ]
    ],
    "S48": [
      [
        "PAT_0002",
        1,
        955.315
      ],
      [
        "PAT_0002",
        1,
        4647.6669999999995
      ]
    ],
    "S24": [
      [
        "PAT_1571",
        0,
        0.0
      ],
      [
        "PAT_1613",
        0,
        3059.7091000000005
      ]
    ],
    "S54": [
      [
        "PAT_1744",
        0,
        0.0
      ],
      [
        "PAT_1744",
        0,
        2861.8163
      ]
    ],
    "S5": [
      [
        "PAT_1425",
        0,
        0.0
      ],
      [
        "PAT_2639",
        0,
        3692.352
      ]
    ],
    "S28": [
      [
        "PAT_2945",
        0,
        0.0
      ]
    ],
    "S11": [
      [
        "PAT_2934",
        0,
        0.0
      ],
      [
        "PAT_1535",
        0,
        4463.072
      ]
    ],
    "S36": [
      [
        "PAT_0014",
        0,
        904.2478
      ],
      [
        "PAT_0014",
        0,
        4596.5998
      ]
    ],
    "S13": [
      [
        "PAT_1225",
        0,
        3568.2405
      ]
    ],
    "S37": [
      [
        "PAT_1828",
        0,
        0.0
      ],
      [
        "PAT_1828",
        0,
        2861.8163
      ]
    ],
    "S10": [
      [
        "PAT_1299",
        0,
        2754.7168
      ]
    ],
    "S33": [
      [
        "PAT_2275",
        0,
        931.2674
      ]
    ],
    "S31": [
      [
        "PAT_0346",
        0,
        3690.7825
      ]
    ],
    "S29": [
      [
        "PAT_2422",
        0,
        1823.7337
      ]
    ],
    "S18": [
      [
        "PAT_2603",
        0,
        1591.5469
      ]
    ],
    "S56": [
      [
        "PAT_1885",
        0,
        2691.2472
      ]
    ],
    "S45": [
      [
        "PAT_2639",
        0,
        3291.1842
      ]
    ],
    "S41": [
      [
        "PAT_1877",
        0,
        0.0
      ],
      [
        "PAT_0019",
        0,
        4614.5005
      ]
    ]
  }
}