{
  "instance": "SYN_SWEEP2_DEMAND_TIGHT_006",
  "method": "TS",
  "start_method": "multistart",
  "time_limit": 60.0,
  "cost": 11744.2925,
  "is_feasible": true,
  "unmet": {},
  "overprod": {
    "P1": 1,
    "P5": 2,
    "P9": 1
  },
  "elapsed_sec": 60.01,
  "active": {
    "S10": [
      [
        "PAT_0884",
        0,
        0.0
      ],
      [
        "PAT_0812",
        0,
        1795.5879999999993
      ],
      [
        "PAT_1118",
        1,
        5365.323399999999
      ]
    ],
    "S11": [
      [
        "PAT_0884",
        0,
        0.0
      ],
      [
        "PAT_1600",
        0,
        2740.1185
      ],
      [
        "PAT_1600",
        0,
        6179.9551
      ]
    ],
    "S21": [
      [
        "PAT_1602",
        0,
        0.0
      ],
      [
        "PAT_1511",
        0,
        4405.2517
      ]
    ],
    "S7": [
      [
        "PAT_1504",
        0,
        0.0
      ],
      [
        "PAT_1609",
        0,
        4831.638
      ]
    ],
    "S22": [
      [
        "PAT_0042",
        0,
        0.0
      ],
      [
        "PAT_1603",
        0,
        5885.0441
      ]
    ],
    "S38": [
      [
        "PAT_1529",
        0,
        0.0
      ],
      [
        "PAT_1529",
        0,
        3439.8366
      ]
    ],
    "S8": [
      [
        "PAT_0817",
        0,
        0.0
      ],
      [
        "PAT_0421",
        0,
        3674.7843999999996
      ]
    ],
    "S16": [
      [
        "PAT_0041",
        0,
        0.0
      ]
    ],
    "S1": [
      [
        "PAT_0042",
        0,
        0.0
      ],
      [
        "PAT_0227",
        0,
        4430.2483
      ]
    ],
    "S5": [
      [
        "PAT_0819",
        0,
        0.0
      ],
      [
        "PAT_0819",
        0,
        3569.7354
      ]
    ],
    "S13": [
      [
        "PAT_1353",
        0,
        0.0
      ],
      [
        "PAT_0270",
        0,
        3228.8409
      ]
    ],
    "S24": [
      [
        "PAT_0692",
        0,
        0.0
      ]
    ],
    "S14": [
      [
        "PAT_0923",
        0,
        0.0
      ],
      [
        "PAT_0020",
        1,
        1792.4319
      ]
    ],
    "S30": [
      [
        "PAT_1333",
        0,
        0.0
      ],
      [
        "PAT_1610",
        0,
        3228.8409
      ]
    ],
    "S25": [
      [
        "PAT_1244",
        0,
        0.0
      ],
      [
        "PAT_1502",
        0,
        1792.4319
      ],
      [
        "PAT_1502",
        0,
        5021.272800000001
      ]
    ],
    "S32": [
      [
        "PAT_0720",
        0,
        1685.1535
      ]
    ],
    "S20": [
      [
        "PAT_0682",
        0,
        1568.2326
      ]
    ],
    "S34": [
      [
        "PAT_0044",
        0,
        0.0
      ]
    ],
    "S3": [
      [
        "PAT_0042",
        0,
        0.0
      ],
      [
        "PAT_0044",
        0,
        4430.2483
      ]
    ]
  }
}