{
  "instance": "SYN_SWEEP1_DEFECT_LOW_019",
  "method": "ILS_SA",
  "start_method": "greedy",
  "time_limit": 60.0,
  "cost": 3994.4912,
  "is_feasible": true,
  "unmet": {},
  "overprod": {
    "P1": 1,
    "P2": 1,
    "P8": 1
  },
  "elapsed_sec": 60.02,
  "active": {
    "S29": [
      [
        "PAT_0323",
        0,
        0.0
      ],
      [
        "PAT_0323",
        0,
        2102.2484
      ],
      [
        "PAT_0390",
        0,
        4204.4968
      ],
      [
        "PAT_0390",
        0,
        6306.745199999999
      ]
    ],
    "S33": [
      [
        "PAT_0466",
        0,
        0.0
      ],
      [
        "PAT_0466",
        0,
        2935.0654
      ]
    ],
    "S18": [
      [
        "PAT_0454",
        0,
        0.0
      ],
      [
        "PAT_0465",
        0,
        2935.0654
      ]
    ],
    "S25": [
      [
        "PAT_1625",
        0,
        0.0
      ],
      [
        "PAT_1116",
        0,
        3743.7504
      ]
    ],
    "S2": [
      [
        "PAT_0481",
        0,
        562.7832
      ],
      [
        "PAT_0485",
        0,
        3739.1960000000004
      ]
    ],
    "S51": [
      [
        "PAT_1468",
        0,
        448.4999
      ],
      [
        "PAT_0199",
        1,
        4816.4726
      ]
    ]
  }
}