{
  "instance": "SYN_SWEEP1_DEFECT_HIGH_015",
  "method": "SA",
  "start_method": "multistart",
  "time_limit": 60.0,
  "cost": 5650.9055,
  "is_feasible": true,
  "unmet": {},
  "overprod": {
    "P2": 1,
    "P3": 1,
    "P4": 2,
    "P6": 1
  },
  "elapsed_sec": 60.08,
  "active": {
    "S3": [
      [
        "PAT_0714",
        0,
        0.0
      ],
      [
        "PAT_0019",
        0,
        2210.0127
      ],
      [
        "PAT_0783",
        0,
        4540.775899999999
      ],
      [
        "PAT_0783",
        0,
        6750.788599999999
      ]
    ],
    "S16": [
      [
        "PAT_0871",
        0,
        0.0
      ],
      [
        "PAT_1439",
        0,
        4050.4483
      ]
    ],
    "S35": [
      [
        "PAT_0842",
        0,
        1582.492
      ],
      [
        "PAT_0024",
        0,
        3792.5047000000004
      ],
      [
        "PAT_0611",
        0,
        6002.517400000001
      ]
    ],
    "S36": [
      [
        "PAT_0524",
        0,
        0.0
      ],
      [
        "PAT_0356",
        0,
        2951.7194
      ],
      [
        "PAT_0356",
        0,
        5161.7321
      ]
    ],
    "S31": [
      [
        "PAT_3490",
        0,
        0.0
      ],
      [
        "PAT_3520",
        0,
        3792.1459
      ]
    ],
    "S33": [
      [
        "PAT_1230",
        0,
        0.0
      ],
      [
        "PAT_0630",
        0,
        3792.1459
      ]
    ],
    "S25": [
      [
        "PAT_0158",
        0,
        0.0
      ],
      [
        "PAT_1793",
        0,
        2210.0127
      ]
    ],
    "S22": [
      [
        "PAT_0863",
        0,
        0.0
      ],
      [
        "PAT_2160",
        0,
        2811.1852
      ]
    ]
  }
}