{
  "instance": "SYN_SWEEP2_DEMAND_LOOSE_000",
  "method": "multistart",
  "start_method": "none",
  "time_limit": 60.0,
  "cost": 4818.8858,
  "is_feasible": true,
  "unmet": {},
  "overprod": {
    "P7": 1,
    "P10": 2,
    "P11": 3,
    "P12": 1
  },
  "elapsed_sec": 3.41,
  "active": {
    "S32": [
      [
        "PAT_1868",
        0,
        2324.2505
      ]
    ],
    "S4": [
      [
        "PAT_1820",
        0,
        0.0
      ],
      [
        "PAT_1820",
        0,
        4261.3221
      ]
    ],
    "S35": [
      [
        "PAT_1887",
        0,
        1968.3784
      ],
      [
        "PAT_0327",
        0,
        6229.700500000001
      ]
    ],
    "S17": [
      [
        "PAT_1793",
        0,
        2875.7474
      ]
    ],
    "S24": [
      [
        "PAT_1084",
        0,
        3106.3328
      ]
    ],
    "S28": [
      [
        "PAT_0084",
        0,
        0.0
      ],
      [
        "PAT_0084",
        0,
        2745.3278
      ],
      [
        "PAT_1021",
        0,
        5490.6556
      ]
    ],
    "S41": [
      [
        "PAT_0533",
        0,
        945.6818
      ],
      [
        "PAT_1620",
        1,
        3691.0096
      ]
    ],
    "S33": [
      [
        "PAT_0031",
        0,
        1218.0721
      ],
      [
        "PAT_0031",
        0,
        3963.3999000000003
      ]
    ]
  }
}