{
  "instance": "SYN_SWEEP2_DEMAND_LOOSE_005",
  "method": "FI",
  "start_method": "greedy",
  "time_limit": 60.0,
  "cost": 5723.7263,
  "is_feasible": true,
  "unmet": {},
  "overprod": {
    "P6": 1,
    "P12": 1,
    "P13": 2
  },
  "elapsed_sec": 60.0,
  "active": {
    "S30": [
      [
        "PAT_0062",
        0,
        0.0
      ],
      [
        "PAT_0019",
        0,
        1783.8624
      ],
      [
        "PAT_0019",
        0,
        2995.1517999999996
      ]
    ],
    "S18": [
      [
        "PAT_0044",
        0,
        0.0
      ]
    ],
    "S25": [
      [
        "PAT_0214",
        0,
        1712.7382
      ]
    ],
    "S1": [
      [
        "PAT_0053",
        0,
        0.0
      ],
      [
        "PAT_0053",
        0,
        800.0
      ]
    ],
    "S39": [
      [
        "PAT_0038",
        0,
        0.0
      ],
      [
        "PAT_0192",
        0,
        2571.0774
      ]
    ],
    "S50": [
      [
        "PAT_0054",
        0,
        0.0
      ],
      [
        "PAT_0143",
        0,
        880.7012
      ],
      [
        "PAT_0143",
        0,
        2592.1584000000003
      ]
    ],
    "S4": [
      [
        "PAT_0090",
        1,
        2621.0395
      ],
      [
        "PAT_0090",
        1,
        3421.0395
      ]
    ],
    "S40": [
      [
        "PAT_0266",
        0,
        0.0
      ]
    ],
    "S37": [
      [
        "PAT_0261",
        0,
        0.0
      ],
      [
        "PAT_0136",
        0,
        4034.4398
      ]
    ],
    "S33": [
      [
        "PAT_0236",
        0,
        0.0
      ]
    ],
    "S3": [
      [
        "PAT_0231",
        0,
        1061.5755
      ]
    ],
    "S32": [
      [
        "PAT_0230",
        0,
        0.0
      ]
    ]
  }
}