{
  "instance": "SYN_SWEEP2_DEMAND_TIGHT_006",
  "method": "VNS_SA",
  "start_method": "greedy",
  "time_limit": 60.0,
  "cost": 11357.0573,
  "is_feasible": true,
  "unmet": {},
  "overprod": {
    "P1": 1,
    "P13": 2,
    "P15": 1
  },
  "elapsed_sec": 53.34,
  "active": {
    "S22": [
      [
        "PAT_0724",
        0,
        0.0
      ],
      [
        "PAT_1415",
        0,
        5885.0441
      ]
    ],
    "S32": [
      [
        "PAT_1548",
        0,
        0.0
      ],
      [
        "PAT_1548",
        0,
        3439.8366
      ]
    ],
    "S21": [
      [
        "PAT_1376",
        0,
        0.0
      ],
      [
        "PAT_1346",
        0,
        4405.2517
      ]
    ],
    "S33": [
      [
        "PAT_0724",
        0,
        0.0
      ],
      [
        "PAT_0825",
        0,
        6222.680200000001
      ]
    ],
    "S30": [
      [
        "PAT_0808",
        0,
        0.0
      ],
      [
        "PAT_1526",
        0,
        3569.7354
      ]
    ],
    "S1": [
      [
        "PAT_0046",
        0,
        0.0
      ],
      [
        "PAT_1529",
        1,
        5974.3062
      ]
    ],
    "S10": [
      [
        "PAT_0876",
        0,
        0.0
      ],
      [
        "PAT_0820",
        1,
        3569.7354
      ]
    ],
    "S25": [
      [
        "PAT_0951",
        0,
        0.0
      ],
      [
        "PAT_1502",
        0,
        1792.4319
      ],
      [
        "PAT_1530",
        0,
        5021.272800000001
      ]
    ],
    "S14": [
      [
        "PAT_0684",
        0,
        0.0
      ],
      [
        "PAT_0978",
        0,
        4430.2483
      ]
    ],
    "S11": [
      [
        "PAT_1155",
        0,
        0.0
      ],
      [
        "PAT_1594",
        0,
        2740.1185
      ],
      [
        "PAT_1594",
        0,
        6179.9551
      ]
    ],
    "S8": [
      [
        "PAT_1105",
        0,
        0.0
      ],
      [
        "PAT_0774",
        0,
        2885.3693
      ]
    ],
    "S40": [
      [
        "PAT_0687",
        0,
        0.0
      ],
      [
        "PAT_1502",
        0,
        5296.9886
      ]
    ],
    "S13": [
      [
        "PAT_0984",
        0,
        2043.3467
      ],
      [
        "PAT_0693",
        0,
        3835.7786
      ]
    ],
    "S42": [
      [
        "PAT_0393",
        0,
        0.0
      ]
    ],
    "S7": [
      [
        "PAT_1423",
        0,
        0.0
      ],
      [
        "PAT_1610",
        0,
        4831.638
      ]
    ],
    "S5": [
      [
        "PAT_0996",
        0,
        0.0
      ],
      [
        "PAT_0363",
        0,
        1792.4319
      ]
    ],
    "S3": [
      [
        "PAT_0042",
        0,
        0.0
      ],
      [
        "PAT_0044",
        0,
        4430.2483
      ]
    ]
  }
}