{
  "instance": "SYN_SWEEP2_DEMAND_LOOSE_000",
  "method": "GRASP_SA",
  "start_method": "none",
  "time_limit": 60.0,
  "cost": 4626.0688,
  "is_feasible": true,
  "unmet": {},
  "overprod": {
    "P1": 2,
    "P4": 1,
    "P11": 2
  },
  "elapsed_sec": 60.08,
  "active": {
    "S35": [
      [
        "PAT_0247",
        0,
        0.0
      ],
      [
        "PAT_0988",
        0,
        2841.360200000001
      ],
      [
        "PAT_0988",
        0,
        6042.494100000001
      ]
    ],
    "S28": [
      [
        "PAT_0145",
        0,
        0.0
      ],
      [
        "PAT_0145",
        0,
        2745.3278
      ],
      [
        "PAT_0437",
        0,
        5490.6556
      ]
    ],
    "S4": [
      [
        "PAT_0382",
        0,
        0.0
      ],
      [
        "PAT_0382",
        0,
        2745.3278
      ],
      [
        "PAT_0382",
        0,
        5490.6556
      ]
    ],
    "S31": [
      [
        "PAT_1868",
        0,
        3441.1808
      ]
    ],
    "S32": [
      [
        "PAT_1875",
        0,
        2324.2505
      ]
    ],
    "S27": [
      [
        "PAT_1886",
        0,
        0.0
      ],
      [
        "PAT_1793",
        0,
        4261.3221
      ]
    ],
    "S41": [
      [
        "PAT_1809",
        0,
        0.0
      ]
    ]
  }
}