{
  "instance": "SYN_SWEEP2_DEMAND_TIGHT_021",
  "method": "FI",
  "start_method": "greedy",
  "time_limit": 60.0,
  "cost": 7948.188,
  "is_feasible": true,
  "unmet": {},
  "overprod": {
    "P1": 3,
    "P3": 1,
    "P4": 1,
    "P10": 3
  },
  "elapsed_sec": 60.02,
  "active": {
    "S13": [
      [
        "PAT_1926",
        0,
        0.0
      ],
      [
        "PAT_0047",
        0,
        3020.718799999999
      ],
      [
        "PAT_0047",
        0,
        5802.682499999999
      ]
    ],
    "S41": [
      [
        "PAT_0030",
        0,
        0.0
      ],
      [
        "PAT_0030",
        0,
        2781.9637
      ]
    ],
    "S35": [
      [
        "PAT_0026",
        0,
        0.0
      ],
      [
        "PAT_3598",
        0,
        3334.6903
      ],
      [
        "PAT_3598",
        0,
        5766.1109
      ]
    ],
    "S24": [
      [
        "PAT_0663",
        0,
        0.0
      ],
      [
        "PAT_0663",
        0,
        4161.6306
      ]
    ],
    "S27": [
      [
        "PAT_3193",
        0,
        0.0
      ],
      [
        "PAT_3193",
        0,
        2431.4206
      ],
      [
        "PAT_3193",
        0,
        4862.8412
      ]
    ],
    "S47": [
      [
        "PAT_1694",
        0,
        0.0
      ],
      [
        "PAT_1694",
        0,
        4161.6306
      ]
    ],
    "S28": [
      [
        "PAT_1573",
        0,
        0.0
      ],
      [
        "PAT_0101",
        0,
        4619.142
      ]
    ],
    "S52": [
      [
        "PAT_1898",
        0,
        1023.3625
      ],
      [
        "PAT_1898",
        0,
        3454.7830999999996
      ],
      [
        "PAT_1898",
        0,
        5886.2037
      ]
    ],
    "S54": [
      [
        "PAT_3283",
        0,
        0.0
      ],
      [
        "PAT_3283",
        0,
        2431.4206
      ],
      [
        "PAT_1873",
        0,
        4862.8412
      ]
    ],
    "S39": [
      [
        "PAT_0092",
        0,
        0.0
      ]
    ],
    "S8": [
      [
        "PAT_0667",
        0,
        0.0
      ],
      [
        "PAT_3177",
        0,
        4161.6306
      ]
    ],
    "S4": [
      [
        "PAT_2932",
        0,
        0.0
      ],
      [
        "PAT_2932",
        0,
        2431.4206
      ],
      [
        "PAT_2927",
        0,
        4862.8412
      ]
    ]
  }
}