{
  "instance": "SYN_SWEEP2_DEMAND_TIGHT_000",
  "method": "VNS_SA",
  "start_method": "greedy",
  "time_limit": 60.0,
  "cost": 9708.474,
  "is_feasible": true,
  "unmet": {},
  "overprod": {
    "P2": 1,
    "P6": 1,
    "P7": 2
  },
  "elapsed_sec": 43.96,
  "active": {
    "S9": [
      [
        "PAT_0544",
        0,
        0.0
      ],
      [
        "PAT_0544",
        0,
        3259.2885
      ]
    ],
    "S11": [
      [
        "PAT_0005",
        0,
        0.0
      ],
      [
        "PAT_0523",
        1,
        3576.757
      ]
    ],
    "S47": [
      [
        "PAT_0610",
        0,
        0.0
      ],
      [
        "PAT_0550",
        0,
        2988.305
      ]
    ],
    "S28": [
      [
        "PAT_0006",
        0,
        1163.0952
      ],
      [
        "PAT_0369",
        1,
        4739.8522
      ]
    ],
    "S38": [
      [
        "PAT_0566",
        0,
        1940.1981
      ]
    ],
    "S15": [
      [
        "PAT_0608",
        0,
        0.0
      ],
      [
        "PAT_0608",
        0,
        2988.305
      ]
    ],
    "S19": [
      [
        "PAT_0551",
        0,
        0.0
      ],
      [
        "PAT_0279",
        0,
        2988.305
      ]
    ],
    "S18": [
      [
        "PAT_0607",
        0,
        0.0
      ],
      [
        "PAT_0615",
        0,
        3457.2945999999997
      ]
    ],
    "S40": [
      [
        "PAT_0567",
        0,
        1965.5723
      ]
    ],
    "S43": [
      [
        "PAT_0544",
        0,
        3294.0820000000003
      ]
    ],
    "S42": [
      [
        "PAT_0004",
        0,
        0.0
      ],
      [
        "PAT_0567",
        1,
        3576.757
      ]
    ],
    "S37": [
      [
        "PAT_0543",
        0,
        0.0
      ],
      [
        "PAT_0607",
        1,
        3259.2885
      ]
    ],
    "S26": [
      [
        "PAT_0570",
        0,
        0.0
      ],
      [
        "PAT_0600",
        1,
        2988.305
      ]
    ],
    "S32": [
      [
        "PAT_0331",
        0,
        0.0
      ],
      [
        "PAT_0200",
        0,
        2280.5834999999997
      ],
      [
        "PAT_0279",
        1,
        4495.2393999999995
      ]
    ],
    "S6": [
      [
        "PAT_0543",
        0,
        0.0
      ]
    ],
    "S27": [
      [
        "PAT_0543",
        0,
        1265.32
      ]
    ],
    "S3": [
      [
        "PAT_0615",
        0,
        936.0906
      ]
    ]
  }
}