{
  "instance": "SYN_SWEEP2_DEMAND_TIGHT_021",
  "method": "VNS_SA",
  "start_method": "multistart",
  "time_limit": 60.0,
  "cost": 7467.3614,
  "is_feasible": true,
  "unmet": {},
  "overprod": {
    "P1": 1,
    "P2": 1,
    "P3": 2,
    "P10": 5
  },
  "elapsed_sec": 60.04,
  "active": {
    "S13": [
      [
        "PAT_0015",
        0,
        0.0
      ],
      [
        "PAT_0015",
        0,
        2781.9637
      ],
      [
        "PAT_0015",
        0,
        5563.9274
      ]
    ],
    "S24": [
      [
        "PAT_2580",
        0,
        0.0
      ],
      [
        "PAT_2580",
        0,
        2431.4206
      ],
      [
        "PAT_2580",
        0,
        4862.8412
      ],
      [
        "PAT_2580",
        0,
        7294.2618
      ]
    ],
    "S35": [
      [
        "PAT_3290",
        0,
        1542.2078
      ],
      [
        "PAT_0358",
        0,
        4105.995299999999
      ]
    ],
    "S28": [
      [
        "PAT_1898",
        0,
        0.0
      ],
      [
        "PAT_1898",
        0,
        2431.4206
      ],
      [
        "PAT_1898",
        0,
        4862.8412
      ]
    ],
    "S52": [
      [
        "PAT_1898",
        0,
        1023.3625
      ],
      [
        "PAT_1898",
        0,
        3454.7830999999996
      ],
      [
        "PAT_1898",
        0,
        5886.2037
      ]
    ],
    "S47": [
      [
        "PAT_1360",
        0,
        0.0
      ],
      [
        "PAT_1312",
        1,
        4626.3843
      ]
    ],
    "S41": [
      [
        "PAT_0008",
        0,
        0.0
      ],
      [
        "PAT_0008",
        0,
        2781.9637
      ]
    ],
    "S31": [
      [
        "PAT_2092",
        0,
        0.0
      ],
      [
        "PAT_1736",
        0,
        4047.8853
      ]
    ],
    "S4": [
      [
        "PAT_2845",
        0,
        0.0
      ],
      [
        "PAT_2845",
        0,
        2431.4206
      ],
      [
        "PAT_3394",
        1,
        4862.8412
      ]
    ],
    "S8": [
      [
        "PAT_1542",
        0,
        0.0
      ]
    ],
    "S27": [
      [
        "PAT_0100",
        0,
        0.0
      ],
      [
        "PAT_0100",
        0,
        4161.6306
      ]
    ]
  }
}