{
  "instance": "SYN_SWEEP2_DEMAND_TIGHT_021",
  "method": "SA",
  "start_method": "multistart",
  "time_limit": 60.0,
  "cost": 7330.3459,
  "is_feasible": true,
  "unmet": {},
  "overprod": {
    "P2": 2,
    "P3": 1,
    "P4": 1,
    "P10": 2
  },
  "elapsed_sec": 60.12,
  "active": {
    "S24": [
      [
        "PAT_2065",
        0,
        0.0
      ],
      [
        "PAT_2044",
        0,
        2431.4206
      ],
      [
        "PAT_3212",
        0,
        4950.630500000001
      ],
      [
        "PAT_2797",
        1,
        7382.051100000001
      ]
    ],
    "S13": [
      [
        "PAT_0101",
        0,
        0.0
      ],
      [
        "PAT_1624",
        0,
        4423.015599999999
      ]
    ],
    "S4": [
      [
        "PAT_2197",
        0,
        0.0
      ],
      [
        "PAT_1900",
        0,
        2431.4206
      ],
      [
        "PAT_0049",
        1,
        4862.8412
      ]
    ],
    "S27": [
      [
        "PAT_0029",
        0,
        0.0
      ],
      [
        "PAT_0029",
        0,
        2781.9637
      ]
    ],
    "S31": [
      [
        "PAT_2350",
        0,
        0.0
      ],
      [
        "PAT_3431",
        0,
        4047.8853
      ],
      [
        "PAT_3277",
        0,
        6479.305899999999
      ]
    ],
    "S49": [
      [
        "PAT_2936",
        0,
        0.0
      ],
      [
        "PAT_0037",
        0,
        2431.4206
      ],
      [
        "PAT_2039",
        1,
        5332.7072
      ]
    ],
    "S8": [
      [
        "PAT_0901",
        0,
        0.0
      ]
    ],
    "S41": [
      [
        "PAT_1443",
        0,
        0.0
      ],
      [
        "PAT_0015",
        0,
        4161.6306
      ]
    ],
    "S47": [
      [
        "PAT_1566",
        0,
        0.0
      ],
      [
        "PAT_1685",
        0,
        4161.6306
      ]
    ],
    "S35": [
      [
        "PAT_0581",
        0,
        1542.2078
      ],
      [
        "PAT_2695",
        0,
        5703.838400000001
      ]
    ]
  }
}