{
  "instance": "SYN_SWEEP2_DEMAND_TIGHT_026",
  "method": "SD",
  "start_method": "multistart",
  "time_limit": 60.0,
  "cost": 9678.335,
  "is_feasible": true,
  "unmet": {},
  "overprod": {
    "P4": 1,
    "P5": 1,
    "P6": 1,
    "P9": 1
  },
  "elapsed_sec": 36.21,
  "active": {
    "S19": [
      [
        "PAT_0789",
        0,
        0.0
      ],
      [
        "PAT_0789",
        0,
        2816.4045
      ]
    ],
    "S18": [
      [
        "PAT_0641",
        0,
        0.0
      ],
      [
        "PAT_0641",
        0,
        5005.8416
      ]
    ],
    "S22": [
      [
        "PAT_0003",
        0,
        0.0
      ],
      [
        "PAT_0003",
        0,
        3716.2211
      ]
    ],
    "S30": [
      [
        "PAT_0630",
        0,
        3118.0154
      ]
    ],
    "S15": [
      [
        "PAT_0673",
        0,
        0.0
      ],
      [
        "PAT_0673",
        0,
        2816.4045
      ],
      [
        "PAT_0002",
        0,
        5632.809
      ]
    ],
    "S17": [
      [
        "PAT_0730",
        0,
        0.0
      ],
      [
        "PAT_0636",
        0,
        3023.4429
      ]
    ],
    "S11": [
      [
        "PAT_0083",
        0,
        3042.6928
      ]
    ],
    "S21": [
      [
        "PAT_0635",
        0,
        0.0
      ]
    ],
    "S26": [
      [
        "PAT_0349",
        0,
        0.0
      ],
      [
        "PAT_0015",
        0,
        3357.0241
      ]
    ],
    "S27": [
      [
        "PAT_0470",
        0,
        0.0
      ],
      [
        "PAT_0470",
        0,
        3092.6169
      ],
      [
        "PAT_0747",
        1,
        6185.2338
      ]
    ],
    "S7": [
      [
        "PAT_0098",
        0,
        0.0
      ],
      [
        "PAT_0098",
        0,
        3716.2211
      ],
      [
        "PAT_0675",
        0,
        7432.4422
      ]
    ],
    "S1": [
      [
        "PAT_0485",
        0,
        0.0
      ],
      [
        "PAT_0746",
        1,
        3834.8780999999985
      ],
      [
        "PAT_0746",
        1,
        6651.282599999999
      ]
    ],
    "S3": [
      [
        "PAT_0133",
        0,
        0.0
      ],
      [
        "PAT_0133",
        0,
        3092.6169
      ]
    ],
    "S10": [
      [
        "PAT_0133",
        0,
        0.0
      ],
      [
        "PAT_0134",
        0,
        4966.5551
      ]
    ],
    "S16": [
      [
        "PAT_0601",
        0,
        492.5846
      ],
      [
        "PAT_0495",
        1,
        3585.2015
      ]
    ]
  }
}