{
  "instance": "SYN_SWEEP2_DEMAND_LOOSE_003",
  "method": "VNS_SA",
  "start_method": "multistart",
  "time_limit": 60.0,
  "cost": 3747.8058,
  "is_feasible": true,
  "unmet": {},
  "overprod": {
    "P1": 1,
    "P6": 1,
    "P15": 1
  },
  "elapsed_sec": 11.69,
  "active": {
    "S12": [
      [
        "PAT_0023",
        0,
        1979.0528
      ]
    ],
    "S5": [
      [
        "PAT_0027",
        0,
        809.9983
      ]
    ],
    "S16": [
      [
        "PAT_0015",
        0,
        0.0
      ],
      [
        "PAT_0990",
        0,
        3987.7461
      ]
    ],
    "S8": [
      [
        "PAT_0929",
        0,
        0.0
      ],
      [
        "PAT_0280",
        0,
        2875.6617
      ]
    ],
    "S26": [
      [
        "PAT_0489",
        0,
        955.5156
      ],
      [
        "PAT_0099",
        1,
        3926.4089
      ]
    ],
    "S46": [
      [
        "PAT_0784",
        0,
        0.0
      ],
      [
        "PAT_0154",
        0,
        3043.978899999999
      ],
      [
        "PAT_0004",
        0,
        5155.880799999999
      ]
    ]
  }
}