{
  "instance": "SYN_SWEEP2_DEMAND_TIGHT_021",
  "method": "ILS_SA",
  "start_method": "greedy",
  "time_limit": 60.0,
  "cost": 7820.0407,
  "is_feasible": true,
  "unmet": {},
  "overprod": {
    "P2": 1,
    "P3": 1,
    "P8": 1,
    "P10": 1
  },
  "elapsed_sec": 60.04,
  "active": {
    "S24": [
      [
        "PAT_0663",
        0,
        0.0
      ],
      [
        "PAT_0663",
        0,
        4161.6306
      ]
    ],
    "S27": [
      [
        "PAT_3193",
        0,
        0.0
      ],
      [
        "PAT_3193",
        0,
        2431.4206
      ],
      [
        "PAT_3193",
        0,
        4862.8412
      ]
    ],
    "S52": [
      [
        "PAT_1898",
        0,
        1023.3625
      ],
      [
        "PAT_1898",
        0,
        3454.7830999999996
      ],
      [
        "PAT_1898",
        0,
        5886.2037
      ]
    ],
    "S13": [
      [
        "PAT_0047",
        0,
        3020.718799999999
      ],
      [
        "PAT_0047",
        0,
        5802.682499999999
      ]
    ],
    "S28": [
      [
        "PAT_0003",
        0,
        0.0
      ],
      [
        "PAT_0293",
        0,
        3585.1408
      ]
    ],
    "S41": [
      [
        "PAT_0016",
        0,
        0.0
      ],
      [
        "PAT_0016",
        0,
        2781.9637
      ]
    ],
    "S17": [
      [
        "PAT_0328",
        0,
        2263.2856
      ]
    ],
    "S35": [
      [
        "PAT_3284",
        0,
        0.0
      ],
      [
        "PAT_3641",
        0,
        3334.6903
      ],
      [
        "PAT_2064",
        0,
        5766.1109
      ]
    ],
    "S49": [
      [
        "PAT_2200",
        0,
        0.0
      ],
      [
        "PAT_0884",
        0,
        3512.5498
      ]
    ],
    "S47": [
      [
        "PAT_0314",
        0,
        0.0
      ],
      [
        "PAT_0314",
        1,
        4626.3843
      ]
    ],
    "S4": [
      [
        "PAT_2994",
        0,
        0.0
      ],
      [
        "PAT_2994",
        0,
        2431.4206
      ],
      [
        "PAT_2015",
        0,
        4862.8412
      ]
    ],
    "S8": [
      [
        "PAT_0935",
        0,
        0.0
      ],
      [
        "PAT_3027",
        0,
        4161.6306
      ]
    ]
  }
}