{
  "instance": "SYN_SWEEP2_DEMAND_TIGHT_021",
  "method": "SD",
  "start_method": "multistart",
  "time_limit": 60.0,
  "cost": 7583.5665,
  "is_feasible": true,
  "unmet": {},
  "overprod": {
    "P1": 1,
    "P3": 3,
    "P5": 1,
    "P10": 2
  },
  "elapsed_sec": 47.53,
  "active": {
    "S41": [
      [
        "PAT_0008",
        0,
        0.0
      ],
      [
        "PAT_0008",
        0,
        2781.9637
      ]
    ],
    "S13": [
      [
        "PAT_0015",
        0,
        0.0
      ],
      [
        "PAT_0015",
        0,
        2781.9637
      ],
      [
        "PAT_0015",
        0,
        5563.9274
      ]
    ],
    "S24": [
      [
        "PAT_2580",
        0,
        0.0
      ],
      [
        "PAT_2580",
        0,
        2431.4206
      ],
      [
        "PAT_2580",
        0,
        4862.8412
      ],
      [
        "PAT_2580",
        0,
        7294.2618
      ]
    ],
    "S35": [
      [
        "PAT_3304",
        0,
        1542.2078
      ],
      [
        "PAT_0631",
        0,
        3973.6283999999996
      ]
    ],
    "S47": [
      [
        "PAT_1349",
        0,
        0.0
      ],
      [
        "PAT_1349",
        0,
        4161.6306
      ]
    ],
    "S4": [
      [
        "PAT_2845",
        0,
        0.0
      ],
      [
        "PAT_2845",
        0,
        2431.4206
      ],
      [
        "PAT_3344",
        1,
        4862.8412
      ]
    ],
    "S8": [
      [
        "PAT_1831",
        0,
        0.0
      ],
      [
        "PAT_2347",
        0,
        4161.6306
      ]
    ],
    "S27": [
      [
        "PAT_0100",
        0,
        0.0
      ],
      [
        "PAT_0100",
        0,
        4161.6306
      ]
    ],
    "S31": [
      [
        "PAT_1570",
        0,
        0.0
      ],
      [
        "PAT_1725",
        0,
        5050.2037
      ]
    ],
    "S28": [
      [
        "PAT_1898",
        0,
        0.0
      ],
      [
        "PAT_1898",
        0,
        2431.4206
      ],
      [
        "PAT_1898",
        0,
        4862.8412
      ]
    ],
    "S52": [
      [
        "PAT_1898",
        0,
        1023.3625
      ],
      [
        "PAT_1898",
        0,
        3454.7830999999996
      ],
      [
        "PAT_1898",
        0,
        5886.2037
      ]
    ]
  }
}