{
  "instance": "SYN_SWEEP2_DEMAND_TIGHT_006",
  "method": "FI",
  "start_method": "greedy",
  "time_limit": 60.0,
  "cost": 13536.986,
  "is_feasible": true,
  "unmet": {},
  "overprod": {
    "P1": 2,
    "P2": 1,
    "P3": 1,
    "P5": 4,
    "P8": 1,
    "P9": 1
  },
  "elapsed_sec": 60.01,
  "active": {
    "S5": [
      [
        "PAT_0841",
        0,
        0.0
      ],
      [
        "PAT_0841",
        0,
        3569.7354
      ]
    ],
    "S11": [
      [
        "PAT_1600",
        0,
        2740.1185
      ],
      [
        "PAT_1600",
        0,
        6179.9551
      ]
    ],
    "S10": [
      [
        "PAT_0871",
        0,
        0.0
      ],
      [
        "PAT_0871",
        0,
        3569.7354
      ]
    ],
    "S25": [
      [
        "PAT_1502",
        0,
        0.0
      ],
      [
        "PAT_1502",
        0,
        3228.8409
      ]
    ],
    "S7": [
      [
        "PAT_1507",
        0,
        0.0
      ],
      [
        "PAT_1610",
        0,
        4831.638
      ]
    ],
    "S30": [
      [
        "PAT_1334",
        0,
        0.0
      ],
      [
        "PAT_1526",
        0,
        3828.8664000000003
      ]
    ],
    "S38": [
      [
        "PAT_1529",
        0,
        0.0
      ],
      [
        "PAT_1529",
        0,
        3439.8366
      ]
    ],
    "S24": [
      [
        "PAT_1530",
        0,
        0.0
      ],
      [
        "PAT_1320",
        0,
        3439.8366
      ]
    ],
    "S32": [
      [
        "PAT_1548",
        0,
        0.0
      ],
      [
        "PAT_1548",
        0,
        3439.8366
      ]
    ],
    "S13": [
      [
        "PAT_1085",
        0,
        4230.9633
      ],
      [
        "PAT_1085",
        0,
        6023.395200000001
      ]
    ],
    "S22": [
      [
        "PAT_0168",
        0,
        0.0
      ],
      [
        "PAT_0979",
        2,
        5885.0441
      ],
      [
        "PAT_0979",
        2,
        7677.476000000001
      ]
    ],
    "S14": [
      [
        "PAT_0757",
        0,
        0.0
      ]
    ],
    "S1": [
      [
        "PAT_0020",
        0,
        0.0
      ]
    ],
    "S3": [
      [
        "PAT_0720",
        0,
        0.0
      ],
      [
        "PAT_0044",
        0,
        4430.2483
      ]
    ],
    "S12": [
      [
        "PAT_0042",
        0,
        4610.3672
      ]
    ],
    "S33": [
      [
        "PAT_0724",
        0,
        0.0
      ],
      [
        "PAT_1320",
        0,
        4430.2483
      ]
    ],
    "S16": [
      [
        "PAT_0041",
        0,
        0.0
      ]
    ],
    "S34": [
      [
        "PAT_0044",
        0,
        0.0
      ]
    ],
    "S29": [
      [
        "PAT_0682",
        0,
        0.0
      ]
    ],
    "S31": [
      [
        "PAT_0168",
        0,
        4007.1295
      ]
    ],
    "S20": [
      [
        "PAT_0682",
        0,
        1568.2326
      ]
    ],
    "S42": [
      [
        "PAT_0031",
        0,
        0.0
      ]
    ],
    "S8": [
      [
        "PAT_0463",
        0,
        0.0
      ],
      [
        "PAT_0891",
        0,
        4430.2483
      ]
    ],
    "S21": [
      [
        "PAT_0970",
        0,
        1042.9885
      ],
      [
        "PAT_1512",
        0,
        4405.2517
      ]
    ]
  }
}