{
  "instance": "SYN_SWEEP2_DEMAND_LOOSE_008",
  "method": "SD",
  "start_method": "multistart",
  "time_limit": 60.0,
  "cost": 3278.1622,
  "is_feasible": true,
  "unmet": {},
  "overprod": {
    "P3": 2,
    "P10": 1,
    "P15": 1
  },
  "elapsed_sec": 7.8,
  "active": {
    "S39": [
      [
        "PAT_7207",
        0,
        0.0
      ]
    ],
    "S26": [
      [
        "PAT_0068",
        0,
        1889.8026
      ]
    ],
    "S36": [
      [
        "PAT_0040",
        0,
        0.0
      ],
      [
        "PAT_6189",
        0,
        2467.6724
      ]
    ],
    "S35": [
      [
        "PAT_0097",
        0,
        1637.2935
      ]
    ],
    "S30": [
      [
        "PAT_7147",
        0,
        0.0
      ]
    ],
    "S19": [
      [
        "PAT_0002",
        0,
        1743.2887
      ],
      [
        "PAT_1826",
        0,
        4210.9611
      ]
    ],
    "S1": [
      [
        "PAT_2355",
        0,
        1265.0664
      ],
      [
        "PAT_2355",
        0,
        2285.7745999999997
      ],
      [
        "PAT_2355",
        0,
        3306.4827999999998
      ]
    ]
  }
}