{
  "instance": "SYN_SWEEP2_DEMAND_TIGHT_021",
  "method": "SD",
  "start_method": "greedy",
  "time_limit": 60.0,
  "cost": 8099.4719,
  "is_feasible": true,
  "unmet": {},
  "overprod": {
    "P1": 3,
    "P2": 1,
    "P10": 1
  },
  "elapsed_sec": 54.75,
  "active": {
    "S13": [
      [
        "PAT_3026",
        0,
        0.0
      ],
      [
        "PAT_0047",
        0,
        3020.718799999999
      ],
      [
        "PAT_0047",
        0,
        5802.682499999999
      ]
    ],
    "S41": [
      [
        "PAT_0030",
        0,
        0.0
      ],
      [
        "PAT_0030",
        0,
        2781.9637
      ]
    ],
    "S35": [
      [
        "PAT_0026",
        0,
        0.0
      ],
      [
        "PAT_3575",
        0,
        2781.9637
      ],
      [
        "PAT_3575",
        0,
        5213.3843
      ]
    ],
    "S24": [
      [
        "PAT_0663",
        0,
        0.0
      ],
      [
        "PAT_0663",
        0,
        4161.6306
      ]
    ],
    "S4": [
      [
        "PAT_2994",
        0,
        0.0
      ],
      [
        "PAT_2994",
        0,
        2431.4206
      ],
      [
        "PAT_3337",
        0,
        4862.8412
      ]
    ],
    "S27": [
      [
        "PAT_3193",
        0,
        0.0
      ],
      [
        "PAT_3193",
        0,
        2431.4206
      ],
      [
        "PAT_3193",
        0,
        4862.8412
      ]
    ],
    "S47": [
      [
        "PAT_1694",
        0,
        0.0
      ],
      [
        "PAT_1694",
        0,
        4161.6306
      ]
    ],
    "S28": [
      [
        "PAT_1897",
        0,
        0.0
      ],
      [
        "PAT_0101",
        0,
        3585.1408
      ]
    ],
    "S52": [
      [
        "PAT_1898",
        0,
        1023.3625
      ],
      [
        "PAT_1898",
        0,
        3454.7830999999996
      ],
      [
        "PAT_1898",
        0,
        5886.2037
      ]
    ],
    "S54": [
      [
        "PAT_3283",
        0,
        0.0
      ],
      [
        "PAT_3283",
        0,
        2431.4206
      ]
    ],
    "S17": [
      [
        "PAT_0098",
        0,
        2612.9853
      ]
    ],
    "S39": [
      [
        "PAT_0092",
        0,
        0.0
      ]
    ],
    "S8": [
      [
        "PAT_0671",
        0,
        0.0
      ],
      [
        "PAT_1874",
        0,
        4161.6306
      ]
    ]
  }
}