{
  "instance": "SYN_SWEEP2_DEMAND_TIGHT_028",
  "method": "SD",
  "start_method": "multistart",
  "time_limit": 60.0,
  "cost": 8986.2753,
  "is_feasible": true,
  "unmet": {},
  "overprod": {
    "P1": 1,
    "P5": 1,
    "P6": 1
  },
  "elapsed_sec": 18.68,
  "active": {
    "S38": [
      [
        "PAT_0008",
        0,
        0.0
      ],
      [
        "PAT_0008",
        0,
        1413.6668
      ]
    ],
    "S31": [
      [
        "PAT_0027",
        0,
        0.0
      ],
      [
        "PAT_0015",
        0,
        3093.9157000000005
      ]
    ],
    "S18": [
      [
        "PAT_0014",
        0,
        811.6151
      ]
    ],
    "S6": [
      [
        "PAT_0013",
        0,
        0.0
      ],
      [
        "PAT_0094",
        1,
        3785.1371
      ]
    ],
    "S32": [
      [
        "PAT_0188",
        0,
        2403.4578
      ]
    ],
    "S39": [
      [
        "PAT_0110",
        0,
        2180.7973
      ],
      [
        "PAT_0110",
        0,
        4462.1332999999995
      ]
    ],
    "S22": [
      [
        "PAT_0322",
        0,
        2348.1622
      ]
    ],
    "S45": [
      [
        "PAT_0166",
        0,
        0.0
      ],
      [
        "PAT_0166",
        0,
        2281.336
      ],
      [
        "PAT_0166",
        0,
        4562.672
      ]
    ],
    "S5": [
      [
        "PAT_0290",
        0,
        0.0
      ],
      [
        "PAT_0290",
        0,
        3300.3492
      ]
    ],
    "S26": [
      [
        "PAT_0585",
        0,
        2012.7998
      ]
    ],
    "S28": [
      [
        "PAT_0203",
        0,
        0.0
      ]
    ],
    "S15": [
      [
        "PAT_0170",
        0,
        0.0
      ],
      [
        "PAT_0588",
        0,
        3077.9206
      ]
    ],
    "S36": [
      [
        "PAT_0280",
        0,
        0.0
      ]
    ],
    "S3": [
      [
        "PAT_0280",
        0,
        0.0
      ]
    ],
    "S33": [
      [
        "PAT_0177",
        0,
        1769.9177
      ]
    ],
    "S20": [
      [
        "PAT_0177",
        0,
        0.0
      ],
      [
        "PAT_0041",
        1,
        4495.3369
      ]
    ],
    "S44": [
      [
        "PAT_0275",
        0,
        1424.5268
      ]
    ]
  }
}