{
  "instance": "SYN_SWEEP2_DEMAND_LOOSE_023",
  "method": "FI",
  "start_method": "greedy",
  "time_limit": 60.0,
  "cost": 5036.4751,
  "is_feasible": true,
  "unmet": {},
  "overprod": {
    "P2": 1,
    "P3": 1,
    "P8": 1
  },
  "elapsed_sec": 60.01,
  "active": {
    "S48": [
      [
        "PAT_0091",
        0,
        0.0
      ],
      [
        "PAT_0091",
        0,
        2506.7448
      ]
    ],
    "S33": [
      [
        "PAT_0238",
        0,
        0.0
      ],
      [
        "PAT_0083",
        0,
        3403.0255
      ]
    ],
    "S19": [
      [
        "PAT_0024",
        0,
        2082.8565
      ]
    ],
    "S28": [
      [
        "PAT_0255",
        0,
        0.0
      ],
      [
        "PAT_0333",
        0,
        3403.0255
      ]
    ],
    "S34": [
      [
        "PAT_0003",
        0,
        0.0
      ],
      [
        "PAT_0166",
        0,
        2724.1878000000006
      ]
    ],
    "S42": [
      [
        "PAT_0010",
        0,
        0.0
      ],
      [
        "PAT_0160",
        0,
        3089.3096000000005
      ]
    ],
    "S5": [
      [
        "PAT_0186",
        0,
        0.0
      ]
    ],
    "S44": [
      [
        "PAT_0053",
        0,
        0.0
      ],
      [
        "PAT_0053",
        0,
        3064.3541
      ]
    ],
    "S41": [
      [
        "PAT_0425",
        0,
        0.0
      ],
      [
        "PAT_0322",
        0,
        2275.9679
      ]
    ]
  }
}