{
  "instance": "SYN_SWEEP2_DEMAND_TIGHT_017",
  "method": "multistart",
  "start_method": "none",
  "time_limit": 60.0,
  "cost": 21857.0757,
  "is_feasible": true,
  "unmet": {},
  "overprod": {
    "P2": 2,
    "P5": 4,
    "P6": 1,
    "P13": 9
  },
  "elapsed_sec": 23.14,
  "active": {
    "S32": [
      [
        "PAT_0316",
        0,
        0.0
      ],
      [
        "PAT_0075",
        0,
        2191.7518999999998
      ],
      [
        "PAT_0148",
        0,
        4450.3133
      ]
    ],
    "S31": [
      [
        "PAT_0326",
        0,
        0.0
      ],
      [
        "PAT_0807",
        1,
        2612.7978
      ]
    ],
    "S33": [
      [
        "PAT_0330",
        0,
        0.0
      ],
      [
        "PAT_0091",
        1,
        1597.1385
      ],
      [
        "PAT_0210",
        0,
        3915.5225
      ]
    ],
    "S44": [
      [
        "PAT_0007",
        0,
        0.0
      ],
      [
        "PAT_1576",
        0,
        2292.2532
      ]
    ],
    "S40": [
      [
        "PAT_0012",
        0,
        0.0
      ],
      [
        "PAT_0050",
        0,
        5288.6337
      ]
    ],
    "S13": [
      [
        "PAT_6047",
        0,
        2069.7496999999994
      ]
    ],
    "S12": [
      [
        "PAT_0517",
        0,
        0.0
      ]
    ],
    "S28": [
      [
        "PAT_0165",
        0,
        0.0
      ],
      [
        "PAT_0552",
        1,
        3271.155
      ]
    ],
    "S3": [
      [
        "PAT_0019",
        0,
        0.0
      ],
      [
        "PAT_0455",
        1,
        2258.5614
      ],
      [
        "PAT_0330",
        1,
        3855.6999
      ],
      [
        "PAT_0129",
        2,
        5517.9611
      ]
    ],
    "S9": [
      [
        "PAT_0507",
        0,
        0.0
      ]
    ],
    "S41": [
      [
        "PAT_5906",
        0,
        0.0
      ],
      [
        "PAT_0007",
        1,
        4251.0087
      ]
    ],
    "S22": [
      [
        "PAT_0282",
        0,
        0.0
      ],
      [
        "PAT_0471",
        0,
        2187.2544
      ],
      [
        "PAT_0012",
        0,
        4533.6915
      ]
    ],
    "S21": [
      [
        "PAT_0355",
        0,
        0.0
      ],
      [
        "PAT_0218",
        0,
        3573.2703
      ]
    ],
    "S47": [
      [
        "PAT_0487",
        0,
        0.0
      ],
      [
        "PAT_0461",
        0,
        4251.0087
      ]
    ],
    "S42": [
      [
        "PAT_0584",
        0,
        0.0
      ],
      [
        "PAT_0465",
        1,
        4510.9244
      ]
    ],
    "S36": [
      [
        "PAT_0461",
        0,
        0.0
      ],
      [
        "PAT_1626",
        0,
        2258.5614
      ]
    ],
    "S39": [
      [
        "PAT_0506",
        0,
        1027.7292
      ]
    ],
    "S5": [
      [
        "PAT_0255",
        0,
        881.6
      ],
      [
        "PAT_0289",
        0,
        3140.1614
      ]
    ],
    "S29": [
      [
        "PAT_0348",
        0,
        1500.607
      ],
      [
        "PAT_4188",
        0,
        3229.7023
      ]
    ],
    "S7": [
      [
        "PAT_0325",
        0,
        0.0
      ],
      [
        "PAT_6188",
        0,
        1982.3703999999998
      ]
    ],
    "S4": [
      [
        "PAT_2097",
        0,
        0.0
      ],
      [
        "PAT_0294",
        1,
        4380.8307
      ]
    ],
    "S23": [
      [
        "PAT_0220",
        0,
        0.0
      ],
      [
        "PAT_0289",
        0,
        2258.5614
      ],
      [
        "PAT_0299",
        0,
        3855.6999
      ]
    ],
    "S18": [
      [
        "PAT_0246",
        0,
        0.0
      ],
      [
        "PAT_0289",
        1,
        5360.1964
      ]
    ],
    "S11": [
      [
        "PAT_1556",
        0,
        0.0
      ],
      [
        "PAT_0298",
        1,
        4251.0087
      ]
    ],
    "S35": [
      [
        "PAT_0012",
        0,
        0.0
      ],
      [
        "PAT_0256",
        0,
        2568.2019999999998
      ],
      [
        "PAT_0013",
        0,
        5855.8243
      ]
    ],
    "S17": [
      [
        "PAT_0001",
        0,
        1442.5557
      ]
    ],
    "S25": [
      [
        "PAT_6052",
        0,
        0.0
      ]
    ],
    "S24": [
      [
        "PAT_1641",
        0,
        0.0
      ],
      [
        "PAT_0386",
        1,
        4251.0087
      ]
    ],
    "S19": [
      [
        "PAT_0294",
        0,
        1571.5078
      ],
      [
        "PAT_0246",
        0,
        3469.0551
      ],
      [
        "PAT_0007",
        0,
        5727.6165
      ]
    ],
    "S10": [
      [
        "PAT_0344",
        0,
        751.5915
      ],
      [
        "PAT_0103",
        0,
        2348.73
      ]
    ],
    "S15": [
      [
        "PAT_0016",
        0,
        3354.2553
      ]
    ],
    "S38": [
      [
        "PAT_0282",
        0,
        0.0
      ],
      [
        "PAT_0280",
        0,
        3112.7963
      ],
      [
        "PAT_0472",
        1,
        5371.3577000000005
      ]
    ],
    "S46": [
      [
        "PAT_0319",
        0,
        0.0
      ],
      [
        "PAT_6023",
        0,
        1597.1385
      ]
    ],
    "S16": [
      [
        "PAT_2676",
        0,
        0.0
      ]
    ],
    "S14": [
      [
        "PAT_0616",
        0,
        0.0
      ],
      [
        "PAT_0343",
        1,
        5579.4366
      ]
    ],
    "S37": [
      [
        "PAT_0001",
        0,
        4409.3391
      ]
    ],
    "S26": [
      [
        "PAT_1741",
        0,
        1796.483
      ]
    ],
    "S30": [
      [
        "PAT_6022",
        0,
        0.0
      ]
    ],
    "S2": [
      [
        "PAT_0209",
        0,
        4437.5306
      ]
    ],
    "S20": [
      [
        "PAT_0486",
        0,
        0.0
      ]
    ]
  }
}