{
  "instance": "SYN_SWEEP2_DEMAND_TIGHT_008",
  "method": "multistart",
  "start_method": "none",
  "time_limit": 60.0,
  "cost": 14787.8229,
  "is_feasible": true,
  "unmet": {},
  "overprod": {
    "P1": 4,
    "P8": 2,
    "P9": 1,
    "P11": 1
  },
  "elapsed_sec": 1.05,
  "active": {
    "S23": [
      [
        "PAT_0036",
        0,
        0.0
      ],
      [
        "PAT_0036",
        0,
        2157.2708
      ],
      [
        "PAT_0036",
        0,
        4314.5416
      ],
      [
        "PAT_0149",
        1,
        6471.812399999999
      ]
    ],
    "S22": [
      [
        "PAT_0024",
        0,
        0.0
      ],
      [
        "PAT_0024",
        0,
        2157.2708
      ],
      [
        "PAT_0024",
        0,
        4314.5416
      ]
    ],
    "S17": [
      [
        "PAT_0132",
        0,
        1863.5069
      ],
      [
        "PAT_0132",
        0,
        3252.3659
      ],
      [
        "PAT_0132",
        0,
        4641.224899999999
      ],
      [
        "PAT_0132",
        0,
        6030.0839
      ]
    ],
    "S53": [
      [
        "PAT_0006",
        0,
        0.0
      ],
      [
        "PAT_0006",
        0,
        3520.3133
      ]
    ],
    "S49": [
      [
        "PAT_0015",
        0,
        0.0
      ],
      [
        "PAT_0162",
        0,
        3520.3133
      ]
    ],
    "S42": [
      [
        "PAT_0010",
        0,
        1625.0204
      ],
      [
        "PAT_0152",
        0,
        5145.3337
      ]
    ],
    "S12": [
      [
        "PAT_0017",
        0,
        1387.122
      ]
    ],
    "S29": [
      [
        "PAT_0010",
        0,
        0.0
      ],
      [
        "PAT_0152",
        0,
        3520.3133
      ],
      [
        "PAT_0151",
        1,
        6006.8202
      ]
    ],
    "S43": [
      [
        "PAT_0010",
        0,
        0.0
      ],
      [
        "PAT_0127",
        1,
        5032.4725
      ],
      [
        "PAT_0127",
        1,
        6421.3315
      ]
    ],
    "S16": [
      [
        "PAT_0010",
        0,
        1425.469
      ],
      [
        "PAT_0198",
        0,
        4945.7823
      ]
    ],
    "S37": [
      [
        "PAT_0009",
        0,
        0.0
      ],
      [
        "PAT_0009",
        0,
        3520.3133
      ]
    ],
    "S38": [
      [
        "PAT_0012",
        0,
        0.0
      ],
      [
        "PAT_0012",
        0,
        3520.3133
      ]
    ],
    "S27": [
      [
        "PAT_0057",
        0,
        0.0
      ],
      [
        "PAT_0057",
        0,
        3529.0083
      ]
    ],
    "S11": [
      [
        "PAT_0170",
        0,
        1744.0332
      ],
      [
        "PAT_0170",
        0,
        4230.5401
      ]
    ],
    "S9": [
      [
        "PAT_0104",
        0,
        0.0
      ],
      [
        "PAT_0104",
        0,
        3529.0083
      ]
    ],
    "S1": [
      [
        "PAT_0112",
        0,
        3131.2383
      ]
    ],
    "S48": [
      [
        "PAT_0108",
        0,
        0.0
      ]
    ],
    "S15": [
      [
        "PAT_0050",
        0,
        0.0
      ]
    ],
    "S3": [
      [
        "PAT_0050",
        0,
        3605.3333
      ]
    ],
    "S45": [
      [
        "PAT_0050",
        0,
        0.0
      ]
    ],
    "S14": [
      [
        "PAT_0046",
        0,
        2394.7306
      ]
    ],
    "S31": [
      [
        "PAT_0046",
        0,
        4456.5318
      ]
    ],
    "S39": [
      [
        "PAT_0045",
        0,
        2122.93
      ]
    ],
    "S8": [
      [
        "PAT_0045",
        0,
        2264.0859
      ]
    ],
    "S51": [
      [
        "PAT_0045",
        0,
        0.0
      ],
      [
        "PAT_0045",
        1,
        5054.7897
      ]
    ],
    "S30": [
      [
        "PAT_0062",
        0,
        0.0
      ]
    ]
  }
}