{
  "instance": "SYN_BASELINE_128",
  "method": "SD",
  "start_method": "multistart",
  "time_limit": 60.0,
  "cost": 8818.5432,
  "is_feasible": true,
  "unmet": {},
  "overprod": {
    "P2": 1,
    "P3": 2,
    "P5": 1,
    "P9": 1
  },
  "elapsed_sec": 23.88,
  "active": {
    "S14": [
      [
        "PAT_0224",
        0,
        3377.7819
      ]
    ],
    "S3": [
      [
        "PAT_0631",
        0,
        0.0
      ],
      [
        "PAT_0631",
        0,
        2986.4651
      ]
    ],
    "S5": [
      [
        "PAT_0508",
        0,
        1128.8016
      ],
      [
        "PAT_0508",
        0,
        5186.3271
      ]
    ],
    "S18": [
      [
        "PAT_0302",
        0,
        0.0
      ],
      [
        "PAT_0509",
        0,
        3888.7738999999997
      ]
    ],
    "S9": [
      [
        "PAT_0544",
        0,
        0.0
      ],
      [
        "PAT_0544",
        0,
        4057.5255
      ]
    ],
    "S40": [
      [
        "PAT_0194",
        0,
        0.0
      ],
      [
        "PAT_0019",
        0,
        5192.3718
      ]
    ],
    "S1": [
      [
        "PAT_0397",
        0,
        0.0
      ],
      [
        "PAT_0397",
        0,
        3726.3946
      ]
    ],
    "S12": [
      [
        "PAT_0527",
        0,
        1228.3445
      ],
      [
        "PAT_0417",
        1,
        5285.87
      ]
    ],
    "S24": [
      [
        "PAT_0206",
        0,
        0.0
      ],
      [
        "PAT_0206",
        0,
        3144.8044
      ]
    ],
    "S22": [
      [
        "PAT_0627",
        0,
        0.0
      ],
      [
        "PAT_0263",
        0,
        3213.3306
      ],
      [
        "PAT_0263",
        0,
        6939.7252
      ]
    ],
    "S26": [
      [
        "PAT_0539",
        0,
        0.0
      ]
    ],
    "S35": [
      [
        "PAT_0205",
        0,
        0.0
      ],
      [
        "PAT_0055",
        1,
        6325.2004
      ]
    ],
    "S38": [
      [
        "PAT_0514",
        0,
        3896.4497
      ]
    ],
    "S19": [
      [
        "PAT_0512",
        0,
        744.8435
      ],
      [
        "PAT_0512",
        0,
        4802.369000000001
      ]
    ]
  }
}