{
  "instance": "SYN_BASELINE_110",
  "method": "FI",
  "start_method": "multistart",
  "time_limit": 60.0,
  "cost": 13124.5954,
  "is_feasible": true,
  "unmet": {},
  "overprod": {
    "P11": 1,
    "P12": 1,
    "P14": 1
  },
  "elapsed_sec": 60.01,
  "active": {
    "S9": [
      [
        "PAT_3637",
        0,
        0.0
      ],
      [
        "PAT_3637",
        0,
        1950.9876
      ],
      [
        "PAT_3637",
        0,
        3901.9752
      ]
    ],
    "S17": [
      [
        "PAT_0045",
        0,
        0.0
      ],
      [
        "PAT_0045",
        0,
        1791.5422
      ],
      [
        "PAT_0045",
        0,
        3583.0844
      ]
    ],
    "S53": [
      [
        "PAT_3477",
        0,
        1459.9536
      ],
      [
        "PAT_3477",
        0,
        3570.6435
      ]
    ],
    "S30": [
      [
        "PAT_3603",
        0,
        0.0
      ],
      [
        "PAT_3603",
        0,
        1950.9876
      ],
      [
        "PAT_0043",
        0,
        3901.9752
      ]
    ],
    "S15": [
      [
        "PAT_3577",
        0,
        0.0
      ],
      [
        "PAT_3564",
        0,
        2272.993100000001
      ],
      [
        "PAT_3564",
        0,
        4383.683000000001
      ]
    ],
    "S20": [
      [
        "PAT_3577",
        0,
        1448.8848
      ],
      [
        "PAT_3577",
        0,
        3399.8724
      ]
    ],
    "S31": [
      [
        "PAT_0007",
        0,
        0.0
      ],
      [
        "PAT_0007",
        0,
        1791.5422
      ],
      [
        "PAT_0007",
        0,
        3583.0844
      ]
    ],
    "S49": [
      [
        "PAT_0007",
        0,
        0.0
      ],
      [
        "PAT_0007",
        0,
        1791.5422
      ],
      [
        "PAT_0007",
        0,
        3583.0844
      ]
    ],
    "S35": [
      [
        "PAT_0007",
        0,
        1157.4269
      ],
      [
        "PAT_0007",
        0,
        2948.9691000000003
      ],
      [
        "PAT_0007",
        0,
        4740.5113
      ]
    ],
    "S24": [
      [
        "PAT_1847",
        0,
        925.3503
      ]
    ],
    "S40": [
      [
        "PAT_0182",
        0,
        0.0
      ]
    ],
    "S55": [
      [
        "PAT_0076",
        0,
        0.0
      ]
    ],
    "S18": [
      [
        "PAT_0055",
        0,
        767.2298
      ]
    ],
    "S37": [
      [
        "PAT_0055",
        0,
        0.0
      ]
    ],
    "S21": [
      [
        "PAT_0054",
        0,
        0.0
      ]
    ],
    "S44": [
      [
        "PAT_0054",
        0,
        0.0
      ]
    ],
    "S5": [
      [
        "PAT_0112",
        0,
        0.0
      ]
    ],
    "S41": [
      [
        "PAT_0065",
        0,
        1371.9555
      ]
    ],
    "S34": [
      [
        "PAT_0382",
        0,
        0.0
      ]
    ],
    "S14": [
      [
        "PAT_1653",
        0,
        0.0
      ]
    ],
    "S12": [
      [
        "PAT_1049",
        0,
        0.0
      ]
    ],
    "S33": [
      [
        "PAT_0032",
        0,
        0.0
      ],
      [
        "PAT_0032",
        0,
        1791.5422
      ],
      [
        "PAT_3623",
        1,
        4683.1569
      ]
    ],
    "S45": [
      [
        "PAT_0764",
        0,
        0.0
      ]
    ],
    "S16": [
      [
        "PAT_3471",
        1,
        1490.2982
      ],
      [
        "PAT_3471",
        1,
        3600.9880999999996
      ]
    ],
    "S36": [
      [
        "PAT_3500",
        0,
        1879.5388
      ],
      [
        "PAT_3500",
        0,
        3990.2286999999997
      ]
    ],
    "S13": [
      [
        "PAT_3623",
        0,
        0.0
      ],
      [
        "PAT_3623",
        0,
        1950.9876
      ],
      [
        "PAT_0008",
        1,
        3901.9752
      ]
    ]
  }
}