{
  "instance": "SYN_BASELINE_148",
  "method": "ILS_SA",
  "start_method": "greedy",
  "time_limit": 60.0,
  "cost": 9650.742,
  "is_feasible": true,
  "unmet": {},
  "overprod": {
    "P8": 1,
    "P12": 1,
    "P14": 1
  },
  "elapsed_sec": 60.03,
  "active": {
    "S43": [
      [
        "PAT_0160",
        0,
        0.0
      ],
      [
        "PAT_0160",
        0,
        3587.1401
      ]
    ],
    "S48": [
      [
        "PAT_0020",
        0,
        0.0
      ],
      [
        "PAT_1126",
        0,
        3587.1401
      ]
    ],
    "S41": [
      [
        "PAT_1322",
        0,
        3067.3754
      ]
    ],
    "S37": [
      [
        "PAT_0313",
        0,
        632.0593
      ],
      [
        "PAT_2714",
        0,
        2925.8334999999997
      ]
    ],
    "S42": [
      [
        "PAT_1218",
        0,
        724.8248
      ],
      [
        "PAT_1218",
        0,
        3018.5989999999997
      ]
    ],
    "S49": [
      [
        "PAT_1800",
        0,
        586.8608
      ],
      [
        "PAT_0135",
        0,
        3165.8619
      ]
    ],
    "S29": [
      [
        "PAT_0314",
        0,
        0.0
      ],
      [
        "PAT_0289",
        0,
        2293.7742
      ]
    ],
    "S18": [
      [
        "PAT_0304",
        0,
        1684.9534
      ]
    ],
    "S19": [
      [
        "PAT_0044",
        0,
        0.0
      ],
      [
        "PAT_2408",
        0,
        3587.1401
      ]
    ],
    "S13": [
      [
        "PAT_0741",
        0,
        0.0
      ],
      [
        "PAT_0080",
        0,
        2293.7742
      ]
    ],
    "S32": [
      [
        "PAT_1806",
        0,
        0.0
      ],
      [
        "PAT_0325",
        1,
        3596.4071
      ]
    ],
    "S39": [
      [
        "PAT_2871",
        0,
        0.0
      ],
      [
        "PAT_1392",
        0,
        2803.183
      ]
    ],
    "S30": [
      [
        "PAT_0995",
        0,
        2038.8509
      ],
      [
        "PAT_0400",
        0,
        4332.625099999999
      ]
    ],
    "S20": [
      [
        "PAT_2408",
        0,
        0.0
      ],
      [
        "PAT_2238",
        0,
        2770.8651
      ]
    ],
    "S21": [
      [
        "PAT_2103",
        0,
        0.0
      ],
      [
        "PAT_2103",
        0,
        2579.0011
      ]
    ],
    "S40": [
      [
        "PAT_1885",
        0,
        0.0
      ],
      [
        "PAT_0126",
        0,
        2579.0011
      ]
    ],
    "S47": [
      [
        "PAT_1396",
        0,
        1279.7
      ]
    ]
  }
}