{
  "instance": "SYN_BASELINE_133",
  "method": "FI",
  "start_method": "multistart",
  "time_limit": 60.0,
  "cost": 9230.4662,
  "is_feasible": true,
  "unmet": {},
  "overprod": {
    "P5": 1,
    "P6": 1,
    "P7": 2
  },
  "elapsed_sec": 60.0,
  "active": {
    "S9": [
      [
        "PAT_1073",
        0,
        0.0
      ],
      [
        "PAT_1073",
        0,
        3253.6279
      ]
    ],
    "S11": [
      [
        "PAT_0015",
        0,
        1714.3302
      ],
      [
        "PAT_0015",
        0,
        4168.0283
      ]
    ],
    "S37": [
      [
        "PAT_1330",
        0,
        0.0
      ],
      [
        "PAT_1330",
        0,
        2485.9721
      ]
    ],
    "S14": [
      [
        "PAT_0011",
        0,
        2871.0562
      ],
      [
        "PAT_0011",
        0,
        5324.7543000000005
      ]
    ],
    "S17": [
      [
        "PAT_0900",
        0,
        0.0
      ],
      [
        "PAT_1076",
        0,
        4186.579299999999
      ]
    ],
    "S26": [
      [
        "PAT_1335",
        0,
        0.0
      ],
      [
        "PAT_1335",
        0,
        1610.2438
      ]
    ],
    "S7": [
      [
        "PAT_1324",
        0,
        0.0
      ],
      [
        "PAT_0002",
        1,
        3072.9534
      ]
    ],
    "S16": [
      [
        "PAT_1035",
        0,
        0.0
      ],
      [
        "PAT_1326",
        1,
        4764.3841
      ]
    ],
    "S21": [
      [
        "PAT_1323",
        0,
        0.0
      ],
      [
        "PAT_0716",
        0,
        2803.058
      ]
    ],
    "S13": [
      [
        "PAT_0042",
        0,
        1203.0041
      ]
    ],
    "S3": [
      [
        "PAT_0042",
        0,
        978.0518
      ]
    ],
    "S31": [
      [
        "PAT_0042",
        0,
        0.0
      ]
    ],
    "S24": [
      [
        "PAT_0220",
        0,
        0.0
      ]
    ],
    "S5": [
      [
        "PAT_0916",
        0,
        1597.6915
      ],
      [
        "PAT_1120",
        1,
        5715.8809
      ]
    ],
    "S12": [
      [
        "PAT_1034",
        0,
        2209.4157
      ]
    ],
    "S36": [
      [
        "PAT_1303",
        0,
        1678.9017
      ],
      [
        "PAT_1035",
        0,
        2907.3694
      ]
    ],
    "S25": [
      [
        "PAT_1204",
        0,
        0.0
      ],
      [
        "PAT_1204",
        0,
        1157.5178
      ],
      [
        "PAT_1204",
        0,
        2315.0356
      ]
    ]
  }
}