{
  "instance": "SYN_BASELINE_092",
  "method": "SA",
  "start_method": "multistart",
  "time_limit": 60.0,
  "cost": 8803.9372,
  "is_feasible": true,
  "unmet": {},
  "overprod": {
    "P4": 1,
    "P5": 1,
    "P10": 2,
    "P11": 2
  },
  "elapsed_sec": 60.04,
  "active": {
    "S17": [
      [
        "PAT_0372",
        0,
        0.0
      ],
      [
        "PAT_0414",
        0,
        1552.62
      ],
      [
        "PAT_0272",
        2,
        3326.5408
      ],
      [
        "PAT_0448",
        1,
        4274.5929
      ]
    ],
    "S2": [
      [
        "PAT_0064",
        0,
        0.0
      ],
      [
        "PAT_0347",
        1,
        4249.8081
      ]
    ],
    "S34": [
      [
        "PAT_0321",
        0,
        0.0
      ],
      [
        "PAT_0098",
        0,
        2234.9378
      ]
    ],
    "S37": [
      [
        "PAT_0224",
        0,
        0.0
      ],
      [
        "PAT_0104",
        0,
        1608.9733
      ]
    ],
    "S21": [
      [
        "PAT_0194",
        0,
        0.0
      ],
      [
        "PAT_0383",
        0,
        1255.8731000000002
      ],
      [
        "PAT_0113",
        0,
        2808.4931
      ]
    ],
    "S29": [
      [
        "PAT_0076",
        0,
        802.4464000000003
      ]
    ],
    "S7": [
      [
        "PAT_0351",
        0,
        0.0
      ],
      [
        "PAT_0002",
        0,
        2507.5176
      ]
    ],
    "S3": [
      [
        "PAT_0507",
        0,
        0.0
      ],
      [
        "PAT_0030",
        0,
        2972.9537
      ]
    ],
    "S25": [
      [
        "PAT_0504",
        0,
        0.0
      ],
      [
        "PAT_0331",
        0,
        2081.0748
      ],
      [
        "PAT_0496",
        0,
        4316.0126
      ]
    ],
    "S9": [
      [
        "PAT_0310",
        0,
        0.0
      ],
      [
        "PAT_0522",
        0,
        2234.9378
      ]
    ],
    "S36": [
      [
        "PAT_0242",
        0,
        0.0
      ],
      [
        "PAT_0242",
        0,
        800.0
      ],
      [
        "PAT_0030",
        0,
        1600.0
      ]
    ],
    "S31": [
      [
        "PAT_0004",
        0,
        0.0
      ]
    ],
    "S46": [
      [
        "PAT_0300",
        0,
        0.0
      ],
      [
        "PAT_0041",
        0,
        2839.7448
      ]
    ],
    "S10": [
      [
        "PAT_0191",
        0,
        0.0
      ],
      [
        "PAT_0191",
        0,
        800.0
      ],
      [
        "PAT_0105",
        0,
        2149.6421
      ]
    ]
  }
}