{
  "instance": "SYN_BASELINE_115",
  "method": "VNS_SA",
  "start_method": "greedy",
  "time_limit": 60.0,
  "cost": 7862.0924,
  "is_feasible": true,
  "unmet": {},
  "overprod": {
    "P1": 1,
    "P2": 1,
    "P3": 1
  },
  "elapsed_sec": 59.54,
  "active": {
    "S33": [
      [
        "PAT_0897",
        0,
        0.0
      ],
      [
        "PAT_0276",
        0,
        4303.0302
      ]
    ],
    "S31": [
      [
        "PAT_0916",
        0,
        0.0
      ],
      [
        "PAT_0427",
        1,
        3948.4794999999995
      ],
      [
        "PAT_0427",
        1,
        6158.4922
      ]
    ],
    "S9": [
      [
        "PAT_3159",
        0,
        0.0
      ],
      [
        "PAT_1226",
        0,
        4668.3618
      ]
    ],
    "S3": [
      [
        "PAT_1058",
        0,
        1237.9694
      ],
      [
        "PAT_2530",
        0,
        5168.6554
      ]
    ],
    "S35": [
      [
        "PAT_0164",
        0,
        0.0
      ],
      [
        "PAT_3245",
        1,
        2616.0661
      ],
      [
        "PAT_0276",
        0,
        6408.2119999999995
      ]
    ],
    "S17": [
      [
        "PAT_0839",
        0,
        0.0
      ],
      [
        "PAT_3153",
        0,
        3683.736
      ]
    ],
    "S36": [
      [
        "PAT_0409",
        0,
        0.0
      ],
      [
        "PAT_0172",
        0,
        2724.6124
      ],
      [
        "PAT_0172",
        0,
        4934.6251
      ]
    ],
    "S16": [
      [
        "PAT_0019",
        0,
        0.0
      ],
      [
        "PAT_0019",
        0,
        2210.0127
      ],
      [
        "PAT_0858",
        0,
        4420.0254
      ]
    ],
    "S25": [
      [
        "PAT_0028",
        0,
        0.0
      ],
      [
        "PAT_0028",
        0,
        2210.0127
      ],
      [
        "PAT_0863",
        0,
        4420.0254
      ]
    ],
    "S29": [
      [
        "PAT_0561",
        0,
        1176.7315
      ],
      [
        "PAT_0561",
        0,
        3386.7442
      ]
    ],
    "S13": [
      [
        "PAT_0802",
        0,
        0.0
      ],
      [
        "PAT_0712",
        0,
        3589.1803
      ]
    ],
    "S14": [
      [
        "PAT_1118",
        0,
        0.0
      ]
    ]
  }
}