{
  "instance": "SYN_BASELINE_093",
  "method": "SD",
  "start_method": "greedy",
  "time_limit": 60.0,
  "cost": 15548.5593,
  "is_feasible": true,
  "unmet": {},
  "overprod": {
    "P2": 1,
    "P5": 2,
    "P10": 1
  },
  "elapsed_sec": 60.0,
  "active": {
    "S3": [
      [
        "PAT_0616",
        0,
        0.0
      ],
      [
        "PAT_0031",
        1,
        3537.1053
      ]
    ],
    "S14": [
      [
        "PAT_0608",
        0,
        1422.4625
      ],
      [
        "PAT_0608",
        0,
        4959.567800000001
      ]
    ],
    "S47": [
      [
        "PAT_0570",
        0,
        3349.789
      ],
      [
        "PAT_0570",
        0,
        6085.1313
      ]
    ],
    "S53": [
      [
        "PAT_0576",
        0,
        0.0
      ],
      [
        "PAT_0576",
        0,
        3537.1053
      ]
    ],
    "S52": [
      [
        "PAT_0260",
        0,
        0.0
      ],
      [
        "PAT_0568",
        0,
        3602.903999999999
      ],
      [
        "PAT_0568",
        0,
        6338.246299999999
      ]
    ],
    "S7": [
      [
        "PAT_0904",
        0,
        0.0
      ],
      [
        "PAT_0568",
        0,
        3407.5203000000006
      ],
      [
        "PAT_0568",
        0,
        6142.8626
      ]
    ],
    "S32": [
      [
        "PAT_0557",
        0,
        1340.84
      ],
      [
        "PAT_0717",
        0,
        4076.1822999999995
      ]
    ],
    "S39": [
      [
        "PAT_0735",
        0,
        0.0
      ],
      [
        "PAT_0735",
        0,
        3718.3685
      ]
    ],
    "S55": [
      [
        "PAT_0563",
        0,
        0.0
      ],
      [
        "PAT_0643",
        0,
        3866.5954
      ]
    ],
    "S43": [
      [
        "PAT_1030",
        0,
        3432.3055
      ],
      [
        "PAT_1030",
        0,
        6712.2076
      ]
    ],
    "S51": [
      [
        "PAT_0635",
        0,
        1989.0526
      ]
    ],
    "S56": [
      [
        "PAT_0010",
        0,
        0.0
      ],
      [
        "PAT_0010",
        0,
        3293.1939
      ]
    ],
    "S23": [
      [
        "PAT_0022",
        0,
        0.0
      ],
      [
        "PAT_0769",
        0,
        3293.1939
      ]
    ],
    "S27": [
      [
        "PAT_0378",
        0,
        0.0
      ],
      [
        "PAT_0378",
        0,
        3293.1939
      ]
    ],
    "S21": [
      [
        "PAT_1090",
        0,
        0.0
      ],
      [
        "PAT_1090",
        0,
        3279.9021
      ]
    ],
    "S15": [
      [
        "PAT_0621",
        0,
        0.0
      ],
      [
        "PAT_0621",
        0,
        3718.3685
      ]
    ],
    "S16": [
      [
        "PAT_1090",
        0,
        0.0
      ],
      [
        "PAT_1090",
        0,
        3279.9021
      ]
    ],
    "S11": [
      [
        "PAT_0026",
        0,
        0.0
      ],
      [
        "PAT_0026",
        0,
        3293.1939
      ],
      [
        "PAT_0026",
        0,
        6586.3878
      ]
    ],
    "S9": [
      [
        "PAT_0260",
        0,
        3432.3788
      ]
    ],
    "S46": [
      [
        "PAT_0004",
        0,
        1032.9926
      ],
      [
        "PAT_0872",
        0,
        4326.1865
      ]
    ],
    "S18": [
      [
        "PAT_0003",
        0,
        0.0
      ],
      [
        "PAT_0619",
        0,
        3293.1939
      ]
    ],
    "S34": [
      [
        "PAT_0032",
        0,
        0.0
      ],
      [
        "PAT_0031",
        1,
        7041.9702
      ]
    ],
    "S35": [
      [
        "PAT_0031",
        0,
        3921.2688
      ]
    ],
    "S40": [
      [
        "PAT_0031",
        0,
        1242.4307
      ],
      [
        "PAT_0346",
        1,
        4535.6246
      ]
    ],
    "S58": [
      [
        "PAT_0002",
        0,
        1057.843
      ],
      [
        "PAT_0004",
        0,
        4370.2285999999995
      ]
    ],
    "S13": [
      [
        "PAT_0031",
        0,
        2599.186
      ]
    ]
  }
}