{
  "instance": "SYN_BASELINE_093",
  "method": "multistart",
  "start_method": "multistart",
  "time_limit": 60.0,
  "cost": 16100.0516,
  "is_feasible": true,
  "unmet": {},
  "overprod": {
    "P5": 1,
    "P7": 1,
    "P10": 2,
    "P11": 1
  },
  "elapsed_sec": 6.53,
  "active": {
    "S3": [
      [
        "PAT_0588",
        0,
        986.0983
      ]
    ],
    "S39": [
      [
        "PAT_0598",
        0,
        0.0
      ],
      [
        "PAT_0598",
        0,
        3537.1053
      ],
      [
        "PAT_0554",
        1,
        7074.2106
      ]
    ],
    "S7": [
      [
        "PAT_0601",
        0,
        1935.1628
      ],
      [
        "PAT_0568",
        0,
        5472.2681
      ]
    ],
    "S47": [
      [
        "PAT_0556",
        0,
        3349.789
      ],
      [
        "PAT_0556",
        0,
        6085.1313
      ]
    ],
    "S52": [
      [
        "PAT_0560",
        0,
        0.0
      ],
      [
        "PAT_0560",
        0,
        2735.3423
      ],
      [
        "PAT_0560",
        0,
        5470.6846
      ]
    ],
    "S32": [
      [
        "PAT_0569",
        0,
        1340.84
      ],
      [
        "PAT_0559",
        0,
        4076.1822999999995
      ]
    ],
    "S51": [
      [
        "PAT_0735",
        0,
        1989.0526
      ]
    ],
    "S55": [
      [
        "PAT_0643",
        0,
        3866.5954
      ]
    ],
    "S23": [
      [
        "PAT_0725",
        0,
        0.0
      ],
      [
        "PAT_0589",
        0,
        3718.3685
      ]
    ],
    "S28": [
      [
        "PAT_0641",
        0,
        0.0
      ]
    ],
    "S43": [
      [
        "PAT_1030",
        0,
        3432.3055
      ],
      [
        "PAT_1030",
        0,
        6712.2076
      ]
    ],
    "S58": [
      [
        "PAT_0635",
        0,
        3192.4384
      ]
    ],
    "S14": [
      [
        "PAT_0869",
        0,
        4264.901
      ]
    ],
    "S53": [
      [
        "PAT_0097",
        0,
        2016.4048
      ],
      [
        "PAT_0097",
        0,
        5309.5987000000005
      ]
    ],
    "S56": [
      [
        "PAT_0010",
        0,
        0.0
      ],
      [
        "PAT_0010",
        0,
        3293.1939
      ]
    ],
    "S21": [
      [
        "PAT_0769",
        0,
        0.0
      ],
      [
        "PAT_0769",
        0,
        3718.3685
      ]
    ],
    "S16": [
      [
        "PAT_0413",
        0,
        0.0
      ],
      [
        "PAT_0413",
        0,
        3293.1939
      ]
    ],
    "S18": [
      [
        "PAT_1096",
        0,
        0.0
      ],
      [
        "PAT_0871",
        0,
        3279.9021
      ]
    ],
    "S11": [
      [
        "PAT_0816",
        0,
        0.0
      ],
      [
        "PAT_0816",
        0,
        3279.9021
      ],
      [
        "PAT_0816",
        0,
        6559.8042
      ]
    ],
    "S46": [
      [
        "PAT_0623",
        0,
        0.0
      ],
      [
        "PAT_0237",
        0,
        3718.3685
      ],
      [
        "PAT_0026",
        1,
        7011.562400000001
      ]
    ],
    "S29": [
      [
        "PAT_0004",
        0,
        5493.9894
      ]
    ],
    "S9": [
      [
        "PAT_0260",
        0,
        3432.3788
      ]
    ],
    "S57": [
      [
        "PAT_0185",
        0,
        1023.1132
      ]
    ],
    "S54": [
      [
        "PAT_0185",
        0,
        0.0
      ],
      [
        "PAT_0002",
        0,
        3293.1939
      ]
    ],
    "S40": [
      [
        "PAT_0003",
        0,
        1242.4307
      ],
      [
        "PAT_0346",
        1,
        4535.6246
      ]
    ],
    "S10": [
      [
        "PAT_0549",
        0,
        1912.0334
      ]
    ],
    "S34": [
      [
        "PAT_0032",
        0,
        0.0
      ],
      [
        "PAT_0031",
        1,
        7041.9702
      ]
    ],
    "S27": [
      [
        "PAT_0032",
        0,
        0.0
      ],
      [
        "PAT_0031",
        1,
        5822.6031
      ]
    ]
  }
}