{
  "instance": "SYN_BASELINE_103",
  "method": "GRASP_SA",
  "start_method": "greedy",
  "time_limit": 60.0,
  "cost": 10781.9786,
  "is_feasible": true,
  "unmet": {},
  "overprod": {
    "P7": 1,
    "P8": 1,
    "P14": 1
  },
  "elapsed_sec": 60.08,
  "active": {
    "S20": [
      [
        "PAT_0106",
        0,
        0.0
      ],
      [
        "PAT_0837",
        0,
        1161.9498999999996
      ],
      [
        "PAT_0837",
        0,
        2853.1816999999996
      ]
    ],
    "S53": [
      [
        "PAT_0850",
        0,
        0.0
      ],
      [
        "PAT_0110",
        0,
        1791.4042000000002
      ],
      [
        "PAT_0110",
        0,
        2949.1399
      ]
    ],
    "S12": [
      [
        "PAT_0850",
        0,
        0.0
      ],
      [
        "PAT_0662",
        0,
        2173.5107000000003
      ]
    ],
    "S9": [
      [
        "PAT_0980",
        0,
        0.0
      ],
      [
        "PAT_0850",
        0,
        2858.1158
      ]
    ],
    "S38": [
      [
        "PAT_0008",
        0,
        0.0
      ],
      [
        "PAT_0850",
        0,
        2533.7635
      ]
    ],
    "S1": [
      [
        "PAT_0039",
        0,
        0.0
      ],
      [
        "PAT_0039",
        0,
        2258.3165
      ]
    ],
    "S4": [
      [
        "PAT_0003",
        0,
        0.0
      ],
      [
        "PAT_0003",
        0,
        2258.3165
      ]
    ],
    "S10": [
      [
        "PAT_0050",
        0,
        0.0
      ]
    ],
    "S40": [
      [
        "PAT_0853",
        0,
        0.0
      ],
      [
        "PAT_0003",
        0,
        2004.6626
      ]
    ],
    "S8": [
      [
        "PAT_0009",
        0,
        1673.2653
      ]
    ],
    "S45": [
      [
        "PAT_0125",
        0,
        0.0
      ],
      [
        "PAT_0371",
        0,
        1404.7702
      ],
      [
        "PAT_0622",
        0,
        2562.5059
      ]
    ],
    "S27": [
      [
        "PAT_0265",
        0,
        0.0
      ],
      [
        "PAT_0009",
        0,
        1157.7357
      ]
    ],
    "S23": [
      [
        "PAT_0327",
        0,
        0.0
      ],
      [
        "PAT_0327",
        0,
        1157.7357
      ],
      [
        "PAT_0335",
        0,
        2315.4714
      ],
      [
        "PAT_0335",
        0,
        3473.2070999999996
      ]
    ],
    "S3": [
      [
        "PAT_0043",
        0,
        0.0
      ],
      [
        "PAT_0015",
        1,
        2783.398
      ]
    ],
    "S31": [
      [
        "PAT_0008",
        0,
        0.0
      ],
      [
        "PAT_0049",
        0,
        2685.8489
      ]
    ],
    "S47": [
      [
        "PAT_0939",
        0,
        0.0
      ],
      [
        "PAT_0939",
        0,
        1691.2318
      ],
      [
        "PAT_0897",
        0,
        3382.4636
      ]
    ],
    "S44": [
      [
        "PAT_0753",
        0,
        0.0
      ],
      [
        "PAT_0373",
        0,
        2910.5788
      ]
    ],
    "S14": [
      [
        "PAT_0384",
        0,
        0.0
      ],
      [
        "PAT_0733",
        0,
        1400.1126
      ]
    ],
    "S39": [
      [
        "PAT_0751",
        0,
        0.0
      ],
      [
        "PAT_0374",
        1,
        3818.9294
      ]
    ],
    "S56": [
      [
        "PAT_0672",
        0,
        0.0
      ],
      [
        "PAT_0264",
        0,
        2910.5788
      ]
    ]
  }
}