{
  "instance": "SYN_BASELINE_088",
  "method": "FI",
  "start_method": "multistart",
  "time_limit": 60.0,
  "cost": 8403.354,
  "is_feasible": true,
  "unmet": {},
  "overprod": {
    "P2": 1,
    "P3": 3,
    "P6": 1,
    "P7": 1,
    "P12": 1
  },
  "elapsed_sec": 60.0,
  "active": {
    "S7": [
      [
        "PAT_0046",
        0,
        2583.0897
      ]
    ],
    "S28": [
      [
        "PAT_0598",
        0,
        0.0
      ]
    ],
    "S36": [
      [
        "PAT_0009",
        0,
        0.0
      ],
      [
        "PAT_0009",
        0,
        4031.7817
      ]
    ],
    "S33": [
      [
        "PAT_0009",
        0,
        687.1287
      ]
    ],
    "S32": [
      [
        "PAT_0070",
        1,
        464.6062
      ],
      [
        "PAT_0070",
        1,
        2738.8700000000003
      ]
    ],
    "S27": [
      [
        "PAT_0496",
        0,
        0.0
      ],
      [
        "PAT_0075",
        0,
        3840.2886
      ]
    ],
    "S5": [
      [
        "PAT_0387",
        0,
        0.0
      ],
      [
        "PAT_0387",
        0,
        2274.2638
      ]
    ],
    "S22": [
      [
        "PAT_0074",
        0,
        2166.2888
      ],
      [
        "PAT_0074",
        0,
        4440.5526
      ]
    ],
    "S25": [
      [
        "PAT_0048",
        0,
        0.0
      ],
      [
        "PAT_0021",
        1,
        4086.8414
      ]
    ],
    "S11": [
      [
        "PAT_0125",
        0,
        0.0
      ],
      [
        "PAT_0477",
        0,
        2522.9521999999997
      ],
      [
        "PAT_0477",
        0,
        4152.1572
      ]
    ],
    "S35": [
      [
        "PAT_0007",
        0,
        604.7009
      ]
    ],
    "S29": [
      [
        "PAT_0303",
        0,
        520.6634
      ],
      [
        "PAT_0604",
        0,
        2794.9272
      ]
    ],
    "S12": [
      [
        "PAT_0558",
        0,
        0.0
      ],
      [
        "PAT_0665",
        0,
        3927.5481
      ]
    ],
    "S9": [
      [
        "PAT_0590",
        0,
        0.0
      ]
    ],
    "S3": [
      [
        "PAT_0134",
        0,
        0.0
      ],
      [
        "PAT_0598",
        0,
        2608.8842
      ]
    ]
  }
}