{
  "instance": "SYN_BASELINE_106",
  "method": "ILS_SA",
  "start_method": "multistart",
  "time_limit": 60.0,
  "cost": 7190.4168,
  "is_feasible": true,
  "unmet": {},
  "overprod": {
    "P4": 1,
    "P7": 2,
    "P10": 1,
    "P11": 1
  },
  "elapsed_sec": 60.41,
  "active": {
    "S11": [
      [
        "PAT_2046",
        0,
        690.6698
      ],
      [
        "PAT_2046",
        0,
        3537.2847
      ]
    ],
    "S21": [
      [
        "PAT_0009",
        0,
        0.0
      ],
      [
        "PAT_0009",
        0,
        4528.4146
      ]
    ],
    "S4": [
      [
        "PAT_0005",
        0,
        1140.72
      ]
    ],
    "S27": [
      [
        "PAT_1999",
        0,
        1054.8092
      ],
      [
        "PAT_1999",
        0,
        3508.1620999999996
      ]
    ],
    "S13": [
      [
        "PAT_1749",
        0,
        0.0
      ],
      [
        "PAT_1820",
        1,
        3568.6122
      ]
    ],
    "S10": [
      [
        "PAT_0029",
        0,
        0.0
      ],
      [
        "PAT_0696",
        1,
        5569.6573
      ]
    ],
    "S2": [
      [
        "PAT_1885",
        0,
        0.0
      ],
      [
        "PAT_2013",
        0,
        3861.1321000000003
      ]
    ],
    "S12": [
      [
        "PAT_0395",
        0,
        0.0
      ],
      [
        "PAT_1938",
        1,
        6030.4344
      ]
    ],
    "S6": [
      [
        "PAT_2031",
        0,
        1251.5539
      ],
      [
        "PAT_0445",
        0,
        5958.170100000001
      ]
    ],
    "S22": [
      [
        "PAT_0048",
        0,
        0.0
      ],
      [
        "PAT_2011",
        1,
        6459.0544
      ]
    ],
    "S18": [
      [
        "PAT_0918",
        0,
        1394.8859
      ],
      [
        "PAT_1804",
        0,
        6239.4139
      ]
    ]
  }
}