{
  "instance": "SYN_BASELINE_080",
  "method": "SA",
  "start_method": "greedy",
  "time_limit": 60.0,
  "cost": 7170.2426,
  "is_feasible": true,
  "unmet": {},
  "overprod": {
    "P2": 3,
    "P6": 1,
    "P9": 2
  },
  "elapsed_sec": 60.01,
  "active": {
    "S28": [
      [
        "PAT_0461",
        0,
        0.0
      ],
      [
        "PAT_0280",
        0,
        901.4815000000003
      ],
      [
        "PAT_0003",
        0,
        3794.9417000000003
      ]
    ],
    "S33": [
      [
        "PAT_0320",
        0,
        2084.3167
      ]
    ],
    "S36": [
      [
        "PAT_0334",
        0,
        1382.0141999999996
      ]
    ],
    "S7": [
      [
        "PAT_0148",
        0,
        0.0
      ],
      [
        "PAT_0370",
        0,
        2197.0703
      ]
    ],
    "S10": [
      [
        "PAT_0325",
        0,
        0.0
      ]
    ],
    "S37": [
      [
        "PAT_0026",
        0,
        0.0
      ],
      [
        "PAT_0026",
        0,
        2244.6389
      ]
    ],
    "S23": [
      [
        "PAT_0111",
        0,
        0.0
      ],
      [
        "PAT_0219",
        0,
        3813.7672
      ]
    ],
    "S12": [
      [
        "PAT_0455",
        0,
        800.0
      ]
    ],
    "S21": [
      [
        "PAT_0181",
        0,
        0.0
      ],
      [
        "PAT_0181",
        0,
        2197.0703
      ],
      [
        "PAT_0019",
        1,
        4394.1406
      ]
    ],
    "S19": [
      [
        "PAT_0455",
        0,
        0.0
      ],
      [
        "PAT_0458",
        0,
        4537.5542
      ]
    ],
    "S5": [
      [
        "PAT_0453",
        0,
        745.0877
      ]
    ],
    "S30": [
      [
        "PAT_0041",
        0,
        0.0
      ]
    ]
  }
}