{
  "instance": "SYN_BASELINE_145",
  "method": "multistart",
  "start_method": "multistart",
  "time_limit": 60.0,
  "cost": 11408.9092,
  "is_feasible": true,
  "unmet": {},
  "overprod": {
    "P1": 1,
    "P3": 1,
    "P4": 1,
    "P5": 1,
    "P7": 2,
    "P9": 2
  },
  "elapsed_sec": 12.49,
  "active": {
    "S57": [
      [
        "PAT_0192",
        0,
        0.0
      ],
      [
        "PAT_0192",
        0,
        1760.0786
      ],
      [
        "PAT_0039",
        0,
        3520.1572
      ]
    ],
    "S15": [
      [
        "PAT_5132",
        0,
        1082.657
      ],
      [
        "PAT_5132",
        0,
        3946.7470000000003
      ]
    ],
    "S2": [
      [
        "PAT_0259",
        0,
        0.0
      ],
      [
        "PAT_0259",
        0,
        1760.0786
      ],
      [
        "PAT_0259",
        0,
        3520.1572
      ],
      [
        "PAT_0061",
        0,
        5280.2358
      ]
    ],
    "S21": [
      [
        "PAT_5116",
        0,
        2800.2306
      ]
    ],
    "S25": [
      [
        "PAT_0259",
        0,
        2185.315
      ],
      [
        "PAT_0259",
        0,
        3945.3936000000003
      ],
      [
        "PAT_0259",
        0,
        5705.4722
      ]
    ],
    "S46": [
      [
        "PAT_3978",
        0,
        0.0
      ]
    ],
    "S55": [
      [
        "PAT_1131",
        0,
        0.0
      ],
      [
        "PAT_1131",
        0,
        3478.7074
      ]
    ],
    "S18": [
      [
        "PAT_0332",
        0,
        0.0
      ]
    ],
    "S56": [
      [
        "PAT_1404",
        0,
        0.0
      ]
    ],
    "S13": [
      [
        "PAT_2264",
        0,
        0.0
      ],
      [
        "PAT_0300",
        0,
        3478.7074
      ]
    ],
    "S35": [
      [
        "PAT_0301",
        0,
        1433.7636
      ]
    ],
    "S59": [
      [
        "PAT_2392",
        0,
        0.0
      ]
    ],
    "S37": [
      [
        "PAT_1768",
        0,
        1824.3849
      ]
    ],
    "S23": [
      [
        "PAT_0336",
        0,
        0.0
      ]
    ],
    "S45": [
      [
        "PAT_3448",
        0,
        0.0
      ]
    ],
    "S7": [
      [
        "PAT_0318",
        0,
        1308.5003
      ]
    ],
    "S14": [
      [
        "PAT_3448",
        0,
        0.0
      ]
    ],
    "S44": [
      [
        "PAT_0317",
        0,
        0.0
      ]
    ],
    "S41": [
      [
        "PAT_0283",
        0,
        2046.0402
      ]
    ],
    "S38": [
      [
        "PAT_0283",
        0,
        3911.6688
      ]
    ],
    "S34": [
      [
        "PAT_0283",
        0,
        4310.0193
      ]
    ],
    "S16": [
      [
        "PAT_0282",
        0,
        0.0
      ],
      [
        "PAT_0282",
        0,
        3478.7074
      ]
    ],
    "S20": [
      [
        "PAT_0282",
        0,
        0.0
      ]
    ]
  }
}