{
  "instance": "SYN_BASELINE_110",
  "method": "multistart",
  "start_method": "multistart",
  "time_limit": 60.0,
  "cost": 13425.651,
  "is_feasible": true,
  "unmet": {},
  "overprod": {
    "P1": 1,
    "P3": 2,
    "P8": 2,
    "P10": 2,
    "P14": 3
  },
  "elapsed_sec": 7.05,
  "active": {
    "S9": [
      [
        "PAT_3638",
        0,
        0.0
      ],
      [
        "PAT_3638",
        0,
        1950.9876
      ],
      [
        "PAT_3638",
        0,
        3901.9752
      ]
    ],
    "S36": [
      [
        "PAT_3501",
        0,
        1879.5388
      ],
      [
        "PAT_3501",
        0,
        3990.2286999999997
      ]
    ],
    "S17": [
      [
        "PAT_0045",
        0,
        0.0
      ],
      [
        "PAT_0045",
        0,
        1791.5422
      ],
      [
        "PAT_0045",
        0,
        3583.0844
      ]
    ],
    "S53": [
      [
        "PAT_3477",
        0,
        1459.9536
      ],
      [
        "PAT_3477",
        0,
        3570.6435
      ]
    ],
    "S30": [
      [
        "PAT_3603",
        0,
        0.0
      ],
      [
        "PAT_3603",
        0,
        1950.9876
      ],
      [
        "PAT_0003",
        0,
        3901.9752
      ]
    ],
    "S16": [
      [
        "PAT_3495",
        1,
        1490.2982
      ],
      [
        "PAT_3495",
        1,
        3600.9880999999996
      ]
    ],
    "S15": [
      [
        "PAT_3564",
        0,
        1516.0217
      ],
      [
        "PAT_3564",
        0,
        3626.7115999999996
      ]
    ],
    "S33": [
      [
        "PAT_0032",
        0,
        0.0
      ],
      [
        "PAT_0032",
        0,
        1791.5422
      ],
      [
        "PAT_3577",
        1,
        4683.1569
      ]
    ],
    "S20": [
      [
        "PAT_3577",
        0,
        1448.8848
      ],
      [
        "PAT_3577",
        0,
        3399.8724
      ]
    ],
    "S13": [
      [
        "PAT_3615",
        0,
        0.0
      ],
      [
        "PAT_3615",
        0,
        1950.9876
      ],
      [
        "PAT_0008",
        1,
        3901.9752
      ]
    ],
    "S31": [
      [
        "PAT_0007",
        0,
        0.0
      ],
      [
        "PAT_0007",
        0,
        1791.5422
      ],
      [
        "PAT_0007",
        0,
        3583.0844
      ]
    ],
    "S49": [
      [
        "PAT_0007",
        0,
        0.0
      ],
      [
        "PAT_0007",
        0,
        1791.5422
      ],
      [
        "PAT_0007",
        0,
        3583.0844
      ]
    ],
    "S35": [
      [
        "PAT_0007",
        0,
        1157.4269
      ],
      [
        "PAT_0007",
        0,
        2948.9691000000003
      ],
      [
        "PAT_0007",
        0,
        4740.5113
      ]
    ],
    "S25": [
      [
        "PAT_3577",
        0,
        1493.1508
      ]
    ],
    "S45": [
      [
        "PAT_0826",
        0,
        0.0
      ]
    ],
    "S24": [
      [
        "PAT_1847",
        0,
        925.3503
      ]
    ],
    "S14": [
      [
        "PAT_2994",
        0,
        587.3337
      ]
    ],
    "S40": [
      [
        "PAT_0182",
        0,
        0.0
      ]
    ],
    "S41": [
      [
        "PAT_0066",
        0,
        1371.9555
      ]
    ],
    "S55": [
      [
        "PAT_0076",
        0,
        0.0
      ]
    ],
    "S12": [
      [
        "PAT_0730",
        0,
        0.0
      ]
    ],
    "S18": [
      [
        "PAT_0055",
        0,
        767.2298
      ]
    ],
    "S37": [
      [
        "PAT_0055",
        0,
        0.0
      ]
    ],
    "S21": [
      [
        "PAT_0054",
        0,
        0.0
      ]
    ],
    "S34": [
      [
        "PAT_0381",
        0,
        0.0
      ]
    ],
    "S44": [
      [
        "PAT_0054",
        0,
        0.0
      ]
    ],
    "S5": [
      [
        "PAT_0053",
        0,
        0.0
      ]
    ]
  }
}