{
  "instance": "SYN_BASELINE_148",
  "method": "greedy",
  "start_method": "greedy",
  "time_limit": 60.0,
  "cost": 10512.7519,
  "is_feasible": true,
  "unmet": {},
  "overprod": {
    "P1": 1,
    "P8": 2,
    "P14": 1
  },
  "elapsed_sec": 1.56,
  "active": {
    "S19": [
      [
        "PAT_0008",
        0,
        739.6671
      ]
    ],
    "S43": [
      [
        "PAT_0160",
        0,
        0.0
      ],
      [
        "PAT_0160",
        0,
        3587.1401
      ]
    ],
    "S49": [
      [
        "PAT_0135",
        0,
        2372.2969
      ]
    ],
    "S40": [
      [
        "PAT_0196",
        0,
        1372.6849
      ]
    ],
    "S18": [
      [
        "PAT_0260",
        0,
        0.0
      ]
    ],
    "S48": [
      [
        "PAT_0020",
        0,
        0.0
      ],
      [
        "PAT_2904",
        0,
        3587.1401
      ]
    ],
    "S39": [
      [
        "PAT_0019",
        0,
        667.0197
      ]
    ],
    "S41": [
      [
        "PAT_1322",
        0,
        2542.8537
      ]
    ],
    "S29": [
      [
        "PAT_0314",
        0,
        0.0
      ],
      [
        "PAT_0287",
        0,
        2293.7742
      ]
    ],
    "S20": [
      [
        "PAT_0727",
        0,
        2770.8651
      ]
    ],
    "S37": [
      [
        "PAT_0313",
        0,
        632.0593
      ],
      [
        "PAT_2714",
        0,
        2925.8334999999997
      ]
    ],
    "S30": [
      [
        "PAT_0741",
        0,
        2038.8509
      ],
      [
        "PAT_0741",
        0,
        4332.625099999999
      ]
    ],
    "S9": [
      [
        "PAT_3012",
        0,
        836.9915
      ]
    ],
    "S42": [
      [
        "PAT_1218",
        0,
        724.8248
      ],
      [
        "PAT_1218",
        0,
        3018.5989999999997
      ]
    ],
    "S21": [
      [
        "PAT_2103",
        0,
        0.0
      ],
      [
        "PAT_2103",
        0,
        2579.0011
      ]
    ],
    "S1": [
      [
        "PAT_3067",
        0,
        872.902
      ],
      [
        "PAT_3067",
        0,
        3451.9031
      ]
    ],
    "S4": [
      [
        "PAT_1126",
        0,
        2826.8917
      ]
    ],
    "S3": [
      [
        "PAT_1372",
        0,
        3155.7425
      ]
    ],
    "S13": [
      [
        "PAT_1396",
        0,
        0.0
      ],
      [
        "PAT_1396",
        0,
        2579.0011
      ]
    ],
    "S32": [
      [
        "PAT_1874",
        0,
        0.0
      ],
      [
        "PAT_0325",
        1,
        3596.4071
      ]
    ],
    "S27": [
      [
        "PAT_2407",
        0,
        1087.572
      ]
    ]
  }
}