{
  "instance": "SYN_BASELINE_132",
  "method": "TS",
  "start_method": "multistart",
  "time_limit": 60.0,
  "cost": 8433.2853,
  "is_feasible": true,
  "unmet": {},
  "overprod": {
    "P6": 1,
    "P12": 3,
    "P13": 1,
    "P14": 1
  },
  "elapsed_sec": 60.0,
  "active": {
    "S2": [
      [
        "PAT_0151",
        0,
        0.0
      ],
      [
        "PAT_0719",
        1,
        3264.85
      ],
      [
        "PAT_0719",
        1,
        5294.360200000001
      ],
      [
        "PAT_0719",
        1,
        6720.1576000000005
      ]
    ],
    "S32": [
      [
        "PAT_0155",
        0,
        0.0
      ],
      [
        "PAT_0029",
        0,
        4234.7741000000005
      ]
    ],
    "S23": [
      [
        "PAT_0036",
        0,
        0.0
      ],
      [
        "PAT_0010",
        0,
        3210.124
      ]
    ],
    "S33": [
      [
        "PAT_0146",
        0,
        0.0
      ],
      [
        "PAT_0146",
        0,
        3118.6316
      ]
    ],
    "S11": [
      [
        "PAT_0299",
        0,
        1864.0209
      ],
      [
        "PAT_0299",
        0,
        5128.8709
      ]
    ],
    "S15": [
      [
        "PAT_0154",
        0,
        0.0
      ],
      [
        "PAT_0154",
        0,
        3264.85
      ]
    ],
    "S27": [
      [
        "PAT_0055",
        0,
        1744.2918999999997
      ],
      [
        "PAT_0080",
        0,
        5188.8799
      ]
    ],
    "S13": [
      [
        "PAT_0164",
        0,
        0.0
      ],
      [
        "PAT_0296",
        0,
        4240.446400000001
      ]
    ],
    "S7": [
      [
        "PAT_0448",
        0,
        0.0
      ],
      [
        "PAT_0163",
        0,
        3264.85
      ]
    ],
    "S21": [
      [
        "PAT_0091",
        0,
        0.0
      ],
      [
        "PAT_0091",
        0,
        3444.588
      ]
    ],
    "S17": [
      [
        "PAT_0155",
        0,
        0.0
      ],
      [
        "PAT_0613",
        1,
        4049.9598
      ],
      [
        "PAT_0699",
        1,
        7314.8098
      ]
    ],
    "S16": [
      [
        "PAT_0164",
        0,
        2867.8843
      ],
      [
        "PAT_0145",
        1,
        6132.7343
      ]
    ],
    "S9": [
      [
        "PAT_0039",
        0,
        0.0
      ],
      [
        "PAT_0218",
        1,
        3444.588
      ]
    ]
  }
}