{
  "instance": "SYN_BASELINE_050",
  "method": "TS",
  "start_method": "multistart",
  "time_limit": 60.0,
  "cost": 11644.7515,
  "is_feasible": true,
  "unmet": {},
  "overprod": {
    "P1": 2,
    "P4": 1,
    "P6": 1
  },
  "elapsed_sec": 60.02,
  "active": {
    "S28": [
      [
        "PAT_0046",
        0,
        0.0
      ],
      [
        "PAT_0046",
        0,
        1755.4515
      ],
      [
        "PAT_0046",
        0,
        3510.903
      ]
    ],
    "S25": [
      [
        "PAT_0053",
        0,
        0.0
      ],
      [
        "PAT_0053",
        0,
        1755.4515
      ],
      [
        "PAT_0053",
        0,
        3510.903
      ]
    ],
    "S31": [
      [
        "PAT_0093",
        0,
        0.0
      ],
      [
        "PAT_5116",
        0,
        3516.7984
      ]
    ],
    "S29": [
      [
        "PAT_5211",
        0,
        0.0
      ],
      [
        "PAT_4507",
        0,
        2460.5064
      ]
    ],
    "S50": [
      [
        "PAT_5099",
        0,
        0.0
      ],
      [
        "PAT_0728",
        1,
        3514.23
      ]
    ],
    "S15": [
      [
        "PAT_0084",
        0,
        0.0
      ]
    ],
    "S11": [
      [
        "PAT_0084",
        0,
        0.0
      ]
    ],
    "S7": [
      [
        "PAT_0084",
        0,
        0.0
      ]
    ],
    "S12": [
      [
        "PAT_0083",
        0,
        0.0
      ]
    ],
    "S40": [
      [
        "PAT_5210",
        0,
        0.0
      ]
    ],
    "S41": [
      [
        "PAT_5188",
        0,
        660.3666
      ],
      [
        "PAT_5188",
        0,
        3120.873
      ]
    ],
    "S44": [
      [
        "PAT_0018",
        0,
        1211.216
      ],
      [
        "PAT_0018",
        0,
        2966.6674999999996
      ]
    ],
    "S34": [
      [
        "PAT_5115",
        0,
        0.0
      ],
      [
        "PAT_4336",
        0,
        2460.5064
      ]
    ],
    "S2": [
      [
        "PAT_0083",
        0,
        843.1147
      ]
    ],
    "S6": [
      [
        "PAT_0068",
        0,
        0.0
      ],
      [
        "PAT_0386",
        0,
        1755.4515
      ],
      [
        "PAT_5099",
        0,
        3692.3815999999997
      ]
    ],
    "S26": [
      [
        "PAT_5099",
        0,
        2955.2734
      ]
    ],
    "S55": [
      [
        "PAT_5210",
        0,
        0.0
      ]
    ],
    "S21": [
      [
        "PAT_5250",
        0,
        0.0
      ],
      [
        "PAT_5250",
        0,
        2460.5064
      ]
    ],
    "S52": [
      [
        "PAT_5169",
        0,
        0.0
      ],
      [
        "PAT_5158",
        0,
        2460.5064
      ]
    ],
    "S42": [
      [
        "PAT_3119",
        0,
        0.0
      ],
      [
        "PAT_0084",
        0,
        1563.039
      ]
    ],
    "S19": [
      [
        "PAT_0509",
        0,
        0.0
      ],
      [
        "PAT_0084",
        0,
        1563.039
      ]
    ],
    "S17": [
      [
        "PAT_4854",
        0,
        0.0
      ],
      [
        "PAT_5133",
        0,
        1563.039
      ]
    ]
  }
}