{
  "instance": "SYN_BASELINE_126",
  "method": "VNS_SA",
  "start_method": "multistart",
  "time_limit": 60.0,
  "cost": 4989.2651,
  "is_feasible": true,
  "unmet": {},
  "overprod": {
    "P3": 1,
    "P5": 1,
    "P7": 1,
    "P8": 1
  },
  "elapsed_sec": 6.73,
  "active": {
    "S23": [
      [
        "PAT_0100",
        0,
        0.0
      ],
      [
        "PAT_0100",
        0,
        2118.2091
      ]
    ],
    "S46": [
      [
        "PAT_0077",
        0,
        0.0
      ],
      [
        "PAT_0077",
        0,
        3473.808
      ]
    ],
    "S30": [
      [
        "PAT_0090",
        0,
        871.0756
      ],
      [
        "PAT_0119",
        0,
        4166.962
      ]
    ],
    "S21": [
      [
        "PAT_0039",
        0,
        0.0
      ],
      [
        "PAT_0039",
        0,
        3008.8016
      ]
    ],
    "S31": [
      [
        "PAT_0085",
        0,
        1010.4949
      ],
      [
        "PAT_0069",
        0,
        3607.1438
      ]
    ],
    "S37": [
      [
        "PAT_0033",
        0,
        0.0
      ],
      [
        "PAT_0129",
        1,
        3177.118199999999
      ],
      [
        "PAT_0129",
        1,
        4382.193899999999
      ],
      [
        "PAT_0129",
        1,
        5587.2696
      ]
    ],
    "S36": [
      [
        "PAT_0106",
        0,
        0.0
      ],
      [
        "PAT_0106",
        0,
        1205.0757
      ],
      [
        "PAT_0106",
        0,
        2410.1514
      ],
      [
        "PAT_0050",
        1,
        4509.3311
      ]
    ],
    "S24": [
      [
        "PAT_0005",
        0,
        0.0
      ]
    ]
  }
}