{
  "instance": "SYN_BASELINE_104",
  "method": "multistart",
  "start_method": "multistart",
  "time_limit": 60.0,
  "cost": 7589.1208,
  "is_feasible": true,
  "unmet": {},
  "overprod": {
    "P3": 1,
    "P7": 1,
    "P8": 1
  },
  "elapsed_sec": 1.85,
  "active": {
    "S38": [
      [
        "PAT_0382",
        0,
        0.0
      ],
      [
        "PAT_0032",
        0,
        4244.7774
      ]
    ],
    "S53": [
      [
        "PAT_0005",
        0,
        1113.5138
      ]
    ],
    "S14": [
      [
        "PAT_0004",
        0,
        1072.723
      ],
      [
        "PAT_0004",
        0,
        3999.3393
      ]
    ],
    "S27": [
      [
        "PAT_0376",
        0,
        0.0
      ]
    ],
    "S39": [
      [
        "PAT_0002",
        0,
        1652.023
      ]
    ],
    "S52": [
      [
        "PAT_0212",
        0,
        0.0
      ],
      [
        "PAT_0212",
        0,
        2357.3249
      ]
    ],
    "S37": [
      [
        "PAT_0275",
        0,
        0.0
      ],
      [
        "PAT_0275",
        0,
        2309.1211
      ]
    ],
    "S32": [
      [
        "PAT_0061",
        0,
        0.0
      ],
      [
        "PAT_0061",
        0,
        2357.3249
      ]
    ],
    "S4": [
      [
        "PAT_0287",
        1,
        1775.9003
      ],
      [
        "PAT_0287",
        1,
        4085.0213999999996
      ]
    ],
    "S34": [
      [
        "PAT_0018",
        0,
        1183.9025
      ],
      [
        "PAT_0018",
        0,
        3541.2273999999998
      ]
    ],
    "S18": [
      [
        "PAT_0371",
        0,
        2137.9845
      ]
    ],
    "S44": [
      [
        "PAT_0305",
        0,
        1787.0533
      ],
      [
        "PAT_0305",
        0,
        4096.1744
      ]
    ],
    "S9": [
      [
        "PAT_0363",
        0,
        0.0
      ],
      [
        "PAT_0363",
        0,
        2309.1211
      ]
    ],
    "S28": [
      [
        "PAT_0280",
        0,
        0.0
      ],
      [
        "PAT_0280",
        0,
        2309.1211
      ]
    ],
    "S50": [
      [
        "PAT_0037",
        0,
        1030.9624
      ]
    ]
  }
}