{
  "instance": "SYN_BASELINE_106",
  "method": "GRASP_SA",
  "start_method": "greedy",
  "time_limit": 60.0,
  "cost": 7107.1227,
  "is_feasible": true,
  "unmet": {},
  "overprod": {
    "P5": 1,
    "P6": 1,
    "P7": 1,
    "P8": 1
  },
  "elapsed_sec": 60.17,
  "active": {
    "S21": [
      [
        "PAT_1963",
        0,
        0.0
      ],
      [
        "PAT_1938",
        0,
        2710.583699999999
      ],
      [
        "PAT_0015",
        0,
        5905.436299999999
      ]
    ],
    "S10": [
      [
        "PAT_1891",
        0,
        0.0
      ],
      [
        "PAT_1790",
        1,
        5569.6573
      ]
    ],
    "S26": [
      [
        "PAT_1993",
        0,
        2827.3396
      ]
    ],
    "S13": [
      [
        "PAT_1864",
        0,
        0.0
      ],
      [
        "PAT_1802",
        1,
        3568.6122
      ],
      [
        "PAT_2045",
        1,
        7137.2244
      ]
    ],
    "S27": [
      [
        "PAT_0020",
        0,
        0.0
      ],
      [
        "PAT_2017",
        0,
        4528.4146
      ]
    ],
    "S11": [
      [
        "PAT_0563",
        0,
        0.0
      ],
      [
        "PAT_2047",
        0,
        3568.6122
      ]
    ],
    "S4": [
      [
        "PAT_0025",
        0,
        1140.72
      ]
    ],
    "S17": [
      [
        "PAT_0742",
        0,
        0.0
      ]
    ],
    "S2": [
      [
        "PAT_2015",
        0,
        0.0
      ],
      [
        "PAT_0467",
        0,
        3842.288
      ]
    ],
    "S12": [
      [
        "PAT_1873",
        0,
        0.0
      ],
      [
        "PAT_2010",
        0,
        3568.6122
      ]
    ],
    "S18": [
      [
        "PAT_1548",
        0,
        1394.8859
      ],
      [
        "PAT_1889",
        0,
        6239.4139
      ]
    ]
  }
}