{
  "instance": "SYN_BASELINE_060",
  "method": "multistart",
  "start_method": "multistart",
  "time_limit": 60.0,
  "cost": 7904.0672,
  "is_feasible": true,
  "unmet": {},
  "overprod": {
    "P3": 3,
    "P4": 1,
    "P9": 1,
    "P10": 1,
    "P11": 1
  },
  "elapsed_sec": 1.98,
  "active": {
    "S29": [
      [
        "PAT_0035",
        0,
        1966.1774
      ],
      [
        "PAT_0035",
        0,
        4806.011
      ]
    ],
    "S20": [
      [
        "PAT_0884",
        0,
        575.0727
      ],
      [
        "PAT_0884",
        0,
        3740.585
      ]
    ],
    "S8": [
      [
        "PAT_0020",
        0,
        1158.4285
      ],
      [
        "PAT_0020",
        0,
        3998.2621
      ],
      [
        "PAT_0017",
        1,
        6838.0957
      ]
    ],
    "S38": [
      [
        "PAT_0002",
        0,
        2366.9468
      ],
      [
        "PAT_0002",
        0,
        5206.7804
      ]
    ],
    "S35": [
      [
        "PAT_0048",
        0,
        1074.1863
      ]
    ],
    "S18": [
      [
        "PAT_0048",
        0,
        0.0
      ],
      [
        "PAT_0882",
        0,
        4626.9268
      ]
    ],
    "S16": [
      [
        "PAT_0130",
        0,
        3780.9171
      ]
    ],
    "S5": [
      [
        "PAT_0047",
        0,
        0.0
      ],
      [
        "PAT_0324",
        1,
        5254.191
      ]
    ],
    "S32": [
      [
        "PAT_0410",
        1,
        1137.2148
      ],
      [
        "PAT_0410",
        1,
        3345.0762999999997
      ],
      [
        "PAT_0410",
        1,
        5552.9378
      ]
    ],
    "S6": [
      [
        "PAT_0247",
        0,
        1385.5213
      ],
      [
        "PAT_0335",
        0,
        6012.4481000000005
      ]
    ],
    "S17": [
      [
        "PAT_0293",
        0,
        0.0
      ],
      [
        "PAT_0367",
        1,
        4626.9268
      ]
    ],
    "S13": [
      [
        "PAT_0296",
        0,
        0.0
      ],
      [
        "PAT_0811",
        0,
        4626.9268
      ]
    ],
    "S23": [
      [
        "PAT_0099",
        0,
        1967.8497
      ]
    ]
  }
}