{
  "instance": "SYN_BASELINE_110",
  "method": "VNS_SA",
  "start_method": "greedy",
  "time_limit": 60.0,
  "cost": 11484.99,
  "is_feasible": true,
  "unmet": {},
  "overprod": {
    "P4": 2,
    "P10": 2,
    "P14": 1
  },
  "elapsed_sec": 60.03,
  "active": {
    "S17": [
      [
        "PAT_3578",
        0,
        0.0
      ],
      [
        "PAT_0045",
        0,
        2014.4792999999997
      ],
      [
        "PAT_0009",
        1,
        3806.0215
      ]
    ],
    "S36": [
      [
        "PAT_3647",
        0,
        0.0
      ],
      [
        "PAT_3502",
        0,
        2307.3233000000005
      ],
      [
        "PAT_3567",
        0,
        4506.2245
      ]
    ],
    "S13": [
      [
        "PAT_0009",
        0,
        0.0
      ],
      [
        "PAT_1560",
        0,
        1791.5422
      ]
    ],
    "S16": [
      [
        "PAT_3638",
        0,
        0.0
      ],
      [
        "PAT_3480",
        0,
        2357.5961999999995
      ],
      [
        "PAT_3493",
        1,
        4468.286099999999
      ]
    ],
    "S4": [
      [
        "PAT_0017",
        0,
        0.0
      ],
      [
        "PAT_0047",
        0,
        1791.5422
      ]
    ],
    "S52": [
      [
        "PAT_3594",
        0,
        0.0
      ],
      [
        "PAT_0035",
        0,
        2473.2926
      ]
    ],
    "S15": [
      [
        "PAT_3590",
        0,
        0.0
      ],
      [
        "PAT_0045",
        0,
        2592.140800000001
      ],
      [
        "PAT_3488",
        1,
        4383.683000000001
      ]
    ],
    "S12": [
      [
        "PAT_0007",
        0,
        0.0
      ],
      [
        "PAT_1057",
        0,
        2373.2454000000002
      ]
    ],
    "S37": [
      [
        "PAT_0055",
        0,
        0.0
      ]
    ],
    "S33": [
      [
        "PAT_3489",
        0,
        0.0
      ],
      [
        "PAT_0008",
        0,
        2110.6899
      ],
      [
        "PAT_3623",
        1,
        4683.1569
      ]
    ],
    "S14": [
      [
        "PAT_0268",
        0,
        587.3337
      ]
    ],
    "S30": [
      [
        "PAT_0591",
        0,
        0.0
      ],
      [
        "PAT_0017",
        0,
        3751.4881
      ]
    ],
    "S9": [
      [
        "PAT_3604",
        0,
        0.0
      ],
      [
        "PAT_0033",
        0,
        1950.9876
      ],
      [
        "PAT_3470",
        0,
        3742.5298000000003
      ]
    ],
    "S11": [
      [
        "PAT_3616",
        0,
        0.0
      ],
      [
        "PAT_3625",
        0,
        3014.9909
      ]
    ],
    "S24": [
      [
        "PAT_0544",
        0,
        925.3503
      ]
    ],
    "S34": [
      [
        "PAT_0167",
        0,
        0.0
      ]
    ],
    "S53": [
      [
        "PAT_1052",
        0,
        1459.9536
      ]
    ],
    "S46": [
      [
        "PAT_3577",
        0,
        0.0
      ]
    ],
    "S45": [
      [
        "PAT_1431",
        0,
        0.0
      ]
    ],
    "S40": [
      [
        "PAT_0765",
        0,
        0.0
      ]
    ]
  }
}