{
  "instance": "SYN_BASELINE_080",
  "method": "SD",
  "start_method": "greedy",
  "time_limit": 60.0,
  "cost": 7785.6098,
  "is_feasible": true,
  "unmet": {},
  "overprod": {
    "P6": 1,
    "P7": 1,
    "P9": 1
  },
  "elapsed_sec": 5.0,
  "active": {
    "S5": [
      [
        "PAT_0458",
        0,
        1054.0065
      ],
      [
        "PAT_0458",
        0,
        1854.0065
      ],
      [
        "PAT_0458",
        0,
        2654.0065
      ]
    ],
    "S37": [
      [
        "PAT_0026",
        0,
        0.0
      ],
      [
        "PAT_0026",
        0,
        2244.6389
      ]
    ],
    "S7": [
      [
        "PAT_0002",
        0,
        0.0
      ],
      [
        "PAT_0002",
        0,
        2244.6389
      ]
    ],
    "S12": [
      [
        "PAT_0455",
        0,
        0.0
      ]
    ],
    "S19": [
      [
        "PAT_0455",
        0,
        0.0
      ]
    ],
    "S41": [
      [
        "PAT_0001",
        0,
        0.0
      ]
    ],
    "S31": [
      [
        "PAT_0453",
        0,
        0.0
      ]
    ],
    "S23": [
      [
        "PAT_0107",
        0,
        0.0
      ],
      [
        "PAT_0136",
        0,
        3813.7672
      ]
    ],
    "S21": [
      [
        "PAT_0181",
        0,
        0.0
      ],
      [
        "PAT_0181",
        0,
        2197.0703
      ],
      [
        "PAT_0181",
        0,
        4394.1406
      ]
    ],
    "S36": [
      [
        "PAT_0384",
        0,
        793.7293
      ]
    ],
    "S33": [
      [
        "PAT_0117",
        0,
        0.0
      ],
      [
        "PAT_0320",
        0,
        2456.6201999999994
      ]
    ],
    "S2": [
      [
        "PAT_0344",
        0,
        470.8152
      ]
    ],
    "S10": [
      [
        "PAT_0325",
        0,
        0.0
      ]
    ],
    "S28": [
      [
        "PAT_0083",
        0,
        0.0
      ],
      [
        "PAT_0283",
        0,
        3842.5103000000004
      ]
    ]
  }
}