{
  "instance": "SYN_BASELINE_115",
  "method": "SA",
  "start_method": "multistart",
  "time_limit": 60.0,
  "cost": 7647.0024,
  "is_feasible": true,
  "unmet": {},
  "overprod": {
    "P1": 1,
    "P6": 1,
    "P10": 1
  },
  "elapsed_sec": 60.11,
  "active": {
    "S35": [
      [
        "PAT_0232",
        0,
        0.0
      ],
      [
        "PAT_0897",
        1,
        2616.0661
      ],
      [
        "PAT_0039",
        0,
        6408.2119999999995
      ]
    ],
    "S31": [
      [
        "PAT_1045",
        0,
        0.0
      ],
      [
        "PAT_3272",
        0,
        4576.359
      ]
    ],
    "S17": [
      [
        "PAT_0259",
        0,
        0.0
      ],
      [
        "PAT_3086",
        0,
        3683.736
      ]
    ],
    "S22": [
      [
        "PAT_0724",
        0,
        0.0
      ],
      [
        "PAT_0027",
        0,
        2210.0127
      ]
    ],
    "S3": [
      [
        "PAT_2118",
        0,
        2661.1281
      ],
      [
        "PAT_0728",
        0,
        6453.273999999999
      ]
    ],
    "S36": [
      [
        "PAT_0866",
        0,
        1038.8063
      ],
      [
        "PAT_0258",
        0,
        3849.9915
      ]
    ],
    "S13": [
      [
        "PAT_0754",
        0,
        0.0
      ],
      [
        "PAT_0170",
        0,
        3589.1803
      ]
    ],
    "S19": [
      [
        "PAT_0156",
        0,
        1824.2975
      ],
      [
        "PAT_0726",
        0,
        4034.3102
      ]
    ],
    "S14": [
      [
        "PAT_3180",
        0,
        0.0
      ]
    ],
    "S16": [
      [
        "PAT_1125",
        0,
        0.0
      ],
      [
        "PAT_1414",
        0,
        3792.1459
      ]
    ],
    "S33": [
      [
        "PAT_1451",
        0,
        0.0
      ],
      [
        "PAT_0024",
        0,
        3792.1459
      ]
    ],
    "S25": [
      [
        "PAT_0590",
        0,
        0.0
      ],
      [
        "PAT_0101",
        0,
        2210.0127
      ],
      [
        "PAT_0091",
        1,
        4420.0254
      ]
    ]
  }
}