{
  "instance": "SYN_SWEEP4_WIDRATIO_HIGH_027",
  "method": "ILS_SA",
  "start_method": "multistart",
  "time_limit": 60.0,
  "cost": 9675.7009,
  "is_feasible": true,
  "unmet": {},
  "overprod": {
    "P1": 1,
    "P7": 1,
    "P10": 1
  },
  "elapsed_sec": 60.02,
  "active": {
    "S24": [
      [
        "PAT_0472",
        0,
        0.0
      ],
      [
        "PAT_0472",
        0,
        2967.7705
      ],
      [
        "PAT_0472",
        0,
        5935.541
      ]
    ],
    "S19": [
      [
        "PAT_0734",
        0,
        1438.1622
      ],
      [
        "PAT_0734",
        0,
        4666.0351
      ]
    ],
    "S36": [
      [
        "PAT_0010",
        0,
        0.0
      ],
      [
        "PAT_0010",
        0,
        2967.7705
      ],
      [
        "PAT_0010",
        0,
        5935.541
      ]
    ],
    "S5": [
      [
        "PAT_1048",
        0,
        0.0
      ],
      [
        "PAT_1048",
        0,
        3227.8729
      ]
    ],
    "S8": [
      [
        "PAT_0998",
        0,
        0.0
      ],
      [
        "PAT_0998",
        0,
        3227.8729
      ]
    ],
    "S15": [
      [
        "PAT_0535",
        0,
        0.0
      ],
      [
        "PAT_0512",
        0,
        3326.2217000000005
      ]
    ],
    "S35": [
      [
        "PAT_0355",
        0,
        0.0
      ],
      [
        "PAT_0355",
        0,
        2967.7705
      ]
    ],
    "S13": [
      [
        "PAT_1074",
        0,
        0.0
      ],
      [
        "PAT_0009",
        0,
        3227.8729
      ],
      [
        "PAT_0527",
        1,
        6356.6404
      ]
    ],
    "S29": [
      [
        "PAT_0352",
        0,
        0.0
      ],
      [
        "PAT_0512",
        0,
        3295.0579000000002
      ]
    ],
    "S32": [
      [
        "PAT_1195",
        0,
        0.0
      ],
      [
        "PAT_1195",
        0,
        3227.8729
      ],
      [
        "PAT_0853",
        0,
        6455.7458
      ]
    ],
    "S28": [
      [
        "PAT_0478",
        0,
        2052.7572
      ],
      [
        "PAT_0478",
        0,
        5020.527700000001
      ]
    ],
    "S21": [
      [
        "PAT_0900",
        0,
        0.0
      ],
      [
        "PAT_0788",
        0,
        3227.8729
      ]
    ],
    "S20": [
      [
        "PAT_0512",
        0,
        0.0
      ]
    ],
    "S17": [
      [
        "PAT_0574",
        0,
        0.0
      ],
      [
        "PAT_0779",
        0,
        3227.8729
      ]
    ],
    "S26": [
      [
        "PAT_0814",
        0,
        0.0
      ]
    ]
  }
}