{
  "instance": "SYN_SWEEP4_WIDRATIO_HIGH_005",
  "method": "multistart",
  "start_method": "none",
  "time_limit": 60.0,
  "cost": 9946.0478,
  "is_feasible": true,
  "unmet": {},
  "overprod": {
    "P4": 4,
    "P6": 1,
    "P8": 1,
    "P9": 1,
    "P10": 6,
    "P11": 5,
    "P12": 5
  },
  "elapsed_sec": 11.07,
  "active": {
    "S34": [
      [
        "PAT_0426",
        0,
        0.0
      ],
      [
        "PAT_0426",
        0,
        3842.3066
      ]
    ],
    "S44": [
      [
        "PAT_0407",
        0,
        1556.439
      ]
    ],
    "S32": [
      [
        "PAT_0454",
        0,
        1422.7377
      ]
    ],
    "S47": [
      [
        "PAT_1012",
        1,
        713.9322
      ],
      [
        "PAT_1012",
        1,
        2227.7115999999996
      ],
      [
        "PAT_1012",
        1,
        3741.4909999999995
      ]
    ],
    "S17": [
      [
        "PAT_0316",
        0,
        0.0
      ],
      [
        "PAT_0316",
        0,
        2820.0993
      ]
    ],
    "S57": [
      [
        "PAT_0490",
        0,
        2270.4547
      ]
    ],
    "S26": [
      [
        "PAT_0853",
        0,
        0.0
      ],
      [
        "PAT_0853",
        0,
        1513.7794
      ],
      [
        "PAT_0853",
        0,
        3027.5588
      ],
      [
        "PAT_1100",
        0,
        4541.3382
      ],
      [
        "PAT_1099",
        1,
        6235.8886
      ]
    ],
    "S14": [
      [
        "PAT_0086",
        0,
        0.0
      ],
      [
        "PAT_0086",
        0,
        2820.0993
      ],
      [
        "PAT_0911",
        0,
        5640.1986
      ]
    ],
    "S29": [
      [
        "PAT_0473",
        0,
        0.0
      ],
      [
        "PAT_0473",
        0,
        3298.8754
      ]
    ],
    "S38": [
      [
        "PAT_0464",
        0,
        0.0
      ],
      [
        "PAT_0464",
        0,
        3298.8754
      ]
    ],
    "S21": [
      [
        "PAT_0768",
        0,
        0.0
      ],
      [
        "PAT_0768",
        0,
        1513.7794
      ],
      [
        "PAT_0768",
        0,
        3027.5588
      ],
      [
        "PAT_0843",
        0,
        4541.3382
      ]
    ],
    "S1": [
      [
        "PAT_0392",
        0,
        0.0
      ],
      [
        "PAT_0392",
        0,
        2820.0993
      ]
    ],
    "S25": [
      [
        "PAT_0653",
        0,
        0.0
      ]
    ],
    "S27": [
      [
        "PAT_0384",
        0,
        0.0
      ],
      [
        "PAT_0384",
        0,
        2820.0993
      ]
    ],
    "S7": [
      [
        "PAT_0376",
        0,
        0.0
      ],
      [
        "PAT_0376",
        0,
        2820.0993
      ]
    ],
    "S46": [
      [
        "PAT_0376",
        0,
        820.6471
      ],
      [
        "PAT_0376",
        0,
        3640.7464
      ]
    ],
    "S49": [
      [
        "PAT_0003",
        0,
        2569.523
      ]
    ]
  }
}