{
  "instance": "SYN_SWEEP4_WIDRATIO_LOW_001",
  "method": "greedy",
  "start_method": "none",
  "time_limit": 60.0,
  "cost": 11199.4971,
  "is_feasible": true,
  "unmet": {},
  "overprod": {
    "P1": 1,
    "P8": 1,
    "P9": 1
  },
  "elapsed_sec": 0.04,
  "active": {
    "S4": [
      [
        "PAT_0006",
        0,
        0.0
      ],
      [
        "PAT_0002",
        0,
        3985.6588
      ]
    ],
    "S48": [
      [
        "PAT_0075",
        0,
        4266.5226
      ]
    ],
    "S13": [
      [
        "PAT_0074",
        0,
        0.0
      ],
      [
        "PAT_0074",
        0,
        3685.7698
      ]
    ],
    "S28": [
      [
        "PAT_0074",
        0,
        0.0
      ],
      [
        "PAT_0074",
        0,
        3685.7698
      ]
    ],
    "S11": [
      [
        "PAT_0007",
        0,
        0.0
      ],
      [
        "PAT_0007",
        0,
        4283.8484
      ]
    ],
    "S40": [
      [
        "PAT_0007",
        0,
        0.0
      ],
      [
        "PAT_0007",
        0,
        4283.8484
      ]
    ],
    "S25": [
      [
        "PAT_0007",
        0,
        1379.9477
      ]
    ],
    "S7": [
      [
        "PAT_0028",
        0,
        0.0
      ],
      [
        "PAT_0050",
        1,
        5321.2792
      ]
    ],
    "S2": [
      [
        "PAT_0048",
        0,
        1464.1543
      ],
      [
        "PAT_0048",
        0,
        4325.0554999999995
      ],
      [
        "PAT_0051",
        0,
        7185.956699999999
      ]
    ],
    "S32": [
      [
        "PAT_0011",
        0,
        3154.7096
      ]
    ],
    "S17": [
      [
        "PAT_0045",
        0,
        2819.9122
      ],
      [
        "PAT_0045",
        0,
        5680.8134
      ]
    ],
    "S37": [
      [
        "PAT_0011",
        0,
        3370.364
      ]
    ],
    "S49": [
      [
        "PAT_0060",
        0,
        2529.0856
      ]
    ],
    "S27": [
      [
        "PAT_0043",
        0,
        1172.2293
      ]
    ],
    "S15": [
      [
        "PAT_0060",
        0,
        0.0
      ],
      [
        "PAT_0071",
        0,
        2860.9012
      ]
    ],
    "S31": [
      [
        "PAT_0010",
        0,
        0.0
      ]
    ],
    "S42": [
      [
        "PAT_0045",
        0,
        0.0
      ],
      [
        "PAT_0066",
        1,
        5694.7084
      ]
    ],
    "S38": [
      [
        "PAT_0014",
        0,
        3678.3163
      ]
    ],
    "S47": [
      [
        "PAT_0014",
        0,
        4453.9856
      ]
    ],
    "S26": [
      [
        "PAT_0033",
        0,
        0.0
      ],
      [
        "PAT_0042",
        0,
        3836.2087
      ]
    ],
    "S24": [
      [
        "PAT_0014",
        0,
        3317.7196
      ]
    ],
    "S3": [
      [
        "PAT_0033",
        0,
        3394.8555
      ]
    ],
    "S35": [
      [
        "PAT_0014",
        0,
        833.1112
      ]
    ],
    "S45": [
      [
        "PAT_0032",
        0,
        1734.8172
      ]
    ]
  }
}