{
  "instance": "SYN_SWEEP4_WIDRATIO_HIGH_029",
  "method": "VNS_SA",
  "start_method": "greedy",
  "time_limit": 60.0,
  "cost": 10315.1371,
  "is_feasible": true,
  "unmet": {},
  "overprod": {
    "P1": 1,
    "P2": 1,
    "P8": 1,
    "P13": 2
  },
  "elapsed_sec": 60.03,
  "active": {
    "S9": [
      [
        "PAT_0735",
        0,
        0.0
      ],
      [
        "PAT_0847",
        0,
        3430.1311000000005
      ],
      [
        "PAT_0847",
        0,
        5800.9836000000005
      ]
    ],
    "S39": [
      [
        "PAT_0634",
        0,
        0.0
      ],
      [
        "PAT_0634",
        0,
        2370.8525
      ]
    ],
    "S38": [
      [
        "PAT_0618",
        0,
        0.0
      ],
      [
        "PAT_0618",
        0,
        2370.8525
      ],
      [
        "PAT_0780",
        0,
        4741.705
      ]
    ],
    "S11": [
      [
        "PAT_0618",
        0,
        794.3193
      ],
      [
        "PAT_0394",
        0,
        4611.1151
      ]
    ],
    "S34": [
      [
        "PAT_0528",
        0,
        0.0
      ],
      [
        "PAT_0281",
        0,
        4594.3021
      ]
    ],
    "S33": [
      [
        "PAT_0217",
        0,
        863.9595
      ]
    ],
    "S37": [
      [
        "PAT_0217",
        0,
        1305.4566
      ]
    ],
    "S6": [
      [
        "PAT_0336",
        0,
        0.0
      ]
    ],
    "S24": [
      [
        "PAT_0685",
        1,
        903.5638
      ],
      [
        "PAT_0685",
        1,
        3274.4163
      ]
    ],
    "S30": [
      [
        "PAT_0822",
        0,
        0.0
      ],
      [
        "PAT_0430",
        1,
        3213.0331
      ]
    ],
    "S15": [
      [
        "PAT_0013",
        0,
        0.0
      ]
    ],
    "S18": [
      [
        "PAT_0295",
        0,
        0.0
      ],
      [
        "PAT_0300",
        0,
        3440.8185
      ]
    ],
    "S8": [
      [
        "PAT_0812",
        0,
        0.0
      ],
      [
        "PAT_0054",
        0,
        2370.8525
      ]
    ],
    "S28": [
      [
        "PAT_0520",
        0,
        1288.9506
      ]
    ],
    "S31": [
      [
        "PAT_1224",
        0,
        0.0
      ],
      [
        "PAT_0668",
        1,
        4056.4218
      ]
    ],
    "S23": [
      [
        "PAT_0621",
        0,
        0.0
      ],
      [
        "PAT_0467",
        0,
        2938.5068000000006
      ]
    ],
    "S17": [
      [
        "PAT_0335",
        0,
        749.8614
      ]
    ]
  }
}