{
  "instance": "SYN_SWEEP4_WIDRATIO_HIGH_015",
  "method": "multistart",
  "start_method": "none",
  "time_limit": 60.0,
  "cost": 7034.952,
  "is_feasible": true,
  "unmet": {},
  "overprod": {
    "P1": 1,
    "P3": 1,
    "P6": 1,
    "P7": 1
  },
  "elapsed_sec": 0.51,
  "active": {
    "S28": [
      [
        "PAT_0089",
        0,
        0.0
      ],
      [
        "PAT_0089",
        0,
        3493.5686
      ],
      [
        "PAT_0089",
        0,
        6987.1372
      ]
    ],
    "S16": [
      [
        "PAT_0096",
        0,
        3351.7977
      ],
      [
        "PAT_0096",
        0,
        7590.212
      ]
    ],
    "S15": [
      [
        "PAT_0084",
        0,
        3517.9088
      ],
      [
        "PAT_0084",
        0,
        6827.301100000001
      ]
    ],
    "S26": [
      [
        "PAT_0084",
        0,
        605.7714
      ],
      [
        "PAT_0094",
        1,
        3915.1637
      ]
    ],
    "S11": [
      [
        "PAT_0067",
        0,
        2091.9682
      ]
    ],
    "S25": [
      [
        "PAT_0066",
        0,
        2218.7502
      ]
    ],
    "S20": [
      [
        "PAT_0065",
        0,
        0.0
      ]
    ],
    "S33": [
      [
        "PAT_0058",
        0,
        1757.7651
      ],
      [
        "PAT_0058",
        0,
        5834.7988000000005
      ]
    ],
    "S7": [
      [
        "PAT_0078",
        0,
        2281.2353
      ]
    ],
    "S30": [
      [
        "PAT_0006",
        0,
        0.0
      ],
      [
        "PAT_0006",
        0,
        4077.0337
      ]
    ],
    "S6": [
      [
        "PAT_0072",
        0,
        0.0
      ]
    ]
  }
}