{
  "instance": "SYN_SWEEP4_WIDRATIO_HIGH_005",
  "method": "SA",
  "start_method": "greedy",
  "time_limit": 60.0,
  "cost": 9551.4572,
  "is_feasible": true,
  "unmet": {},
  "overprod": {
    "P11": 1,
    "P12": 1,
    "P13": 1
  },
  "elapsed_sec": 60.04,
  "active": {
    "S43": [
      [
        "PAT_1110",
        0,
        0.0
      ],
      [
        "PAT_0570",
        0,
        1602.0018
      ],
      [
        "PAT_0096",
        0,
        4900.8772
      ]
    ],
    "S11": [
      [
        "PAT_0053",
        0,
        0.0
      ],
      [
        "PAT_1086",
        1,
        4927.7075
      ]
    ],
    "S33": [
      [
        "PAT_0496",
        0,
        1271.0587
      ],
      [
        "PAT_0122",
        0,
        4569.9341
      ]
    ],
    "S26": [
      [
        "PAT_1101",
        0,
        0.0
      ],
      [
        "PAT_0388",
        0,
        1513.7794
      ],
      [
        "PAT_0792",
        0,
        4333.878699999999
      ]
    ],
    "S29": [
      [
        "PAT_0225",
        0,
        0.0
      ],
      [
        "PAT_1139",
        0,
        2820.0993
      ],
      [
        "PAT_0059",
        1,
        4364.7853
      ]
    ],
    "S44": [
      [
        "PAT_0124",
        0,
        0.0
      ],
      [
        "PAT_1110",
        0,
        4009.39
      ]
    ],
    "S27": [
      [
        "PAT_1059",
        0,
        0.0
      ],
      [
        "PAT_0573",
        0,
        1513.7794
      ],
      [
        "PAT_0856",
        1,
        4812.6548
      ]
    ],
    "S35": [
      [
        "PAT_1002",
        0,
        0.0
      ],
      [
        "PAT_0378",
        0,
        1513.7794
      ],
      [
        "PAT_1088",
        1,
        4333.878699999999
      ]
    ],
    "S32": [
      [
        "PAT_0435",
        0,
        1422.7377
      ]
    ],
    "S17": [
      [
        "PAT_0524",
        0,
        0.0
      ],
      [
        "PAT_0353",
        0,
        3298.8754
      ]
    ],
    "S42": [
      [
        "PAT_0718",
        0,
        0.0
      ],
      [
        "PAT_0171",
        0,
        3298.8754
      ]
    ],
    "S47": [
      [
        "PAT_1141",
        0,
        713.9322
      ],
      [
        "PAT_0564",
        0,
        2227.7115999999996
      ]
    ],
    "S14": [
      [
        "PAT_0441",
        0,
        0.0
      ],
      [
        "PAT_0451",
        0,
        3842.3066
      ]
    ],
    "S5": [
      [
        "PAT_0451",
        0,
        0.0
      ],
      [
        "PAT_0039",
        0,
        3842.3066
      ]
    ]
  }
}