{
  "instance": "SYN_SWEEP4_WIDRATIO_HIGH_001",
  "method": "VNS_SA",
  "start_method": "multistart",
  "time_limit": 60.0,
  "cost": 10996.912,
  "is_feasible": true,
  "unmet": {},
  "overprod": {
    "P6": 1,
    "P8": 1,
    "P10": 1,
    "P11": 2
  },
  "elapsed_sec": 39.2,
  "active": {
    "S18": [
      [
        "PAT_0142",
        0,
        0.0
      ],
      [
        "PAT_0142",
        0,
        3640.8259
      ]
    ],
    "S25": [
      [
        "PAT_0011",
        0,
        0.0
      ],
      [
        "PAT_0100",
        1,
        5397.4372
      ]
    ],
    "S20": [
      [
        "PAT_0006",
        0,
        1136.06
      ]
    ],
    "S32": [
      [
        "PAT_0005",
        0,
        0.0
      ]
    ],
    "S27": [
      [
        "PAT_0181",
        0,
        0.0
      ],
      [
        "PAT_0126",
        0,
        3263.9559
      ],
      [
        "PAT_0126",
        0,
        5937.9436000000005
      ]
    ],
    "S28": [
      [
        "PAT_0192",
        0,
        0.0
      ],
      [
        "PAT_0192",
        0,
        1696.6325
      ],
      [
        "PAT_0192",
        0,
        3393.265
      ]
    ],
    "S9": [
      [
        "PAT_0148",
        0,
        0.0
      ],
      [
        "PAT_0006",
        0,
        4401.6711000000005
      ]
    ],
    "S13": [
      [
        "PAT_0004",
        0,
        1978.6812
      ]
    ],
    "S24": [
      [
        "PAT_0238",
        0,
        0.0
      ],
      [
        "PAT_0238",
        0,
        2263.1026
      ],
      [
        "PAT_0238",
        0,
        4526.2052
      ]
    ],
    "S4": [
      [
        "PAT_0220",
        0,
        0.0
      ],
      [
        "PAT_0220",
        0,
        2263.1026
      ],
      [
        "PAT_0192",
        0,
        4526.2052
      ]
    ],
    "S23": [
      [
        "PAT_0006",
        0,
        0.0
      ],
      [
        "PAT_0149",
        0,
        5369.7389
      ]
    ],
    "S36": [
      [
        "PAT_0049",
        0,
        0.0
      ],
      [
        "PAT_0049",
        0,
        2673.9877
      ],
      [
        "PAT_0049",
        0,
        5347.9754
      ]
    ],
    "S14": [
      [
        "PAT_0004",
        0,
        1727.6753
      ]
    ],
    "S6": [
      [
        "PAT_0004",
        0,
        0.0
      ],
      [
        "PAT_0240",
        0,
        4706.4376
      ]
    ],
    "S5": [
      [
        "PAT_0007",
        0,
        3920.0981
      ]
    ],
    "S35": [
      [
        "PAT_0191",
        0,
        0.0
      ],
      [
        "PAT_0006",
        0,
        1820.7987
      ]
    ],
    "S1": [
      [
        "PAT_0024",
        0,
        0.0
      ],
      [
        "PAT_0169",
        0,
        3669.32
      ]
    ],
    "S37": [
      [
        "PAT_0155",
        0,
        0.0
      ],
      [
        "PAT_0031",
        0,
        3640.8259
      ]
    ]
  }
}