{
  "instance": "SYN_SWEEP4_WIDRATIO_HIGH_015",
  "method": "FI",
  "start_method": "greedy",
  "time_limit": 60.0,
  "cost": 7104.8412,
  "is_feasible": true,
  "unmet": {},
  "overprod": {
    "P3": 3,
    "P5": 1,
    "P7": 1
  },
  "elapsed_sec": 60.0,
  "active": {
    "S33": [
      [
        "PAT_0090",
        0,
        1757.7651
      ],
      [
        "PAT_0090",
        0,
        5251.3337
      ]
    ],
    "S16": [
      [
        "PAT_0028",
        0,
        0.0
      ],
      [
        "PAT_0096",
        0,
        4169.243699999999
      ],
      [
        "PAT_0096",
        0,
        8407.658
      ]
    ],
    "S29": [
      [
        "PAT_0083",
        0,
        0.0
      ],
      [
        "PAT_0083",
        0,
        3309.3923
      ],
      [
        "PAT_0083",
        0,
        6618.7846
      ]
    ],
    "S11": [
      [
        "PAT_0067",
        0,
        2091.9682
      ],
      [
        "PAT_0081",
        1,
        7591.968199999999
      ]
    ],
    "S7": [
      [
        "PAT_0066",
        0,
        2281.2353
      ]
    ],
    "S6": [
      [
        "PAT_0065",
        0,
        0.0
      ],
      [
        "PAT_0088",
        1,
        5500.0
      ]
    ],
    "S20": [
      [
        "PAT_0093",
        0,
        0.0
      ],
      [
        "PAT_0080",
        0,
        4238.4143
      ]
    ],
    "S15": [
      [
        "PAT_0055",
        0,
        2242.3281
      ],
      [
        "PAT_0055",
        0,
        6319.361800000001
      ]
    ],
    "S12": [
      [
        "PAT_0005",
        0,
        0.0
      ],
      [
        "PAT_0005",
        0,
        4077.0337
      ]
    ],
    "S26": [
      [
        "PAT_0076",
        1,
        605.7714
      ],
      [
        "PAT_0076",
        1,
        4598.5572
      ]
    ]
  }
}