{
  "instance": "20260330092015_46Orders150Stocks",
  "method": "ILS_SA",
  "start_method": "greedy",
  "time_limit": 60.0,
  "cost": 20211.0056,
  "is_feasible": true,
  "unmet": {},
  "overprod": {
    "P1": 1,
    "P9": 1,
    "P25": 1
  },
  "elapsed_sec": 60.05,
  "active": {
    "S7": [
      [
        "PAT_0859",
        0,
        335.44
      ],
      [
        "PAT_0859",
        0,
        1344.44
      ],
      [
        "PAT_0859",
        0,
        2353.44
      ],
      [
        "PAT_0859",
        0,
        3362.44
      ],
      [
        "PAT_0607",
        0,
        4371.4400000000005
      ]
    ],
    "S122": [
      [
        "PAT_0059",
        0,
        0.0
      ],
      [
        "PAT_0059",
        0,
        1555.0
      ]
    ],
    "S94": [
      [
        "PAT_0493",
        0,
        0.0
      ],
      [
        "PAT_0493",
        0,
        1963.0
      ],
      [
        "PAT_0455",
        0,
        3926.0
      ]
    ],
    "S98": [
      [
        "PAT_0373",
        0,
        0.0
      ],
      [
        "PAT_0373",
        0,
        1740.0
      ],
      [
        "PAT_0373",
        0,
        3480.0
      ]
    ],
    "S38": [
      [
        "PAT_0074",
        0,
        0.0
      ],
      [
        "PAT_0074",
        0,
        2842.0
      ],
      [
        "PAT_0074",
        0,
        5684.0
      ]
    ],
    "S79": [
      [
        "PAT_0004",
        0,
        229.93
      ],
      [
        "PAT_0004",
        0,
        1238.93
      ],
      [
        "PAT_0004",
        0,
        2247.9300000000003
      ],
      [
        "PAT_0004",
        0,
        3256.9300000000003
      ],
      [
        "PAT_0004",
        0,
        4265.93
      ]
    ],
    "S63": [
      [
        "PAT_0189",
        0,
        0.0
      ],
      [
        "PAT_0189",
        0,
        1555.0
      ],
      [
        "PAT_0189",
        0,
        3110.0
      ],
      [
        "PAT_0189",
        0,
        4665.0
      ],
      [
        "PAT_0189",
        0,
        6220.0
      ],
      [
        "PAT_0189",
        0,
        7775.0
      ]
    ],
    "S109": [
      [
        "PAT_0414",
        0,
        0.0
      ],
      [
        "PAT_0414",
        0,
        3081.0
      ],
      [
        "PAT_0581",
        0,
        6162.0
      ]
    ],
    "S111": [
      [
        "PAT_0080",
        0,
        0.0
      ],
      [
        "PAT_0080",
        0,
        2842.0
      ]
    ],
    "S45": [
      [
        "PAT_0285",
        0,
        0.0
      ],
      [
        "PAT_0285",
        0,
        2842.0
      ],
      [
        "PAT_0285",
        0,
        5684.0
      ]
    ],
    "S16": [
      [
        "PAT_0983",
        0,
        290.54
      ]
    ],
    "S53": [
      [
        "PAT_0139",
        0,
        244.77
      ],
      [
        "PAT_0139",
        0,
        3325.77
      ],
      [
        "PAT_0301",
        0,
        6602.92
      ]
    ],
    "S26": [
      [
        "PAT_0400",
        0,
        0.0
      ],
      [
        "PAT_0400",
        0,
        4167.0
      ]
    ],
    "S83": [
      [
        "PAT_1043",
        0,
        0.0
      ]
    ],
    "S39": [
      [
        "PAT_1052",
        0,
        1523.47
      ]
    ],
    "S130": [
      [
        "PAT_0146",
        0,
        0.0
      ],
      [
        "PAT_0146",
        0,
        2842.0
      ]
    ],
    "S24": [
      [
        "PAT_0432",
        0,
        0.0
      ]
    ],
    "S96": [
      [
        "PAT_0005",
        0,
        461.6
      ],
      [
        "PAT_0870",
        0,
        3066.0
      ]
    ],
    "S27": [
      [
        "PAT_0176",
        0,
        0.0
      ],
      [
        "PAT_0292",
        0,
        4167.0
      ]
    ],
    "S144": [
      [
        "PAT_1492",
        0,
        1594.89
      ]
    ],
    "S56": [
      [
        "PAT_1309",
        0,
        1852.25
      ]
    ],
    "S100": [
      [
        "PAT_1094",
        0,
        96.38
      ]
    ],
    "S146": [
      [
        "PAT_0092",
        0,
        0.0
      ]
    ],
    "S44": [
      [
        "PAT_1041",
        0,
        0.0
      ]
    ],
    "S58": [
      [
        "PAT_0974",
        0,
        0.0
      ]
    ],
    "S5": [
      [
        "PAT_1493",
        0,
        3561.35
      ]
    ],
    "S72": [
      [
        "PAT_0958",
        0,
        625.14
      ]
    ],
    "S17": [
      [
        "PAT_1391",
        0,
        0.0
      ],
      [
        "PAT_0753",
        0,
        7441.05
      ]
    ],
    "S35": [
      [
        "PAT_0354",
        0,
        750.97
      ],
      [
        "PAT_0034",
        0,
        3831.9700000000003
      ]
    ],
    "S18": [
      [
        "PAT_0594",
        0,
        0.0
      ],
      [
        "PAT_0471",
        0,
        4506.0
      ]
    ],
    "S150": [
      [
        "PAT_0585",
        0,
        0.0
      ]
    ],
    "S40": [
      [
        "PAT_0386",
        0,
        0.0
      ],
      [
        "PAT_0142",
        0,
        4887.0
      ]
    ],
    "S28": [
      [
        "PAT_1112",
        0,
        980.24
      ]
    ],
    "S85": [
      [
        "PAT_0510",
        0,
        0.0
      ]
    ],
    "S87": [
      [
        "PAT_0012",
        0,
        0.0
      ]
    ],
    "S107": [
      [
        "PAT_1104",
        0,
        0.0
      ],
      [
        "PAT_0498",
        1,
        5298.16
      ]
    ],
    "S95": [
      [
        "PAT_0253",
        0,
        0.0
      ]
    ]
  }
}