{
  "instance": "SYN_SWEEP3_LENRATIO_LONG_017",
  "method": "multistart",
  "start_method": "none",
  "time_limit": 60.0,
  "cost": 6932.2582,
  "is_feasible": true,
  "unmet": {},
  "overprod": {
    "P5": 3,
    "P6": 5,
    "P10": 2
  },
  "elapsed_sec": 0.93,
  "active": {
    "S37": [
      [
        "PAT_0255",
        0,
        0.0
      ],
      [
        "PAT_0255",
        0,
        2877.5736
      ],
      [
        "PAT_0021",
        0,
        5755.1472
      ],
      [
        "PAT_0021",
        0,
        9766.9699
      ],
      [
        "PAT_0209",
        0,
        13778.7926
      ]
    ],
    "S26": [
      [
        "PAT_0022",
        0,
        0.0
      ],
      [
        "PAT_0022",
        0,
        4011.8227
      ],
      [
        "PAT_0022",
        0,
        8023.6454
      ],
      [
        "PAT_0195",
        1,
        17980.2516
      ],
      [
        "PAT_0195",
        1,
        21420.1881
      ],
      [
        "PAT_0195",
        1,
        24860.1246
      ],
      [
        "PAT_0017",
        0,
        28300.0611
      ]
    ],
    "S33": [
      [
        "PAT_0168",
        1,
        11971.0033
      ],
      [
        "PAT_0168",
        1,
        15285.8129
      ],
      [
        "PAT_0168",
        1,
        18600.6225
      ]
    ],
    "S45": [
      [
        "PAT_0233",
        3,
        18702.2542
      ],
      [
        "PAT_0233",
        3,
        22781.1195
      ],
      [
        "PAT_0233",
        3,
        26859.984800000002
      ]
    ],
    "S42": [
      [
        "PAT_0101",
        0,
        0.0
      ],
      [
        "PAT_0101",
        0,
        4342.6243
      ],
      [
        "PAT_0101",
        0,
        8685.2486
      ],
      [
        "PAT_0101",
        0,
        13027.872900000002
      ],
      [
        "PAT_0101",
        0,
        17370.4972
      ],
      [
        "PAT_0036",
        0,
        21713.1215
      ]
    ],
    "S2": [
      [
        "PAT_0043",
        0,
        0.0
      ],
      [
        "PAT_0043",
        0,
        4342.6243
      ],
      [
        "PAT_0043",
        0,
        8685.2486
      ],
      [
        "PAT_0224",
        0,
        13027.872900000002
      ]
    ]
  }
}