{
  "instance": "SYN_SWEEP3_LENRATIO_LONG_029",
  "method": "VNS_SA",
  "start_method": "greedy",
  "time_limit": 60.0,
  "cost": 7915.644,
  "is_feasible": true,
  "unmet": {},
  "overprod": {
    "P1": 1,
    "P2": 1,
    "P3": 1,
    "P6": 1,
    "P7": 1,
    "P10": 3
  },
  "elapsed_sec": 6.79,
  "active": {
    "S41": [
      [
        "PAT_0017",
        0,
        5250.8587
      ],
      [
        "PAT_0017",
        0,
        8259.6395
      ],
      [
        "PAT_0017",
        0,
        11268.4203
      ],
      [
        "PAT_0017",
        0,
        14277.2011
      ]
    ],
    "S18": [
      [
        "PAT_0148",
        0,
        0.0
      ],
      [
        "PAT_0148",
        0,
        3195.5581
      ],
      [
        "PAT_0148",
        0,
        6391.1162
      ],
      [
        "PAT_0142",
        0,
        9586.6743
      ],
      [
        "PAT_0142",
        0,
        12370.300500000001
      ],
      [
        "PAT_0008",
        0,
        15153.926700000002
      ],
      [
        "PAT_0151",
        1,
        18635.8589
      ]
    ],
    "S40": [
      [
        "PAT_0009",
        0,
        0.0
      ],
      [
        "PAT_0009",
        0,
        3008.7808
      ],
      [
        "PAT_0009",
        0,
        6017.5616
      ]
    ],
    "S17": [
      [
        "PAT_0089",
        0,
        0.0
      ],
      [
        "PAT_0089",
        0,
        3718.0638
      ],
      [
        "PAT_0141",
        0,
        7436.1276
      ],
      [
        "PAT_0042",
        1,
        10901.38
      ],
      [
        "PAT_0042",
        1,
        12638.2619
      ],
      [
        "PAT_0142",
        1,
        14375.1438
      ]
    ],
    "S10": [
      [
        "PAT_0076",
        0,
        0.0
      ],
      [
        "PAT_0076",
        0,
        3718.0638
      ],
      [
        "PAT_0076",
        0,
        7436.1276
      ],
      [
        "PAT_0076",
        0,
        11154.1914
      ],
      [
        "PAT_0150",
        1,
        17497.6451
      ]
    ],
    "S13": [
      [
        "PAT_0081",
        0,
        0.0
      ],
      [
        "PAT_0081",
        0,
        3718.0638
      ],
      [
        "PAT_0081",
        1,
        11892.81
      ],
      [
        "PAT_0081",
        1,
        15610.8738
      ]
    ],
    "S22": [
      [
        "PAT_0029",
        0,
        0.0
      ],
      [
        "PAT_0029",
        0,
        1736.8819
      ],
      [
        "PAT_0040",
        0,
        3473.7638
      ],
      [
        "PAT_0040",
        0,
        5210.6457
      ],
      [
        "PAT_0150",
        0,
        6947.5276
      ],
      [
        "PAT_0150",
        0,
        10143.0857
      ],
      [
        "PAT_0150",
        0,
        13338.6438
      ],
      [
        "PAT_0150",
        0,
        16534.2019
      ],
      [
        "PAT_0150",
        0,
        19729.760000000002
      ]
    ]
  }
}