{
  "instance": "SYN_SWEEP3_LENRATIO_LONG_010",
  "method": "FI",
  "start_method": "multistart",
  "time_limit": 60.0,
  "cost": 7096.3594,
  "is_feasible": true,
  "unmet": {},
  "overprod": {
    "P5": 1,
    "P6": 1,
    "P7": 5
  },
  "elapsed_sec": 60.0,
  "active": {
    "S17": [
      [
        "PAT_0005",
        0,
        5288.6375
      ],
      [
        "PAT_0005",
        0,
        9062.909599999999
      ],
      [
        "PAT_0005",
        0,
        12837.1817
      ],
      [
        "PAT_0092",
        1,
        16611.4538
      ],
      [
        "PAT_0092",
        1,
        18817.4075
      ]
    ],
    "S32": [
      [
        "PAT_0093",
        0,
        0.0
      ],
      [
        "PAT_0093",
        0,
        2205.9537
      ],
      [
        "PAT_0093",
        0,
        4411.9074
      ],
      [
        "PAT_0093",
        0,
        6617.8611
      ],
      [
        "PAT_0023",
        0,
        8823.8148
      ],
      [
        "PAT_0077",
        0,
        11125.4933
      ]
    ],
    "S24": [
      [
        "PAT_0069",
        1,
        21128.456
      ],
      [
        "PAT_0069",
        1,
        24164.258499999996
      ]
    ],
    "S37": [
      [
        "PAT_0088",
        0,
        4966.1597
      ],
      [
        "PAT_0088",
        0,
        8325.342
      ],
      [
        "PAT_0088",
        0,
        11684.524300000001
      ],
      [
        "PAT_0088",
        0,
        15043.706600000001
      ],
      [
        "PAT_0088",
        0,
        18402.8889
      ]
    ],
    "S23": [
      [
        "PAT_0063",
        1,
        7367.6191
      ],
      [
        "PAT_0063",
        1,
        10299.4556
      ],
      [
        "PAT_0063",
        1,
        13231.292099999999
      ],
      [
        "PAT_0063",
        1,
        16163.128599999998
      ],
      [
        "PAT_0063",
        1,
        19094.965099999998
      ],
      [
        "PAT_0031",
        1,
        22026.8016
      ]
    ],
    "S10": [
      [
        "PAT_0072",
        0,
        3459.4152
      ],
      [
        "PAT_0072",
        0,
        6818.5975
      ],
      [
        "PAT_0069",
        1,
        15847.8421
      ],
      [
        "PAT_0069",
        1,
        18883.6446
      ],
      [
        "PAT_0069",
        1,
        21919.447099999998
      ]
    ],
    "S31": [
      [
        "PAT_0020",
        0,
        1717.1916
      ],
      [
        "PAT_0020",
        0,
        4018.8701
      ],
      [
        "PAT_0010",
        1,
        12429.2648
      ],
      [
        "PAT_0010",
        1,
        14730.9433
      ],
      [
        "PAT_0010",
        1,
        17032.6218
      ],
      [
        "PAT_0010",
        1,
        19334.300300000003
      ]
    ]
  }
}