{
  "instance": "SYN_SWEEP3_LENRATIO_LONG_014",
  "method": "TS",
  "start_method": "greedy",
  "time_limit": 60.0,
  "cost": 6023.0363,
  "is_feasible": true,
  "unmet": {},
  "overprod": {
    "P1": 1,
    "P2": 1,
    "P4": 1,
    "P10": 1
  },
  "elapsed_sec": 60.0,
  "active": {
    "S10": [
      [
        "PAT_0044",
        0,
        0.0
      ],
      [
        "PAT_0044",
        0,
        4544.3154
      ],
      [
        "PAT_0277",
        0,
        9088.6308
      ],
      [
        "PAT_0044",
        1,
        13306.0884
      ],
      [
        "PAT_0016",
        2,
        18636.6111
      ]
    ],
    "S23": [
      [
        "PAT_0220",
        0,
        0.0
      ],
      [
        "PAT_0220",
        0,
        2930.1985
      ],
      [
        "PAT_0220",
        0,
        5860.397
      ],
      [
        "PAT_0273",
        2,
        12029.8137
      ],
      [
        "PAT_0273",
        2,
        14230.393
      ]
    ],
    "S20": [
      [
        "PAT_0329",
        0,
        3390.6668
      ],
      [
        "PAT_0130",
        0,
        6224.5518
      ],
      [
        "PAT_0336",
        1,
        11706.7779
      ],
      [
        "PAT_0336",
        1,
        14540.6629
      ],
      [
        "PAT_0336",
        1,
        17374.547899999998
      ]
    ],
    "S14": [
      [
        "PAT_0034",
        0,
        10006.4731
      ],
      [
        "PAT_0034",
        0,
        14550.788499999999
      ]
    ],
    "S36": [
      [
        "PAT_0073",
        0,
        0.0
      ],
      [
        "PAT_0073",
        0,
        2930.1985
      ],
      [
        "PAT_0073",
        0,
        5860.397
      ],
      [
        "PAT_0073",
        1,
        10604.3214
      ],
      [
        "PAT_0073",
        1,
        13534.519900000001
      ]
    ],
    "S7": [
      [
        "PAT_0309",
        0,
        0.0
      ],
      [
        "PAT_0309",
        0,
        2200.5793
      ],
      [
        "PAT_0255",
        0,
        4401.1586
      ],
      [
        "PAT_0255",
        0,
        7996.5836
      ],
      [
        "PAT_0035",
        0,
        11592.008600000001
      ]
    ]
  }
}