{
  "instance": "SYN_SWEEP3_LENRATIO_LONG_005",
  "method": "multistart",
  "start_method": "none",
  "time_limit": 60.0,
  "cost": 6889.7507,
  "is_feasible": true,
  "unmet": {},
  "overprod": {
    "P2": 1,
    "P5": 3,
    "P8": 2,
    "P9": 1,
    "P10": 1
  },
  "elapsed_sec": 1.97,
  "active": {
    "S47": [
      [
        "PAT_0074",
        0,
        2917.9832
      ],
      [
        "PAT_0074",
        0,
        7147.503500000001
      ],
      [
        "PAT_0074",
        0,
        11377.0238
      ],
      [
        "PAT_0043",
        0,
        15606.544100000001
      ]
    ],
    "S35": [
      [
        "PAT_0005",
        0,
        5421.4922
      ],
      [
        "PAT_0005",
        0,
        9240.1444
      ],
      [
        "PAT_0005",
        0,
        13058.7966
      ],
      [
        "PAT_0024",
        1,
        16877.4488
      ]
    ],
    "S25": [
      [
        "PAT_0267",
        0,
        0.0
      ],
      [
        "PAT_0267",
        0,
        3690.8516
      ],
      [
        "PAT_0267",
        0,
        7381.7032
      ],
      [
        "PAT_0267",
        0,
        11072.5548
      ],
      [
        "PAT_0267",
        0,
        14763.4064
      ],
      [
        "PAT_0030",
        2,
        20998.2533
      ]
    ],
    "S4": [
      [
        "PAT_0245",
        0,
        8315.5135
      ],
      [
        "PAT_0245",
        0,
        12761.1309
      ],
      [
        "PAT_0245",
        0,
        17206.7483
      ]
    ],
    "S44": [
      [
        "PAT_0149",
        0,
        0.0
      ],
      [
        "PAT_0149",
        0,
        3490.5441
      ],
      [
        "PAT_0032",
        1,
        8299.341
      ],
      [
        "PAT_0097",
        1,
        14745.713
      ]
    ],
    "S23": [
      [
        "PAT_0120",
        0,
        0.0
      ],
      [
        "PAT_0120",
        0,
        3490.5441
      ],
      [
        "PAT_0120",
        0,
        6981.0882
      ],
      [
        "PAT_0173",
        1,
        12505.529
      ],
      [
        "PAT_0204",
        1,
        15996.073100000001
      ]
    ],
    "S13": [
      [
        "PAT_0078",
        0,
        9348.7311
      ]
    ]
  }
}