{
  "instance": "SYN_SWEEP3_LENRATIO_LONG_017",
  "method": "FI",
  "start_method": "multistart",
  "time_limit": 60.0,
  "cost": 6647.4554,
  "is_feasible": true,
  "unmet": {},
  "overprod": {
    "P1": 1,
    "P5": 1,
    "P6": 3,
    "P10": 1
  },
  "elapsed_sec": 60.0,
  "active": {
    "S33": [
      [
        "PAT_0168",
        1,
        11971.0033
      ],
      [
        "PAT_0168",
        1,
        15285.8129
      ],
      [
        "PAT_0168",
        1,
        18600.6225
      ]
    ],
    "S42": [
      [
        "PAT_0101",
        0,
        0.0
      ],
      [
        "PAT_0101",
        0,
        4342.6243
      ],
      [
        "PAT_0101",
        0,
        8685.2486
      ],
      [
        "PAT_0101",
        0,
        13027.872900000002
      ],
      [
        "PAT_0101",
        0,
        17370.4972
      ]
    ],
    "S26": [
      [
        "PAT_0195",
        0,
        0.0
      ],
      [
        "PAT_0195",
        0,
        3439.9365
      ],
      [
        "PAT_0195",
        0,
        6879.873
      ],
      [
        "PAT_0022",
        1,
        17980.2516
      ],
      [
        "PAT_0022",
        1,
        21992.0743
      ],
      [
        "PAT_0022",
        1,
        26003.897
      ],
      [
        "PAT_0022",
        1,
        30015.7197
      ]
    ],
    "S45": [
      [
        "PAT_0202",
        1,
        5151.5104
      ],
      [
        "PAT_0242",
        1,
        18702.2542
      ],
      [
        "PAT_0242",
        1,
        22781.1195
      ],
      [
        "PAT_0242",
        1,
        26859.984800000002
      ]
    ],
    "S37": [
      [
        "PAT_0254",
        0,
        0.0
      ],
      [
        "PAT_0254",
        0,
        2877.5736
      ],
      [
        "PAT_0017",
        0,
        5755.1472
      ],
      [
        "PAT_0017",
        0,
        9766.9699
      ]
    ],
    "S2": [
      [
        "PAT_0043",
        0,
        0.0
      ],
      [
        "PAT_0043",
        0,
        4342.6243
      ],
      [
        "PAT_0043",
        0,
        8685.2486
      ],
      [
        "PAT_0036",
        0,
        13027.872900000002
      ]
    ]
  }
}