{
  "instance": "SYN_SWEEP3_LENRATIO_LONG_010",
  "method": "FI",
  "start_method": "greedy",
  "time_limit": 60.0,
  "cost": 7027.6366,
  "is_feasible": true,
  "unmet": {},
  "overprod": {
    "P1": 1,
    "P5": 1,
    "P7": 1
  },
  "elapsed_sec": 60.0,
  "active": {
    "S31": [
      [
        "PAT_0007",
        0,
        1717.1916
      ],
      [
        "PAT_0007",
        0,
        5491.4637
      ],
      [
        "PAT_0093",
        1,
        12429.2648
      ],
      [
        "PAT_0093",
        2,
        17379.1307
      ]
    ],
    "S32": [
      [
        "PAT_0093",
        0,
        0.0
      ],
      [
        "PAT_0093",
        0,
        2205.9537
      ],
      [
        "PAT_0093",
        0,
        4411.9074
      ],
      [
        "PAT_0022",
        0,
        6617.8611
      ],
      [
        "PAT_0068",
        2,
        19724.0512
      ]
    ],
    "S13": [
      [
        "PAT_0068",
        0,
        1862.0153
      ],
      [
        "PAT_0068",
        0,
        4897.8178
      ]
    ],
    "S23": [
      [
        "PAT_0063",
        1,
        7529.216300000004
      ],
      [
        "PAT_0063",
        1,
        10461.052800000003
      ],
      [
        "PAT_0063",
        1,
        13392.889300000003
      ],
      [
        "PAT_0063",
        1,
        16324.725800000002
      ],
      [
        "PAT_0063",
        1,
        19256.5623
      ],
      [
        "PAT_0016",
        0,
        22188.398800000003
      ]
    ],
    "S24": [
      [
        "PAT_0002",
        0,
        0.0
      ],
      [
        "PAT_0085",
        1,
        15056.851
      ],
      [
        "PAT_0085",
        1,
        18416.0333
      ],
      [
        "PAT_0085",
        1,
        21775.2156
      ],
      [
        "PAT_0010",
        1,
        25134.3979
      ]
    ],
    "S21": [
      [
        "PAT_0010",
        1,
        6776.2704
      ],
      [
        "PAT_0010",
        1,
        9077.9489
      ],
      [
        "PAT_0010",
        1,
        11379.6274
      ],
      [
        "PAT_0010",
        1,
        13681.3059
      ],
      [
        "PAT_0071",
        1,
        15982.9844
      ],
      [
        "PAT_0071",
        1,
        19342.166699999998
      ]
    ],
    "S10": [
      [
        "PAT_0069",
        0,
        3459.4152
      ],
      [
        "PAT_0069",
        0,
        6495.217699999999
      ],
      [
        "PAT_0069",
        0,
        9531.020199999999
      ],
      [
        "PAT_0072",
        1,
        15847.8421
      ],
      [
        "PAT_0072",
        1,
        19207.0244
      ],
      [
        "PAT_0072",
        1,
        22566.2067
      ]
    ]
  }
}