{
  "instance": "SYN_SWEEP3_LENRATIO_LONG_006",
  "method": "TS",
  "start_method": "greedy",
  "time_limit": 60.0,
  "cost": 11451.8177,
  "is_feasible": true,
  "unmet": {},
  "overprod": {
    "P2": 2,
    "P6": 3,
    "P10": 1
  },
  "elapsed_sec": 60.01,
  "active": {
    "S44": [
      [
        "PAT_1303",
        0,
        0.0
      ],
      [
        "PAT_1303",
        0,
        2731.8502
      ],
      [
        "PAT_1303",
        0,
        5463.7004
      ],
      [
        "PAT_1303",
        0,
        8195.550599999999
      ],
      [
        "PAT_1303",
        0,
        10927.4008
      ],
      [
        "PAT_1303",
        0,
        13659.251
      ],
      [
        "PAT_1363",
        0,
        16391.1012
      ],
      [
        "PAT_1363",
        0,
        19122.9514
      ]
    ],
    "S27": [
      [
        "PAT_0033",
        1,
        4927.7018
      ],
      [
        "PAT_0033",
        1,
        6775.6596
      ],
      [
        "PAT_0033",
        1,
        8623.6174
      ],
      [
        "PAT_0033",
        1,
        10471.5752
      ],
      [
        "PAT_0033",
        1,
        12319.533
      ],
      [
        "PAT_1214",
        0,
        14167.4908
      ]
    ],
    "S31": [
      [
        "PAT_1209",
        0,
        0.0
      ],
      [
        "PAT_1211",
        0,
        3754.379799999999
      ],
      [
        "PAT_1211",
        0,
        7307.384699999999
      ],
      [
        "PAT_1211",
        0,
        10860.389599999999
      ],
      [
        "PAT_1211",
        0,
        14413.394499999999
      ],
      [
        "PAT_1210",
        0,
        17966.3994
      ]
    ],
    "S14": [
      [
        "PAT_0237",
        1,
        7193.4263
      ],
      [
        "PAT_0237",
        1,
        9041.3841
      ],
      [
        "PAT_0237",
        1,
        10889.3419
      ],
      [
        "PAT_0237",
        1,
        12737.2997
      ]
    ],
    "S30": [
      [
        "PAT_0342",
        0,
        3838.325099999998
      ],
      [
        "PAT_0855",
        0,
        8772.809399999998
      ],
      [
        "PAT_0855",
        0,
        13707.293699999998
      ],
      [
        "PAT_0855",
        0,
        18641.778
      ]
    ],
    "S20": [
      [
        "PAT_0029",
        1,
        5413.9681
      ],
      [
        "PAT_0029",
        1,
        7261.9259
      ],
      [
        "PAT_0029",
        1,
        9109.8837
      ],
      [
        "PAT_0029",
        1,
        10957.8415
      ],
      [
        "PAT_0029",
        1,
        12805.7993
      ]
    ],
    "S38": [
      [
        "PAT_1072",
        0,
        0.0
      ],
      [
        "PAT_1072",
        0,
        4934.4843
      ],
      [
        "PAT_1072",
        0,
        9868.9686
      ],
      [
        "PAT_1223",
        0,
        19737.9372
      ]
    ],
    "S39": [
      [
        "PAT_1026",
        0,
        3601.3318
      ],
      [
        "PAT_1026",
        0,
        8535.8161
      ]
    ],
    "S3": [
      [
        "PAT_0189",
        0,
        0.0
      ],
      [
        "PAT_1230",
        0,
        1878.2646000000004
      ],
      [
        "PAT_1072",
        1,
        5599.894
      ],
      [
        "PAT_0192",
        1,
        11305.1439
      ],
      [
        "PAT_1323",
        2,
        13153.1017
      ]
    ],
    "S6": [
      [
        "PAT_0719",
        0,
        1480.1938
      ],
      [
        "PAT_1204",
        1,
        8783.0485
      ],
      [
        "PAT_1204",
        1,
        13717.5328
      ]
    ],
    "S1": [
      [
        "PAT_0549",
        0,
        4962.1568
      ],
      [
        "PAT_0549",
        0,
        9896.6411
      ]
    ],
    "S28": [
      [
        "PAT_0337",
        1,
        8355.7164
      ],
      [
        "PAT_0337",
        1,
        13290.2007
      ]
    ]
  }
}