{
  "instance": "SYN_SWEEP3_LENRATIO_LONG_010",
  "method": "TS",
  "start_method": "multistart",
  "time_limit": 60.0,
  "cost": 6885.01,
  "is_feasible": true,
  "unmet": {},
  "overprod": {
    "P5": 1,
    "P6": 1,
    "P7": 1
  },
  "elapsed_sec": 60.0,
  "active": {
    "S17": [
      [
        "PAT_0005",
        0,
        5288.6375
      ],
      [
        "PAT_0005",
        0,
        9062.909599999999
      ],
      [
        "PAT_0005",
        0,
        12837.1817
      ],
      [
        "PAT_0092",
        1,
        16611.4538
      ],
      [
        "PAT_0092",
        1,
        18817.4075
      ]
    ],
    "S32": [
      [
        "PAT_0093",
        0,
        0.0
      ],
      [
        "PAT_0093",
        0,
        3777.9670000000006
      ],
      [
        "PAT_0093",
        0,
        5983.920700000001
      ],
      [
        "PAT_0093",
        0,
        8189.874400000001
      ],
      [
        "PAT_0030",
        1,
        11941.5863
      ],
      [
        "PAT_0077",
        0,
        14243.2648
      ]
    ],
    "S24": [
      [
        "PAT_0069",
        1,
        15056.851
      ],
      [
        "PAT_0069",
        1,
        18092.6535
      ],
      [
        "PAT_0069",
        1,
        21128.456
      ],
      [
        "PAT_0069",
        1,
        24164.258499999996
      ]
    ],
    "S37": [
      [
        "PAT_0088",
        0,
        4966.1597
      ],
      [
        "PAT_0088",
        0,
        8325.342
      ],
      [
        "PAT_0088",
        0,
        11684.524300000001
      ],
      [
        "PAT_0088",
        0,
        15043.706600000001
      ],
      [
        "PAT_0088",
        0,
        18402.8889
      ]
    ],
    "S31": [
      [
        "PAT_0036",
        0,
        1717.1916
      ],
      [
        "PAT_0036",
        0,
        4018.8701
      ],
      [
        "PAT_0036",
        0,
        6320.5486
      ],
      [
        "PAT_0036",
        0,
        8622.2271
      ],
      [
        "PAT_0069",
        1,
        12429.2648
      ]
    ],
    "S10": [
      [
        "PAT_0072",
        0,
        3459.4152
      ],
      [
        "PAT_0072",
        0,
        6818.5975
      ]
    ],
    "S23": [
      [
        "PAT_0063",
        1,
        7367.6191
      ],
      [
        "PAT_0063",
        1,
        10299.4556
      ],
      [
        "PAT_0063",
        1,
        13231.292099999999
      ],
      [
        "PAT_0063",
        1,
        16163.128599999998
      ],
      [
        "PAT_0063",
        1,
        19094.965099999998
      ],
      [
        "PAT_0034",
        1,
        22026.8016
      ]
    ]
  }
}