{
  "instance": "SYN_SWEEP3_LENRATIO_LONG_006",
  "method": "TS",
  "start_method": "multistart",
  "time_limit": 60.0,
  "cost": 11018.8562,
  "is_feasible": true,
  "unmet": {},
  "overprod": {
    "P1": 1,
    "P5": 1,
    "P14": 1
  },
  "elapsed_sec": 60.01,
  "active": {
    "S44": [
      [
        "PAT_1303",
        0,
        0.0
      ],
      [
        "PAT_1303",
        0,
        2731.8502
      ],
      [
        "PAT_1303",
        0,
        5463.7004
      ],
      [
        "PAT_1303",
        0,
        8195.550599999999
      ],
      [
        "PAT_1303",
        0,
        10927.4008
      ],
      [
        "PAT_1303",
        0,
        13659.251
      ],
      [
        "PAT_1243",
        0,
        16391.1012
      ],
      [
        "PAT_1243",
        0,
        19122.9514
      ]
    ],
    "S31": [
      [
        "PAT_1209",
        0,
        0.0
      ],
      [
        "PAT_1211",
        0,
        3754.379799999999
      ],
      [
        "PAT_1211",
        0,
        7307.384699999999
      ],
      [
        "PAT_1211",
        0,
        10860.389599999999
      ],
      [
        "PAT_1211",
        0,
        14413.394499999999
      ],
      [
        "PAT_1210",
        0,
        17966.3994
      ]
    ],
    "S30": [
      [
        "PAT_0526",
        0,
        0.0
      ],
      [
        "PAT_0803",
        0,
        6094.3783
      ],
      [
        "PAT_0803",
        0,
        11028.8626
      ],
      [
        "PAT_0803",
        0,
        15963.3469
      ],
      [
        "PAT_0172",
        2,
        20897.8312
      ]
    ],
    "S40": [
      [
        "PAT_0029",
        0,
        0.0
      ],
      [
        "PAT_0029",
        0,
        1847.9578
      ],
      [
        "PAT_0029",
        0,
        3695.9156
      ],
      [
        "PAT_0029",
        0,
        5543.8733999999995
      ],
      [
        "PAT_0659",
        0,
        7391.8312
      ],
      [
        "PAT_1032",
        1,
        13304.216799999998
      ],
      [
        "PAT_1032",
        1,
        18238.7011
      ]
    ],
    "S6": [
      [
        "PAT_1032",
        1,
        8783.0485
      ],
      [
        "PAT_1032",
        1,
        13717.5328
      ]
    ],
    "S34": [
      [
        "PAT_1097",
        0,
        4490.0316
      ],
      [
        "PAT_1076",
        0,
        11488.642499999998
      ]
    ],
    "S20": [
      [
        "PAT_1400",
        0,
        0.0
      ],
      [
        "PAT_0190",
        0,
        4189.988799999999
      ],
      [
        "PAT_0190",
        0,
        6037.946599999999
      ],
      [
        "PAT_0190",
        0,
        7885.904399999999
      ]
    ],
    "S28": [
      [
        "PAT_1370",
        0,
        0.0
      ],
      [
        "PAT_0337",
        1,
        8355.7164
      ],
      [
        "PAT_0337",
        1,
        13290.2007
      ]
    ],
    "S14": [
      [
        "PAT_0014",
        0,
        0.0
      ],
      [
        "PAT_0014",
        0,
        1847.9578
      ]
    ],
    "S38": [
      [
        "PAT_0337",
        0,
        0.0
      ],
      [
        "PAT_0337",
        0,
        4934.4843
      ],
      [
        "PAT_1026",
        1,
        13442.1019
      ]
    ],
    "S27": [
      [
        "PAT_1276",
        0,
        4927.7018
      ],
      [
        "PAT_1276",
        0,
        7659.552
      ],
      [
        "PAT_0033",
        1,
        10391.4022
      ],
      [
        "PAT_0033",
        1,
        12239.36
      ],
      [
        "PAT_0033",
        1,
        14087.3178
      ],
      [
        "PAT_0033",
        1,
        15935.2756
      ],
      [
        "PAT_0033",
        1,
        17783.2334
      ]
    ]
  }
}