{
  "instance": "SYN_SWEEP3_LENRATIO_LONG_000",
  "method": "ILS_SA",
  "start_method": "greedy",
  "time_limit": 60.0,
  "cost": 9739.7328,
  "is_feasible": true,
  "unmet": {},
  "overprod": {
    "P1": 2,
    "P4": 1,
    "P8": 2,
    "P11": 1,
    "P12": 1
  },
  "elapsed_sec": 60.04,
  "active": {
    "S39": [
      [
        "PAT_0072",
        0,
        0.0
      ],
      [
        "PAT_2850",
        0,
        5685.3601
      ],
      [
        "PAT_2850",
        0,
        9546.8802
      ],
      [
        "PAT_2850",
        0,
        13408.4003
      ]
    ],
    "S14": [
      [
        "PAT_2772",
        0,
        0.0
      ],
      [
        "PAT_2772",
        0,
        3861.5201
      ],
      [
        "PAT_2772",
        0,
        7723.0402
      ],
      [
        "PAT_2845",
        1,
        11584.560300000001
      ]
    ],
    "S3": [
      [
        "PAT_1595",
        0,
        4213.9486
      ],
      [
        "PAT_1595",
        0,
        7598.3306999999995
      ],
      [
        "PAT_1595",
        0,
        10982.7128
      ],
      [
        "PAT_2235",
        1,
        15960.2471
      ]
    ],
    "S9": [
      [
        "PAT_2362",
        0,
        0.0
      ],
      [
        "PAT_2362",
        0,
        3846.8647
      ],
      [
        "PAT_2362",
        0,
        7231.2468
      ],
      [
        "PAT_1352",
        1,
        12417.6326
      ],
      [
        "PAT_0702",
        1,
        16193.9368
      ]
    ],
    "S38": [
      [
        "PAT_0987",
        0,
        0.0
      ],
      [
        "PAT_0987",
        0,
        3384.3821
      ],
      [
        "PAT_0987",
        0,
        6768.7642
      ],
      [
        "PAT_0987",
        0,
        10153.1463
      ]
    ],
    "S6": [
      [
        "PAT_0167",
        0,
        1469.1219
      ],
      [
        "PAT_0167",
        0,
        4853.504
      ],
      [
        "PAT_0167",
        0,
        8237.8861
      ]
    ],
    "S4": [
      [
        "PAT_1653",
        0,
        0.0
      ],
      [
        "PAT_1653",
        0,
        3384.3821
      ]
    ],
    "S23": [
      [
        "PAT_2781",
        0,
        0.0
      ],
      [
        "PAT_2781",
        0,
        3861.5201
      ],
      [
        "PAT_0036",
        0,
        7723.0402
      ],
      [
        "PAT_0036",
        0,
        11107.4223
      ]
    ],
    "S31": [
      [
        "PAT_1738",
        0,
        1921.2693
      ],
      [
        "PAT_1738",
        0,
        5305.6514
      ],
      [
        "PAT_2770",
        1,
        8690.0335
      ]
    ],
    "S8": [
      [
        "PAT_1504",
        0,
        0.0
      ],
      [
        "PAT_1653",
        1,
        5330.8507
      ]
    ],
    "S20": [
      [
        "PAT_0009",
        0,
        0.0
      ],
      [
        "PAT_0022",
        1,
        3784.2819
      ],
      [
        "PAT_0022",
        1,
        5227.095499999999
      ],
      [
        "PAT_0022",
        1,
        6669.909099999999
      ],
      [
        "PAT_0022",
        1,
        8112.722699999998
      ],
      [
        "PAT_2768",
        0,
        9555.536299999998
      ]
    ]
  }
}