{
  "instance": "SYN_SWEEP3_LENRATIO_LONG_009",
  "method": "ILS_SA",
  "start_method": "greedy",
  "time_limit": 60.0,
  "cost": 6908.0998,
  "is_feasible": true,
  "unmet": {},
  "overprod": {
    "P1": 2,
    "P4": 1,
    "P8": 1,
    "P11": 1
  },
  "elapsed_sec": 60.05,
  "active": {
    "S2": [
      [
        "PAT_1951",
        1,
        8686.2447
      ],
      [
        "PAT_1951",
        1,
        11231.853
      ],
      [
        "PAT_1951",
        1,
        13777.461299999999
      ],
      [
        "PAT_1951",
        1,
        16323.069599999999
      ],
      [
        "PAT_4110",
        2,
        20750.5529
      ],
      [
        "PAT_4110",
        2,
        23296.1612
      ]
    ],
    "S8": [
      [
        "PAT_4908",
        0,
        0.0
      ],
      [
        "PAT_4908",
        0,
        4432.2414
      ],
      [
        "PAT_4908",
        0,
        8864.4828
      ],
      [
        "PAT_4769",
        1,
        17685.1506
      ]
    ],
    "S45": [
      [
        "PAT_0026",
        0,
        0.0
      ],
      [
        "PAT_2218",
        0,
        5894.271400000001
      ],
      [
        "PAT_0019",
        0,
        8439.879700000001
      ],
      [
        "PAT_0019",
        0,
        11337.880000000001
      ],
      [
        "PAT_0019",
        0,
        14235.8803
      ],
      [
        "PAT_0019",
        0,
        17133.8806
      ],
      [
        "PAT_0019",
        0,
        20031.8809
      ]
    ],
    "S46": [
      [
        "PAT_3883",
        0,
        0.0
      ],
      [
        "PAT_0029",
        0,
        2545.6083
      ],
      [
        "PAT_4813",
        0,
        5790.8771
      ],
      [
        "PAT_4813",
        0,
        9333.0168
      ],
      [
        "PAT_4813",
        0,
        12875.1565
      ],
      [
        "PAT_4820",
        0,
        16417.2962
      ],
      [
        "PAT_4820",
        0,
        19959.4359
      ],
      [
        "PAT_4820",
        0,
        23501.5756
      ]
    ],
    "S36": [
      [
        "PAT_0013",
        0,
        879.7084
      ],
      [
        "PAT_0013",
        0,
        3777.7087
      ]
    ],
    "S5": [
      [
        "PAT_3402",
        0,
        0.0
      ],
      [
        "PAT_4769",
        0,
        4566.1258
      ],
      [
        "PAT_4788",
        0,
        8481.086299999999
      ],
      [
        "PAT_4788",
        0,
        12023.225999999999
      ],
      [
        "PAT_4788",
        0,
        15565.365699999998
      ],
      [
        "PAT_4788",
        0,
        19107.5054
      ]
    ]
  }
}