{
  "instance": "SYN_SWEEP3_LENRATIO_LONG_011",
  "method": "TS",
  "start_method": "greedy",
  "time_limit": 60.0,
  "cost": 12521.7742,
  "is_feasible": true,
  "unmet": {},
  "overprod": {
    "P2": 2,
    "P3": 1,
    "P7": 1
  },
  "elapsed_sec": 60.0,
  "active": {
    "S43": [
      [
        "PAT_0017",
        0,
        0.0
      ],
      [
        "PAT_0128",
        0,
        3061.1117000000004
      ],
      [
        "PAT_0034",
        0,
        6493.5002
      ],
      [
        "PAT_0034",
        0,
        9392.4164
      ]
    ],
    "S45": [
      [
        "PAT_0057",
        0,
        0.0
      ],
      [
        "PAT_0057",
        0,
        3481.7617
      ],
      [
        "PAT_0057",
        0,
        6963.5234
      ],
      [
        "PAT_0017",
        0,
        10445.285100000001
      ]
    ],
    "S32": [
      [
        "PAT_0003",
        0,
        0.0
      ],
      [
        "PAT_0003",
        0,
        5111.8684
      ],
      [
        "PAT_0003",
        0,
        10223.7368
      ]
    ],
    "S41": [
      [
        "PAT_0115",
        0,
        3744.401100000001
      ],
      [
        "PAT_0115",
        0,
        7176.789600000001
      ],
      [
        "PAT_0115",
        0,
        10609.178100000001
      ]
    ],
    "S6": [
      [
        "PAT_0127",
        0,
        3575.366699999997
      ],
      [
        "PAT_0127",
        0,
        7007.755199999997
      ],
      [
        "PAT_0127",
        0,
        10440.143699999997
      ],
      [
        "PAT_0127",
        0,
        13872.532199999998
      ]
    ],
    "S27": [
      [
        "PAT_0127",
        0,
        0.0
      ],
      [
        "PAT_0127",
        0,
        3432.3885
      ],
      [
        "PAT_0127",
        0,
        6864.777
      ],
      [
        "PAT_0127",
        0,
        10297.1655
      ]
    ],
    "S7": [
      [
        "PAT_0544",
        0,
        0.0
      ],
      [
        "PAT_0544",
        0,
        3824.8854
      ],
      [
        "PAT_0016",
        0,
        7248.9228
      ],
      [
        "PAT_0530",
        1,
        10634.814999999999
      ],
      [
        "PAT_0530",
        1,
        14058.8524
      ]
    ],
    "S10": [
      [
        "PAT_0529",
        0,
        0.0
      ],
      [
        "PAT_0003",
        0,
        3424.0374
      ],
      [
        "PAT_0003",
        1,
        10584.0309
      ]
    ],
    "S2": [
      [
        "PAT_0115",
        0,
        0.0
      ],
      [
        "PAT_0115",
        0,
        3432.3885
      ],
      [
        "PAT_0138",
        0,
        6864.777
      ]
    ],
    "S11": [
      [
        "PAT_0535",
        0,
        0.0
      ],
      [
        "PAT_0535",
        0,
        3424.0374
      ],
      [
        "PAT_0364",
        0,
        6848.0748
      ],
      [
        "PAT_0209",
        0,
        10280.4633
      ]
    ],
    "S14": [
      [
        "PAT_0138",
        0,
        5286.9473
      ],
      [
        "PAT_0128",
        0,
        9846.188899999997
      ],
      [
        "PAT_0128",
        0,
        13278.577399999998
      ]
    ],
    "S20": [
      [
        "PAT_0048",
        0,
        0.0
      ],
      [
        "PAT_0508",
        0,
        3481.7617
      ],
      [
        "PAT_0534",
        1,
        6914.1502
      ],
      [
        "PAT_0020",
        2,
        10338.187600000001
      ]
    ],
    "S19": [
      [
        "PAT_0344",
        0,
        0.0
      ],
      [
        "PAT_0344",
        0,
        3432.3885
      ],
      [
        "PAT_0344",
        0,
        6864.777
      ],
      [
        "PAT_0281",
        0,
        10297.1655
      ]
    ],
    "S25": [
      [
        "PAT_0418",
        0,
        0.0
      ],
      [
        "PAT_0418",
        0,
        3432.3885
      ],
      [
        "PAT_0036",
        0,
        6864.777
      ]
    ]
  }
}