{
  "instance": "SYN_SWEEP3_LENRATIO_LONG_017",
  "method": "VNS_SA",
  "start_method": "multistart",
  "time_limit": 60.0,
  "cost": 6319.63,
  "is_feasible": true,
  "unmet": {},
  "overprod": {
    "P6": 1,
    "P7": 1,
    "P9": 1
  },
  "elapsed_sec": 15.07,
  "active": {
    "S26": [
      [
        "PAT_0187",
        0,
        0.0
      ],
      [
        "PAT_0022",
        0,
        3444.783499999998
      ],
      [
        "PAT_0022",
        0,
        7456.606199999998
      ],
      [
        "PAT_0022",
        0,
        11468.428899999999
      ],
      [
        "PAT_0024",
        1,
        17980.2516
      ],
      [
        "PAT_0239",
        1,
        22160.4547
      ],
      [
        "PAT_0019",
        1,
        26239.32
      ],
      [
        "PAT_0031",
        1,
        30251.1427
      ]
    ],
    "S45": [
      [
        "PAT_0257",
        0,
        0.0
      ],
      [
        "PAT_0042",
        0,
        2877.5736
      ],
      [
        "PAT_0249",
        0,
        7220.197900000001
      ],
      [
        "PAT_0242",
        0,
        10789.5554
      ],
      [
        "PAT_0084",
        2,
        18702.2542
      ],
      [
        "PAT_0084",
        2,
        23044.8785
      ]
    ],
    "S2": [
      [
        "PAT_0233",
        0,
        0.0
      ],
      [
        "PAT_0094",
        0,
        4078.8653
      ],
      [
        "PAT_0084",
        0,
        8421.4896
      ],
      [
        "PAT_0195",
        1,
        13042.7351
      ],
      [
        "PAT_0195",
        1,
        16482.6716
      ],
      [
        "PAT_0195",
        1,
        19922.6081
      ]
    ],
    "S42": [
      [
        "PAT_0154",
        0,
        0.0
      ],
      [
        "PAT_0154",
        0,
        3314.8096
      ],
      [
        "PAT_0236",
        0,
        6629.6192
      ],
      [
        "PAT_0103",
        0,
        10708.4845
      ],
      [
        "PAT_0103",
        0,
        15051.108800000002
      ],
      [
        "PAT_0075",
        0,
        19393.7331
      ]
    ]
  }
}