{
  "instance": "SYN_SWEEP3_LENRATIO_LONG_026",
  "method": "SA",
  "start_method": "multistart",
  "time_limit": 60.0,
  "cost": 8096.3581,
  "is_feasible": true,
  "unmet": {},
  "overprod": {
    "P1": 1,
    "P8": 1,
    "P10": 2
  },
  "elapsed_sec": 60.0,
  "active": {
    "S19": [
      [
        "PAT_0260",
        0,
        1446.626
      ],
      [
        "PAT_0247",
        0,
        4021.102
      ],
      [
        "PAT_0260",
        1,
        7258.5314
      ],
      [
        "PAT_0059",
        2,
        11238.7287
      ]
    ],
    "S7": [
      [
        "PAT_0242",
        0,
        0.0
      ],
      [
        "PAT_0244",
        1,
        3452.8418
      ],
      [
        "PAT_0247",
        1,
        7211.4033
      ],
      [
        "PAT_0242",
        2,
        13641.3052
      ]
    ],
    "S8": [
      [
        "PAT_0273",
        0,
        0.0
      ],
      [
        "PAT_0003",
        0,
        2475.4817
      ],
      [
        "PAT_0217",
        0,
        5654.7891
      ],
      [
        "PAT_0217",
        0,
        10206.8002
      ],
      [
        "PAT_0043",
        1,
        14758.8113
      ]
    ],
    "S18": [
      [
        "PAT_0104",
        0,
        2473.7523999999994
      ],
      [
        "PAT_0115",
        0,
        7025.763499999999
      ],
      [
        "PAT_0273",
        1,
        11577.774599999999
      ],
      [
        "PAT_0260",
        1,
        14053.2563
      ]
    ],
    "S10": [
      [
        "PAT_0256",
        0,
        0.0
      ],
      [
        "PAT_0246",
        0,
        2574.476
      ],
      [
        "PAT_0246",
        1,
        6559.1535
      ],
      [
        "PAT_0260",
        1,
        8982.4665
      ]
    ],
    "S20": [
      [
        "PAT_0059",
        0,
        0.0
      ],
      [
        "PAT_0059",
        0,
        1405.7213
      ],
      [
        "PAT_0049",
        0,
        2811.4426
      ],
      [
        "PAT_0049",
        0,
        4217.1639
      ],
      [
        "PAT_0255",
        1,
        5622.8852
      ],
      [
        "PAT_0273",
        2,
        9495.5087
      ],
      [
        "PAT_0260",
        2,
        11970.9904
      ]
    ],
    "S13": [
      [
        "PAT_0024",
        0,
        0.0
      ],
      [
        "PAT_0024",
        0,
        1405.7213
      ],
      [
        "PAT_0132",
        0,
        2811.4426
      ],
      [
        "PAT_0272",
        1,
        10810.7875
      ]
    ],
    "S27": [
      [
        "PAT_0181",
        0,
        0.0
      ],
      [
        "PAT_0181",
        0,
        4552.0111
      ],
      [
        "PAT_0243",
        0,
        9104.0222
      ],
      [
        "PAT_0244",
        1,
        11698.0724
      ]
    ]
  }
}