{
  "instance": "SYN_SWEEP3_LENRATIO_LONG_022",
  "method": "VNS_SA",
  "start_method": "greedy",
  "time_limit": 60.0,
  "cost": 10489.3427,
  "is_feasible": true,
  "unmet": {},
  "overprod": {
    "P6": 3,
    "P7": 2,
    "P10": 1
  },
  "elapsed_sec": 50.26,
  "active": {
    "S14": [
      [
        "PAT_0848",
        0,
        0.0
      ],
      [
        "PAT_0824",
        0,
        3913.1244
      ],
      [
        "PAT_0787",
        1,
        7287.1802
      ],
      [
        "PAT_0787",
        1,
        10808.1225
      ],
      [
        "PAT_0920",
        1,
        14329.0648
      ]
    ],
    "S49": [
      [
        "PAT_0852",
        0,
        0.0
      ],
      [
        "PAT_0892",
        1,
        4415.8706
      ],
      [
        "PAT_0892",
        1,
        7384.531000000001
      ],
      [
        "PAT_0892",
        1,
        10353.191400000002
      ],
      [
        "PAT_0519",
        0,
        16110.657099999999
      ],
      [
        "PAT_0835",
        1,
        22305.517799999998
      ]
    ],
    "S12": [
      [
        "PAT_0807",
        0,
        0.0
      ],
      [
        "PAT_0378",
        0,
        3996.0022
      ],
      [
        "PAT_0765",
        0,
        9923.1414
      ],
      [
        "PAT_0765",
        0,
        13444.083700000001
      ]
    ],
    "S17": [
      [
        "PAT_0493",
        0,
        0.0
      ],
      [
        "PAT_0149",
        0,
        3520.9423
      ],
      [
        "PAT_0867",
        1,
        10805.0555
      ],
      [
        "PAT_0867",
        1,
        14718.179900000001
      ]
    ],
    "S5": [
      [
        "PAT_0840",
        0,
        0.0
      ],
      [
        "PAT_0840",
        0,
        5407.700299999997
      ],
      [
        "PAT_0870",
        0,
        9320.824699999997
      ],
      [
        "PAT_0870",
        0,
        13233.949099999998
      ],
      [
        "PAT_0870",
        0,
        17147.0735
      ]
    ],
    "S21": [
      [
        "PAT_0881",
        0,
        0.0
      ],
      [
        "PAT_0881",
        0,
        3913.1244
      ],
      [
        "PAT_0433",
        0,
        7826.2488
      ],
      [
        "PAT_0826",
        1,
        14868.1334
      ],
      [
        "PAT_0826",
        2,
        19123.6248
      ]
    ],
    "S18": [
      [
        "PAT_0912",
        0,
        0.0
      ],
      [
        "PAT_0919",
        0,
        2609.6367
      ],
      [
        "PAT_0601",
        0,
        5211.2806
      ],
      [
        "PAT_0574",
        1,
        9559.082100000003
      ],
      [
        "PAT_0574",
        1,
        13080.024400000004
      ],
      [
        "PAT_0821",
        1,
        16600.966700000004
      ],
      [
        "PAT_0821",
        1,
        19274.885100000003
      ]
    ],
    "S3": [
      [
        "PAT_0370",
        0,
        0.0
      ],
      [
        "PAT_0835",
        0,
        3520.9423
      ],
      [
        "PAT_0835",
        0,
        6210.0280999999995
      ],
      [
        "PAT_0820",
        0,
        8899.1139
      ],
      [
        "PAT_0820",
        0,
        11573.0323
      ]
    ],
    "S26": [
      [
        "PAT_0135",
        0,
        0.0
      ],
      [
        "PAT_0031",
        0,
        3520.9423
      ],
      [
        "PAT_0031",
        0,
        7041.8846
      ],
      [
        "PAT_0850",
        0,
        10562.8269
      ],
      [
        "PAT_0850",
        0,
        14475.9513
      ]
    ]
  }
}