{
  "instance": "SYN_SWEEP3_LENRATIO_LONG_028",
  "method": "SA",
  "start_method": "multistart",
  "time_limit": 60.0,
  "cost": 4076.3248,
  "is_feasible": true,
  "unmet": {},
  "overprod": {
    "P2": 1,
    "P4": 1,
    "P7": 1
  },
  "elapsed_sec": 60.01,
  "active": {
    "S32": [
      [
        "PAT_0109",
        0,
        0.0
      ],
      [
        "PAT_0109",
        0,
        4293.1368
      ],
      [
        "PAT_0109",
        0,
        8604.4953
      ],
      [
        "PAT_0146",
        0,
        13303.360099999998
      ],
      [
        "PAT_0145",
        1,
        15228.292099999999
      ],
      [
        "PAT_0145",
        2,
        18874.9063
      ],
      [
        "PAT_0161",
        2,
        20869.981499999998
      ],
      [
        "PAT_0033",
        2,
        22794.9135
      ]
    ],
    "S23": [
      [
        "PAT_0158",
        0,
        0.0
      ],
      [
        "PAT_0121",
        0,
        1924.932
      ],
      [
        "PAT_0121",
        0,
        5774.0175
      ],
      [
        "PAT_0032",
        1,
        9623.103
      ],
      [
        "PAT_0032",
        1,
        12206.350499999999
      ],
      [
        "PAT_0032",
        1,
        14789.597999999998
      ],
      [
        "PAT_0032",
        1,
        17372.8455
      ]
    ],
    "S31": [
      [
        "PAT_0041",
        1,
        6872.1709
      ],
      [
        "PAT_0041",
        1,
        8571.761
      ],
      [
        "PAT_0013",
        0,
        10271.3511
      ],
      [
        "PAT_0170",
        1,
        13511.5748
      ],
      [
        "PAT_0170",
        1,
        16585.4626
      ],
      [
        "PAT_0170",
        1,
        19659.3504
      ]
    ]
  }
}