{
  "instance": "SYN_SWEEP3_LENRATIO_LONG_009",
  "method": "SD",
  "start_method": "multistart",
  "time_limit": 60.0,
  "cost": 6634.7477,
  "is_feasible": true,
  "unmet": {},
  "overprod": {
    "P5": 1,
    "P7": 1,
    "P8": 3,
    "P9": 1,
    "P13": 1
  },
  "elapsed_sec": 60.02,
  "active": {
    "S45": [
      [
        "PAT_0003",
        0,
        0.0
      ],
      [
        "PAT_4908",
        0,
        3721.1337
      ],
      [
        "PAT_4908",
        0,
        8153.375099999999
      ],
      [
        "PAT_4908",
        0,
        12585.6165
      ],
      [
        "PAT_4772",
        0,
        17017.8579
      ]
    ],
    "S46": [
      [
        "PAT_0017",
        0,
        0.0
      ],
      [
        "PAT_0017",
        0,
        2898.0003
      ],
      [
        "PAT_0017",
        0,
        5796.0006
      ],
      [
        "PAT_0017",
        0,
        8694.000900000001
      ],
      [
        "PAT_0017",
        0,
        11592.0012
      ],
      [
        "PAT_0017",
        0,
        14490.0015
      ],
      [
        "PAT_4780",
        0,
        17388.001800000002
      ],
      [
        "PAT_4780",
        0,
        20930.1415
      ],
      [
        "PAT_0027",
        0,
        24472.2812
      ]
    ],
    "S2": [
      [
        "PAT_4091",
        0,
        0.0
      ],
      [
        "PAT_4815",
        0,
        3981.4321
      ],
      [
        "PAT_4815",
        0,
        7523.5718
      ],
      [
        "PAT_4815",
        0,
        11065.7115
      ],
      [
        "PAT_4815",
        0,
        14607.8512
      ],
      [
        "PAT_0028",
        1,
        19991.7658
      ],
      [
        "PAT_2266",
        2,
        23237.0346
      ]
    ],
    "S44": [
      [
        "PAT_4700",
        0,
        0.0
      ],
      [
        "PAT_4815",
        0,
        3107.4763000000016
      ],
      [
        "PAT_4815",
        0,
        6649.616000000002
      ],
      [
        "PAT_4815",
        0,
        10191.755700000002
      ],
      [
        "PAT_4815",
        0,
        13733.895400000001
      ],
      [
        "PAT_4765",
        0,
        18219.768
      ],
      [
        "PAT_1813",
        3,
        25032.7288
      ],
      [
        "PAT_1813",
        3,
        27578.3371
      ]
    ],
    "S41": [
      [
        "PAT_1539",
        0,
        0.0
      ],
      [
        "PAT_1539",
        0,
        2545.6083
      ],
      [
        "PAT_1539",
        0,
        5091.2166
      ],
      [
        "PAT_1539",
        0,
        7636.8249
      ]
    ]
  }
}