{
  "instance": "SYN_SWEEP3_LENRATIO_LONG_022",
  "method": "TS",
  "start_method": "multistart",
  "time_limit": 60.0,
  "cost": 9892.7967,
  "is_feasible": true,
  "unmet": {},
  "overprod": {
    "P4": 1,
    "P5": 3,
    "P6": 3,
    "P7": 3,
    "P8": 1
  },
  "elapsed_sec": 60.37,
  "active": {
    "S14": [
      [
        "PAT_0855",
        0,
        0.0
      ],
      [
        "PAT_0867",
        0,
        3913.1244
      ],
      [
        "PAT_0975",
        1,
        8487.1987
      ],
      [
        "PAT_0975",
        1,
        11088.8426
      ],
      [
        "PAT_0975",
        1,
        13690.486499999999
      ],
      [
        "PAT_0818",
        2,
        16292.1304
      ]
    ],
    "S21": [
      [
        "PAT_0425",
        0,
        0.0
      ],
      [
        "PAT_0425",
        0,
        3520.9423
      ],
      [
        "PAT_0425",
        0,
        7041.8846
      ],
      [
        "PAT_0425",
        0,
        10562.8269
      ],
      [
        "PAT_0425",
        0,
        14083.7692
      ]
    ],
    "S19": [
      [
        "PAT_0027",
        0,
        0.0
      ],
      [
        "PAT_0852",
        0,
        8216.407
      ],
      [
        "PAT_0852",
        0,
        12129.5314
      ],
      [
        "PAT_0871",
        1,
        16042.6558
      ],
      [
        "PAT_0871",
        1,
        19955.7802
      ]
    ],
    "S5": [
      [
        "PAT_0884",
        0,
        0.0
      ],
      [
        "PAT_0884",
        0,
        3913.1244
      ],
      [
        "PAT_0884",
        0,
        7826.2488
      ],
      [
        "PAT_0884",
        0,
        11739.3732
      ]
    ],
    "S8": [
      [
        "PAT_0850",
        0,
        0.0
      ],
      [
        "PAT_0850",
        0,
        3913.1244
      ],
      [
        "PAT_0850",
        0,
        7826.2488
      ]
    ],
    "S49": [
      [
        "PAT_0777",
        0,
        6354.2545
      ],
      [
        "PAT_0777",
        0,
        9875.1968
      ],
      [
        "PAT_0777",
        0,
        13396.1391
      ],
      [
        "PAT_0777",
        0,
        16917.0814
      ],
      [
        "PAT_0777",
        0,
        20438.023699999998
      ]
    ],
    "S26": [
      [
        "PAT_0541",
        0,
        0.0
      ],
      [
        "PAT_0541",
        0,
        3520.9423
      ],
      [
        "PAT_0541",
        0,
        7041.8846
      ],
      [
        "PAT_0541",
        0,
        10562.8269
      ],
      [
        "PAT_0541",
        0,
        14083.7692
      ]
    ],
    "S18": [
      [
        "PAT_0013",
        0,
        0.0
      ],
      [
        "PAT_0013",
        0,
        5058.2692000000025
      ],
      [
        "PAT_0821",
        1,
        8579.211500000003
      ],
      [
        "PAT_0821",
        1,
        11253.129900000004
      ],
      [
        "PAT_0821",
        1,
        13927.048300000004
      ],
      [
        "PAT_0821",
        1,
        16600.966700000004
      ],
      [
        "PAT_0821",
        1,
        19274.885100000003
      ]
    ],
    "S17": [
      [
        "PAT_0835",
        0,
        0.0
      ],
      [
        "PAT_0835",
        0,
        2689.0858
      ],
      [
        "PAT_0835",
        0,
        5378.1716
      ],
      [
        "PAT_0893",
        1,
        10805.0555
      ],
      [
        "PAT_0893",
        1,
        13773.715900000001
      ],
      [
        "PAT_0893",
        1,
        16742.3763
      ]
    ]
  }
}