{
  "instance": "SYN_SWEEP3_LENRATIO_LONG_018",
  "method": "TS",
  "start_method": "multistart",
  "time_limit": 60.0,
  "cost": 5555.5159,
  "is_feasible": true,
  "unmet": {},
  "overprod": {
    "P1": 1,
    "P2": 3,
    "P5": 3,
    "P9": 1
  },
  "elapsed_sec": 60.04,
  "active": {
    "S28": [
      [
        "PAT_5096",
        0,
        0.0
      ],
      [
        "PAT_5096",
        0,
        2444.608100000001
      ],
      [
        "PAT_5096",
        0,
        4581.862800000001
      ],
      [
        "PAT_5397",
        0,
        6719.1175
      ],
      [
        "PAT_5088",
        1,
        9680.451899999998
      ],
      [
        "PAT_5088",
        1,
        12569.772099999998
      ],
      [
        "PAT_5088",
        1,
        15459.092299999998
      ],
      [
        "PAT_2581",
        0,
        18348.4125
      ]
    ],
    "S13": [
      [
        "PAT_2960",
        0,
        0.0
      ],
      [
        "PAT_2960",
        0,
        2980.2847
      ],
      [
        "PAT_2960",
        0,
        5960.5694
      ],
      [
        "PAT_4465",
        0,
        8940.8541
      ],
      [
        "PAT_4465",
        0,
        11921.1388
      ],
      [
        "PAT_4465",
        0,
        14901.4235
      ]
    ],
    "S34": [
      [
        "PAT_5359",
        2,
        10728.0851
      ],
      [
        "PAT_5359",
        2,
        13286.1676
      ],
      [
        "PAT_5359",
        2,
        15844.250100000001
      ],
      [
        "PAT_5359",
        2,
        18402.3326
      ],
      [
        "PAT_5359",
        2,
        20960.415100000002
      ]
    ],
    "S12": [
      [
        "PAT_5023",
        0,
        0.0
      ],
      [
        "PAT_5023",
        0,
        2889.3202
      ],
      [
        "PAT_5023",
        0,
        5778.6404
      ],
      [
        "PAT_5051",
        0,
        8667.9606
      ],
      [
        "PAT_5051",
        0,
        11557.2808
      ]
    ],
    "S15": [
      [
        "PAT_5239",
        1,
        3133.054
      ],
      [
        "PAT_5239",
        1,
        5270.3087
      ],
      [
        "PAT_5239",
        1,
        7407.563399999999
      ],
      [
        "PAT_4916",
        1,
        9544.818099999999
      ],
      [
        "PAT_5012",
        2,
        13921.9826
      ]
    ]
  }
}