{
  "instance": "SYN_SWEEP3_LENRATIO_LONG_027",
  "method": "VNS_SA",
  "start_method": "multistart",
  "time_limit": 60.0,
  "cost": 5465.5348,
  "is_feasible": true,
  "unmet": {},
  "overprod": {
    "P2": 1,
    "P4": 2,
    "P5": 3
  },
  "elapsed_sec": 12.99,
  "active": {
    "S29": [
      [
        "PAT_0047",
        0,
        0.0
      ],
      [
        "PAT_0116",
        0,
        2545.8127
      ],
      [
        "PAT_0116",
        0,
        4963.7679
      ],
      [
        "PAT_0006",
        0,
        7381.723099999999
      ],
      [
        "PAT_0126",
        1,
        11852.6872
      ],
      [
        "PAT_0126",
        1,
        14270.6424
      ],
      [
        "PAT_0126",
        1,
        16688.5976
      ],
      [
        "PAT_0062",
        1,
        19106.5528
      ]
    ],
    "S47": [
      [
        "PAT_0074",
        0,
        0.0
      ],
      [
        "PAT_0022",
        0,
        4141.5319
      ],
      [
        "PAT_0125",
        1,
        7454.2261
      ],
      [
        "PAT_0030",
        2,
        12478.607899999999
      ],
      [
        "PAT_0030",
        2,
        15791.302099999999
      ],
      [
        "PAT_0062",
        1,
        19103.9963
      ],
      [
        "PAT_0062",
        1,
        23006.2679
      ]
    ],
    "S45": [
      [
        "PAT_0125",
        0,
        2894.3799
      ],
      [
        "PAT_0125",
        0,
        5312.3351
      ],
      [
        "PAT_0025",
        0,
        7730.290300000001
      ],
      [
        "PAT_0068",
        0,
        11042.9845
      ],
      [
        "PAT_0068",
        0,
        14945.2561
      ],
      [
        "PAT_0068",
        0,
        18847.5277
      ],
      [
        "PAT_0058",
        0,
        22749.7993
      ]
    ],
    "S42": [
      [
        "PAT_0132",
        0,
        1516.7335
      ],
      [
        "PAT_0132",
        0,
        4157.6065
      ],
      [
        "PAT_0132",
        0,
        6798.4794999999995
      ],
      [
        "PAT_0028",
        0,
        9439.352499999999
      ],
      [
        "PAT_0111",
        2,
        15757.4344
      ]
    ]
  }
}