{
  "instance": "SYN_SWEEP3_LENRATIO_LONG_023",
  "method": "FI",
  "start_method": "greedy",
  "time_limit": 60.0,
  "cost": 8131.0216,
  "is_feasible": true,
  "unmet": {},
  "overprod": {
    "P6": 2,
    "P9": 1,
    "P10": 5,
    "P14": 2
  },
  "elapsed_sec": 60.01,
  "active": {
    "S14": [
      [
        "PAT_0207",
        0,
        0.0
      ],
      [
        "PAT_0207",
        0,
        1964.0933
      ],
      [
        "PAT_0207",
        0,
        3928.1866
      ],
      [
        "PAT_0207",
        0,
        5892.2798999999995
      ],
      [
        "PAT_0207",
        0,
        7856.3732
      ],
      [
        "PAT_0412",
        1,
        12548.985
      ]
    ],
    "S5": [
      [
        "PAT_1085",
        0,
        0.0
      ],
      [
        "PAT_1085",
        0,
        3544.9473
      ],
      [
        "PAT_1085",
        0,
        7089.8946
      ],
      [
        "PAT_1168",
        0,
        10634.8419
      ],
      [
        "PAT_3231",
        1,
        16009.6742
      ]
    ],
    "S45": [
      [
        "PAT_0581",
        0,
        0.0
      ],
      [
        "PAT_0715",
        0,
        6712.7916000000005
      ],
      [
        "PAT_0715",
        0,
        10257.7389
      ],
      [
        "PAT_0715",
        0,
        13802.6862
      ],
      [
        "PAT_0715",
        0,
        17347.6335
      ]
    ],
    "S46": [
      [
        "PAT_3156",
        0,
        0.0
      ],
      [
        "PAT_3156",
        0,
        3068.4084
      ],
      [
        "PAT_3156",
        0,
        6136.8168
      ],
      [
        "PAT_3156",
        0,
        9205.225199999999
      ],
      [
        "PAT_3156",
        0,
        12273.6336
      ]
    ],
    "S49": [
      [
        "PAT_3278",
        0,
        0.0
      ],
      [
        "PAT_3278",
        0,
        3068.4084
      ],
      [
        "PAT_3278",
        0,
        6136.8168
      ],
      [
        "PAT_1596",
        1,
        9205.225199999999
      ],
      [
        "PAT_0857",
        0,
        13003.5745
      ]
    ],
    "S4": [
      [
        "PAT_1170",
        0,
        3028.8457
      ],
      [
        "PAT_1170",
        0,
        6097.2541
      ],
      [
        "PAT_1170",
        0,
        9165.6625
      ],
      [
        "PAT_1170",
        0,
        12234.0709
      ]
    ],
    "S37": [
      [
        "PAT_3001",
        1,
        7206.2253
      ],
      [
        "PAT_3001",
        1,
        10274.6337
      ]
    ],
    "S29": [
      [
        "PAT_1164",
        0,
        0.0
      ],
      [
        "PAT_0412",
        0,
        3068.4084
      ],
      [
        "PAT_0412",
        0,
        6613.3557
      ],
      [
        "PAT_0412",
        0,
        10158.303
      ],
      [
        "PAT_0412",
        0,
        13703.2503
      ],
      [
        "PAT_1510",
        0,
        17248.1976
      ]
    ]
  }
}