{
  "instance": "SYN_SWEEP3_LENRATIO_LONG_001",
  "method": "VNS_SA",
  "start_method": "greedy",
  "time_limit": 60.0,
  "cost": 5955.0833,
  "is_feasible": true,
  "unmet": {},
  "overprod": {
    "P6": 1,
    "P8": 1,
    "P12": 2,
    "P13": 1
  },
  "elapsed_sec": 28.5,
  "active": {
    "S52": [
      [
        "PAT_0912",
        0,
        0.0
      ],
      [
        "PAT_0912",
        0,
        1549.7989
      ],
      [
        "PAT_0912",
        0,
        3099.5978
      ],
      [
        "PAT_0912",
        0,
        4649.3967
      ],
      [
        "PAT_0912",
        0,
        6199.1956
      ],
      [
        "PAT_0012",
        0,
        7748.9945
      ],
      [
        "PAT_0012",
        1,
        17720.5869
      ]
    ],
    "S5": [
      [
        "PAT_0031",
        0,
        0.0
      ],
      [
        "PAT_0031",
        0,
        4154.215
      ],
      [
        "PAT_0031",
        0,
        8308.43
      ],
      [
        "PAT_0778",
        0,
        12462.645
      ],
      [
        "PAT_0778",
        0,
        14372.192200000001
      ],
      [
        "PAT_0857",
        0,
        16281.739400000002
      ],
      [
        "PAT_0857",
        0,
        18191.286600000003
      ]
    ],
    "S8": [
      [
        "PAT_0216",
        0,
        3244.0538
      ],
      [
        "PAT_0216",
        0,
        6629.0266
      ],
      [
        "PAT_0216",
        0,
        10013.9994
      ],
      [
        "PAT_0216",
        0,
        13398.9722
      ],
      [
        "PAT_0534",
        0,
        16783.945
      ],
      [
        "PAT_0495",
        1,
        18693.4922
      ],
      [
        "PAT_0495",
        1,
        20603.0394
      ]
    ],
    "S20": [
      [
        "PAT_0171",
        0,
        4447.1807
      ],
      [
        "PAT_0171",
        0,
        7832.1535
      ],
      [
        "PAT_0171",
        0,
        11217.1263
      ]
    ],
    "S26": [
      [
        "PAT_0314",
        0,
        0.0
      ],
      [
        "PAT_0499",
        0,
        3384.9728
      ],
      [
        "PAT_0499",
        0,
        5294.52
      ],
      [
        "PAT_0499",
        0,
        7204.0672
      ],
      [
        "PAT_0499",
        0,
        9113.6144
      ],
      [
        "PAT_0511",
        0,
        11023.1616
      ],
      [
        "PAT_0511",
        0,
        12932.7088
      ],
      [
        "PAT_0511",
        0,
        14842.256000000001
      ],
      [
        "PAT_0511",
        0,
        16751.803200000002
      ]
    ]
  }
}