{
  "instance": "SYN_SWEEP3_LENRATIO_LONG_018",
  "method": "VNS_SA",
  "start_method": "multistart",
  "time_limit": 60.0,
  "cost": 5578.1399,
  "is_feasible": true,
  "unmet": {},
  "overprod": {
    "P1": 1,
    "P2": 3,
    "P5": 3,
    "P9": 1,
    "P12": 1,
    "P14": 1
  },
  "elapsed_sec": 48.1,
  "active": {
    "S15": [
      [
        "PAT_5239",
        1,
        3133.054
      ],
      [
        "PAT_5239",
        1,
        5270.3087
      ],
      [
        "PAT_5239",
        1,
        7407.563399999999
      ],
      [
        "PAT_5015",
        1,
        15342.5425
      ]
    ],
    "S34": [
      [
        "PAT_5359",
        2,
        10728.0851
      ],
      [
        "PAT_5359",
        2,
        13286.1676
      ],
      [
        "PAT_5359",
        2,
        15844.250100000001
      ],
      [
        "PAT_5359",
        2,
        18402.3326
      ],
      [
        "PAT_5359",
        2,
        20960.415100000002
      ]
    ],
    "S28": [
      [
        "PAT_5096",
        0,
        0.0
      ],
      [
        "PAT_5096",
        0,
        2137.2547
      ],
      [
        "PAT_5096",
        0,
        4274.5094
      ],
      [
        "PAT_5397",
        0,
        6411.7641
      ],
      [
        "PAT_5088",
        1,
        9144.6748
      ],
      [
        "PAT_5088",
        1,
        12033.995
      ],
      [
        "PAT_5088",
        1,
        14923.315200000001
      ],
      [
        "PAT_2581",
        0,
        17812.6354
      ]
    ],
    "S13": [
      [
        "PAT_2960",
        0,
        0.0
      ],
      [
        "PAT_2960",
        0,
        2980.2847
      ],
      [
        "PAT_2960",
        0,
        5960.5694
      ],
      [
        "PAT_4465",
        0,
        8940.8541
      ],
      [
        "PAT_4465",
        0,
        11921.1388
      ],
      [
        "PAT_4465",
        0,
        14901.4235
      ]
    ],
    "S12": [
      [
        "PAT_4930",
        0,
        0.0
      ],
      [
        "PAT_5030",
        0,
        2980.2847
      ],
      [
        "PAT_5030",
        0,
        5869.6049
      ],
      [
        "PAT_5030",
        0,
        8758.9251
      ],
      [
        "PAT_5019",
        0,
        11648.2453
      ],
      [
        "PAT_5019",
        0,
        14537.5655
      ]
    ]
  }
}