{
  "instance": "SYN_SWEEP3_LENRATIO_LONG_005",
  "method": "VNS_SA",
  "start_method": "greedy",
  "time_limit": 60.0,
  "cost": 6852.1049,
  "is_feasible": true,
  "unmet": {},
  "overprod": {
    "P2": 1,
    "P3": 1,
    "P7": 1,
    "P9": 1
  },
  "elapsed_sec": 17.04,
  "active": {
    "S25": [
      [
        "PAT_0123",
        0,
        0.0
      ],
      [
        "PAT_0240",
        0,
        5488.787499999999
      ],
      [
        "PAT_0073",
        0,
        9934.4049
      ],
      [
        "PAT_0173",
        1,
        14243.015900000002
      ]
    ],
    "S35": [
      [
        "PAT_0214",
        0,
        2067.6841000000004
      ],
      [
        "PAT_0214",
        0,
        6513.3015000000005
      ],
      [
        "PAT_0075",
        0,
        10958.9189
      ],
      [
        "PAT_0075",
        0,
        15188.4392
      ]
    ],
    "S4": [
      [
        "PAT_0113",
        0,
        0.0
      ],
      [
        "PAT_0267",
        2,
        7720.0644
      ],
      [
        "PAT_0104",
        0,
        12006.365099999999
      ],
      [
        "PAT_0104",
        0,
        15496.909199999998
      ]
    ],
    "S44": [
      [
        "PAT_0193",
        0,
        0.0
      ],
      [
        "PAT_0100",
        0,
        4445.6174
      ],
      [
        "PAT_0005",
        1,
        8299.341
      ],
      [
        "PAT_0100",
        0,
        12117.9932
      ],
      [
        "PAT_0005",
        2,
        15608.5373
      ]
    ],
    "S31": [
      [
        "PAT_0054",
        0,
        0.0
      ],
      [
        "PAT_0153",
        0,
        4137.8165
      ],
      [
        "PAT_0153",
        0,
        7628.3606
      ],
      [
        "PAT_0053",
        3,
        11798.826
      ],
      [
        "PAT_0054",
        2,
        13966.2183
      ]
    ],
    "S24": [
      [
        "PAT_0010",
        0,
        0.0
      ],
      [
        "PAT_0005",
        0,
        5966.7257
      ],
      [
        "PAT_0268",
        0,
        9785.3779
      ],
      [
        "PAT_0268",
        0,
        13476.2295
      ],
      [
        "PAT_0268",
        1,
        18489.9499
      ]
    ]
  }
}