{
  "instance": "SYN_SWEEP3_LENRATIO_SHORT_008",
  "method": "GRASP_SA",
  "start_method": "none",
  "time_limit": 60.0,
  "cost": 8848.2461,
  "is_feasible": true,
  "unmet": {},
  "overprod": {
    "P2": 2,
    "P5": 2,
    "P10": 1
  },
  "elapsed_sec": 60.13,
  "active": {
    "S1": [
      [
        "PAT_0090",
        0,
        0.0
      ],
      [
        "PAT_0017",
        0,
        3518.6038
      ]
    ],
    "S36": [
      [
        "PAT_0016",
        0,
        0.0
      ],
      [
        "PAT_0018",
        0,
        3970.1719
      ]
    ],
    "S25": [
      [
        "PAT_0006",
        0,
        0.0
      ]
    ],
    "S18": [
      [
        "PAT_0026",
        0,
        2291.9613
      ]
    ],
    "S14": [
      [
        "PAT_0005",
        0,
        0.0
      ]
    ],
    "S11": [
      [
        "PAT_0692",
        0,
        2275.5064
      ],
      [
        "PAT_0692",
        0,
        4772.3067
      ]
    ],
    "S33": [
      [
        "PAT_0019",
        0,
        1403.1701
      ]
    ],
    "S42": [
      [
        "PAT_0020",
        0,
        0.0
      ],
      [
        "PAT_0013",
        0,
        2308.7705
      ]
    ],
    "S9": [
      [
        "PAT_0692",
        0,
        0.0
      ],
      [
        "PAT_0018",
        1,
        2714.739899999999
      ],
      [
        "PAT_0018",
        1,
        5023.510399999999
      ]
    ],
    "S31": [
      [
        "PAT_0693",
        0,
        1779.3209
      ],
      [
        "PAT_0691",
        0,
        4276.1212
      ]
    ],
    "S2": [
      [
        "PAT_0692",
        0,
        0.0
      ],
      [
        "PAT_0691",
        0,
        2496.8003
      ]
    ],
    "S38": [
      [
        "PAT_0025",
        0,
        0.0
      ],
      [
        "PAT_0674",
        0,
        3518.6038
      ]
    ],
    "S21": [
      [
        "PAT_0698",
        0,
        0.0
      ],
      [
        "PAT_0698",
        0,
        2496.8003
      ],
      [
        "PAT_0692",
        0,
        4993.6006
      ]
    ],
    "S46": [
      [
        "PAT_0664",
        0,
        0.0
      ],
      [
        "PAT_0664",
        0,
        3100.5089
      ]
    ],
    "S40": [
      [
        "PAT_0466",
        0,
        0.0
      ],
      [
        "PAT_0534",
        0,
        3100.5089
      ]
    ]
  }
}