{
  "instance": "SYN_SWEEP3_LENRATIO_LONG_005",
  "method": "ILS_SA",
  "start_method": "greedy",
  "time_limit": 60.0,
  "cost": 6810.7697,
  "is_feasible": true,
  "unmet": {},
  "overprod": {
    "P6": 1,
    "P7": 2,
    "P8": 1
  },
  "elapsed_sec": 60.2,
  "active": {
    "S23": [
      [
        "PAT_0120",
        0,
        0.0
      ],
      [
        "PAT_0120",
        0,
        3490.5441
      ],
      [
        "PAT_0120",
        0,
        6981.0882
      ],
      [
        "PAT_0078",
        1,
        12505.529
      ],
      [
        "PAT_0037",
        1,
        15996.073100000001
      ],
      [
        "PAT_0119",
        2,
        17844.3641
      ]
    ],
    "S35": [
      [
        "PAT_0024",
        0,
        0.0
      ],
      [
        "PAT_0074",
        0,
        1635.6162
      ],
      [
        "PAT_0005",
        0,
        5865.1365000000005
      ],
      [
        "PAT_0005",
        0,
        9683.788700000001
      ],
      [
        "PAT_0005",
        0,
        13502.440900000001
      ]
    ],
    "S26": [
      [
        "PAT_0074",
        0,
        0.0
      ],
      [
        "PAT_0268",
        1,
        9029.549
      ],
      [
        "PAT_0268",
        1,
        12720.4006
      ]
    ],
    "S4": [
      [
        "PAT_0157",
        0,
        8315.5135
      ],
      [
        "PAT_0157",
        0,
        11806.0576
      ],
      [
        "PAT_0157",
        0,
        15296.6017
      ]
    ],
    "S47": [
      [
        "PAT_0030",
        0,
        2917.9832
      ],
      [
        "PAT_0030",
        0,
        4553.5994
      ],
      [
        "PAT_0244",
        0,
        6189.2155999999995
      ],
      [
        "PAT_0244",
        0,
        10634.832999999999
      ]
    ],
    "S10": [
      [
        "PAT_0181",
        0,
        0.0
      ],
      [
        "PAT_0074",
        0,
        3490.5441
      ],
      [
        "PAT_0212",
        1,
        11251.7105
      ]
    ],
    "S5": [
      [
        "PAT_0221",
        0,
        0.0
      ],
      [
        "PAT_0268",
        1,
        5609.2193
      ],
      [
        "PAT_0268",
        1,
        9300.070899999999
      ]
    ]
  }
}