{
  "instance": "SYN_SWEEP3_LENRATIO_LONG_002",
  "method": "multistart",
  "start_method": "none",
  "time_limit": 60.0,
  "cost": 5702.6397,
  "is_feasible": true,
  "unmet": {},
  "overprod": {
    "P3": 2,
    "P5": 1,
    "P8": 5,
    "P11": 1,
    "P12": 1
  },
  "elapsed_sec": 7.71,
  "active": {
    "S45": [
      [
        "PAT_0145",
        1,
        4604.6787
      ],
      [
        "PAT_0145",
        1,
        6455.494900000001
      ],
      [
        "PAT_0145",
        1,
        8306.3111
      ],
      [
        "PAT_0145",
        1,
        10157.1273
      ],
      [
        "PAT_0145",
        1,
        12007.9435
      ],
      [
        "PAT_0145",
        1,
        13858.759699999999
      ],
      [
        "PAT_0145",
        1,
        15709.575899999998
      ]
    ],
    "S43": [
      [
        "PAT_1312",
        0,
        2634.561
      ],
      [
        "PAT_1312",
        0,
        5870.338
      ],
      [
        "PAT_1312",
        0,
        9106.115
      ],
      [
        "PAT_1312",
        0,
        12341.892
      ],
      [
        "PAT_1312",
        0,
        15577.669
      ]
    ],
    "S31": [
      [
        "PAT_1828",
        0,
        0.0
      ],
      [
        "PAT_1828",
        0,
        4262.6668
      ],
      [
        "PAT_1828",
        0,
        8525.3336
      ],
      [
        "PAT_0532",
        1,
        15163.6824
      ]
    ],
    "S4": [
      [
        "PAT_0349",
        0,
        0.0
      ],
      [
        "PAT_0349",
        0,
        1850.8162
      ],
      [
        "PAT_0349",
        0,
        3701.6324
      ],
      [
        "PAT_0349",
        0,
        5552.4486
      ],
      [
        "PAT_0349",
        0,
        7403.2648
      ],
      [
        "PAT_1629",
        1,
        13699.621
      ],
      [
        "PAT_0760",
        1,
        17962.2878
      ]
    ],
    "S47": [
      [
        "PAT_0041",
        0,
        3967.2728
      ],
      [
        "PAT_0041",
        0,
        5818.089
      ],
      [
        "PAT_0041",
        0,
        7668.9052
      ],
      [
        "PAT_0041",
        0,
        9519.7214
      ],
      [
        "PAT_0041",
        0,
        11370.5376
      ],
      [
        "PAT_0041",
        0,
        13221.353799999999
      ],
      [
        "PAT_0041",
        0,
        15072.169999999998
      ]
    ],
    "S18": [
      [
        "PAT_1897",
        1,
        7643.7917
      ],
      [
        "PAT_1897",
        1,
        11906.4585
      ]
    ]
  }
}