{
  "instance": "SYN_SWEEP3_LENRATIO_LONG_017",
  "method": "SA",
  "start_method": "greedy",
  "time_limit": 60.0,
  "cost": 6261.9108,
  "is_feasible": true,
  "unmet": {},
  "overprod": {
    "P5": 3,
    "P6": 4,
    "P10": 2
  },
  "elapsed_sec": 60.01,
  "active": {
    "S2": [
      [
        "PAT_0180",
        0,
        0.0
      ],
      [
        "PAT_0180",
        0,
        3314.8096
      ],
      [
        "PAT_0244",
        0,
        6629.6192
      ],
      [
        "PAT_0102",
        0,
        10708.4845
      ],
      [
        "PAT_0057",
        1,
        17667.0
      ],
      [
        "PAT_0252",
        1,
        22009.6243
      ]
    ],
    "S45": [
      [
        "PAT_0257",
        0,
        0.0
      ],
      [
        "PAT_0227",
        0,
        2877.5736
      ],
      [
        "PAT_0228",
        0,
        10789.5554
      ],
      [
        "PAT_0134",
        1,
        14868.420699999999
      ],
      [
        "PAT_0195",
        1,
        18702.2542
      ],
      [
        "PAT_0195",
        1,
        22142.1907
      ],
      [
        "PAT_0242",
        1,
        25582.1272
      ]
    ],
    "S26": [
      [
        "PAT_0085",
        0,
        0.0
      ],
      [
        "PAT_0085",
        0,
        4342.6243
      ],
      [
        "PAT_0085",
        0,
        8685.2486
      ],
      [
        "PAT_0024",
        1,
        17980.2516
      ],
      [
        "PAT_0024",
        1,
        21992.0743
      ],
      [
        "PAT_0195",
        1,
        26003.897
      ],
      [
        "PAT_0043",
        1,
        29443.8335
      ]
    ],
    "S42": [
      [
        "PAT_0103",
        0,
        0.0
      ],
      [
        "PAT_0103",
        0,
        4342.6243
      ],
      [
        "PAT_0018",
        0,
        8685.2486
      ],
      [
        "PAT_0018",
        0,
        12697.071300000001
      ],
      [
        "PAT_0018",
        0,
        16708.894
      ],
      [
        "PAT_0021",
        1,
        25749.1397
      ]
    ]
  }
}