{
  "instance": "SYN_SWEEP3_LENRATIO_LONG_008",
  "method": "VNS_SA",
  "start_method": "multistart",
  "time_limit": 60.0,
  "cost": 6908.1626,
  "is_feasible": true,
  "unmet": {},
  "overprod": {
    "P1": 1,
    "P7": 1,
    "P8": 1
  },
  "elapsed_sec": 60.02,
  "active": {
    "S34": [
      [
        "PAT_0862",
        0,
        0.0
      ],
      [
        "PAT_0356",
        0,
        4170.297200000001
      ],
      [
        "PAT_0043",
        0,
        10261.448700000004
      ],
      [
        "PAT_0042",
        1,
        14784.017700000004
      ],
      [
        "PAT_0042",
        1,
        19306.586700000003
      ]
    ],
    "S2": [
      [
        "PAT_0198",
        0,
        0.0
      ],
      [
        "PAT_0116",
        1,
        3919.1378
      ],
      [
        "PAT_0492",
        0,
        7312.703
      ],
      [
        "PAT_0492",
        0,
        15150.9786
      ],
      [
        "PAT_0492",
        0,
        19070.1164
      ],
      [
        "PAT_0101",
        2,
        26796.7323
      ]
    ],
    "S22": [
      [
        "PAT_0029",
        0,
        0.0
      ],
      [
        "PAT_0813",
        0,
        5036.8397
      ],
      [
        "PAT_0813",
        0,
        8955.9775
      ],
      [
        "PAT_0813",
        0,
        12875.115300000001
      ],
      [
        "PAT_0813",
        0,
        16794.2531
      ],
      [
        "PAT_0116",
        1,
        20713.390900000002
      ],
      [
        "PAT_0852",
        1,
        25147.3028
      ],
      [
        "PAT_0643",
        1,
        28155.6758
      ]
    ],
    "S15": [
      [
        "PAT_0855",
        0,
        0.0
      ],
      [
        "PAT_0855",
        0,
        3008.373
      ],
      [
        "PAT_0855",
        0,
        6016.746
      ],
      [
        "PAT_0855",
        0,
        9025.119
      ],
      [
        "PAT_0855",
        0,
        12033.492
      ],
      [
        "PAT_0038",
        1,
        15280.6215
      ]
    ],
    "S24": [
      [
        "PAT_0116",
        0,
        4820.8948
      ],
      [
        "PAT_0101",
        0,
        7762.8156
      ],
      [
        "PAT_0101",
        0,
        12426.5104
      ],
      [
        "PAT_0492",
        0,
        17090.2052
      ]
    ]
  }
}