{
  "instance": "SYN_SWEEP3_LENRATIO_LONG_014",
  "method": "VNS_SA",
  "start_method": "greedy",
  "time_limit": 60.0,
  "cost": 5787.7125,
  "is_feasible": true,
  "unmet": {},
  "overprod": {
    "P4": 1,
    "P5": 2,
    "P6": 1
  },
  "elapsed_sec": 39.6,
  "active": {
    "S20": [
      [
        "PAT_0336",
        0,
        3562.9164
      ],
      [
        "PAT_0336",
        0,
        6396.8014
      ],
      [
        "PAT_0143",
        1,
        9230.6864
      ],
      [
        "PAT_0294",
        1,
        12160.884900000001
      ],
      [
        "PAT_0181",
        1,
        14393.374700000002
      ],
      [
        "PAT_0181",
        1,
        17323.573200000003
      ]
    ],
    "S25": [
      [
        "PAT_0281",
        0,
        0.0
      ],
      [
        "PAT_0336",
        0,
        2200.5793
      ],
      [
        "PAT_0181",
        0,
        5195.9223
      ],
      [
        "PAT_0054",
        0,
        8126.120800000001
      ],
      [
        "PAT_0074",
        1,
        13650.620399999998
      ]
    ],
    "S10": [
      [
        "PAT_0330",
        0,
        0.0
      ],
      [
        "PAT_0311",
        0,
        2833.885
      ],
      [
        "PAT_0044",
        0,
        5034.4643
      ],
      [
        "PAT_0193",
        1,
        10251.9259
      ],
      [
        "PAT_0044",
        1,
        13306.0884
      ],
      [
        "PAT_0028",
        2,
        17850.4038
      ]
    ],
    "S14": [
      [
        "PAT_0208",
        0,
        4181.3337
      ],
      [
        "PAT_0034",
        0,
        12207.052399999999
      ],
      [
        "PAT_0034",
        0,
        16751.3678
      ]
    ],
    "S7": [
      [
        "PAT_0015",
        0,
        0.0
      ],
      [
        "PAT_0304",
        0,
        3085.1559
      ],
      [
        "PAT_0255",
        0,
        5285.7352
      ],
      [
        "PAT_0255",
        0,
        8881.1602
      ],
      [
        "PAT_0035",
        0,
        12476.585200000001
      ]
    ]
  }
}