{
  "instance": "SYN_SWEEP3_LENRATIO_LONG_004",
  "method": "SA",
  "start_method": "multistart",
  "time_limit": 60.0,
  "cost": 5496.5409,
  "is_feasible": true,
  "unmet": {},
  "overprod": {
    "P2": 5,
    "P6": 1,
    "P7": 1
  },
  "elapsed_sec": 60.01,
  "active": {
    "S21": [
      [
        "PAT_0325",
        0,
        0.0
      ],
      [
        "PAT_0325",
        0,
        2198.6602
      ],
      [
        "PAT_0325",
        0,
        4397.3204
      ],
      [
        "PAT_0325",
        0,
        6595.980599999999
      ],
      [
        "PAT_0325",
        1,
        11731.5852
      ],
      [
        "PAT_0005",
        0,
        13930.2454
      ],
      [
        "PAT_0005",
        0,
        16019.5874
      ]
    ],
    "S6": [
      [
        "PAT_0051",
        0,
        0.0
      ],
      [
        "PAT_0051",
        0,
        3083.0984
      ],
      [
        "PAT_0051",
        0,
        6166.1968
      ],
      [
        "PAT_0051",
        0,
        9249.2952
      ],
      [
        "PAT_0051",
        0,
        12332.3936
      ],
      [
        "PAT_0005",
        0,
        15415.491999999998
      ],
      [
        "PAT_0204",
        0,
        17504.834
      ]
    ],
    "S34": [
      [
        "PAT_0010",
        0,
        0.0
      ],
      [
        "PAT_0010",
        0,
        2089.342
      ],
      [
        "PAT_0010",
        0,
        4178.684
      ],
      [
        "PAT_0010",
        0,
        6268.026
      ],
      [
        "PAT_0010",
        1,
        11046.5302
      ],
      [
        "PAT_0129",
        1,
        13135.8722
      ],
      [
        "PAT_0129",
        1,
        15875.6183
      ]
    ],
    "S14": [
      [
        "PAT_0293",
        0,
        3478.983
      ],
      [
        "PAT_0293",
        0,
        6218.7291000000005
      ],
      [
        "PAT_0293",
        0,
        8958.4752
      ],
      [
        "PAT_0293",
        0,
        11698.221300000001
      ],
      [
        "PAT_0293",
        0,
        14437.967400000001
      ],
      [
        "PAT_0293",
        0,
        17177.7135
      ],
      [
        "PAT_0174",
        0,
        19917.459600000002
      ]
    ],
    "S38": [
      [
        "PAT_0075",
        1,
        5081.1155
      ],
      [
        "PAT_0075",
        1,
        7820.8616
      ],
      [
        "PAT_0136",
        2,
        12989.2834
      ]
    ]
  }
}