{
  "instance": "SYN_SWEEP3_LENRATIO_LONG_010",
  "method": "multistart",
  "start_method": "none",
  "time_limit": 60.0,
  "cost": 7176.3916,
  "is_feasible": true,
  "unmet": {},
  "overprod": {
    "P5": 1,
    "P6": 1,
    "P7": 7,
    "P8": 9
  },
  "elapsed_sec": 0.52,
  "active": {
    "S17": [
      [
        "PAT_0005",
        0,
        5288.6375
      ],
      [
        "PAT_0005",
        0,
        9062.909599999999
      ],
      [
        "PAT_0005",
        0,
        12837.1817
      ],
      [
        "PAT_0092",
        1,
        16611.4538
      ],
      [
        "PAT_0092",
        1,
        18817.4075
      ]
    ],
    "S32": [
      [
        "PAT_0093",
        0,
        0.0
      ],
      [
        "PAT_0093",
        0,
        2205.9537
      ],
      [
        "PAT_0093",
        0,
        4411.9074
      ],
      [
        "PAT_0093",
        0,
        6617.8611
      ],
      [
        "PAT_0069",
        2,
        16688.2487
      ],
      [
        "PAT_0020",
        2,
        19724.0512
      ]
    ],
    "S24": [
      [
        "PAT_0069",
        1,
        15056.851
      ],
      [
        "PAT_0069",
        1,
        18092.6535
      ],
      [
        "PAT_0069",
        1,
        21128.456
      ],
      [
        "PAT_0069",
        1,
        24164.258499999996
      ]
    ],
    "S23": [
      [
        "PAT_0063",
        1,
        7367.6191
      ],
      [
        "PAT_0063",
        1,
        10299.4556
      ],
      [
        "PAT_0063",
        1,
        13231.292099999999
      ],
      [
        "PAT_0063",
        1,
        16163.128599999998
      ],
      [
        "PAT_0063",
        1,
        19094.965099999998
      ],
      [
        "PAT_0030",
        2,
        22026.8016
      ]
    ],
    "S31": [
      [
        "PAT_0079",
        0,
        1717.1916
      ],
      [
        "PAT_0079",
        0,
        5076.3739000000005
      ],
      [
        "PAT_0036",
        1,
        12429.2648
      ],
      [
        "PAT_0036",
        1,
        14730.9433
      ],
      [
        "PAT_0036",
        1,
        17032.6218
      ],
      [
        "PAT_0036",
        1,
        19334.300300000003
      ]
    ],
    "S37": [
      [
        "PAT_0088",
        0,
        4966.1597
      ],
      [
        "PAT_0088",
        0,
        8325.342
      ],
      [
        "PAT_0088",
        0,
        11684.524300000001
      ],
      [
        "PAT_0088",
        0,
        15043.706600000001
      ],
      [
        "PAT_0088",
        0,
        18402.8889
      ],
      [
        "PAT_0031",
        1,
        21762.071200000002
      ]
    ],
    "S10": [
      [
        "PAT_0072",
        0,
        3459.4152
      ],
      [
        "PAT_0072",
        0,
        6818.5975
      ]
    ]
  }
}