{
  "instance": "SYN_SWEEP3_LENRATIO_LONG_015",
  "method": "GRASP_SA",
  "start_method": "none",
  "time_limit": 60.0,
  "cost": 5921.416,
  "is_feasible": true,
  "unmet": {},
  "overprod": {
    "P2": 3,
    "P3": 1,
    "P5": 1,
    "P7": 5,
    "P9": 1,
    "P10": 1
  },
  "elapsed_sec": 60.06,
  "active": {
    "S5": [
      [
        "PAT_0770",
        1,
        5474.0806
      ],
      [
        "PAT_0770",
        1,
        7779.911
      ],
      [
        "PAT_0770",
        1,
        10085.741399999999
      ],
      [
        "PAT_0770",
        1,
        12391.571799999998
      ],
      [
        "PAT_0770",
        1,
        14697.402199999997
      ],
      [
        "PAT_0205",
        0,
        17003.232599999996
      ]
    ],
    "S31": [
      [
        "PAT_0373",
        0,
        0.0
      ],
      [
        "PAT_0373",
        0,
        4870.3049
      ],
      [
        "PAT_0373",
        0,
        9740.6098
      ],
      [
        "PAT_0373",
        0,
        14610.914700000001
      ]
    ],
    "S6": [
      [
        "PAT_0946",
        0,
        0.0
      ],
      [
        "PAT_0946",
        0,
        2267.9499
      ],
      [
        "PAT_0946",
        0,
        4535.8998
      ],
      [
        "PAT_0946",
        0,
        6803.849700000001
      ],
      [
        "PAT_0946",
        0,
        9071.7996
      ],
      [
        "PAT_0946",
        0,
        11339.7495
      ],
      [
        "PAT_0946",
        0,
        13607.6994
      ],
      [
        "PAT_0946",
        0,
        15875.6493
      ],
      [
        "PAT_0013",
        1,
        18143.5992
      ],
      [
        "PAT_0013",
        1,
        19622.0922
      ]
    ],
    "S42": [
      [
        "PAT_0121",
        0,
        0.0
      ],
      [
        "PAT_0121",
        0,
        3219.6462
      ],
      [
        "PAT_0121",
        0,
        6439.2924
      ],
      [
        "PAT_0121",
        0,
        9658.938600000001
      ],
      [
        "PAT_0033",
        0,
        12878.5848
      ],
      [
        "PAT_0013",
        2,
        17613.7057
      ]
    ],
    "S37": [
      [
        "PAT_0237",
        0,
        0.0
      ],
      [
        "PAT_0010",
        2,
        8753.4497
      ],
      [
        "PAT_0010",
        2,
        10231.9427
      ],
      [
        "PAT_0010",
        2,
        11710.4357
      ],
      [
        "PAT_0010",
        2,
        13188.9287
      ],
      [
        "PAT_0010",
        2,
        14667.4217
      ],
      [
        "PAT_0010",
        2,
        16145.914700000001
      ],
      [
        "PAT_0141",
        2,
        17624.4077
      ]
    ]
  }
}