{
  "instance": "SYN_SWEEP3_LENRATIO_LONG_009",
  "method": "TS",
  "start_method": "greedy",
  "time_limit": 60.0,
  "cost": 6585.3781,
  "is_feasible": true,
  "unmet": {},
  "overprod": {
    "P2": 1,
    "P8": 1,
    "P11": 1,
    "P12": 1
  },
  "elapsed_sec": 60.03,
  "active": {
    "S46": [
      [
        "PAT_0027",
        0,
        0.0
      ],
      [
        "PAT_0029",
        0,
        4349.057100000004
      ],
      [
        "PAT_4819",
        0,
        7594.3259000000035
      ],
      [
        "PAT_4819",
        0,
        11136.465600000003
      ],
      [
        "PAT_4819",
        0,
        14678.605300000003
      ],
      [
        "PAT_4819",
        0,
        18220.745000000003
      ],
      [
        "PAT_4819",
        0,
        21762.884700000002
      ],
      [
        "PAT_0009",
        0,
        25305.024400000002
      ]
    ],
    "S8": [
      [
        "PAT_4908",
        0,
        0.0
      ],
      [
        "PAT_4908",
        0,
        4432.2414
      ],
      [
        "PAT_4908",
        0,
        8864.4828
      ],
      [
        "PAT_3779",
        0,
        13296.7242
      ],
      [
        "PAT_0007",
        0,
        15842.3325
      ]
    ],
    "S2": [
      [
        "PAT_3612",
        0,
        0.0
      ],
      [
        "PAT_1951",
        1,
        3981.4321
      ],
      [
        "PAT_1951",
        1,
        6527.0404
      ],
      [
        "PAT_1951",
        1,
        9072.6487
      ],
      [
        "PAT_1951",
        1,
        11618.257
      ],
      [
        "PAT_1951",
        1,
        14163.8653
      ],
      [
        "PAT_4152",
        2,
        16709.473599999998
      ],
      [
        "PAT_4152",
        2,
        19255.081899999997
      ]
    ],
    "S5": [
      [
        "PAT_4768",
        0,
        0.0
      ],
      [
        "PAT_4788",
        0,
        4566.1258
      ],
      [
        "PAT_4788",
        0,
        8108.2654999999995
      ],
      [
        "PAT_4788",
        0,
        11650.4052
      ],
      [
        "PAT_4788",
        0,
        15192.544899999999
      ],
      [
        "PAT_4788",
        0,
        18734.6846
      ]
    ],
    "S45": [
      [
        "PAT_4769",
        0,
        0.0
      ],
      [
        "PAT_0019",
        0,
        5951.0095
      ],
      [
        "PAT_0019",
        0,
        8849.0098
      ],
      [
        "PAT_0019",
        0,
        11747.0101
      ],
      [
        "PAT_0019",
        0,
        14645.0104
      ],
      [
        "PAT_0019",
        0,
        17543.0107
      ]
    ]
  }
}