{
  "instance": "SYN_SWEEP3_LENRATIO_LONG_001",
  "method": "TS",
  "start_method": "greedy",
  "time_limit": 60.0,
  "cost": 5950.3288,
  "is_feasible": true,
  "unmet": {},
  "overprod": {
    "P8": 1,
    "P10": 1,
    "P12": 1,
    "P13": 1
  },
  "elapsed_sec": 60.01,
  "active": {
    "S5": [
      [
        "PAT_0031",
        0,
        0.0
      ],
      [
        "PAT_0031",
        0,
        4154.215
      ],
      [
        "PAT_0031",
        0,
        8308.43
      ],
      [
        "PAT_0778",
        0,
        12462.645
      ],
      [
        "PAT_0778",
        0,
        14372.192200000001
      ],
      [
        "PAT_0857",
        0,
        16281.739400000002
      ],
      [
        "PAT_0857",
        0,
        18191.286600000003
      ]
    ],
    "S8": [
      [
        "PAT_0315",
        0,
        0.0
      ],
      [
        "PAT_0216",
        0,
        5301.915499999999
      ],
      [
        "PAT_0216",
        0,
        8686.888299999999
      ],
      [
        "PAT_0216",
        0,
        12071.861099999998
      ],
      [
        "PAT_0216",
        0,
        15456.833899999998
      ],
      [
        "PAT_0495",
        1,
        18841.806699999997
      ],
      [
        "PAT_0495",
        1,
        20751.3539
      ]
    ],
    "S26": [
      [
        "PAT_0533",
        0,
        0.0
      ],
      [
        "PAT_0511",
        0,
        4225.522799999994
      ],
      [
        "PAT_0511",
        0,
        6135.069999999994
      ],
      [
        "PAT_0511",
        0,
        8044.617199999994
      ],
      [
        "PAT_0511",
        0,
        9954.164399999994
      ],
      [
        "PAT_0499",
        0,
        11863.711599999995
      ],
      [
        "PAT_0499",
        0,
        13773.258799999996
      ],
      [
        "PAT_0499",
        0,
        15682.805999999997
      ],
      [
        "PAT_0499",
        0,
        17592.353199999998
      ]
    ],
    "S52": [
      [
        "PAT_0912",
        0,
        0.0
      ],
      [
        "PAT_0912",
        0,
        1549.7989
      ],
      [
        "PAT_0912",
        0,
        3099.5978
      ],
      [
        "PAT_0912",
        0,
        4649.3967
      ],
      [
        "PAT_0912",
        0,
        6199.1956
      ],
      [
        "PAT_0012",
        0,
        7748.9945
      ],
      [
        "PAT_0012",
        1,
        17720.5869
      ]
    ],
    "S20": [
      [
        "PAT_0171",
        0,
        4447.1807
      ],
      [
        "PAT_0171",
        0,
        7832.1535
      ],
      [
        "PAT_0171",
        0,
        11217.1263
      ]
    ]
  }
}