{
  "instance": "SYN_SWEEP3_LENRATIO_LONG_015",
  "method": "TS",
  "start_method": "multistart",
  "time_limit": 60.0,
  "cost": 5666.6212,
  "is_feasible": true,
  "unmet": {},
  "overprod": {
    "P1": 1,
    "P6": 2,
    "P7": 1,
    "P11": 1
  },
  "elapsed_sec": 60.0,
  "active": {
    "S5": [
      [
        "PAT_0127",
        0,
        5570.916000000004
      ],
      [
        "PAT_0127",
        0,
        8790.562200000004
      ],
      [
        "PAT_0127",
        0,
        12010.208400000003
      ],
      [
        "PAT_0127",
        0,
        15229.854600000002
      ],
      [
        "PAT_0127",
        0,
        18449.5008
      ]
    ],
    "S42": [
      [
        "PAT_0558",
        0,
        0.0
      ],
      [
        "PAT_0558",
        0,
        4870.3049
      ],
      [
        "PAT_0558",
        0,
        9740.6098
      ]
    ],
    "S37": [
      [
        "PAT_0838",
        0,
        0.0
      ],
      [
        "PAT_0838",
        0,
        2317.6039
      ],
      [
        "PAT_0515",
        0,
        8753.4497
      ],
      [
        "PAT_0828",
        1,
        14034.430900000003
      ],
      [
        "PAT_0394",
        1,
        16340.261300000002
      ]
    ],
    "S6": [
      [
        "PAT_0898",
        0,
        0.0
      ],
      [
        "PAT_0898",
        0,
        2305.8304
      ],
      [
        "PAT_0943",
        0,
        4611.6608
      ],
      [
        "PAT_0943",
        0,
        6879.610699999999
      ],
      [
        "PAT_0943",
        0,
        9147.560599999999
      ],
      [
        "PAT_0937",
        0,
        11415.510499999999
      ],
      [
        "PAT_0937",
        0,
        13683.460399999998
      ],
      [
        "PAT_0937",
        0,
        15951.410299999998
      ],
      [
        "PAT_0937",
        0,
        18219.3602
      ]
    ],
    "S31": [
      [
        "PAT_0035",
        0,
        0.0
      ],
      [
        "PAT_0012",
        1,
        9078.644800000004
      ],
      [
        "PAT_0012",
        1,
        10557.137800000004
      ],
      [
        "PAT_0012",
        1,
        12035.630800000004
      ],
      [
        "PAT_0012",
        1,
        13514.123800000005
      ],
      [
        "PAT_0012",
        1,
        14992.616800000005
      ],
      [
        "PAT_0012",
        1,
        16471.109800000006
      ],
      [
        "PAT_0012",
        1,
        17949.602800000004
      ],
      [
        "PAT_0012",
        1,
        19428.095800000003
      ]
    ]
  }
}