{
  "instance": "SYN_SWEEP3_LENRATIO_LONG_020",
  "method": "ILS_SA",
  "start_method": "greedy",
  "time_limit": 60.0,
  "cost": 7901.4425,
  "is_feasible": true,
  "unmet": {},
  "overprod": {
    "P6": 2,
    "P8": 1,
    "P14": 2
  },
  "elapsed_sec": 60.09,
  "active": {
    "S1": [
      [
        "PAT_6084",
        0,
        0.0
      ],
      [
        "PAT_7193",
        0,
        2933.2721
      ],
      [
        "PAT_7193",
        0,
        5871.3105
      ],
      [
        "PAT_7193",
        0,
        7340.329699999999
      ],
      [
        "PAT_7193",
        0,
        8809.348899999999
      ]
    ],
    "S12": [
      [
        "PAT_7756",
        0,
        0.0
      ],
      [
        "PAT_3719",
        0,
        1859.7271
      ],
      [
        "PAT_8841",
        2,
        4596.4968
      ],
      [
        "PAT_8841",
        2,
        6065.516
      ],
      [
        "PAT_8841",
        2,
        7534.535199999999
      ],
      [
        "PAT_8841",
        2,
        10472.5736
      ]
    ],
    "S28": [
      [
        "PAT_0027",
        0,
        3241.365
      ],
      [
        "PAT_0027",
        0,
        5978.1347
      ]
    ],
    "S16": [
      [
        "PAT_0060",
        0,
        0.0
      ],
      [
        "PAT_0060",
        0,
        2736.7697
      ],
      [
        "PAT_2679",
        1,
        6598.8913
      ]
    ],
    "S2": [
      [
        "PAT_4673",
        0,
        0.0
      ],
      [
        "PAT_4673",
        0,
        2736.7697
      ],
      [
        "PAT_8967",
        1,
        8406.2954
      ]
    ],
    "S4": [
      [
        "PAT_8133",
        0,
        2462.3669
      ],
      [
        "PAT_8133",
        0,
        3931.3860999999997
      ],
      [
        "PAT_6016",
        0,
        5400.405299999999
      ],
      [
        "PAT_1182",
        0,
        7960.1448
      ]
    ],
    "S10": [
      [
        "PAT_4293",
        0,
        0.0
      ],
      [
        "PAT_4293",
        0,
        2736.7697
      ],
      [
        "PAT_0027",
        0,
        5473.5394
      ],
      [
        "PAT_0027",
        0,
        8210.309099999999
      ]
    ],
    "S31": [
      [
        "PAT_1994",
        0,
        776.3238
      ],
      [
        "PAT_9045",
        1,
        4644.508
      ],
      [
        "PAT_0471",
        1,
        6113.5271999999995
      ]
    ],
    "S34": [
      [
        "PAT_0724",
        0,
        0.0
      ],
      [
        "PAT_6083",
        0,
        2736.7697
      ],
      [
        "PAT_2682",
        0,
        5296.5092
      ],
      [
        "PAT_8841",
        0,
        8033.2789
      ]
    ],
    "S30": [
      [
        "PAT_6874",
        0,
        0.0
      ],
      [
        "PAT_6874",
        0,
        1469.0192
      ],
      [
        "PAT_6874",
        0,
        2938.0384
      ],
      [
        "PAT_6874",
        0,
        4407.0576
      ],
      [
        "PAT_6084",
        1,
        6374.6715
      ],
      [
        "PAT_0842",
        2,
        8934.411
      ]
    ]
  }
}