{
  "instance": "SYN_SWEEP3_LENRATIO_LONG_001",
  "method": "ILS_SA",
  "start_method": "multistart",
  "time_limit": 60.0,
  "cost": 6181.4278,
  "is_feasible": true,
  "unmet": {},
  "overprod": {
    "P1": 1,
    "P4": 3,
    "P10": 1,
    "P13": 1
  },
  "elapsed_sec": 60.01,
  "active": {
    "S19": [
      [
        "PAT_0478",
        0,
        0.0
      ],
      [
        "PAT_0478",
        0,
        3384.9728
      ],
      [
        "PAT_0478",
        0,
        6769.9456
      ]
    ],
    "S20": [
      [
        "PAT_0777",
        0,
        0.0
      ],
      [
        "PAT_0851",
        0,
        1909.5472
      ],
      [
        "PAT_0851",
        0,
        3819.0944
      ],
      [
        "PAT_0851",
        0,
        5728.6416
      ],
      [
        "PAT_0031",
        0,
        7638.1888
      ],
      [
        "PAT_0031",
        0,
        11792.4038
      ],
      [
        "PAT_0908",
        1,
        19088.8216
      ]
    ],
    "S26": [
      [
        "PAT_0278",
        0,
        0.0
      ],
      [
        "PAT_0278",
        0,
        3384.9728
      ],
      [
        "PAT_0278",
        0,
        6769.9456
      ],
      [
        "PAT_0278",
        0,
        10154.9184
      ],
      [
        "PAT_0278",
        0,
        13539.8912
      ],
      [
        "PAT_0592",
        0,
        16924.864
      ],
      [
        "PAT_0825",
        1,
        22001.9004
      ]
    ],
    "S5": [
      [
        "PAT_0915",
        0,
        0.0
      ],
      [
        "PAT_0915",
        0,
        1549.7989
      ],
      [
        "PAT_0915",
        0,
        3099.5978
      ],
      [
        "PAT_0915",
        0,
        4649.3967
      ],
      [
        "PAT_0024",
        0,
        6199.1956
      ],
      [
        "PAT_0024",
        0,
        10353.4106
      ],
      [
        "PAT_0022",
        1,
        16674.1508
      ]
    ],
    "S8": [
      [
        "PAT_0487",
        0,
        0.0
      ],
      [
        "PAT_0511",
        0,
        3244.0538
      ],
      [
        "PAT_0511",
        0,
        5153.601000000001
      ],
      [
        "PAT_0511",
        0,
        7063.1482000000005
      ],
      [
        "PAT_0511",
        0,
        8972.6954
      ],
      [
        "PAT_0886",
        0,
        10882.242600000001
      ],
      [
        "PAT_0886",
        0,
        12791.789800000002
      ],
      [
        "PAT_0886",
        0,
        14701.337000000003
      ],
      [
        "PAT_0886",
        0,
        16610.884200000004
      ],
      [
        "PAT_0355",
        1,
        18520.431400000005
      ]
    ]
  }
}