{
  "instance": "SYN_SWEEP3_LENRATIO_LONG_016",
  "method": "ILS_SA",
  "start_method": "greedy",
  "time_limit": 60.0,
  "cost": 7793.4284,
  "is_feasible": true,
  "unmet": {},
  "overprod": {
    "P4": 3,
    "P5": 1,
    "P9": 1
  },
  "elapsed_sec": 60.01,
  "active": {
    "S20": [
      [
        "PAT_0307",
        0,
        0.0
      ],
      [
        "PAT_0307",
        0,
        3671.7939
      ],
      [
        "PAT_0307",
        0,
        7343.5878
      ],
      [
        "PAT_0307",
        0,
        11015.3817
      ]
    ],
    "S12": [
      [
        "PAT_0307",
        0,
        0.0
      ],
      [
        "PAT_0165",
        1,
        7290.5136
      ],
      [
        "PAT_0165",
        1,
        9654.4901
      ],
      [
        "PAT_0165",
        1,
        12018.466600000002
      ],
      [
        "PAT_0241",
        1,
        14382.443100000002
      ]
    ],
    "S4": [
      [
        "PAT_0309",
        0,
        0.0
      ],
      [
        "PAT_0237",
        0,
        3245.0992999999985
      ],
      [
        "PAT_0237",
        0,
        5609.075799999999
      ],
      [
        "PAT_0237",
        0,
        7973.052299999999
      ],
      [
        "PAT_0237",
        0,
        10337.0288
      ],
      [
        "PAT_0009",
        1,
        14143.1218
      ]
    ],
    "S25": [
      [
        "PAT_0275",
        0,
        0.0
      ],
      [
        "PAT_0275",
        0,
        2363.9765
      ],
      [
        "PAT_0275",
        0,
        4727.953
      ],
      [
        "PAT_0275",
        0,
        7091.9295
      ],
      [
        "PAT_0275",
        0,
        9455.906
      ],
      [
        "PAT_0039",
        0,
        11819.882500000002
      ]
    ],
    "S9": [
      [
        "PAT_0395",
        0,
        0.0
      ],
      [
        "PAT_0395",
        0,
        3242.4167
      ],
      [
        "PAT_0395",
        0,
        6484.8334
      ]
    ],
    "S7": [
      [
        "PAT_0337",
        0,
        0.0
      ],
      [
        "PAT_0337",
        0,
        3242.4167
      ],
      [
        "PAT_0337",
        0,
        6484.8334
      ],
      [
        "PAT_0397",
        1,
        13822.3322
      ]
    ],
    "S18": [
      [
        "PAT_0460",
        0,
        0.0
      ],
      [
        "PAT_0460",
        0,
        3505.7712
      ],
      [
        "PAT_0460",
        0,
        7011.5424
      ]
    ],
    "S24": [
      [
        "PAT_0355",
        0,
        0.0
      ],
      [
        "PAT_0355",
        0,
        3242.4167
      ]
    ],
    "S8": [
      [
        "PAT_0197",
        0,
        0.0
      ],
      [
        "PAT_0250",
        0,
        2363.9765
      ],
      [
        "PAT_0234",
        1,
        6120.3134
      ],
      [
        "PAT_0234",
        1,
        8484.2899
      ]
    ]
  }
}