{
  "instance": "SYN_SWEEP3_LENRATIO_LONG_002",
  "method": "VNS_SA",
  "start_method": "greedy",
  "time_limit": 60.0,
  "cost": 5567.7429,
  "is_feasible": true,
  "unmet": {},
  "overprod": {
    "P4": 1,
    "P7": 2,
    "P8": 4
  },
  "elapsed_sec": 45.31,
  "active": {
    "S43": [
      [
        "PAT_0307",
        0,
        0.0
      ],
      [
        "PAT_0089",
        0,
        2634.561
      ],
      [
        "PAT_0089",
        0,
        4485.3772
      ],
      [
        "PAT_1830",
        0,
        6336.1934
      ],
      [
        "PAT_0162",
        0,
        10598.8602
      ],
      [
        "PAT_1839",
        1,
        12905.0037
      ],
      [
        "PAT_0134",
        1,
        17167.6705
      ]
    ],
    "S45": [
      [
        "PAT_0562",
        0,
        1998.4918
      ],
      [
        "PAT_0154",
        0,
        5669.85
      ],
      [
        "PAT_0154",
        0,
        7520.666200000001
      ],
      [
        "PAT_0154",
        0,
        9371.4824
      ],
      [
        "PAT_0088",
        0,
        11222.2986
      ],
      [
        "PAT_0967",
        1,
        13073.1148
      ],
      [
        "PAT_0967",
        1,
        14923.930999999999
      ],
      [
        "PAT_0967",
        1,
        16774.747199999998
      ]
    ],
    "S10": [
      [
        "PAT_1792",
        1,
        6598.645
      ]
    ],
    "S44": [
      [
        "PAT_0963",
        0,
        0.0
      ],
      [
        "PAT_1590",
        0,
        2627.3608
      ],
      [
        "PAT_1900",
        1,
        7984.6507
      ],
      [
        "PAT_0542",
        1,
        12247.317500000001
      ],
      [
        "PAT_1594",
        2,
        14098.1337
      ]
    ],
    "S31": [
      [
        "PAT_1170",
        0,
        0.0
      ],
      [
        "PAT_0821",
        0,
        3235.777
      ],
      [
        "PAT_1605",
        0,
        5086.5932
      ],
      [
        "PAT_1605",
        0,
        8322.370200000001
      ],
      [
        "PAT_1899",
        0,
        11558.147200000001
      ],
      [
        "PAT_1099",
        0,
        15820.814000000002
      ]
    ]
  }
}