{
  "instance": "SYN_SWEEP3_LENRATIO_LONG_005",
  "method": "FI",
  "start_method": "greedy",
  "time_limit": 60.0,
  "cost": 6894.8286,
  "is_feasible": true,
  "unmet": {},
  "overprod": {
    "P5": 1,
    "P7": 1,
    "P8": 2
  },
  "elapsed_sec": 60.0,
  "active": {
    "S35": [
      [
        "PAT_0221",
        0,
        0.0
      ],
      [
        "PAT_0005",
        0,
        5421.4922
      ],
      [
        "PAT_0005",
        0,
        9240.1444
      ],
      [
        "PAT_0005",
        0,
        13058.7966
      ],
      [
        "PAT_0024",
        1,
        16877.4488
      ]
    ],
    "S47": [
      [
        "PAT_0074",
        0,
        2917.9832
      ],
      [
        "PAT_0074",
        0,
        7147.503500000001
      ],
      [
        "PAT_0074",
        0,
        11377.0238
      ]
    ],
    "S24": [
      [
        "PAT_0268",
        0,
        5966.7257
      ],
      [
        "PAT_0268",
        0,
        9657.5773
      ],
      [
        "PAT_0268",
        0,
        13348.4289
      ]
    ],
    "S4": [
      [
        "PAT_0037",
        0,
        0.0
      ],
      [
        "PAT_0076",
        0,
        1635.6162
      ],
      [
        "PAT_0157",
        0,
        8315.5135
      ],
      [
        "PAT_0157",
        0,
        11806.0576
      ],
      [
        "PAT_0157",
        0,
        15296.6017
      ],
      [
        "PAT_0157",
        0,
        18787.1458
      ]
    ],
    "S26": [
      [
        "PAT_0267",
        0,
        0.0
      ],
      [
        "PAT_0249",
        1,
        9029.549
      ],
      [
        "PAT_0249",
        1,
        13475.166400000002
      ]
    ],
    "S48": [
      [
        "PAT_0030",
        0,
        0.0
      ],
      [
        "PAT_0030",
        0,
        1635.6162
      ],
      [
        "PAT_0204",
        0,
        7716.8498
      ]
    ],
    "S23": [
      [
        "PAT_0078",
        0,
        0.0
      ],
      [
        "PAT_0078",
        0,
        3490.5441
      ],
      [
        "PAT_0078",
        0,
        6981.0882
      ],
      [
        "PAT_0078",
        1,
        12505.529
      ],
      [
        "PAT_0119",
        1,
        15996.073100000001
      ]
    ]
  }
}