{
  "instance": "SYN_SWEEP3_LENRATIO_LONG_020",
  "method": "SA",
  "start_method": "greedy",
  "time_limit": 60.0,
  "cost": 8068.7104,
  "is_feasible": true,
  "unmet": {},
  "overprod": {
    "P1": 1,
    "P6": 1,
    "P8": 2,
    "P10": 2,
    "P15": 1
  },
  "elapsed_sec": 60.05,
  "active": {
    "S1": [
      [
        "PAT_1982",
        0,
        0.0
      ],
      [
        "PAT_7193",
        0,
        2933.2721
      ],
      [
        "PAT_6651",
        0,
        4402.2913
      ],
      [
        "PAT_8835",
        0,
        5871.3105
      ],
      [
        "PAT_6645",
        0,
        7340.329699999999
      ],
      [
        "PAT_7193",
        0,
        8809.348899999999
      ]
    ],
    "S12": [
      [
        "PAT_1270",
        0,
        0.0
      ],
      [
        "PAT_6690",
        0,
        3418.1336
      ],
      [
        "PAT_1260",
        1,
        6377.5376
      ],
      [
        "PAT_0028",
        1,
        9204.823100000001
      ]
    ],
    "S37": [
      [
        "PAT_7246",
        0,
        1781.413
      ],
      [
        "PAT_4627",
        1,
        3250.4322
      ],
      [
        "PAT_7193",
        1,
        6488.9131
      ]
    ],
    "S30": [
      [
        "PAT_6256",
        0,
        0.0
      ],
      [
        "PAT_6256",
        0,
        1469.0192
      ],
      [
        "PAT_0461",
        0,
        2938.0384
      ],
      [
        "PAT_6644",
        1,
        6374.6715
      ],
      [
        "PAT_1627",
        1,
        7843.6907
      ]
    ],
    "S5": [
      [
        "PAT_9067",
        0,
        0.0
      ],
      [
        "PAT_8205",
        1,
        2773.5275
      ],
      [
        "PAT_6046",
        0,
        4242.5467
      ],
      [
        "PAT_6950",
        2,
        7190.4586
      ]
    ],
    "S4": [
      [
        "PAT_6071",
        0,
        0.0
      ],
      [
        "PAT_0335",
        0,
        2559.7395
      ],
      [
        "PAT_0335",
        0,
        5296.5092
      ],
      [
        "PAT_4280",
        0,
        8033.2789
      ]
    ],
    "S31": [
      [
        "PAT_6274",
        0,
        776.3238
      ],
      [
        "PAT_6274",
        0,
        2245.343
      ],
      [
        "PAT_8873",
        1,
        4644.508
      ],
      [
        "PAT_4411",
        1,
        6113.5271999999995
      ]
    ],
    "S34": [
      [
        "PAT_6099",
        0,
        0.0
      ],
      [
        "PAT_4134",
        0,
        2559.7395
      ],
      [
        "PAT_4579",
        0,
        5296.5092
      ]
    ],
    "S15": [
      [
        "PAT_5468",
        0,
        2426.2919
      ]
    ],
    "S16": [
      [
        "PAT_6050",
        0,
        0.0
      ],
      [
        "PAT_4215",
        0,
        2559.7395
      ],
      [
        "PAT_4588",
        1,
        6598.8913
      ]
    ]
  }
}