{
  "instance": "SYN_SWEEP3_LENRATIO_LONG_025",
  "method": "TS",
  "start_method": "multistart",
  "time_limit": 60.0,
  "cost": 6105.869,
  "is_feasible": true,
  "unmet": {},
  "overprod": {
    "P2": 1,
    "P5": 1,
    "P7": 2,
    "P10": 3
  },
  "elapsed_sec": 60.02,
  "active": {
    "S34": [
      [
        "PAT_1129",
        0,
        0.0
      ],
      [
        "PAT_1129",
        0,
        3264.9667
      ],
      [
        "PAT_0655",
        0,
        6529.9334
      ],
      [
        "PAT_0655",
        0,
        7919.3876
      ],
      [
        "PAT_0349",
        0,
        9308.8418
      ],
      [
        "PAT_0349",
        0,
        10698.296
      ],
      [
        "PAT_0349",
        0,
        12087.7502
      ],
      [
        "PAT_0349",
        0,
        13477.2044
      ],
      [
        "PAT_0349",
        0,
        14866.6586
      ]
    ],
    "S31": [
      [
        "PAT_1041",
        0,
        0.0
      ],
      [
        "PAT_2787",
        0,
        6373.9739
      ],
      [
        "PAT_2787",
        0,
        10716.413499999999
      ],
      [
        "PAT_2787",
        0,
        15058.853099999998
      ],
      [
        "PAT_1417",
        0,
        20790.7469
      ]
    ],
    "S26": [
      [
        "PAT_0005",
        0,
        0.0
      ],
      [
        "PAT_1217",
        0,
        1411.3019999999988
      ],
      [
        "PAT_1217",
        0,
        4676.268699999999
      ],
      [
        "PAT_1217",
        0,
        7941.235399999999
      ],
      [
        "PAT_1217",
        0,
        11206.202099999999
      ],
      [
        "PAT_1164",
        0,
        14471.1688
      ],
      [
        "PAT_1164",
        0,
        17736.1355
      ]
    ],
    "S13": [
      [
        "PAT_0346",
        0,
        0.0
      ],
      [
        "PAT_0346",
        0,
        1389.4542
      ],
      [
        "PAT_0346",
        0,
        2778.9084
      ],
      [
        "PAT_0346",
        0,
        4168.3625999999995
      ],
      [
        "PAT_0346",
        0,
        5557.8168
      ],
      [
        "PAT_1487",
        0,
        6947.271
      ],
      [
        "PAT_1487",
        0,
        11289.710599999999
      ],
      [
        "PAT_2542",
        0,
        15632.150199999998
      ],
      [
        "PAT_2542",
        0,
        19974.589799999998
      ]
    ],
    "S29": [
      [
        "PAT_1267",
        0,
        1389.4542
      ],
      [
        "PAT_1267",
        0,
        5731.8938
      ],
      [
        "PAT_1267",
        0,
        10074.3334
      ]
    ]
  }
}