{
  "instance": "SYN_SWEEP4_WIDRATIO_HIGH_005",
  "method": "TS",
  "start_method": "multistart",
  "time_limit": 60.0,
  "cost": 9711.2686,
  "is_feasible": true,
  "unmet": {},
  "overprod": {
    "P5": 1,
    "P6": 1,
    "P8": 5,
    "P12": 1
  },
  "elapsed_sec": 60.03,
  "active": {
    "S34": [
      [
        "PAT_0426",
        0,
        0.0
      ],
      [
        "PAT_0426",
        0,
        3842.3066
      ]
    ],
    "S44": [
      [
        "PAT_1088",
        0,
        0.0
      ],
      [
        "PAT_0407",
        0,
        1556.439
      ]
    ],
    "S32": [
      [
        "PAT_0454",
        0,
        2156.5289000000002
      ]
    ],
    "S17": [
      [
        "PAT_0316",
        0,
        0.0
      ],
      [
        "PAT_0316",
        0,
        2820.0993
      ]
    ],
    "S29": [
      [
        "PAT_0473",
        0,
        0.0
      ],
      [
        "PAT_0473",
        0,
        3298.8754
      ]
    ],
    "S38": [
      [
        "PAT_0464",
        0,
        0.0
      ],
      [
        "PAT_0464",
        0,
        3298.8754
      ]
    ],
    "S1": [
      [
        "PAT_0392",
        0,
        0.0
      ],
      [
        "PAT_0392",
        0,
        2820.0993
      ]
    ],
    "S7": [
      [
        "PAT_0376",
        0,
        0.0
      ],
      [
        "PAT_0376",
        0,
        2820.0993
      ]
    ],
    "S49": [
      [
        "PAT_0003",
        0,
        2569.523
      ]
    ],
    "S57": [
      [
        "PAT_0746",
        0,
        2582.9929
      ]
    ],
    "S27": [
      [
        "PAT_0062",
        0,
        0.0
      ],
      [
        "PAT_0062",
        0,
        2820.0993
      ]
    ],
    "S46": [
      [
        "PAT_0002",
        0,
        820.6471
      ],
      [
        "PAT_0002",
        0,
        3640.7464
      ]
    ],
    "S26": [
      [
        "PAT_0853",
        0,
        0.0
      ],
      [
        "PAT_0853",
        0,
        1513.7794
      ],
      [
        "PAT_0853",
        0,
        3027.5588
      ]
    ],
    "S25": [
      [
        "PAT_0653",
        0,
        0.0
      ]
    ],
    "S47": [
      [
        "PAT_1073",
        0,
        713.9322
      ],
      [
        "PAT_0834",
        1,
        2227.7115999999996
      ],
      [
        "PAT_0834",
        1,
        3741.4909999999995
      ]
    ],
    "S21": [
      [
        "PAT_0768",
        0,
        0.0
      ],
      [
        "PAT_0768",
        0,
        1513.7794
      ],
      [
        "PAT_0768",
        0,
        3027.5588
      ]
    ],
    "S14": [
      [
        "PAT_0146",
        0,
        0.0
      ],
      [
        "PAT_0146",
        0,
        2820.0993
      ],
      [
        "PAT_0767",
        0,
        5640.1986
      ]
    ]
  }
}