{
  "instance": "SYN_SWEEP3_LENRATIO_LONG_012",
  "method": "greedy",
  "start_method": "none",
  "time_limit": 60.0,
  "cost": 6063.9571,
  "is_feasible": true,
  "unmet": {},
  "overprod": {
    "P5": 1,
    "P6": 1,
    "P8": 1
  },
  "elapsed_sec": 0.07,
  "active": {
    "S50": [
      [
        "PAT_0113",
        0,
        0.0
      ],
      [
        "PAT_0113",
        0,
        820.535
      ],
      [
        "PAT_0113",
        0,
        1641.07
      ],
      [
        "PAT_0113",
        0,
        2461.605
      ],
      [
        "PAT_0108",
        0,
        3282.14
      ],
      [
        "PAT_0108",
        1,
        7318.2535
      ]
    ],
    "S42": [
      [
        "PAT_0021",
        0,
        4931.0224
      ],
      [
        "PAT_0021",
        0,
        8633.8323
      ]
    ],
    "S12": [
      [
        "PAT_0005",
        0,
        3482.1501
      ],
      [
        "PAT_0005",
        0,
        6325.049
      ],
      [
        "PAT_0005",
        0,
        9167.9479
      ]
    ],
    "S5": [
      [
        "PAT_0008",
        0,
        1101.1529
      ],
      [
        "PAT_0008",
        0,
        3944.0518
      ],
      [
        "PAT_0008",
        0,
        6786.9507
      ],
      [
        "PAT_0102",
        0,
        9629.849600000001
      ]
    ],
    "S11": [
      [
        "PAT_0008",
        1,
        5434.4421
      ],
      [
        "PAT_0008",
        1,
        8277.341
      ]
    ],
    "S47": [
      [
        "PAT_0015",
        0,
        3501.1624
      ]
    ],
    "S20": [
      [
        "PAT_0096",
        0,
        4261.0451
      ],
      [
        "PAT_0096",
        0,
        5682.7249
      ],
      [
        "PAT_0096",
        0,
        7104.4047
      ]
    ],
    "S17": [
      [
        "PAT_0166",
        0,
        4281.6308
      ],
      [
        "PAT_0166",
        0,
        7481.9533
      ]
    ],
    "S14": [
      [
        "PAT_0119",
        0,
        4714.8819
      ],
      [
        "PAT_0119",
        0,
        7915.2044000000005
      ]
    ]
  }
}