{
  "instance": "SYN_SWEEP3_LENRATIO_LONG_029",
  "method": "greedy",
  "start_method": "none",
  "time_limit": 60.0,
  "cost": 8071.0493,
  "is_feasible": true,
  "unmet": {},
  "overprod": {
    "P1": 1,
    "P2": 1,
    "P3": 1,
    "P7": 1,
    "P10": 5
  },
  "elapsed_sec": 0.05,
  "active": {
    "S41": [
      [
        "PAT_0017",
        0,
        5250.8587
      ],
      [
        "PAT_0017",
        0,
        8259.6395
      ],
      [
        "PAT_0017",
        0,
        11268.4203
      ],
      [
        "PAT_0017",
        0,
        14277.2011
      ],
      [
        "PAT_0142",
        0,
        17285.9819
      ]
    ],
    "S18": [
      [
        "PAT_0148",
        0,
        0.0
      ],
      [
        "PAT_0148",
        0,
        3195.5581
      ],
      [
        "PAT_0148",
        0,
        6391.1162
      ],
      [
        "PAT_0142",
        0,
        9586.6743
      ],
      [
        "PAT_0142",
        0,
        12370.300500000001
      ],
      [
        "PAT_0141",
        0,
        15153.926700000002
      ],
      [
        "PAT_0151",
        1,
        18635.8589
      ]
    ],
    "S40": [
      [
        "PAT_0009",
        0,
        0.0
      ],
      [
        "PAT_0009",
        0,
        3008.7808
      ],
      [
        "PAT_0009",
        0,
        6017.5616
      ],
      [
        "PAT_0008",
        0,
        9026.3424
      ],
      [
        "PAT_0150",
        1,
        12035.1232
      ]
    ],
    "S22": [
      [
        "PAT_0150",
        0,
        0.0
      ],
      [
        "PAT_0150",
        0,
        3195.5581
      ],
      [
        "PAT_0150",
        0,
        6391.1162
      ],
      [
        "PAT_0150",
        0,
        9586.6743
      ],
      [
        "PAT_0150",
        0,
        12782.2324
      ],
      [
        "PAT_0030",
        0,
        15977.790500000001
      ],
      [
        "PAT_0030",
        0,
        17714.6724
      ],
      [
        "PAT_0040",
        1,
        19451.5543
      ],
      [
        "PAT_0040",
        1,
        21188.4362
      ]
    ],
    "S17": [
      [
        "PAT_0089",
        0,
        0.0
      ],
      [
        "PAT_0089",
        0,
        3718.0638
      ],
      [
        "PAT_0042",
        1,
        10901.38
      ],
      [
        "PAT_0042",
        1,
        12638.2619
      ]
    ],
    "S10": [
      [
        "PAT_0076",
        0,
        0.0
      ],
      [
        "PAT_0076",
        0,
        3718.0638
      ],
      [
        "PAT_0076",
        0,
        7436.1276
      ],
      [
        "PAT_0076",
        0,
        11154.1914
      ],
      [
        "PAT_0080",
        1,
        17497.6451
      ]
    ],
    "S13": [
      [
        "PAT_0080",
        0,
        0.0
      ],
      [
        "PAT_0080",
        0,
        3718.0638
      ],
      [
        "PAT_0080",
        0,
        7436.1276
      ],
      [
        "PAT_0080",
        0,
        11154.1914
      ]
    ]
  }
}