{
  "instance": "SYN_SWEEP3_LENRATIO_LONG_015",
  "method": "SD",
  "start_method": "multistart",
  "time_limit": 60.0,
  "cost": 5859.3026,
  "is_feasible": true,
  "unmet": {},
  "overprod": {
    "P1": 1,
    "P2": 3,
    "P4": 1,
    "P10": 1,
    "P11": 1,
    "P12": 1
  },
  "elapsed_sec": 10.42,
  "active": {
    "S31": [
      [
        "PAT_0012",
        1,
        8329.7479
      ],
      [
        "PAT_0012",
        1,
        9808.2409
      ],
      [
        "PAT_0012",
        1,
        11286.733900000001
      ],
      [
        "PAT_0012",
        1,
        12765.226900000001
      ],
      [
        "PAT_0012",
        1,
        14243.719900000002
      ],
      [
        "PAT_0012",
        1,
        15722.212900000002
      ],
      [
        "PAT_0012",
        1,
        17200.7059
      ],
      [
        "PAT_0012",
        1,
        18679.1989
      ]
    ],
    "S6": [
      [
        "PAT_0947",
        0,
        0.0
      ],
      [
        "PAT_0947",
        0,
        2267.9499
      ],
      [
        "PAT_0947",
        0,
        4535.8998
      ],
      [
        "PAT_0947",
        0,
        6803.849700000001
      ],
      [
        "PAT_0947",
        0,
        9071.7996
      ],
      [
        "PAT_0937",
        0,
        11339.7495
      ],
      [
        "PAT_0937",
        0,
        13607.6994
      ],
      [
        "PAT_0898",
        0,
        15875.6493
      ],
      [
        "PAT_0898",
        0,
        18181.4797
      ]
    ],
    "S5": [
      [
        "PAT_0053",
        0,
        0.0
      ],
      [
        "PAT_0127",
        0,
        5474.0806
      ],
      [
        "PAT_0127",
        0,
        8693.7268
      ],
      [
        "PAT_0127",
        0,
        11913.373
      ],
      [
        "PAT_0127",
        0,
        15133.019199999999
      ],
      [
        "PAT_0127",
        0,
        18352.665399999998
      ]
    ],
    "S37": [
      [
        "PAT_0826",
        0,
        0.0
      ],
      [
        "PAT_0826",
        0,
        2305.8304
      ],
      [
        "PAT_0826",
        0,
        4611.6608
      ],
      [
        "PAT_0519",
        0,
        6917.4911999999995
      ],
      [
        "PAT_0319",
        0,
        13623.7546
      ]
    ],
    "S42": [
      [
        "PAT_0543",
        0,
        0.0
      ],
      [
        "PAT_0543",
        0,
        4870.3049
      ],
      [
        "PAT_0262",
        0,
        9740.6098
      ],
      [
        "PAT_0034",
        1,
        14610.914700000001
      ]
    ]
  }
}