{
  "instance": "SYN_SWEEP3_LENRATIO_LONG_009",
  "method": "VNS_SA",
  "start_method": "greedy",
  "time_limit": 60.0,
  "cost": 6858.6709,
  "is_feasible": true,
  "unmet": {},
  "overprod": {
    "P1": 2,
    "P3": 2,
    "P7": 2,
    "P11": 1
  },
  "elapsed_sec": 46.15,
  "active": {
    "S5": [
      [
        "PAT_4788",
        0,
        4566.1258
      ],
      [
        "PAT_4788",
        0,
        8108.2654999999995
      ],
      [
        "PAT_4788",
        0,
        11650.4052
      ],
      [
        "PAT_4788",
        0,
        15192.544899999999
      ],
      [
        "PAT_4788",
        0,
        18734.6846
      ]
    ],
    "S2": [
      [
        "PAT_0026",
        0,
        0.0
      ],
      [
        "PAT_1951",
        1,
        3981.4321
      ],
      [
        "PAT_1951",
        1,
        6527.0404
      ],
      [
        "PAT_1951",
        1,
        9072.6487
      ],
      [
        "PAT_1951",
        1,
        11618.257
      ],
      [
        "PAT_1951",
        1,
        14163.8653
      ],
      [
        "PAT_4110",
        2,
        19991.7658
      ],
      [
        "PAT_4110",
        2,
        22537.3741
      ]
    ],
    "S46": [
      [
        "PAT_4583",
        0,
        0.0
      ],
      [
        "PAT_0029",
        0,
        2545.6083
      ],
      [
        "PAT_4819",
        0,
        5790.8771
      ],
      [
        "PAT_4819",
        0,
        9333.0168
      ],
      [
        "PAT_4819",
        0,
        12875.1565
      ],
      [
        "PAT_4819",
        0,
        16417.2962
      ],
      [
        "PAT_4819",
        0,
        19959.4359
      ],
      [
        "PAT_0009",
        0,
        23501.5756
      ]
    ],
    "S45": [
      [
        "PAT_4769",
        0,
        0.0
      ],
      [
        "PAT_0019",
        0,
        5951.0095
      ],
      [
        "PAT_0019",
        0,
        8849.0098
      ],
      [
        "PAT_0019",
        0,
        11747.0101
      ],
      [
        "PAT_0019",
        0,
        14645.0104
      ],
      [
        "PAT_0019",
        0,
        17543.0107
      ]
    ],
    "S8": [
      [
        "PAT_4908",
        0,
        0.0
      ],
      [
        "PAT_4908",
        0,
        4432.2414
      ],
      [
        "PAT_4908",
        0,
        8864.4828
      ],
      [
        "PAT_3779",
        0,
        13296.7242
      ]
    ],
    "S36": [
      [
        "PAT_4768",
        1,
        11376.5054
      ],
      [
        "PAT_0015",
        2,
        18016.8009
      ]
    ]
  }
}