{
  "instance": "SYN_SWEEP3_LENRATIO_LONG_018",
  "method": "multistart",
  "start_method": "none",
  "time_limit": 60.0,
  "cost": 5657.2573,
  "is_feasible": true,
  "unmet": {},
  "overprod": {
    "P1": 2,
    "P5": 3,
    "P9": 1
  },
  "elapsed_sec": 9.42,
  "active": {
    "S15": [
      [
        "PAT_5239",
        1,
        3133.054
      ],
      [
        "PAT_5239",
        1,
        5270.3087
      ],
      [
        "PAT_5239",
        1,
        7407.563399999999
      ],
      [
        "PAT_5015",
        1,
        15342.5425
      ]
    ],
    "S34": [
      [
        "PAT_5359",
        2,
        10728.0851
      ],
      [
        "PAT_5359",
        2,
        13286.1676
      ],
      [
        "PAT_5359",
        2,
        15844.250100000001
      ],
      [
        "PAT_5359",
        2,
        18402.3326
      ],
      [
        "PAT_5359",
        2,
        20960.415100000002
      ]
    ],
    "S28": [
      [
        "PAT_5096",
        0,
        0.0
      ],
      [
        "PAT_5096",
        0,
        2137.2547
      ],
      [
        "PAT_5096",
        0,
        4274.5094
      ],
      [
        "PAT_5397",
        0,
        6411.7641
      ],
      [
        "PAT_5088",
        1,
        9144.6748
      ],
      [
        "PAT_5088",
        1,
        12033.995
      ],
      [
        "PAT_5088",
        1,
        14923.315200000001
      ],
      [
        "PAT_2581",
        0,
        17812.6354
      ]
    ],
    "S12": [
      [
        "PAT_5089",
        0,
        0.0
      ],
      [
        "PAT_5089",
        0,
        2889.3202
      ],
      [
        "PAT_5089",
        0,
        5778.6404
      ],
      [
        "PAT_5089",
        0,
        8667.9606
      ],
      [
        "PAT_5089",
        0,
        11557.2808
      ],
      [
        "PAT_5089",
        0,
        14446.601
      ],
      [
        "PAT_4917",
        0,
        17335.9212
      ]
    ],
    "S13": [
      [
        "PAT_2960",
        0,
        0.0
      ],
      [
        "PAT_2960",
        0,
        2980.2847
      ],
      [
        "PAT_2960",
        0,
        5960.5694
      ],
      [
        "PAT_4465",
        0,
        8940.8541
      ],
      [
        "PAT_4465",
        0,
        11921.1388
      ],
      [
        "PAT_4465",
        0,
        14901.4235
      ]
    ]
  }
}