{
  "instance": "SYN_SWEEP3_LENRATIO_LONG_025",
  "method": "VNS_SA",
  "start_method": "greedy",
  "time_limit": 60.0,
  "cost": 6457.991,
  "is_feasible": true,
  "unmet": {},
  "overprod": {
    "P1": 1,
    "P2": 1,
    "P4": 1,
    "P5": 1,
    "P6": 1,
    "P10": 3
  },
  "elapsed_sec": 60.03,
  "active": {
    "S26": [
      [
        "PAT_1217",
        0,
        0.0
      ],
      [
        "PAT_1217",
        0,
        3264.9667
      ],
      [
        "PAT_1217",
        0,
        6529.9334
      ],
      [
        "PAT_1217",
        0,
        9794.900099999999
      ],
      [
        "PAT_1164",
        0,
        13059.8668
      ],
      [
        "PAT_1164",
        0,
        16324.8335
      ],
      [
        "PAT_1052",
        1,
        19589.8002
      ]
    ],
    "S34": [
      [
        "PAT_0478",
        0,
        0.0
      ],
      [
        "PAT_0478",
        0,
        1389.4542
      ],
      [
        "PAT_0478",
        0,
        2778.9084
      ],
      [
        "PAT_0478",
        0,
        4168.3625999999995
      ],
      [
        "PAT_0478",
        0,
        5557.8168
      ],
      [
        "PAT_0478",
        0,
        6947.271
      ]
    ],
    "S42": [
      [
        "PAT_0349",
        0,
        0.0
      ],
      [
        "PAT_1836",
        0,
        5025.0103
      ],
      [
        "PAT_1836",
        0,
        9367.4499
      ],
      [
        "PAT_1836",
        0,
        13709.8895
      ],
      [
        "PAT_1836",
        0,
        18052.3291
      ],
      [
        "PAT_0038",
        1,
        22394.7687
      ],
      [
        "PAT_0038",
        1,
        23784.2229
      ]
    ],
    "S29": [
      [
        "PAT_1267",
        0,
        0.0
      ],
      [
        "PAT_1267",
        0,
        4342.4396
      ],
      [
        "PAT_2500",
        0,
        8684.8792
      ]
    ],
    "S13": [
      [
        "PAT_2782",
        0,
        0.0
      ],
      [
        "PAT_2782",
        0,
        4342.4396
      ],
      [
        "PAT_2782",
        0,
        8684.8792
      ],
      [
        "PAT_0346",
        0,
        13027.3188
      ],
      [
        "PAT_0346",
        0,
        14416.773
      ],
      [
        "PAT_0346",
        0,
        15806.2272
      ],
      [
        "PAT_1286",
        0,
        17195.681399999998
      ],
      [
        "PAT_0655",
        0,
        21538.121
      ]
    ],
    "S4": [
      [
        "PAT_1129",
        1,
        10083.4277
      ],
      [
        "PAT_1129",
        1,
        13348.394400000001
      ]
    ]
  }
}