{
  "instance": "SYN_SWEEP3_LENRATIO_LONG_018",
  "method": "SD",
  "start_method": "greedy",
  "time_limit": 60.0,
  "cost": 5667.0334,
  "is_feasible": true,
  "unmet": {},
  "overprod": {
    "P1": 1,
    "P5": 1,
    "P9": 1,
    "P14": 1
  },
  "elapsed_sec": 60.02,
  "active": {
    "S15": [
      [
        "PAT_5136",
        0,
        0.0
      ],
      [
        "PAT_5195",
        1,
        3133.054
      ],
      [
        "PAT_5195",
        1,
        5270.3087
      ],
      [
        "PAT_5195",
        1,
        7407.563399999999
      ],
      [
        "PAT_5195",
        1,
        9544.818099999999
      ],
      [
        "PAT_5012",
        1,
        11682.072799999998
      ]
    ],
    "S18": [
      [
        "PAT_5359",
        0,
        0.0
      ],
      [
        "PAT_5359",
        0,
        2558.0825
      ],
      [
        "PAT_5359",
        0,
        5116.165
      ],
      [
        "PAT_5359",
        0,
        7674.2474999999995
      ],
      [
        "PAT_5359",
        0,
        10232.33
      ],
      [
        "PAT_5022",
        1,
        16068.4494
      ],
      [
        "PAT_5173",
        1,
        19402.0951
      ]
    ],
    "S13": [
      [
        "PAT_5090",
        0,
        0.0
      ],
      [
        "PAT_5090",
        0,
        2889.3202
      ],
      [
        "PAT_5090",
        0,
        5778.6404
      ],
      [
        "PAT_5090",
        0,
        8667.9606
      ],
      [
        "PAT_5090",
        0,
        11557.2808
      ],
      [
        "PAT_5090",
        0,
        14446.601
      ],
      [
        "PAT_5050",
        0,
        17335.9212
      ]
    ],
    "S5": [
      [
        "PAT_5017",
        0,
        0.0
      ],
      [
        "PAT_0033",
        1,
        8792.2231
      ],
      [
        "PAT_0033",
        1,
        11772.5078
      ]
    ],
    "S12": [
      [
        "PAT_5397",
        0,
        0.0
      ],
      [
        "PAT_2239",
        0,
        2559.558499999999
      ],
      [
        "PAT_2239",
        0,
        5539.843199999999
      ],
      [
        "PAT_2239",
        0,
        8520.1279
      ],
      [
        "PAT_2239",
        0,
        11500.4126
      ],
      [
        "PAT_2239",
        0,
        14480.6973
      ],
      [
        "PAT_4135",
        0,
        18780.5826
      ]
    ]
  }
}