{
  "instance": "SYN_SWEEP3_LENRATIO_LONG_002",
  "method": "SD",
  "start_method": "greedy",
  "time_limit": 60.0,
  "cost": 5603.0979,
  "is_feasible": true,
  "unmet": {},
  "overprod": {
    "P4": 5,
    "P6": 1,
    "P7": 2
  },
  "elapsed_sec": 7.8,
  "active": {
    "S45": [
      [
        "PAT_0903",
        0,
        0.0
      ],
      [
        "PAT_0145",
        1,
        4604.6787
      ],
      [
        "PAT_0145",
        1,
        6455.494900000001
      ],
      [
        "PAT_0145",
        1,
        8306.3111
      ],
      [
        "PAT_0145",
        1,
        10157.1273
      ],
      [
        "PAT_0145",
        1,
        12007.9435
      ],
      [
        "PAT_0145",
        1,
        13858.759699999999
      ],
      [
        "PAT_0145",
        1,
        15709.575899999998
      ]
    ],
    "S31": [
      [
        "PAT_1350",
        0,
        0.0
      ],
      [
        "PAT_1350",
        0,
        3235.777
      ],
      [
        "PAT_1350",
        0,
        6471.554
      ],
      [
        "PAT_1350",
        0,
        9707.331
      ],
      [
        "PAT_1350",
        0,
        12943.108
      ]
    ],
    "S43": [
      [
        "PAT_1828",
        0,
        2634.561
      ],
      [
        "PAT_1828",
        0,
        6897.227800000001
      ],
      [
        "PAT_1828",
        0,
        11159.8946
      ],
      [
        "PAT_0576",
        1,
        15422.561399999999
      ],
      [
        "PAT_0576",
        1,
        17273.3776
      ]
    ],
    "S10": [
      [
        "PAT_1142",
        1,
        6598.645
      ],
      [
        "PAT_1142",
        1,
        8449.4612
      ],
      [
        "PAT_1142",
        1,
        10300.277399999999
      ],
      [
        "PAT_1142",
        1,
        12151.093599999998
      ],
      [
        "PAT_1142",
        1,
        14001.909799999998
      ]
    ],
    "S37": [
      [
        "PAT_1628",
        1,
        3057.1924
      ],
      [
        "PAT_1628",
        1,
        7319.8592
      ],
      [
        "PAT_1628",
        1,
        11582.526
      ]
    ],
    "S4": [
      [
        "PAT_1141",
        0,
        0.0
      ],
      [
        "PAT_1141",
        0,
        1850.8162
      ],
      [
        "PAT_1141",
        0,
        3701.6324
      ],
      [
        "PAT_1141",
        0,
        5552.4486
      ],
      [
        "PAT_1141",
        0,
        7403.2648
      ]
    ]
  }
}