{
  "instance": "SYN_SWEEP3_LENRATIO_LONG_017",
  "method": "GRASP_SA",
  "start_method": "none",
  "time_limit": 60.0,
  "cost": 6076.5723,
  "is_feasible": true,
  "unmet": {},
  "overprod": {
    "P5": 1,
    "P6": 3,
    "P11": 1
  },
  "elapsed_sec": 60.03,
  "active": {
    "S26": [
      [
        "PAT_0099",
        0,
        0.0
      ],
      [
        "PAT_0099",
        0,
        4342.6243
      ],
      [
        "PAT_0099",
        0,
        8685.2486
      ],
      [
        "PAT_0230",
        0,
        13027.872900000002
      ],
      [
        "PAT_0195",
        1,
        17980.2516
      ],
      [
        "PAT_0195",
        1,
        21420.1881
      ],
      [
        "PAT_0195",
        1,
        24860.1246
      ],
      [
        "PAT_0031",
        1,
        28300.0611
      ]
    ],
    "S2": [
      [
        "PAT_0086",
        0,
        0.0
      ],
      [
        "PAT_0086",
        0,
        4342.6243
      ],
      [
        "PAT_0086",
        0,
        8685.2486
      ],
      [
        "PAT_0005",
        1,
        13042.7351
      ],
      [
        "PAT_0042",
        0,
        17054.5578
      ]
    ],
    "S42": [
      [
        "PAT_0021",
        0,
        0.0
      ],
      [
        "PAT_0021",
        0,
        4011.8227
      ],
      [
        "PAT_0021",
        0,
        8023.6454
      ],
      [
        "PAT_0021",
        0,
        12035.4681
      ],
      [
        "PAT_0021",
        0,
        16047.2908
      ],
      [
        "PAT_0236",
        0,
        20059.1135
      ],
      [
        "PAT_0236",
        0,
        24137.9788
      ]
    ],
    "S28": [
      [
        "PAT_0168",
        0,
        0.0
      ],
      [
        "PAT_0168",
        0,
        3314.8096
      ],
      [
        "PAT_0168",
        0,
        6629.6192
      ],
      [
        "PAT_0254",
        0,
        9944.4288
      ],
      [
        "PAT_0254",
        0,
        12822.0024
      ],
      [
        "PAT_0226",
        1,
        22274.543
      ],
      [
        "PAT_0226",
        1,
        26353.408300000003
      ]
    ]
  }
}