{
  "instance": "SYN_SWEEP3_LENRATIO_LONG_014",
  "method": "VNS_SA",
  "start_method": "multistart",
  "time_limit": 60.0,
  "cost": 5689.8226,
  "is_feasible": true,
  "unmet": {},
  "overprod": {
    "P1": 1,
    "P3": 4,
    "P6": 3,
    "P9": 2
  },
  "elapsed_sec": 41.63,
  "active": {
    "S10": [
      [
        "PAT_0255",
        0,
        0.0
      ],
      [
        "PAT_0016",
        0,
        3827.7617999999998
      ],
      [
        "PAT_0274",
        0,
        6912.9177
      ],
      [
        "PAT_0180",
        1,
        10752.099
      ],
      [
        "PAT_0186",
        1,
        15061.775499999998
      ],
      [
        "PAT_0177",
        2,
        19586.6068
      ]
    ],
    "S25": [
      [
        "PAT_0327",
        0,
        0.0
      ],
      [
        "PAT_0028",
        0,
        2833.885
      ],
      [
        "PAT_0288",
        2,
        8972.6079
      ],
      [
        "PAT_0342",
        1,
        12682.95
      ]
    ],
    "S20": [
      [
        "PAT_0292",
        0,
        0.0
      ],
      [
        "PAT_0348",
        0,
        3390.6668
      ],
      [
        "PAT_0348",
        0,
        6224.5518
      ],
      [
        "PAT_0042",
        1,
        11706.7779
      ],
      [
        "PAT_0135",
        1,
        16251.0933
      ]
    ],
    "S7": [
      [
        "PAT_0314",
        0,
        0.0
      ],
      [
        "PAT_0101",
        0,
        2200.5793
      ],
      [
        "PAT_0101",
        0,
        5130.7778
      ],
      [
        "PAT_0024",
        0,
        8060.9763
      ],
      [
        "PAT_0045",
        0,
        12605.291700000002
      ]
    ],
    "S27": [
      [
        "PAT_0254",
        0,
        0.0
      ],
      [
        "PAT_0038",
        0,
        3595.425
      ],
      [
        "PAT_0038",
        0,
        8139.740400000001
      ],
      [
        "PAT_0092",
        2,
        16790.1537
      ]
    ]
  }
}