{
  "instance": "SYN_SWEEP3_LENRATIO_LONG_014",
  "method": "greedy",
  "start_method": "none",
  "time_limit": 60.0,
  "cost": 6568.4958,
  "is_feasible": true,
  "unmet": {},
  "overprod": {
    "P2": 1,
    "P4": 1,
    "P9": 1
  },
  "elapsed_sec": 0.22,
  "active": {
    "S7": [
      [
        "PAT_0015",
        0,
        0.0
      ],
      [
        "PAT_0255",
        0,
        3085.1559
      ],
      [
        "PAT_0255",
        0,
        6680.580900000001
      ],
      [
        "PAT_0035",
        0,
        10276.0059
      ],
      [
        "PAT_0313",
        0,
        14820.3213
      ]
    ],
    "S14": [
      [
        "PAT_0034",
        0,
        10006.4731
      ],
      [
        "PAT_0034",
        0,
        14550.788499999999
      ],
      [
        "PAT_0298",
        2,
        19095.1039
      ]
    ],
    "S10": [
      [
        "PAT_0044",
        0,
        0.0
      ],
      [
        "PAT_0044",
        0,
        4544.3154
      ],
      [
        "PAT_0044",
        1,
        13306.0884
      ],
      [
        "PAT_0329",
        2,
        18636.6111
      ]
    ],
    "S23": [
      [
        "PAT_0220",
        0,
        0.0
      ],
      [
        "PAT_0220",
        0,
        2930.1985
      ],
      [
        "PAT_0220",
        0,
        5860.397
      ],
      [
        "PAT_0273",
        2,
        12029.8137
      ],
      [
        "PAT_0273",
        2,
        14230.393
      ]
    ],
    "S20": [
      [
        "PAT_0336",
        1,
        11706.7779
      ],
      [
        "PAT_0336",
        1,
        14540.6629
      ],
      [
        "PAT_0336",
        1,
        17374.547899999998
      ]
    ],
    "S25": [
      [
        "PAT_0163",
        0,
        0.0
      ],
      [
        "PAT_0163",
        0,
        2930.1985
      ],
      [
        "PAT_0074",
        1,
        12682.95
      ]
    ],
    "S36": [
      [
        "PAT_0073",
        1,
        10604.3214
      ],
      [
        "PAT_0073",
        1,
        13534.519900000001
      ]
    ],
    "S32": [
      [
        "PAT_0284",
        0,
        0.0
      ],
      [
        "PAT_0125",
        0,
        3139.7284
      ]
    ]
  }
}