{
  "instance": "SYN_SWEEP3_LENRATIO_LONG_001",
  "method": "FI",
  "start_method": "greedy",
  "time_limit": 60.0,
  "cost": 5954.1548,
  "is_feasible": true,
  "unmet": {},
  "overprod": {
    "P3": 1,
    "P8": 1,
    "P10": 1,
    "P12": 1,
    "P13": 1
  },
  "elapsed_sec": 60.0,
  "active": {
    "S52": [
      [
        "PAT_0912",
        0,
        0.0
      ],
      [
        "PAT_0912",
        0,
        1549.7989
      ],
      [
        "PAT_0912",
        0,
        3099.5978
      ],
      [
        "PAT_0912",
        0,
        4649.3967
      ],
      [
        "PAT_0912",
        0,
        6199.1956
      ],
      [
        "PAT_0012",
        0,
        7748.9945
      ],
      [
        "PAT_0012",
        1,
        17720.5869
      ]
    ],
    "S5": [
      [
        "PAT_0031",
        0,
        0.0
      ],
      [
        "PAT_0031",
        0,
        4154.215
      ],
      [
        "PAT_0031",
        0,
        8308.43
      ],
      [
        "PAT_0778",
        0,
        12462.645
      ],
      [
        "PAT_0778",
        0,
        14372.192200000001
      ],
      [
        "PAT_0857",
        0,
        16281.739400000002
      ],
      [
        "PAT_0857",
        0,
        18191.286600000003
      ]
    ],
    "S8": [
      [
        "PAT_0315",
        0,
        0.0
      ],
      [
        "PAT_0216",
        0,
        3392.368299999998
      ],
      [
        "PAT_0216",
        0,
        6777.341099999998
      ],
      [
        "PAT_0216",
        0,
        10162.313899999997
      ],
      [
        "PAT_0216",
        0,
        13547.286699999997
      ],
      [
        "PAT_0617",
        0,
        16932.259499999996
      ],
      [
        "PAT_0495",
        1,
        18841.806699999997
      ],
      [
        "PAT_0495",
        1,
        20751.3539
      ]
    ],
    "S20": [
      [
        "PAT_0171",
        0,
        4447.1807
      ],
      [
        "PAT_0171",
        0,
        7832.1535
      ],
      [
        "PAT_0171",
        0,
        11217.1263
      ]
    ],
    "S26": [
      [
        "PAT_0499",
        0,
        0.0
      ],
      [
        "PAT_0499",
        0,
        1909.5472
      ],
      [
        "PAT_0499",
        0,
        3819.0944
      ],
      [
        "PAT_0499",
        0,
        5728.6416
      ],
      [
        "PAT_0511",
        0,
        11023.1616
      ],
      [
        "PAT_0511",
        0,
        12932.7088
      ],
      [
        "PAT_0511",
        0,
        14842.256000000001
      ],
      [
        "PAT_0511",
        0,
        16751.803200000002
      ]
    ]
  }
}