{
  "instance": "SYN_SWEEP3_LENRATIO_LONG_002",
  "method": "GRASP_SA",
  "start_method": "none",
  "time_limit": 60.0,
  "cost": 5477.9522,
  "is_feasible": true,
  "unmet": {},
  "overprod": {
    "P2": 1,
    "P3": 1,
    "P4": 2,
    "P7": 1,
    "P8": 1
  },
  "elapsed_sec": 60.04,
  "active": {
    "S43": [
      [
        "PAT_0371",
        0,
        2634.561
      ],
      [
        "PAT_0371",
        0,
        4485.3772
      ],
      [
        "PAT_0371",
        0,
        6336.1934
      ],
      [
        "PAT_0371",
        0,
        8187.0096
      ],
      [
        "PAT_1171",
        0,
        10037.8258
      ],
      [
        "PAT_1710",
        1,
        13273.6028
      ],
      [
        "PAT_0376",
        1,
        17536.2696
      ]
    ],
    "S31": [
      [
        "PAT_1595",
        0,
        0.0
      ],
      [
        "PAT_1595",
        0,
        3235.777
      ],
      [
        "PAT_1595",
        0,
        6471.554
      ],
      [
        "PAT_1595",
        0,
        9707.331
      ],
      [
        "PAT_0397",
        0,
        12943.108
      ],
      [
        "PAT_0397",
        0,
        14793.9242
      ]
    ],
    "S4": [
      [
        "PAT_0757",
        0,
        0.0
      ],
      [
        "PAT_0757",
        0,
        1850.8162
      ],
      [
        "PAT_0757",
        0,
        3701.6324
      ],
      [
        "PAT_0757",
        0,
        5552.4486
      ],
      [
        "PAT_0757",
        0,
        7403.2648
      ],
      [
        "PAT_0066",
        1,
        17962.2878
      ]
    ],
    "S45": [
      [
        "PAT_1807",
        0,
        0.0
      ],
      [
        "PAT_1769",
        1,
        4604.6787
      ],
      [
        "PAT_1769",
        1,
        8867.3455
      ],
      [
        "PAT_1769",
        1,
        13130.012299999999
      ]
    ],
    "S47": [
      [
        "PAT_1870",
        0,
        0.0
      ],
      [
        "PAT_0041",
        0,
        6383.986200000002
      ],
      [
        "PAT_0041",
        0,
        8234.802400000002
      ],
      [
        "PAT_0041",
        0,
        10085.618600000002
      ],
      [
        "PAT_0041",
        0,
        11936.4348
      ],
      [
        "PAT_0041",
        0,
        13787.251
      ],
      [
        "PAT_0041",
        0,
        15638.0672
      ],
      [
        "PAT_0041",
        0,
        17488.8834
      ]
    ]
  }
}