{
  "instance": "SYN_SWEEP3_LENRATIO_LONG_001",
  "method": "multistart",
  "start_method": "none",
  "time_limit": 60.0,
  "cost": 6191.1302,
  "is_feasible": true,
  "unmet": {},
  "overprod": {
    "P2": 2,
    "P3": 2,
    "P5": 1,
    "P8": 1,
    "P9": 2,
    "P10": 5,
    "P11": 1,
    "P13": 1
  },
  "elapsed_sec": 5.03,
  "active": {
    "S5": [
      [
        "PAT_0912",
        0,
        0.0
      ],
      [
        "PAT_0912",
        0,
        1549.7989
      ],
      [
        "PAT_0912",
        0,
        3099.5978
      ],
      [
        "PAT_0912",
        0,
        4649.3967
      ],
      [
        "PAT_0912",
        0,
        6199.1956
      ],
      [
        "PAT_0013",
        0,
        7748.9945
      ],
      [
        "PAT_0013",
        0,
        11903.2095
      ],
      [
        "PAT_0005",
        1,
        16674.1508
      ]
    ],
    "S20": [
      [
        "PAT_0031",
        0,
        4447.1807
      ],
      [
        "PAT_0031",
        0,
        8601.395700000001
      ],
      [
        "PAT_0783",
        1,
        12755.610700000001
      ],
      [
        "PAT_0783",
        1,
        14665.157900000002
      ],
      [
        "PAT_0851",
        1,
        19088.8216
      ],
      [
        "PAT_0851",
        1,
        20998.3688
      ],
      [
        "PAT_0851",
        1,
        22907.916
      ]
    ],
    "S26": [
      [
        "PAT_0223",
        0,
        0.0
      ],
      [
        "PAT_0223",
        0,
        3384.9728
      ],
      [
        "PAT_0223",
        0,
        6769.9456
      ],
      [
        "PAT_0223",
        0,
        10154.9184
      ],
      [
        "PAT_0223",
        0,
        13539.8912
      ],
      [
        "PAT_0601",
        1,
        22001.9004
      ]
    ],
    "S8": [
      [
        "PAT_0875",
        0,
        3244.0538
      ],
      [
        "PAT_0875",
        0,
        5153.601000000001
      ],
      [
        "PAT_0875",
        0,
        7063.1482000000005
      ],
      [
        "PAT_0875",
        0,
        8972.6954
      ],
      [
        "PAT_0875",
        0,
        10882.242600000001
      ],
      [
        "PAT_0875",
        0,
        12791.789800000002
      ],
      [
        "PAT_0875",
        0,
        14701.337000000003
      ],
      [
        "PAT_0875",
        0,
        16610.884200000004
      ],
      [
        "PAT_0494",
        0,
        18520.431400000005
      ]
    ],
    "S19": [
      [
        "PAT_0169",
        0,
        0.0
      ],
      [
        "PAT_0169",
        0,
        3384.9728
      ],
      [
        "PAT_0169",
        0,
        6769.9456
      ],
      [
        "PAT_0169",
        0,
        10154.9184
      ],
      [
        "PAT_0287",
        0,
        13539.8912
      ]
    ]
  }
}