{
  "instance": "SYN_SWEEP3_LENRATIO_LONG_021",
  "method": "SD",
  "start_method": "greedy",
  "time_limit": 60.0,
  "cost": 8021.8544,
  "is_feasible": true,
  "unmet": {},
  "overprod": {
    "P2": 3,
    "P4": 1,
    "P8": 1
  },
  "elapsed_sec": 7.93,
  "active": {
    "S19": [
      [
        "PAT_0162",
        0,
        0.0
      ],
      [
        "PAT_0162",
        0,
        2445.746
      ],
      [
        "PAT_0181",
        0,
        4891.492
      ],
      [
        "PAT_0181",
        0,
        6732.6667
      ],
      [
        "PAT_0181",
        0,
        8573.8414
      ],
      [
        "PAT_0181",
        1,
        13806.9735
      ]
    ],
    "S8": [
      [
        "PAT_0172",
        0,
        0.0
      ],
      [
        "PAT_0172",
        0,
        3996.4972
      ],
      [
        "PAT_0172",
        0,
        7992.9944
      ],
      [
        "PAT_0200",
        0,
        11989.4916
      ]
    ],
    "S22": [
      [
        "PAT_0167",
        0,
        3399.6749
      ],
      [
        "PAT_0167",
        0,
        7396.1721
      ],
      [
        "PAT_0167",
        0,
        11392.6693
      ]
    ],
    "S27": [
      [
        "PAT_0167",
        0,
        3821.915
      ],
      [
        "PAT_0167",
        0,
        7818.4122
      ],
      [
        "PAT_0167",
        0,
        11814.9094
      ],
      [
        "PAT_0167",
        1,
        18279.5873
      ]
    ],
    "S9": [
      [
        "PAT_0166",
        0,
        0.0
      ],
      [
        "PAT_0132",
        0,
        4815.5605
      ],
      [
        "PAT_0132",
        0,
        9581.4205
      ],
      [
        "PAT_0289",
        1,
        17068.8406
      ]
    ],
    "S31": [
      [
        "PAT_0263",
        0,
        0.0
      ],
      [
        "PAT_0035",
        1,
        5572.8375
      ],
      [
        "PAT_0281",
        0,
        11699.021100000002
      ],
      [
        "PAT_0281",
        0,
        15362.254900000002
      ]
    ],
    "S30": [
      [
        "PAT_0082",
        0,
        0.0
      ],
      [
        "PAT_0082",
        0,
        4765.86
      ],
      [
        "PAT_0273",
        1,
        12702.8381
      ],
      [
        "PAT_0273",
        1,
        16366.0719
      ],
      [
        "PAT_0273",
        1,
        20029.3057
      ]
    ],
    "S2": [
      [
        "PAT_0093",
        0,
        0.0
      ],
      [
        "PAT_0093",
        0,
        4765.86
      ],
      [
        "PAT_0105",
        1,
        11336.2219
      ]
    ]
  }
}