{
  "instance": "SYN_SWEEP3_LENRATIO_LONG_028",
  "method": "multistart",
  "start_method": "none",
  "time_limit": 60.0,
  "cost": 4627.9482,
  "is_feasible": true,
  "unmet": {},
  "overprod": {
    "P4": 1,
    "P5": 2,
    "P7": 1,
    "P8": 4
  },
  "elapsed_sec": 0.48,
  "active": {
    "S9": [
      [
        "PAT_0038",
        0,
        1811.434
      ],
      [
        "PAT_0038",
        0,
        3511.0240999999996
      ],
      [
        "PAT_0038",
        0,
        5210.6142
      ],
      [
        "PAT_0121",
        0,
        6910.204299999999
      ],
      [
        "PAT_0121",
        0,
        10759.289799999999
      ],
      [
        "PAT_0012",
        0,
        14608.3753
      ]
    ],
    "S23": [
      [
        "PAT_0170",
        1,
        8854.9263
      ],
      [
        "PAT_0170",
        1,
        11928.8141
      ],
      [
        "PAT_0170",
        1,
        15002.7019
      ],
      [
        "PAT_0164",
        1,
        18076.5897
      ],
      [
        "PAT_0164",
        1,
        20001.5217
      ]
    ],
    "S32": [
      [
        "PAT_0109",
        0,
        0.0
      ],
      [
        "PAT_0109",
        0,
        4293.1368
      ],
      [
        "PAT_0109",
        0,
        8586.2736
      ],
      [
        "PAT_0031",
        1,
        14421.2322
      ],
      [
        "PAT_0145",
        2,
        18874.9063
      ],
      [
        "PAT_0145",
        2,
        20799.8383
      ],
      [
        "PAT_0145",
        2,
        22724.7703
      ]
    ],
    "S16": [
      [
        "PAT_0003",
        1,
        7469.0875
      ],
      [
        "PAT_0003",
        1,
        10052.335
      ],
      [
        "PAT_0003",
        1,
        12635.582499999999
      ],
      [
        "PAT_0003",
        1,
        15218.829999999998
      ]
    ],
    "S13": [
      [
        "PAT_0017",
        1,
        10526.5641
      ]
    ]
  }
}