{
  "instance": "SYN_SWEEP3_LENRATIO_LONG_001",
  "method": "GRASP_SA",
  "start_method": "none",
  "time_limit": 60.0,
  "cost": 5974.8781,
  "is_feasible": true,
  "unmet": {},
  "overprod": {
    "P2": 1,
    "P3": 2,
    "P5": 2,
    "P11": 5
  },
  "elapsed_sec": 60.02,
  "active": {
    "S5": [
      [
        "PAT_0620",
        0,
        0.0
      ],
      [
        "PAT_0620",
        0,
        1909.5472
      ],
      [
        "PAT_0620",
        0,
        3819.0944
      ],
      [
        "PAT_0620",
        0,
        5728.6416
      ],
      [
        "PAT_0620",
        0,
        7638.1888
      ],
      [
        "PAT_0620",
        0,
        9547.736
      ],
      [
        "PAT_0620",
        0,
        11457.283200000002
      ],
      [
        "PAT_0914",
        1,
        16674.1508
      ],
      [
        "PAT_0914",
        1,
        18223.9497
      ],
      [
        "PAT_0914",
        1,
        19773.748600000003
      ]
    ],
    "S26": [
      [
        "PAT_0653",
        0,
        0.0
      ],
      [
        "PAT_0095",
        0,
        2317.4340000000007
      ],
      [
        "PAT_0095",
        0,
        5702.406800000001
      ],
      [
        "PAT_0095",
        0,
        9087.3796
      ],
      [
        "PAT_0095",
        0,
        12472.3524
      ],
      [
        "PAT_0095",
        0,
        15857.3252
      ],
      [
        "PAT_0025",
        0,
        19242.298
      ],
      [
        "PAT_0905",
        1,
        23396.513
      ]
    ],
    "S20": [
      [
        "PAT_0909",
        0,
        0.0
      ],
      [
        "PAT_0789",
        1,
        4447.1807
      ],
      [
        "PAT_0789",
        1,
        6356.7279
      ],
      [
        "PAT_0789",
        1,
        8266.275099999999
      ],
      [
        "PAT_0789",
        1,
        10175.8223
      ],
      [
        "PAT_0789",
        1,
        12085.3695
      ],
      [
        "PAT_0789",
        1,
        13994.916700000002
      ],
      [
        "PAT_0316",
        1,
        19088.8216
      ],
      [
        "PAT_0595",
        2,
        22473.7944
      ]
    ],
    "S8": [
      [
        "PAT_0028",
        0,
        3244.0538
      ],
      [
        "PAT_0028",
        0,
        7398.2688
      ],
      [
        "PAT_0028",
        0,
        11552.4838
      ],
      [
        "PAT_0028",
        0,
        15706.6988
      ]
    ],
    "S39": [
      [
        "PAT_0240",
        0,
        0.0
      ],
      [
        "PAT_0240",
        0,
        3384.9728
      ],
      [
        "PAT_0240",
        0,
        6769.9456
      ]
    ]
  }
}