{
  "instance": "SYN_SWEEP3_LENRATIO_LONG_014",
  "method": "SD",
  "start_method": "multistart",
  "time_limit": 60.0,
  "cost": 6153.8612,
  "is_feasible": true,
  "unmet": {},
  "overprod": {
    "P4": 1,
    "P6": 2,
    "P8": 1
  },
  "elapsed_sec": 9.56,
  "active": {
    "S7": [
      [
        "PAT_0015",
        0,
        0.0
      ],
      [
        "PAT_0255",
        0,
        3085.1559
      ],
      [
        "PAT_0255",
        0,
        6680.580900000001
      ],
      [
        "PAT_0045",
        0,
        10276.0059
      ],
      [
        "PAT_0313",
        0,
        14820.3213
      ]
    ],
    "S14": [
      [
        "PAT_0346",
        0,
        0.0
      ],
      [
        "PAT_0067",
        0,
        4181.3337
      ],
      [
        "PAT_0022",
        0,
        10006.4731
      ],
      [
        "PAT_0022",
        0,
        14550.788499999999
      ],
      [
        "PAT_0296",
        2,
        19095.1039
      ]
    ],
    "S10": [
      [
        "PAT_0044",
        0,
        0.0
      ],
      [
        "PAT_0044",
        0,
        4544.3154
      ],
      [
        "PAT_0044",
        1,
        13306.0884
      ],
      [
        "PAT_0329",
        2,
        18636.6111
      ]
    ],
    "S27": [
      [
        "PAT_0220",
        0,
        0.0
      ],
      [
        "PAT_0220",
        0,
        2930.1985
      ],
      [
        "PAT_0220",
        0,
        5860.397
      ],
      [
        "PAT_0280",
        1,
        10128.3237
      ],
      [
        "PAT_0280",
        1,
        12328.903
      ]
    ],
    "S20": [
      [
        "PAT_0337",
        1,
        11706.7779
      ],
      [
        "PAT_0337",
        1,
        14540.6629
      ],
      [
        "PAT_0273",
        1,
        17374.547899999998
      ]
    ],
    "S36": [
      [
        "PAT_0073",
        0,
        0.0
      ],
      [
        "PAT_0073",
        0,
        2930.1985
      ],
      [
        "PAT_0073",
        0,
        5860.397
      ],
      [
        "PAT_0073",
        1,
        10604.3214
      ],
      [
        "PAT_0073",
        1,
        13534.519900000001
      ]
    ]
  }
}