{
  "instance": "SYN_SWEEP3_LENRATIO_LONG_025",
  "method": "TS",
  "start_method": "greedy",
  "time_limit": 60.0,
  "cost": 6377.6095,
  "is_feasible": true,
  "unmet": {},
  "overprod": {
    "P2": 1,
    "P5": 1,
    "P6": 1,
    "P10": 3,
    "P11": 1
  },
  "elapsed_sec": 60.03,
  "active": {
    "S29": [
      [
        "PAT_2500",
        0,
        0.0
      ],
      [
        "PAT_2034",
        0,
        6449.7909
      ],
      [
        "PAT_2034",
        0,
        10792.2305
      ]
    ],
    "S42": [
      [
        "PAT_1836",
        0,
        5025.0103
      ],
      [
        "PAT_1836",
        0,
        9367.4499
      ],
      [
        "PAT_1836",
        0,
        13709.8895
      ],
      [
        "PAT_1836",
        0,
        18052.3291
      ]
    ],
    "S13": [
      [
        "PAT_0922",
        0,
        0.0
      ],
      [
        "PAT_2711",
        0,
        1389.4542
      ],
      [
        "PAT_2711",
        0,
        5731.8938
      ],
      [
        "PAT_2711",
        0,
        10074.3334
      ],
      [
        "PAT_0087",
        0,
        14416.773
      ],
      [
        "PAT_0087",
        0,
        15806.2272
      ],
      [
        "PAT_0087",
        0,
        17195.681399999998
      ],
      [
        "PAT_0669",
        0,
        18585.135599999998
      ],
      [
        "PAT_0669",
        0,
        19974.589799999998
      ],
      [
        "PAT_0669",
        0,
        21364.043999999998
      ]
    ],
    "S4": [
      [
        "PAT_1129",
        1,
        10083.4277
      ],
      [
        "PAT_1129",
        1,
        13348.394400000001
      ]
    ],
    "S34": [
      [
        "PAT_0478",
        0,
        0.0
      ],
      [
        "PAT_0478",
        0,
        1389.4542
      ],
      [
        "PAT_0478",
        0,
        2778.9084
      ],
      [
        "PAT_0478",
        0,
        4168.3625999999995
      ],
      [
        "PAT_0478",
        0,
        5557.8168
      ],
      [
        "PAT_0478",
        0,
        6947.271
      ],
      [
        "PAT_2806",
        0,
        8336.725199999999
      ],
      [
        "PAT_0744",
        0,
        12679.164799999999
      ]
    ],
    "S26": [
      [
        "PAT_1217",
        0,
        0.0
      ],
      [
        "PAT_1217",
        0,
        3264.9667
      ],
      [
        "PAT_1217",
        0,
        6529.9334
      ],
      [
        "PAT_1217",
        0,
        9794.900099999999
      ],
      [
        "PAT_1164",
        0,
        14449.321
      ],
      [
        "PAT_1164",
        0,
        17714.2877
      ]
    ]
  }
}