{
  "instance": "SYN_SWEEP3_LENRATIO_LONG_017",
  "method": "FI",
  "start_method": "greedy",
  "time_limit": 60.0,
  "cost": 6581.9273,
  "is_feasible": true,
  "unmet": {},
  "overprod": {
    "P5": 1,
    "P6": 1,
    "P9": 1,
    "P10": 1
  },
  "elapsed_sec": 60.0,
  "active": {
    "S4": [
      [
        "PAT_0253",
        0,
        0.0
      ],
      [
        "PAT_0253",
        0,
        2877.5736
      ],
      [
        "PAT_0020",
        1,
        11237.7121
      ],
      [
        "PAT_0020",
        1,
        15249.534800000001
      ]
    ],
    "S26": [
      [
        "PAT_0022",
        0,
        0.0
      ],
      [
        "PAT_0022",
        0,
        4011.8227
      ],
      [
        "PAT_0022",
        0,
        8023.6454
      ],
      [
        "PAT_0028",
        0,
        12035.4681
      ],
      [
        "PAT_0195",
        1,
        17980.2516
      ],
      [
        "PAT_0195",
        1,
        21420.1881
      ],
      [
        "PAT_0195",
        1,
        24860.1246
      ],
      [
        "PAT_0015",
        1,
        28300.0611
      ]
    ],
    "S33": [
      [
        "PAT_0078",
        0,
        0.0
      ],
      [
        "PAT_0168",
        1,
        11971.0033
      ],
      [
        "PAT_0168",
        1,
        15285.8129
      ],
      [
        "PAT_0168",
        1,
        18600.6225
      ]
    ],
    "S2": [
      [
        "PAT_0238",
        0,
        0.0
      ],
      [
        "PAT_0238",
        0,
        4078.8653
      ],
      [
        "PAT_0238",
        0,
        8157.7306
      ],
      [
        "PAT_0238",
        0,
        12236.5959
      ],
      [
        "PAT_0094",
        1,
        17667.0
      ],
      [
        "PAT_0040",
        0,
        22009.6243
      ]
    ],
    "S42": [
      [
        "PAT_0070",
        0,
        0.0
      ],
      [
        "PAT_0070",
        0,
        4342.6243
      ],
      [
        "PAT_0070",
        0,
        8685.2486
      ],
      [
        "PAT_0070",
        0,
        13027.872900000002
      ],
      [
        "PAT_0070",
        0,
        17370.4972
      ],
      [
        "PAT_0035",
        0,
        21713.1215
      ]
    ]
  }
}