{
  "instance": "SYN_SWEEP3_LENRATIO_LONG_016",
  "method": "FI",
  "start_method": "greedy",
  "time_limit": 60.0,
  "cost": 7742.4555,
  "is_feasible": true,
  "unmet": {},
  "overprod": {
    "P3": 1,
    "P4": 3,
    "P5": 2
  },
  "elapsed_sec": 60.0,
  "active": {
    "S18": [
      [
        "PAT_0460",
        0,
        0.0
      ],
      [
        "PAT_0460",
        0,
        3505.7712
      ],
      [
        "PAT_0460",
        0,
        7011.5424
      ]
    ],
    "S20": [
      [
        "PAT_0307",
        0,
        0.0
      ],
      [
        "PAT_0307",
        0,
        3671.7939
      ],
      [
        "PAT_0307",
        0,
        7343.5878
      ],
      [
        "PAT_0307",
        0,
        11015.3817
      ]
    ],
    "S12": [
      [
        "PAT_0372",
        0,
        0.0
      ],
      [
        "PAT_0029",
        0,
        3242.4167
      ],
      [
        "PAT_0165",
        1,
        7782.322099999998
      ],
      [
        "PAT_0165",
        1,
        10146.298599999998
      ],
      [
        "PAT_0165",
        1,
        12510.275099999999
      ],
      [
        "PAT_0165",
        1,
        14874.2516
      ]
    ],
    "S9": [
      [
        "PAT_0395",
        0,
        0.0
      ],
      [
        "PAT_0395",
        0,
        3242.4167
      ],
      [
        "PAT_0395",
        0,
        6484.8334
      ],
      [
        "PAT_0016",
        0,
        9727.250100000001
      ],
      [
        "PAT_0231",
        0,
        12091.226600000002
      ]
    ],
    "S4": [
      [
        "PAT_0021",
        0,
        0.0
      ],
      [
        "PAT_0021",
        0,
        2363.9765
      ],
      [
        "PAT_0021",
        0,
        4727.953
      ],
      [
        "PAT_0021",
        0,
        7091.9295
      ],
      [
        "PAT_0021",
        0,
        9455.906
      ],
      [
        "PAT_0241",
        2,
        13720.5247
      ]
    ],
    "S7": [
      [
        "PAT_0337",
        0,
        0.0
      ],
      [
        "PAT_0337",
        0,
        3242.4167
      ],
      [
        "PAT_0337",
        0,
        6484.8334
      ],
      [
        "PAT_0397",
        1,
        11458.3557
      ],
      [
        "PAT_0202",
        2,
        15241.7057
      ]
    ],
    "S24": [
      [
        "PAT_0355",
        0,
        0.0
      ],
      [
        "PAT_0355",
        0,
        3242.4167
      ],
      [
        "PAT_0009",
        1,
        6500.635
      ],
      [
        "PAT_0307",
        1,
        8864.6115
      ]
    ],
    "S25": [
      [
        "PAT_0275",
        0,
        0.0
      ],
      [
        "PAT_0275",
        0,
        2363.9765
      ],
      [
        "PAT_0275",
        0,
        4727.953
      ],
      [
        "PAT_0275",
        0,
        7091.9295
      ],
      [
        "PAT_0275",
        0,
        9455.906
      ],
      [
        "PAT_0002",
        0,
        11819.882500000002
      ]
    ]
  }
}