{
  "instance": "SYN_SWEEP3_LENRATIO_LONG_021",
  "method": "SA",
  "start_method": "multistart",
  "time_limit": 60.0,
  "cost": 7689.168,
  "is_feasible": true,
  "unmet": {},
  "overprod": {
    "P2": 2,
    "P4": 1,
    "P6": 1,
    "P9": 1
  },
  "elapsed_sec": 60.01,
  "active": {
    "S14": [
      [
        "PAT_0183",
        0,
        0.0
      ],
      [
        "PAT_0093",
        0,
        1841.1747
      ],
      [
        "PAT_0264",
        1,
        8698.7667
      ],
      [
        "PAT_0177",
        2,
        18316.2456
      ]
    ],
    "S8": [
      [
        "PAT_0080",
        0,
        3263.4132
      ],
      [
        "PAT_0080",
        0,
        8029.2732
      ],
      [
        "PAT_0101",
        1,
        12795.1332
      ]
    ],
    "S30": [
      [
        "PAT_0079",
        0,
        0.0
      ],
      [
        "PAT_0175",
        0,
        5791.952800000001
      ],
      [
        "PAT_0160",
        1,
        11640.1751
      ],
      [
        "PAT_0175",
        1,
        14491.350000000004
      ],
      [
        "PAT_0175",
        1,
        18487.847200000004
      ]
    ],
    "S9": [
      [
        "PAT_0163",
        0,
        0.0
      ],
      [
        "PAT_0181",
        0,
        4146.872000000001
      ],
      [
        "PAT_0244",
        0,
        5988.046700000001
      ],
      [
        "PAT_0175",
        0,
        9651.2805
      ],
      [
        "PAT_0177",
        0,
        13647.7777
      ]
    ],
    "S31": [
      [
        "PAT_0271",
        0,
        0.0
      ],
      [
        "PAT_0271",
        0,
        3663.2338
      ],
      [
        "PAT_0152",
        0,
        9982.9853
      ],
      [
        "PAT_0175",
        0,
        14748.8453
      ]
    ],
    "S2": [
      [
        "PAT_0249",
        0,
        2445.746
      ],
      [
        "PAT_0249",
        0,
        6108.9798
      ],
      [
        "PAT_0175",
        1,
        11336.2219
      ],
      [
        "PAT_0183",
        1,
        15332.7191
      ]
    ],
    "S27": [
      [
        "PAT_0203",
        0,
        3821.915
      ],
      [
        "PAT_0240",
        0,
        7485.1488
      ],
      [
        "PAT_0177",
        0,
        11148.3826
      ],
      [
        "PAT_0094",
        1,
        18279.5873
      ]
    ]
  }
}