{
  "instance": "SYN_SWEEP3_LENRATIO_LONG_019",
  "method": "SA",
  "start_method": "greedy",
  "time_limit": 60.0,
  "cost": 6581.9758,
  "is_feasible": true,
  "unmet": {},
  "overprod": {
    "P3": 1,
    "P4": 1,
    "P10": 1
  },
  "elapsed_sec": 60.02,
  "active": {
    "S40": [
      [
        "PAT_0773",
        0,
        0.0
      ],
      [
        "PAT_0797",
        0,
        2437.3938000000003
      ],
      [
        "PAT_0797",
        0,
        4807.6031
      ],
      [
        "PAT_0794",
        1,
        9677.8124
      ],
      [
        "PAT_0525",
        1,
        12048.021700000001
      ],
      [
        "PAT_0791",
        1,
        14981.458200000001
      ]
    ],
    "S51": [
      [
        "PAT_0749",
        0,
        0.0
      ],
      [
        "PAT_0749",
        0,
        3450.0794999999994
      ],
      [
        "PAT_0749",
        0,
        6418.6777999999995
      ],
      [
        "PAT_0501",
        0,
        9387.2761
      ],
      [
        "PAT_0749",
        1,
        12404.369
      ]
    ],
    "S38": [
      [
        "PAT_0783",
        0,
        0.0
      ],
      [
        "PAT_0648",
        0,
        3472.9512000000004
      ],
      [
        "PAT_0769",
        0,
        6406.3877
      ],
      [
        "PAT_0456",
        1,
        9267.6157
      ],
      [
        "PAT_0790",
        2,
        12201.0522
      ]
    ],
    "S26": [
      [
        "PAT_0759",
        0,
        0.0
      ],
      [
        "PAT_0759",
        0,
        3446.8146
      ],
      [
        "PAT_0744",
        0,
        6893.6292
      ],
      [
        "PAT_0791",
        1,
        11847.406
      ]
    ],
    "S12": [
      [
        "PAT_0745",
        0,
        0.0
      ],
      [
        "PAT_0752",
        1,
        6225.3624
      ],
      [
        "PAT_0757",
        1,
        9193.9607
      ],
      [
        "PAT_0791",
        2,
        12640.7753
      ],
      [
        "PAT_0783",
        2,
        15010.9846
      ],
      [
        "PAT_0789",
        2,
        17381.1939
      ]
    ],
    "S17": [
      [
        "PAT_0767",
        0,
        2367.0753
      ],
      [
        "PAT_0783",
        0,
        4142.9329
      ],
      [
        "PAT_0783",
        0,
        6513.1422
      ],
      [
        "PAT_0783",
        0,
        8883.3515
      ],
      [
        "PAT_0748",
        0,
        11253.560800000001
      ]
    ]
  }
}