{
  "instance": "SYN_SWEEP3_LENRATIO_SHORT_016",
  "method": "multistart",
  "start_method": "none",
  "time_limit": 60.0,
  "cost": 11394.585,
  "is_feasible": true,
  "unmet": {},
  "overprod": {
    "P7": 1,
    "P8": 3,
    "P9": 3,
    "P10": 2
  },
  "elapsed_sec": 7.45,
  "active": {
    "S6": [
      [
        "PAT_0455",
        0,
        0.0
      ],
      [
        "PAT_0455",
        0,
        1411.8927
      ],
      [
        "PAT_0440",
        1,
        4024.989
      ]
    ],
    "S48": [
      [
        "PAT_0392",
        0,
        0.0
      ],
      [
        "PAT_0392",
        0,
        2525.1594
      ],
      [
        "PAT_0392",
        0,
        5050.3188
      ]
    ],
    "S51": [
      [
        "PAT_0110",
        0,
        2463.9945
      ]
    ],
    "S1": [
      [
        "PAT_0419",
        0,
        0.0
      ],
      [
        "PAT_0419",
        0,
        2525.1594
      ]
    ],
    "S8": [
      [
        "PAT_0439",
        0,
        1344.1746
      ],
      [
        "PAT_0439",
        0,
        2756.0673
      ]
    ],
    "S36": [
      [
        "PAT_0359",
        0,
        0.0
      ],
      [
        "PAT_0265",
        1,
        4304.2915
      ]
    ],
    "S44": [
      [
        "PAT_0053",
        0,
        0.0
      ]
    ],
    "S25": [
      [
        "PAT_0068",
        0,
        1070.6556
      ]
    ],
    "S34": [
      [
        "PAT_0071",
        0,
        2215.1293
      ]
    ],
    "S12": [
      [
        "PAT_0074",
        0,
        839.05
      ],
      [
        "PAT_0324",
        1,
        5522.713400000001
      ]
    ],
    "S15": [
      [
        "PAT_0002",
        0,
        1408.9734
      ]
    ],
    "S42": [
      [
        "PAT_0183",
        1,
        1492.633
      ],
      [
        "PAT_0183",
        1,
        3009.193
      ],
      [
        "PAT_0183",
        1,
        4525.753000000001
      ]
    ],
    "S21": [
      [
        "PAT_0797",
        0,
        2216.6819
      ]
    ],
    "S7": [
      [
        "PAT_0486",
        0,
        0.0
      ],
      [
        "PAT_0223",
        1,
        4837.5852
      ]
    ],
    "S54": [
      [
        "PAT_0814",
        0,
        0.0
      ]
    ],
    "S35": [
      [
        "PAT_0797",
        0,
        0.0
      ]
    ],
    "S45": [
      [
        "PAT_1028",
        0,
        1068.3234
      ]
    ],
    "S30": [
      [
        "PAT_1028",
        0,
        0.0
      ]
    ],
    "S17": [
      [
        "PAT_0959",
        0,
        447.4137
      ]
    ],
    "S41": [
      [
        "PAT_0959",
        0,
        0.0
      ]
    ],
    "S32": [
      [
        "PAT_0476",
        0,
        0.0
      ]
    ]
  }
}