{
  "instance": "SYN_SWEEP3_LENRATIO_LONG_018",
  "method": "ILS_SA",
  "start_method": "multistart",
  "time_limit": 60.0,
  "cost": 5335.2652,
  "is_feasible": true,
  "unmet": {},
  "overprod": {
    "P1": 1,
    "P2": 1,
    "P7": 1,
    "P8": 1,
    "P13": 1
  },
  "elapsed_sec": 60.06,
  "active": {
    "S13": [
      [
        "PAT_2577",
        0,
        0.0
      ],
      [
        "PAT_2577",
        0,
        2980.2847
      ],
      [
        "PAT_2577",
        0,
        5960.5694
      ],
      [
        "PAT_0034",
        0,
        8940.8541
      ],
      [
        "PAT_0034",
        0,
        11921.1388
      ],
      [
        "PAT_0034",
        0,
        14901.4235
      ],
      [
        "PAT_5254",
        1,
        21311.5168
      ]
    ],
    "S28": [
      [
        "PAT_5096",
        0,
        0.0
      ],
      [
        "PAT_5096",
        0,
        2137.2547
      ],
      [
        "PAT_5096",
        0,
        4274.5094
      ],
      [
        "PAT_5400",
        0,
        6411.7641
      ],
      [
        "PAT_5088",
        1,
        9144.6748
      ],
      [
        "PAT_5088",
        1,
        12033.995
      ],
      [
        "PAT_5088",
        1,
        14923.315200000001
      ],
      [
        "PAT_5010",
        0,
        17812.6354
      ]
    ],
    "S34": [
      [
        "PAT_2931",
        1,
        5505.7248
      ],
      [
        "PAT_5117",
        1,
        8486.0095
      ],
      [
        "PAT_5359",
        2,
        10728.0851
      ],
      [
        "PAT_5359",
        2,
        13286.1676
      ],
      [
        "PAT_5359",
        2,
        15844.250100000001
      ],
      [
        "PAT_5359",
        2,
        18402.3326
      ],
      [
        "PAT_5359",
        2,
        20960.415100000002
      ]
    ],
    "S12": [
      [
        "PAT_5108",
        0,
        0.0
      ],
      [
        "PAT_2505",
        0,
        2137.2547
      ],
      [
        "PAT_5051",
        0,
        5117.5394
      ],
      [
        "PAT_5051",
        0,
        8006.8596
      ],
      [
        "PAT_5023",
        0,
        10896.1798
      ],
      [
        "PAT_5023",
        0,
        13785.5
      ],
      [
        "PAT_5023",
        0,
        16674.820200000002
      ]
    ]
  }
}