{
  "instance": "SYN_SWEEP3_LENRATIO_LONG_026",
  "method": "SA",
  "start_method": "greedy",
  "time_limit": 60.0,
  "cost": 8054.3524,
  "is_feasible": true,
  "unmet": {},
  "overprod": {
    "P5": 1,
    "P8": 1,
    "P10": 1
  },
  "elapsed_sec": 60.01,
  "active": {
    "S7": [
      [
        "PAT_0042",
        0,
        0.0
      ],
      [
        "PAT_0272",
        0,
        1405.7213
      ],
      [
        "PAT_0175",
        1,
        4858.5631
      ],
      [
        "PAT_0259",
        1,
        10646.5017
      ],
      [
        "PAT_0260",
        1,
        13220.977700000001
      ]
    ],
    "S20": [
      [
        "PAT_0239",
        0,
        0.0
      ],
      [
        "PAT_0274",
        1,
        4497.7768
      ],
      [
        "PAT_0237",
        1,
        6973.2585
      ],
      [
        "PAT_0242",
        2,
        9495.5087
      ],
      [
        "PAT_0260",
        2,
        12532.0195
      ]
    ],
    "S18": [
      [
        "PAT_0255",
        0,
        0.0
      ],
      [
        "PAT_0037",
        0,
        2788.0842999999995
      ],
      [
        "PAT_0255",
        1,
        4193.8056
      ],
      [
        "PAT_0043",
        1,
        6768.2816
      ],
      [
        "PAT_0026",
        2,
        9119.0809
      ],
      [
        "PAT_0247",
        1,
        11629.943299999999
      ],
      [
        "PAT_0260",
        1,
        14053.2563
      ]
    ],
    "S13": [
      [
        "PAT_0228",
        0,
        0.0
      ],
      [
        "PAT_0228",
        0,
        4552.0111
      ]
    ],
    "S19": [
      [
        "PAT_0039",
        0,
        0.0
      ],
      [
        "PAT_0021",
        0,
        1413.9072
      ],
      [
        "PAT_0042",
        0,
        3192.5305
      ],
      [
        "PAT_0042",
        0,
        4598.2518
      ],
      [
        "PAT_0017",
        1,
        6003.9731
      ],
      [
        "PAT_0246",
        1,
        7409.6944
      ],
      [
        "PAT_0259",
        0,
        10147.374399999999
      ]
    ],
    "S10": [
      [
        "PAT_0101",
        0,
        0.0
      ],
      [
        "PAT_0242",
        0,
        4552.0111
      ],
      [
        "PAT_0242",
        0,
        6975.3241
      ],
      [
        "PAT_0242",
        0,
        9398.6371
      ]
    ],
    "S8": [
      [
        "PAT_0267",
        0,
        0.0
      ],
      [
        "PAT_0228",
        0,
        5654.7891
      ],
      [
        "PAT_0273",
        1,
        10206.8002
      ],
      [
        "PAT_0273",
        1,
        12682.2819
      ]
    ],
    "S27": [
      [
        "PAT_0175",
        0,
        0.0
      ],
      [
        "PAT_0175",
        0,
        4552.0111
      ]
    ]
  }
}