{
  "instance": "SYN_SWEEP3_LENRATIO_LONG_020",
  "method": "GRASP_SA",
  "start_method": "none",
  "time_limit": 60.0,
  "cost": 7387.7892,
  "is_feasible": true,
  "unmet": {},
  "overprod": {
    "P6": 2,
    "P10": 3,
    "P11": 2,
    "P12": 2,
    "P14": 2
  },
  "elapsed_sec": 60.48,
  "active": {
    "S1": [
      [
        "PAT_0129",
        0,
        0.0
      ],
      [
        "PAT_7193",
        0,
        2933.2721
      ],
      [
        "PAT_7193",
        0,
        4402.2913
      ],
      [
        "PAT_7193",
        0,
        5871.3105
      ],
      [
        "PAT_7193",
        0,
        7340.329699999999
      ],
      [
        "PAT_7193",
        0,
        8809.348899999999
      ]
    ],
    "S4": [
      [
        "PAT_6058",
        0,
        0.0
      ],
      [
        "PAT_0910",
        0,
        2765.1874000000007
      ],
      [
        "PAT_0910",
        0,
        5501.9571000000005
      ],
      [
        "PAT_0910",
        0,
        8238.7268
      ]
    ],
    "S12": [
      [
        "PAT_7935",
        0,
        0.0
      ],
      [
        "PAT_3167",
        1,
        1970.48
      ],
      [
        "PAT_3167",
        1,
        4707.2497
      ],
      [
        "PAT_3167",
        1,
        7444.0194
      ],
      [
        "PAT_8926",
        1,
        10180.7891
      ]
    ],
    "S28": [
      [
        "PAT_5966",
        0,
        0.0
      ],
      [
        "PAT_0027",
        0,
        3241.365
      ],
      [
        "PAT_0027",
        0,
        5978.1347
      ]
    ],
    "S34": [
      [
        "PAT_8832",
        0,
        0.0
      ],
      [
        "PAT_8832",
        0,
        1469.0192
      ],
      [
        "PAT_8832",
        0,
        2938.0384
      ],
      [
        "PAT_8832",
        0,
        5876.0768
      ],
      [
        "PAT_8832",
        0,
        7345.096
      ]
    ],
    "S10": [
      [
        "PAT_0027",
        0,
        0.0
      ],
      [
        "PAT_0027",
        0,
        2736.7697
      ],
      [
        "PAT_0027",
        0,
        5473.5394
      ],
      [
        "PAT_0027",
        0,
        8210.309099999999
      ]
    ],
    "S30": [
      [
        "PAT_8800",
        0,
        0.0
      ],
      [
        "PAT_8800",
        0,
        1469.0192
      ],
      [
        "PAT_8800",
        0,
        2938.0384
      ],
      [
        "PAT_8800",
        0,
        4407.0576
      ],
      [
        "PAT_2014",
        1,
        6374.6715
      ],
      [
        "PAT_8831",
        1,
        9111.441200000001
      ]
    ],
    "S31": [
      [
        "PAT_1254",
        0,
        776.3238
      ],
      [
        "PAT_8896",
        1,
        4644.508
      ],
      [
        "PAT_1541",
        1,
        6113.5271999999995
      ]
    ],
    "S27": [
      [
        "PAT_6074",
        0,
        0.0
      ],
      [
        "PAT_6074",
        0,
        2559.7395
      ],
      [
        "PAT_6074",
        0,
        5119.479
      ],
      [
        "PAT_6151",
        0,
        7679.218500000001
      ]
    ]
  }
}