{
  "instance": "SYN_SWEEP3_LENRATIO_LONG_015",
  "method": "ILS_SA",
  "start_method": "multistart",
  "time_limit": 60.0,
  "cost": 5916.4623,
  "is_feasible": true,
  "unmet": {},
  "overprod": {
    "P1": 1,
    "P2": 1,
    "P11": 1,
    "P13": 1
  },
  "elapsed_sec": 60.01,
  "active": {
    "S5": [
      [
        "PAT_0780",
        0,
        0.0
      ],
      [
        "PAT_0837",
        1,
        5474.0806
      ],
      [
        "PAT_0837",
        1,
        7779.911
      ],
      [
        "PAT_0161",
        0,
        10085.741399999999
      ],
      [
        "PAT_0161",
        0,
        13305.387599999998
      ],
      [
        "PAT_0161",
        0,
        16525.033799999997
      ]
    ],
    "S42": [
      [
        "PAT_0303",
        0,
        0.0
      ],
      [
        "PAT_0303",
        0,
        4870.3049
      ],
      [
        "PAT_0303",
        0,
        9740.6098
      ]
    ],
    "S6": [
      [
        "PAT_0887",
        0,
        0.0
      ],
      [
        "PAT_0887",
        0,
        2305.8304
      ],
      [
        "PAT_0943",
        0,
        4611.6608
      ],
      [
        "PAT_0943",
        0,
        6879.610699999999
      ],
      [
        "PAT_0943",
        0,
        9147.560599999999
      ],
      [
        "PAT_0937",
        0,
        11415.510499999999
      ],
      [
        "PAT_0937",
        0,
        13683.460399999998
      ],
      [
        "PAT_0937",
        0,
        15951.410299999998
      ]
    ],
    "S31": [
      [
        "PAT_0012",
        0,
        0.0
      ],
      [
        "PAT_0012",
        0,
        1478.493
      ],
      [
        "PAT_0012",
        0,
        2956.986
      ],
      [
        "PAT_0185",
        0,
        4435.478999999999
      ],
      [
        "PAT_0012",
        1,
        8329.7479
      ],
      [
        "PAT_0012",
        1,
        9808.2409
      ],
      [
        "PAT_0012",
        1,
        11286.733900000001
      ],
      [
        "PAT_0012",
        1,
        12765.226900000001
      ],
      [
        "PAT_0012",
        1,
        14243.719900000002
      ],
      [
        "PAT_0350",
        0,
        15722.212900000002
      ]
    ],
    "S37": [
      [
        "PAT_0429",
        0,
        0.0
      ],
      [
        "PAT_0174",
        2,
        8753.4497
      ],
      [
        "PAT_0174",
        2,
        11973.0959
      ],
      [
        "PAT_0174",
        2,
        15192.7421
      ],
      [
        "PAT_0937",
        0,
        18412.3883
      ]
    ]
  }
}