{
  "instance": "SYN_SWEEP3_LENRATIO_LONG_016",
  "method": "greedy",
  "start_method": "none",
  "time_limit": 60.0,
  "cost": 7940.3692,
  "is_feasible": true,
  "unmet": {},
  "overprod": {
    "P4": 3,
    "P5": 3,
    "P6": 1
  },
  "elapsed_sec": 0.19,
  "active": {
    "S18": [
      [
        "PAT_0460",
        0,
        0.0
      ],
      [
        "PAT_0460",
        0,
        3505.7712
      ],
      [
        "PAT_0460",
        0,
        7011.5424
      ]
    ],
    "S20": [
      [
        "PAT_0307",
        0,
        0.0
      ],
      [
        "PAT_0307",
        0,
        3671.7939
      ],
      [
        "PAT_0307",
        0,
        7343.5878
      ],
      [
        "PAT_0307",
        0,
        11015.3817
      ]
    ],
    "S24": [
      [
        "PAT_0307",
        0,
        0.0
      ],
      [
        "PAT_0358",
        0,
        3671.7939
      ],
      [
        "PAT_0358",
        0,
        6914.2106
      ],
      [
        "PAT_0016",
        1,
        10156.6273
      ]
    ],
    "S12": [
      [
        "PAT_0165",
        1,
        7290.5136
      ],
      [
        "PAT_0165",
        1,
        9654.4901
      ],
      [
        "PAT_0165",
        1,
        12018.466600000002
      ],
      [
        "PAT_0165",
        1,
        14382.443100000002
      ]
    ],
    "S25": [
      [
        "PAT_0275",
        0,
        0.0
      ],
      [
        "PAT_0275",
        0,
        2363.9765
      ],
      [
        "PAT_0275",
        0,
        4727.953
      ],
      [
        "PAT_0275",
        0,
        7091.9295
      ],
      [
        "PAT_0275",
        0,
        9455.906
      ],
      [
        "PAT_0173",
        0,
        11819.882500000002
      ]
    ],
    "S7": [
      [
        "PAT_0337",
        0,
        0.0
      ],
      [
        "PAT_0337",
        0,
        3242.4167
      ],
      [
        "PAT_0337",
        0,
        6484.8334
      ],
      [
        "PAT_0208",
        1,
        11458.3557
      ],
      [
        "PAT_0397",
        1,
        13822.3322
      ]
    ],
    "S9": [
      [
        "PAT_0395",
        0,
        0.0
      ],
      [
        "PAT_0395",
        0,
        3242.4167
      ],
      [
        "PAT_0395",
        0,
        6484.8334
      ],
      [
        "PAT_0009",
        0,
        9727.250100000001
      ],
      [
        "PAT_0231",
        0,
        12091.226600000002
      ]
    ],
    "S4": [
      [
        "PAT_0021",
        0,
        0.0
      ],
      [
        "PAT_0021",
        0,
        2363.9765
      ],
      [
        "PAT_0021",
        0,
        4727.953
      ],
      [
        "PAT_0021",
        0,
        7091.9295
      ],
      [
        "PAT_0021",
        0,
        9455.906
      ],
      [
        "PAT_0241",
        2,
        13720.5247
      ]
    ],
    "S37": [
      [
        "PAT_0020",
        0,
        3392.5227
      ],
      [
        "PAT_0309",
        0,
        5756.4992
      ]
    ]
  }
}