{
  "instance": "SYN_SWEEP3_LENRATIO_LONG_002",
  "method": "VNS_SA",
  "start_method": "multistart",
  "time_limit": 60.0,
  "cost": 5144.9417,
  "is_feasible": true,
  "unmet": {},
  "overprod": {
    "P1": 1,
    "P2": 1,
    "P7": 1,
    "P10": 1
  },
  "elapsed_sec": 60.01,
  "active": {
    "S43": [
      [
        "PAT_1897",
        0,
        0.0
      ],
      [
        "PAT_1423",
        0,
        4673.3091
      ],
      [
        "PAT_1423",
        0,
        7909.0861
      ],
      [
        "PAT_1330",
        0,
        11339.2153
      ],
      [
        "PAT_1182",
        1,
        14574.9923
      ],
      [
        "PAT_0014",
        1,
        17810.7693
      ]
    ],
    "S4": [
      [
        "PAT_0349",
        0,
        0.0
      ],
      [
        "PAT_0349",
        0,
        1850.8162
      ],
      [
        "PAT_0349",
        0,
        3701.6324
      ],
      [
        "PAT_1898",
        0,
        5552.4486
      ],
      [
        "PAT_0966",
        1,
        11452.3341
      ],
      [
        "PAT_0966",
        1,
        13303.1503
      ],
      [
        "PAT_0966",
        1,
        15153.966499999999
      ],
      [
        "PAT_0966",
        1,
        17004.7827
      ]
    ],
    "S31": [
      [
        "PAT_1108",
        0,
        0.0
      ],
      [
        "PAT_0405",
        0,
        1919.0074000000006
      ],
      [
        "PAT_0405",
        0,
        3769.8236000000006
      ],
      [
        "PAT_0405",
        0,
        5620.639800000001
      ],
      [
        "PAT_1832",
        0,
        7471.456000000001
      ],
      [
        "PAT_1832",
        0,
        11734.122800000001
      ],
      [
        "PAT_0042",
        1,
        15996.789600000002
      ]
    ],
    "S45": [
      [
        "PAT_1883",
        0,
        0.0
      ],
      [
        "PAT_0283",
        0,
        4604.6787
      ],
      [
        "PAT_0283",
        0,
        6455.494900000001
      ],
      [
        "PAT_0283",
        0,
        8306.3111
      ],
      [
        "PAT_1809",
        1,
        10157.1273
      ],
      [
        "PAT_0415",
        1,
        14419.7941
      ],
      [
        "PAT_0318",
        1,
        16270.610299999998
      ]
    ]
  }
}