{
  "instance": "SYN_SWEEP3_LENRATIO_LONG_026",
  "method": "TS",
  "start_method": "multistart",
  "time_limit": 60.0,
  "cost": 8544.917,
  "is_feasible": true,
  "unmet": {},
  "overprod": {
    "P3": 1,
    "P4": 1,
    "P5": 1
  },
  "elapsed_sec": 60.0,
  "active": {
    "S8": [
      [
        "PAT_0116",
        0,
        0.0
      ],
      [
        "PAT_0273",
        1,
        6750.2961
      ],
      [
        "PAT_0273",
        1,
        9225.7778
      ],
      [
        "PAT_0273",
        1,
        11701.2595
      ],
      [
        "PAT_0273",
        1,
        14176.7412
      ]
    ],
    "S13": [
      [
        "PAT_0247",
        0,
        2423.313
      ],
      [
        "PAT_0247",
        0,
        4846.626
      ],
      [
        "PAT_0247",
        0,
        7269.939
      ]
    ],
    "S17": [
      [
        "PAT_0095",
        0,
        0.0
      ],
      [
        "PAT_0095",
        0,
        4552.0111
      ]
    ],
    "S19": [
      [
        "PAT_0059",
        0,
        1446.626
      ],
      [
        "PAT_0059",
        0,
        2852.3473
      ],
      [
        "PAT_0259",
        0,
        4258.0686
      ],
      [
        "PAT_0259",
        0,
        6832.544599999999
      ],
      [
        "PAT_0259",
        0,
        9407.0206
      ]
    ],
    "S27": [
      [
        "PAT_0045",
        1,
        4619.2098
      ],
      [
        "PAT_0045",
        1,
        6024.9311
      ],
      [
        "PAT_0045",
        1,
        7430.6524
      ],
      [
        "PAT_0045",
        1,
        8836.3737
      ],
      [
        "PAT_0023",
        1,
        11730.952000000001
      ],
      [
        "PAT_0023",
        1,
        13136.6733
      ]
    ],
    "S5": [
      [
        "PAT_0169",
        0,
        0.0
      ],
      [
        "PAT_0169",
        0,
        4552.0111
      ],
      [
        "PAT_0219",
        0,
        9104.0222
      ]
    ],
    "S6": [
      [
        "PAT_0259",
        0,
        0.0
      ],
      [
        "PAT_0259",
        0,
        2574.476
      ],
      [
        "PAT_0259",
        0,
        5148.952
      ]
    ],
    "S20": [
      [
        "PAT_0029",
        0,
        0.0
      ],
      [
        "PAT_0218",
        0,
        1405.7213
      ],
      [
        "PAT_0016",
        1,
        5957.7324
      ],
      [
        "PAT_0218",
        1,
        9495.5087
      ]
    ],
    "S10": [
      [
        "PAT_0256",
        0,
        0.0
      ],
      [
        "PAT_0256",
        0,
        2574.476
      ],
      [
        "PAT_0238",
        0,
        5148.952
      ],
      [
        "PAT_0238",
        0,
        7572.265
      ]
    ],
    "S18": [
      [
        "PAT_0242",
        0,
        2243.1189
      ],
      [
        "PAT_0247",
        1,
        5703.8221
      ],
      [
        "PAT_0247",
        1,
        8127.1351
      ],
      [
        "PAT_0247",
        1,
        10550.448100000001
      ],
      [
        "PAT_0260",
        1,
        14039.7597
      ]
    ]
  }
}