{
  "instance": "SYN_SWEEP3_LENRATIO_LONG_022",
  "method": "ILS_SA",
  "start_method": "multistart",
  "time_limit": 60.0,
  "cost": 10230.5713,
  "is_feasible": true,
  "unmet": {},
  "overprod": {
    "P5": 3,
    "P6": 1,
    "P7": 1,
    "P8": 2,
    "P10": 2
  },
  "elapsed_sec": 60.02,
  "active": {
    "S14": [
      [
        "PAT_0808",
        0,
        0.0
      ],
      [
        "PAT_0808",
        0,
        3716.7668
      ],
      [
        "PAT_0867",
        0,
        6390.6852
      ],
      [
        "PAT_0975",
        1,
        11088.8426
      ],
      [
        "PAT_0975",
        1,
        13690.486499999999
      ],
      [
        "PAT_0818",
        2,
        16292.1304
      ]
    ],
    "S26": [
      [
        "PAT_0800",
        0,
        0.0
      ],
      [
        "PAT_0800",
        0,
        3520.9423
      ],
      [
        "PAT_0800",
        0,
        7041.8846
      ],
      [
        "PAT_0800",
        0,
        10562.8269
      ],
      [
        "PAT_0800",
        0,
        14083.7692
      ],
      [
        "PAT_0022",
        0,
        17604.7115
      ]
    ],
    "S8": [
      [
        "PAT_0850",
        0,
        0.0
      ],
      [
        "PAT_0850",
        0,
        3913.1244
      ],
      [
        "PAT_0850",
        0,
        7826.2488
      ]
    ],
    "S49": [
      [
        "PAT_0036",
        0,
        0.0
      ],
      [
        "PAT_0777",
        0,
        6354.2545
      ],
      [
        "PAT_0777",
        0,
        9875.1968
      ],
      [
        "PAT_0777",
        0,
        13396.1391
      ],
      [
        "PAT_0777",
        0,
        16917.0814
      ],
      [
        "PAT_0777",
        0,
        20438.023699999998
      ]
    ],
    "S5": [
      [
        "PAT_0881",
        0,
        0.0
      ],
      [
        "PAT_0881",
        0,
        3913.1244
      ],
      [
        "PAT_0881",
        0,
        7826.2488
      ],
      [
        "PAT_0881",
        0,
        11739.3732
      ]
    ],
    "S17": [
      [
        "PAT_0835",
        0,
        0.0
      ],
      [
        "PAT_0835",
        0,
        2689.0858
      ],
      [
        "PAT_0835",
        0,
        5378.1716
      ],
      [
        "PAT_0813",
        0,
        8067.2573999999995
      ],
      [
        "PAT_0893",
        1,
        10805.0555
      ],
      [
        "PAT_0893",
        1,
        13773.715900000001
      ],
      [
        "PAT_0893",
        1,
        16742.3763
      ]
    ],
    "S21": [
      [
        "PAT_0697",
        0,
        0.0
      ],
      [
        "PAT_0475",
        0,
        3520.9423
      ],
      [
        "PAT_0475",
        0,
        7041.8846
      ],
      [
        "PAT_0425",
        0,
        10562.8269
      ]
    ],
    "S18": [
      [
        "PAT_0973",
        0,
        0.0
      ],
      [
        "PAT_0619",
        1,
        6599.0714
      ],
      [
        "PAT_0619",
        1,
        10120.0137
      ],
      [
        "PAT_0808",
        1,
        13640.956
      ],
      [
        "PAT_0808",
        1,
        16314.8744
      ],
      [
        "PAT_0808",
        1,
        18988.7928
      ]
    ],
    "S19": [
      [
        "PAT_0858",
        0,
        0.0
      ],
      [
        "PAT_0858",
        0,
        3913.1244
      ],
      [
        "PAT_0858",
        0,
        7826.2488
      ],
      [
        "PAT_0870",
        1,
        15278.9665
      ],
      [
        "PAT_0870",
        1,
        19192.0909
      ]
    ]
  }
}