{
  "instance": "SYN_SWEEP3_LENRATIO_LONG_009",
  "method": "GRASP_SA",
  "start_method": "none",
  "time_limit": 60.0,
  "cost": 6504.4199,
  "is_feasible": true,
  "unmet": {},
  "overprod": {
    "P2": 1,
    "P4": 1,
    "P6": 2,
    "P10": 1
  },
  "elapsed_sec": 60.77,
  "active": {
    "S2": [
      [
        "PAT_1693",
        1,
        3981.4321
      ],
      [
        "PAT_1693",
        1,
        6527.0404
      ],
      [
        "PAT_1693",
        1,
        9072.6487
      ],
      [
        "PAT_1693",
        1,
        11618.257
      ],
      [
        "PAT_1693",
        1,
        14163.8653
      ],
      [
        "PAT_4870",
        1,
        19991.7658
      ]
    ],
    "S27": [
      [
        "PAT_0028",
        0,
        3423.1325
      ],
      [
        "PAT_0028",
        0,
        6668.4012999999995
      ],
      [
        "PAT_4769",
        2,
        11333.0568
      ],
      [
        "PAT_4769",
        2,
        15248.0173
      ],
      [
        "PAT_0013",
        1,
        19162.9778
      ]
    ],
    "S46": [
      [
        "PAT_4811",
        0,
        0.0
      ],
      [
        "PAT_4811",
        0,
        3542.1397
      ],
      [
        "PAT_4811",
        0,
        7084.2794
      ],
      [
        "PAT_4811",
        0,
        10626.419100000001
      ],
      [
        "PAT_4811",
        0,
        14168.5588
      ],
      [
        "PAT_4788",
        0,
        17710.698500000002
      ],
      [
        "PAT_0019",
        1,
        22138.8939
      ],
      [
        "PAT_0019",
        1,
        25036.8942
      ]
    ],
    "S40": [
      [
        "PAT_0016",
        0,
        0.0
      ],
      [
        "PAT_0016",
        0,
        2898.0003
      ],
      [
        "PAT_0016",
        0,
        5796.0006
      ],
      [
        "PAT_0016",
        0,
        8694.000900000001
      ],
      [
        "PAT_4803",
        0,
        11592.0012
      ],
      [
        "PAT_4803",
        0,
        15134.1409
      ],
      [
        "PAT_4803",
        0,
        18676.280600000002
      ],
      [
        "PAT_4814",
        1,
        22218.4203
      ]
    ],
    "S45": [
      [
        "PAT_1570",
        0,
        5951.0095
      ],
      [
        "PAT_1570",
        0,
        8496.6178
      ],
      [
        "PAT_1570",
        0,
        11042.2261
      ],
      [
        "PAT_4926",
        0,
        13587.8344
      ],
      [
        "PAT_4926",
        0,
        18020.0758
      ]
    ]
  }
}