{
  "instance": "SYN_SWEEP3_LENRATIO_LONG_010",
  "method": "ILS_SA",
  "start_method": "greedy",
  "time_limit": 60.0,
  "cost": 6742.6293,
  "is_feasible": true,
  "unmet": {},
  "overprod": {
    "P1": 1,
    "P4": 1,
    "P7": 1
  },
  "elapsed_sec": 60.0,
  "active": {
    "S4": [
      [
        "PAT_0080",
        0,
        0.0
      ],
      [
        "PAT_0093",
        0,
        3359.1823
      ],
      [
        "PAT_0020",
        0,
        5565.136
      ],
      [
        "PAT_0093",
        1,
        8372.5089
      ],
      [
        "PAT_0093",
        1,
        10578.4626
      ],
      [
        "PAT_0090",
        2,
        15411.0203
      ],
      [
        "PAT_0036",
        3,
        20766.2421
      ],
      [
        "PAT_0036",
        3,
        23067.920599999998
      ]
    ],
    "S23": [
      [
        "PAT_0090",
        0,
        0.0
      ],
      [
        "PAT_0004",
        0,
        3359.1823
      ],
      [
        "PAT_0063",
        1,
        7367.6191
      ],
      [
        "PAT_0063",
        1,
        10299.4556
      ],
      [
        "PAT_0063",
        1,
        13231.292099999999
      ],
      [
        "PAT_0063",
        1,
        16163.128599999998
      ],
      [
        "PAT_0063",
        1,
        19094.965099999998
      ]
    ],
    "S32": [
      [
        "PAT_0011",
        0,
        0.0
      ],
      [
        "PAT_0093",
        0,
        2301.6785
      ],
      [
        "PAT_0093",
        0,
        4507.6322
      ],
      [
        "PAT_0071",
        0,
        6713.5859
      ],
      [
        "PAT_0068",
        1,
        11941.5863
      ],
      [
        "PAT_0068",
        1,
        14977.3888
      ],
      [
        "PAT_0090",
        1,
        18013.1913
      ],
      [
        "PAT_0009",
        1,
        21372.3736
      ]
    ],
    "S21": [
      [
        "PAT_0032",
        0,
        0.0
      ],
      [
        "PAT_0006",
        1,
        6776.2704
      ],
      [
        "PAT_0006",
        1,
        10550.5425
      ],
      [
        "PAT_0068",
        1,
        14324.8146
      ],
      [
        "PAT_0068",
        1,
        17360.6171
      ],
      [
        "PAT_0068",
        1,
        20396.4196
      ]
    ],
    "S37": [
      [
        "PAT_0025",
        0,
        2301.6785
      ],
      [
        "PAT_0088",
        0,
        4966.1597
      ],
      [
        "PAT_0088",
        0,
        8325.342
      ],
      [
        "PAT_0068",
        1,
        11684.524300000001
      ],
      [
        "PAT_0068",
        1,
        14720.3268
      ],
      [
        "PAT_0068",
        1,
        17756.1293
      ]
    ]
  }
}