{
  "instance": "SYN_SWEEP3_LENRATIO_LONG_012",
  "method": "ILS_SA",
  "start_method": "greedy",
  "time_limit": 60.0,
  "cost": 5563.8898,
  "is_feasible": true,
  "unmet": {},
  "overprod": {
    "P2": 1,
    "P5": 1,
    "P8": 1,
    "P9": 2
  },
  "elapsed_sec": 60.01,
  "active": {
    "S14": [
      [
        "PAT_0119",
        0,
        4714.8819
      ],
      [
        "PAT_0119",
        0,
        7915.2044000000005
      ]
    ],
    "S12": [
      [
        "PAT_0109",
        0,
        0.0
      ],
      [
        "PAT_0005",
        0,
        3482.1501
      ],
      [
        "PAT_0005",
        0,
        6325.049
      ],
      [
        "PAT_0005",
        0,
        9167.9479
      ]
    ],
    "S11": [
      [
        "PAT_0113",
        0,
        0.0
      ],
      [
        "PAT_0108",
        0,
        820.535
      ],
      [
        "PAT_0018",
        0,
        2660.9254999999994
      ],
      [
        "PAT_0008",
        1,
        6363.7354
      ],
      [
        "PAT_0008",
        1,
        9206.6343
      ]
    ],
    "S50": [
      [
        "PAT_0164",
        0,
        0.0
      ],
      [
        "PAT_0113",
        1,
        5490.0652
      ],
      [
        "PAT_0113",
        1,
        6310.6002
      ],
      [
        "PAT_0113",
        1,
        7131.1352
      ]
    ],
    "S1": [
      [
        "PAT_0039",
        0,
        0.0
      ],
      [
        "PAT_0092",
        1,
        8955.8094
      ],
      [
        "PAT_0092",
        1,
        10377.4892
      ]
    ],
    "S42": [
      [
        "PAT_0158",
        0,
        0.0
      ],
      [
        "PAT_0020",
        0,
        4931.0224
      ],
      [
        "PAT_0020",
        0,
        8633.8323
      ]
    ],
    "S5": [
      [
        "PAT_0095",
        1,
        1101.1529
      ],
      [
        "PAT_0008",
        0,
        2522.8327
      ],
      [
        "PAT_0008",
        0,
        5365.7316
      ],
      [
        "PAT_0008",
        0,
        8208.6305
      ]
    ]
  }
}