{
  "instance": "SYN_SWEEP3_LENRATIO_LONG_022",
  "method": "SA",
  "start_method": "greedy",
  "time_limit": 60.0,
  "cost": 10060.1134,
  "is_feasible": true,
  "unmet": {},
  "overprod": {
    "P3": 1,
    "P5": 3,
    "P6": 2,
    "P9": 1,
    "P10": 1,
    "P12": 1
  },
  "elapsed_sec": 60.03,
  "active": {
    "S18": [
      [
        "PAT_0594",
        0,
        0.0
      ],
      [
        "PAT_0004",
        1,
        6599.0714
      ],
      [
        "PAT_0004",
        1,
        10120.0137
      ],
      [
        "PAT_0885",
        1,
        13640.956
      ],
      [
        "PAT_0546",
        1,
        17554.0804
      ]
    ],
    "S14": [
      [
        "PAT_0722",
        0,
        0.0
      ],
      [
        "PAT_0240",
        0,
        3520.9423
      ],
      [
        "PAT_0211",
        1,
        7287.1802
      ],
      [
        "PAT_0211",
        1,
        10808.1225
      ],
      [
        "PAT_0379",
        1,
        14329.0648
      ]
    ],
    "S47": [
      [
        "PAT_0867",
        0,
        0.0
      ],
      [
        "PAT_0918",
        0,
        3913.1244
      ],
      [
        "PAT_0918",
        0,
        6529.690599999999
      ],
      [
        "PAT_0820",
        0,
        9131.334499999999
      ],
      [
        "PAT_0954",
        0,
        11805.2529
      ],
      [
        "PAT_0823",
        1,
        14406.896799999999
      ],
      [
        "PAT_0398",
        1,
        17238.3346
      ],
      [
        "PAT_0881",
        1,
        21495.623499999998
      ]
    ],
    "S19": [
      [
        "PAT_0380",
        0,
        0.0
      ],
      [
        "PAT_0380",
        0,
        3520.9423
      ],
      [
        "PAT_0836",
        1,
        8816.0134
      ],
      [
        "PAT_0815",
        1,
        11505.0992
      ],
      [
        "PAT_0808",
        2,
        15278.9665
      ],
      [
        "PAT_0808",
        2,
        18521.067800000004
      ],
      [
        "PAT_0823",
        2,
        21194.986200000003
      ]
    ],
    "S12": [
      [
        "PAT_0840",
        0,
        3996.0022
      ],
      [
        "PAT_0865",
        0,
        9923.1414
      ],
      [
        "PAT_0765",
        0,
        13836.265800000001
      ]
    ],
    "S17": [
      [
        "PAT_0835",
        0,
        4157.4534
      ],
      [
        "PAT_0807",
        0,
        6846.5392
      ],
      [
        "PAT_0867",
        1,
        12195.325699999998
      ],
      [
        "PAT_0867",
        1,
        16108.450099999998
      ]
    ],
    "S5": [
      [
        "PAT_0847",
        0,
        0.0
      ],
      [
        "PAT_0867",
        0,
        3913.1244
      ],
      [
        "PAT_0867",
        0,
        7826.2488
      ],
      [
        "PAT_0867",
        0,
        11739.3732
      ],
      [
        "PAT_0850",
        0,
        15652.4976
      ]
    ],
    "S49": [
      [
        "PAT_0932",
        0,
        0.0
      ],
      [
        "PAT_0893",
        0,
        6354.2545
      ],
      [
        "PAT_0893",
        0,
        9322.9149
      ],
      [
        "PAT_0893",
        0,
        12291.5753
      ],
      [
        "PAT_0835",
        0,
        15260.235700000001
      ],
      [
        "PAT_0826",
        0,
        17949.321500000002
      ],
      [
        "PAT_0802",
        1,
        21131.4108
      ]
    ]
  }
}