{
  "instance": "SYN_SWEEP3_LENRATIO_LONG_020",
  "method": "SD",
  "start_method": "multistart",
  "time_limit": 60.0,
  "cost": 7481.6956,
  "is_feasible": true,
  "unmet": {},
  "overprod": {
    "P1": 1,
    "P4": 1,
    "P5": 2,
    "P10": 1,
    "P14": 10,
    "P15": 1
  },
  "elapsed_sec": 60.02,
  "active": {
    "S4": [
      [
        "PAT_6088",
        0,
        3157.7343
      ],
      [
        "PAT_6088",
        0,
        5717.4738
      ],
      [
        "PAT_6088",
        0,
        8277.2133
      ]
    ],
    "S1": [
      [
        "PAT_7538",
        0,
        2933.2721
      ],
      [
        "PAT_7538",
        0,
        4402.2913
      ],
      [
        "PAT_7538",
        0,
        5871.3105
      ],
      [
        "PAT_7538",
        0,
        7340.329699999999
      ],
      [
        "PAT_7538",
        0,
        8809.348899999999
      ]
    ],
    "S27": [
      [
        "PAT_4476",
        0,
        0.0
      ],
      [
        "PAT_4476",
        0,
        2736.7697
      ],
      [
        "PAT_4476",
        0,
        5473.5394
      ]
    ],
    "S34": [
      [
        "PAT_3851",
        0,
        0.0
      ],
      [
        "PAT_3851",
        0,
        2736.7697
      ],
      [
        "PAT_3851",
        0,
        5473.5394
      ],
      [
        "PAT_8513",
        1,
        8210.309099999999
      ]
    ],
    "S30": [
      [
        "PAT_9208",
        0,
        0.0
      ],
      [
        "PAT_9208",
        0,
        1469.0192
      ],
      [
        "PAT_9208",
        0,
        2938.0384
      ],
      [
        "PAT_9208",
        0,
        4407.0576
      ],
      [
        "PAT_8958",
        2,
        7172.9234
      ],
      [
        "PAT_8958",
        2,
        8641.9426
      ],
      [
        "PAT_8958",
        2,
        10110.961800000001
      ]
    ],
    "S5": [
      [
        "PAT_8832",
        1,
        2773.5275
      ],
      [
        "PAT_8832",
        1,
        4242.5467
      ],
      [
        "PAT_8832",
        1,
        5711.5659
      ],
      [
        "PAT_8832",
        1,
        7180.585099999999
      ]
    ],
    "S12": [
      [
        "PAT_4577",
        1,
        3418.1336
      ],
      [
        "PAT_4577",
        1,
        6154.9033
      ],
      [
        "PAT_4577",
        1,
        8891.672999999999
      ]
    ],
    "S16": [
      [
        "PAT_0060",
        0,
        0.0
      ],
      [
        "PAT_0060",
        0,
        2736.7697
      ],
      [
        "PAT_5863",
        1,
        6598.8913
      ]
    ],
    "S10": [
      [
        "PAT_0027",
        0,
        0.0
      ],
      [
        "PAT_0027",
        0,
        2736.7697
      ],
      [
        "PAT_0027",
        0,
        5473.5394
      ],
      [
        "PAT_0027",
        0,
        8210.309099999999
      ]
    ],
    "S31": [
      [
        "PAT_5964",
        0,
        776.3238
      ],
      [
        "PAT_8067",
        1,
        4644.508
      ],
      [
        "PAT_4669",
        1,
        6914.8628
      ]
    ]
  }
}