{
  "instance": "SYN_SWEEP3_LENRATIO_LONG_001",
  "method": "TS",
  "start_method": "multistart",
  "time_limit": 60.0,
  "cost": 6002.0462,
  "is_feasible": true,
  "unmet": {},
  "overprod": {
    "P3": 1,
    "P4": 5,
    "P6": 1,
    "P8": 1,
    "P11": 1,
    "P13": 1
  },
  "elapsed_sec": 60.01,
  "active": {
    "S19": [
      [
        "PAT_0475",
        0,
        0.0
      ],
      [
        "PAT_0475",
        0,
        3384.9728
      ],
      [
        "PAT_0475",
        0,
        6769.9456
      ],
      [
        "PAT_0475",
        0,
        10154.9184
      ]
    ],
    "S20": [
      [
        "PAT_0851",
        0,
        0.0
      ],
      [
        "PAT_0851",
        0,
        4546.9648
      ],
      [
        "PAT_0851",
        0,
        6456.512
      ],
      [
        "PAT_0031",
        0,
        8366.0592
      ],
      [
        "PAT_0031",
        0,
        12520.2742
      ],
      [
        "PAT_0031",
        1,
        21193.3421
      ]
    ],
    "S26": [
      [
        "PAT_0783",
        0,
        0.0
      ],
      [
        "PAT_0783",
        0,
        1909.5472
      ],
      [
        "PAT_0454",
        0,
        3819.0944
      ],
      [
        "PAT_0454",
        0,
        7204.0671999999995
      ],
      [
        "PAT_0044",
        0,
        10589.039999999999
      ],
      [
        "PAT_0044",
        0,
        13974.012799999999
      ]
    ],
    "S8": [
      [
        "PAT_0495",
        0,
        0.0
      ],
      [
        "PAT_0495",
        0,
        1909.5472
      ],
      [
        "PAT_0875",
        0,
        3819.0944
      ],
      [
        "PAT_0875",
        0,
        5728.6416
      ],
      [
        "PAT_0875",
        0,
        7638.1888
      ],
      [
        "PAT_0875",
        0,
        9547.736
      ],
      [
        "PAT_0875",
        0,
        11457.283200000002
      ],
      [
        "PAT_0875",
        0,
        13366.830400000003
      ],
      [
        "PAT_0875",
        0,
        15276.377600000003
      ],
      [
        "PAT_0875",
        0,
        17185.924800000004
      ]
    ],
    "S5": [
      [
        "PAT_0915",
        0,
        0.0
      ],
      [
        "PAT_0915",
        0,
        1549.7989
      ],
      [
        "PAT_0915",
        0,
        3099.5978
      ],
      [
        "PAT_0915",
        0,
        4649.3967
      ],
      [
        "PAT_0915",
        0,
        6199.1956
      ],
      [
        "PAT_0012",
        0,
        7748.9945
      ],
      [
        "PAT_0012",
        0,
        11903.2095
      ],
      [
        "PAT_0076",
        0,
        16057.424500000001
      ]
    ]
  }
}