{
  "instance": "SYN_SWEEP3_LENRATIO_LONG_023",
  "method": "GRASP_SA",
  "start_method": "none",
  "time_limit": 60.0,
  "cost": 7659.0572,
  "is_feasible": true,
  "unmet": {},
  "overprod": {
    "P1": 1,
    "P6": 8,
    "P9": 4,
    "P12": 1,
    "P14": 2
  },
  "elapsed_sec": 60.4,
  "active": {
    "S40": [
      [
        "PAT_0215",
        0,
        0.0
      ],
      [
        "PAT_0215",
        0,
        1964.0933
      ],
      [
        "PAT_0215",
        0,
        3928.1866
      ],
      [
        "PAT_2898",
        1,
        8517.6884
      ],
      [
        "PAT_0094",
        1,
        11586.0968
      ]
    ],
    "S14": [
      [
        "PAT_1841",
        0,
        0.0
      ],
      [
        "PAT_1841",
        0,
        3068.4084
      ],
      [
        "PAT_1841",
        0,
        6136.8168
      ],
      [
        "PAT_1079",
        0,
        9205.225199999999
      ],
      [
        "PAT_1079",
        0,
        12750.172499999999
      ]
    ],
    "S29": [
      [
        "PAT_0652",
        0,
        0.0
      ],
      [
        "PAT_0652",
        0,
        3544.9473
      ],
      [
        "PAT_0652",
        0,
        7089.8946
      ],
      [
        "PAT_0652",
        0,
        10634.8419
      ],
      [
        "PAT_0652",
        0,
        14179.7892
      ],
      [
        "PAT_0097",
        0,
        17724.7365
      ]
    ],
    "S5": [
      [
        "PAT_1369",
        0,
        0.0
      ],
      [
        "PAT_1369",
        0,
        3068.4084
      ],
      [
        "PAT_1369",
        0,
        6136.8168
      ],
      [
        "PAT_0852",
        0,
        9205.225199999999
      ],
      [
        "PAT_0964",
        1,
        13449.3803
      ],
      [
        "PAT_3123",
        1,
        16994.3276
      ]
    ],
    "S49": [
      [
        "PAT_1171",
        0,
        0.0
      ],
      [
        "PAT_1171",
        0,
        3068.4084
      ],
      [
        "PAT_1171",
        0,
        6136.8168
      ],
      [
        "PAT_0411",
        1,
        9205.225199999999
      ],
      [
        "PAT_0412",
        0,
        13003.5745
      ]
    ],
    "S4": [
      [
        "PAT_0945",
        0,
        3028.8457
      ],
      [
        "PAT_0945",
        0,
        6573.793
      ],
      [
        "PAT_0945",
        0,
        10118.7403
      ],
      [
        "PAT_0945",
        0,
        13663.6876
      ]
    ],
    "S45": [
      [
        "PAT_1274",
        0,
        5453.7126
      ],
      [
        "PAT_1274",
        0,
        8522.121
      ],
      [
        "PAT_1274",
        0,
        11590.5294
      ],
      [
        "PAT_1274",
        0,
        14658.9378
      ],
      [
        "PAT_1274",
        0,
        17727.3462
      ]
    ]
  }
}