{
  "instance": "SYN_SWEEP3_LENRATIO_LONG_026",
  "method": "multistart",
  "start_method": "none",
  "time_limit": 60.0,
  "cost": 8971.1976,
  "is_feasible": true,
  "unmet": {},
  "overprod": {
    "P1": 2,
    "P3": 3,
    "P4": 6,
    "P5": 1,
    "P7": 1,
    "P9": 1
  },
  "elapsed_sec": 0.96,
  "active": {
    "S10": [
      [
        "PAT_0257",
        0,
        0.0
      ],
      [
        "PAT_0257",
        0,
        2574.476
      ],
      [
        "PAT_0238",
        0,
        5148.952
      ],
      [
        "PAT_0238",
        0,
        7572.265
      ],
      [
        "PAT_0012",
        1,
        9995.578000000001
      ]
    ],
    "S8": [
      [
        "PAT_0273",
        1,
        5654.7891
      ],
      [
        "PAT_0273",
        1,
        8130.2708
      ],
      [
        "PAT_0273",
        1,
        10605.7525
      ],
      [
        "PAT_0273",
        1,
        13081.2342
      ]
    ],
    "S18": [
      [
        "PAT_0247",
        1,
        5703.8221
      ],
      [
        "PAT_0247",
        1,
        8127.1351
      ],
      [
        "PAT_0247",
        1,
        10550.448100000001
      ],
      [
        "PAT_0247",
        1,
        12973.761100000002
      ]
    ],
    "S6": [
      [
        "PAT_0259",
        0,
        0.0
      ],
      [
        "PAT_0259",
        0,
        2574.476
      ],
      [
        "PAT_0259",
        0,
        5148.952
      ],
      [
        "PAT_0259",
        0,
        7723.428
      ],
      [
        "PAT_0040",
        0,
        10297.904
      ]
    ],
    "S13": [
      [
        "PAT_0247",
        0,
        0.0
      ],
      [
        "PAT_0247",
        0,
        2423.313
      ],
      [
        "PAT_0247",
        0,
        4846.626
      ],
      [
        "PAT_0247",
        0,
        7269.939
      ],
      [
        "PAT_0259",
        1,
        10810.7875
      ]
    ],
    "S19": [
      [
        "PAT_0267",
        1,
        1413.9072
      ],
      [
        "PAT_0267",
        1,
        3988.3832
      ],
      [
        "PAT_0267",
        1,
        6562.859200000001
      ],
      [
        "PAT_0032",
        2,
        10939.5906
      ]
    ],
    "S27": [
      [
        "PAT_0033",
        0,
        0.0
      ],
      [
        "PAT_0033",
        0,
        1405.7213
      ],
      [
        "PAT_0033",
        0,
        2811.4426
      ],
      [
        "PAT_0033",
        0,
        4217.1639
      ],
      [
        "PAT_0033",
        0,
        5622.8852
      ],
      [
        "PAT_0033",
        0,
        7028.6065
      ],
      [
        "PAT_0033",
        0,
        8434.3278
      ],
      [
        "PAT_0015",
        0,
        9840.049099999998
      ],
      [
        "PAT_0015",
        0,
        11245.770399999998
      ]
    ],
    "S5": [
      [
        "PAT_0179",
        0,
        0.0
      ],
      [
        "PAT_0179",
        0,
        4552.0111
      ],
      [
        "PAT_0071",
        0,
        9104.0222
      ]
    ],
    "S17": [
      [
        "PAT_0095",
        0,
        0.0
      ],
      [
        "PAT_0095",
        0,
        4552.0111
      ],
      [
        "PAT_0071",
        1,
        9104.0222
      ]
    ],
    "S20": [
      [
        "PAT_0067",
        0,
        0.0
      ],
      [
        "PAT_0216",
        2,
        7732.9467
      ]
    ]
  }
}