{
  "instance": "SYN_SWEEP3_LENRATIO_LONG_008",
  "method": "VNS_SA",
  "start_method": "greedy",
  "time_limit": 60.0,
  "cost": 6716.1162,
  "is_feasible": true,
  "unmet": {},
  "overprod": {
    "P3": 1,
    "P7": 1,
    "P12": 1
  },
  "elapsed_sec": 60.01,
  "active": {
    "S27": [
      [
        "PAT_0558",
        0,
        0.0
      ],
      [
        "PAT_0041",
        0,
        3919.1378
      ],
      [
        "PAT_0041",
        0,
        8441.7068
      ],
      [
        "PAT_0721",
        0,
        12964.2758
      ],
      [
        "PAT_0116",
        0,
        16883.4136
      ],
      [
        "PAT_0044",
        1,
        19686.2197
      ],
      [
        "PAT_0044",
        1,
        24208.7887
      ]
    ],
    "S22": [
      [
        "PAT_0850",
        0,
        0.0
      ],
      [
        "PAT_0850",
        0,
        3008.373
      ],
      [
        "PAT_0262",
        0,
        6016.746
      ],
      [
        "PAT_0116",
        0,
        9935.8838
      ],
      [
        "PAT_0856",
        0,
        12738.6899
      ],
      [
        "PAT_0856",
        0,
        15747.062899999999
      ],
      [
        "PAT_0856",
        0,
        18755.4359
      ],
      [
        "PAT_0818",
        1,
        25147.3028
      ],
      [
        "PAT_0818",
        1,
        29066.4406
      ]
    ],
    "S2": [
      [
        "PAT_0108",
        0,
        0.0
      ],
      [
        "PAT_0096",
        1,
        7312.703
      ],
      [
        "PAT_0096",
        1,
        11976.3978
      ],
      [
        "PAT_0528",
        0,
        16640.0926
      ],
      [
        "PAT_0528",
        0,
        20559.2304
      ],
      [
        "PAT_0867",
        3,
        24478.3682
      ],
      [
        "PAT_0019",
        0,
        27486.7412
      ]
    ],
    "S34": [
      [
        "PAT_0238",
        0,
        0.0
      ],
      [
        "PAT_0238",
        0,
        3919.1378
      ],
      [
        "PAT_0308",
        1,
        9745.9081
      ],
      [
        "PAT_0131",
        1,
        13665.045900000001
      ],
      [
        "PAT_0131",
        1,
        17584.1837
      ],
      [
        "PAT_0117",
        1,
        21503.321500000002
      ]
    ]
  }
}