{
  "instance": "SYN_SWEEP3_LENRATIO_LONG_025",
  "method": "greedy",
  "start_method": "none",
  "time_limit": 60.0,
  "cost": 6494.3756,
  "is_feasible": true,
  "unmet": {},
  "overprod": {
    "P2": 1,
    "P3": 1,
    "P4": 2,
    "P5": 1,
    "P6": 1,
    "P7": 2,
    "P8": 1,
    "P10": 3,
    "P11": 1,
    "P13": 1
  },
  "elapsed_sec": 1.19,
  "active": {
    "S26": [
      [
        "PAT_1217",
        0,
        0.0
      ],
      [
        "PAT_1217",
        0,
        3264.9667
      ],
      [
        "PAT_1217",
        0,
        6529.9334
      ],
      [
        "PAT_1217",
        0,
        9794.900099999999
      ],
      [
        "PAT_1164",
        0,
        13059.8668
      ],
      [
        "PAT_1164",
        0,
        16324.8335
      ],
      [
        "PAT_1052",
        1,
        19589.8002
      ]
    ],
    "S4": [
      [
        "PAT_1129",
        1,
        10083.4277
      ],
      [
        "PAT_1129",
        1,
        13348.394400000001
      ],
      [
        "PAT_0033",
        3,
        18044.0737
      ]
    ],
    "S34": [
      [
        "PAT_0478",
        0,
        0.0
      ],
      [
        "PAT_0478",
        0,
        1389.4542
      ],
      [
        "PAT_0478",
        0,
        2778.9084
      ],
      [
        "PAT_0478",
        0,
        4168.3625999999995
      ],
      [
        "PAT_0478",
        0,
        5557.8168
      ],
      [
        "PAT_0478",
        0,
        6947.271
      ],
      [
        "PAT_1286",
        1,
        11277.3201
      ],
      [
        "PAT_0349",
        0,
        15619.7597
      ]
    ],
    "S13": [
      [
        "PAT_2176",
        0,
        0.0
      ],
      [
        "PAT_2176",
        0,
        4342.4396
      ],
      [
        "PAT_2176",
        0,
        8684.8792
      ],
      [
        "PAT_2176",
        0,
        13027.3188
      ],
      [
        "PAT_0346",
        1,
        21495.7699
      ],
      [
        "PAT_0346",
        1,
        22885.2241
      ]
    ],
    "S42": [
      [
        "PAT_1836",
        0,
        5025.0103
      ],
      [
        "PAT_1836",
        0,
        9367.4499
      ],
      [
        "PAT_1836",
        0,
        13709.8895
      ],
      [
        "PAT_1836",
        0,
        18052.3291
      ],
      [
        "PAT_0038",
        1,
        22394.7687
      ],
      [
        "PAT_0038",
        1,
        23784.2229
      ]
    ],
    "S29": [
      [
        "PAT_1267",
        0,
        0.0
      ],
      [
        "PAT_1267",
        0,
        4342.4396
      ],
      [
        "PAT_0739",
        0,
        8684.8792
      ]
    ]
  }
}