{
  "instance": "SYN_SWEEP3_LENRATIO_LONG_026",
  "method": "SD",
  "start_method": "multistart",
  "time_limit": 60.0,
  "cost": 8817.0833,
  "is_feasible": true,
  "unmet": {},
  "overprod": {
    "P3": 3,
    "P4": 1,
    "P5": 1,
    "P9": 1,
    "P10": 1
  },
  "elapsed_sec": 7.12,
  "active": {
    "S10": [
      [
        "PAT_0256",
        0,
        0.0
      ],
      [
        "PAT_0256",
        0,
        2574.476
      ],
      [
        "PAT_0238",
        0,
        5148.952
      ],
      [
        "PAT_0238",
        0,
        7572.265
      ],
      [
        "PAT_0012",
        1,
        9995.578000000001
      ]
    ],
    "S8": [
      [
        "PAT_0102",
        0,
        0.0
      ],
      [
        "PAT_0273",
        1,
        5654.7891
      ],
      [
        "PAT_0273",
        1,
        8130.2708
      ],
      [
        "PAT_0273",
        1,
        10605.7525
      ],
      [
        "PAT_0273",
        1,
        13081.2342
      ]
    ],
    "S18": [
      [
        "PAT_0216",
        0,
        0.0
      ],
      [
        "PAT_0247",
        1,
        5703.8221
      ],
      [
        "PAT_0247",
        1,
        8127.1351
      ],
      [
        "PAT_0247",
        1,
        10550.448100000001
      ],
      [
        "PAT_0247",
        1,
        12973.761100000002
      ]
    ],
    "S6": [
      [
        "PAT_0259",
        0,
        0.0
      ],
      [
        "PAT_0259",
        0,
        2574.476
      ],
      [
        "PAT_0259",
        0,
        5148.952
      ],
      [
        "PAT_0259",
        0,
        7723.428
      ],
      [
        "PAT_0028",
        0,
        10297.904
      ]
    ],
    "S13": [
      [
        "PAT_0247",
        0,
        0.0
      ],
      [
        "PAT_0247",
        0,
        2423.313
      ],
      [
        "PAT_0247",
        0,
        4846.626
      ],
      [
        "PAT_0247",
        0,
        7269.939
      ]
    ],
    "S27": [
      [
        "PAT_0033",
        0,
        0.0
      ],
      [
        "PAT_0033",
        0,
        1405.7213
      ],
      [
        "PAT_0033",
        0,
        2811.4426
      ],
      [
        "PAT_0033",
        0,
        4217.1639
      ],
      [
        "PAT_0033",
        0,
        5622.8852
      ],
      [
        "PAT_0033",
        0,
        7028.6065
      ],
      [
        "PAT_0033",
        0,
        8434.3278
      ],
      [
        "PAT_0015",
        0,
        9840.049099999998
      ],
      [
        "PAT_0015",
        0,
        11245.770399999998
      ]
    ],
    "S5": [
      [
        "PAT_0179",
        0,
        0.0
      ],
      [
        "PAT_0179",
        0,
        4552.0111
      ],
      [
        "PAT_0071",
        0,
        9104.0222
      ]
    ],
    "S17": [
      [
        "PAT_0095",
        0,
        0.0
      ],
      [
        "PAT_0095",
        0,
        4552.0111
      ]
    ],
    "S20": [
      [
        "PAT_0067",
        0,
        0.0
      ]
    ],
    "S19": [
      [
        "PAT_0011",
        1,
        1446.626
      ],
      [
        "PAT_0259",
        0,
        2852.3473
      ],
      [
        "PAT_0260",
        1,
        5958.5614
      ],
      [
        "PAT_0259",
        0,
        8533.0374
      ]
    ]
  }
}