{
  "instance": "SYN_SWEEP3_LENRATIO_LONG_012",
  "method": "TS",
  "start_method": "multistart",
  "time_limit": 60.0,
  "cost": 5474.9123,
  "is_feasible": true,
  "unmet": {},
  "overprod": {
    "P1": 1,
    "P5": 1,
    "P8": 1,
    "P9": 1
  },
  "elapsed_sec": 60.01,
  "active": {
    "S50": [
      [
        "PAT_0008",
        0,
        0.0
      ],
      [
        "PAT_0131",
        0,
        2842.8989
      ],
      [
        "PAT_0113",
        1,
        6622.439200000001
      ],
      [
        "PAT_0113",
        1,
        7442.974200000001
      ],
      [
        "PAT_0113",
        1,
        8263.5092
      ],
      [
        "PAT_0113",
        1,
        9084.0442
      ]
    ],
    "S58": [
      [
        "PAT_0106",
        0,
        0.0
      ],
      [
        "PAT_0106",
        0,
        1664.0335
      ],
      [
        "PAT_0106",
        0,
        3328.067
      ],
      [
        "PAT_0019",
        0,
        4992.1005000000005
      ]
    ],
    "S17": [
      [
        "PAT_0004",
        0,
        0.0
      ],
      [
        "PAT_0004",
        0,
        2842.8989
      ],
      [
        "PAT_0004",
        0,
        5685.7978
      ],
      [
        "PAT_0004",
        0,
        8528.6967
      ]
    ],
    "S42": [
      [
        "PAT_0008",
        0,
        0.0
      ],
      [
        "PAT_0008",
        0,
        2842.8989
      ],
      [
        "PAT_0008",
        0,
        5685.7978
      ],
      [
        "PAT_0008",
        0,
        8528.6967
      ]
    ],
    "S5": [
      [
        "PAT_0173",
        0,
        1735.0602999999992
      ],
      [
        "PAT_0174",
        0,
        4935.382799999999
      ],
      [
        "PAT_0174",
        0,
        8135.7053
      ]
    ],
    "S19": [
      [
        "PAT_0026",
        1,
        7333.4328000000005
      ],
      [
        "PAT_0026",
        1,
        8755.1126
      ],
      [
        "PAT_0026",
        1,
        10176.7924
      ]
    ],
    "S49": [
      [
        "PAT_0044",
        0,
        0.0
      ],
      [
        "PAT_0019",
        0,
        1421.6798
      ],
      [
        "PAT_0019",
        0,
        5124.4897
      ]
    ]
  }
}