{
  "instance": "SYN_SWEEP3_LENRATIO_LONG_001",
  "method": "VNS_SA",
  "start_method": "multistart",
  "time_limit": 60.0,
  "cost": 6126.1786,
  "is_feasible": true,
  "unmet": {},
  "overprod": {
    "P4": 1,
    "P5": 1,
    "P10": 6
  },
  "elapsed_sec": 60.02,
  "active": {
    "S20": [
      [
        "PAT_0547",
        0,
        0.0
      ],
      [
        "PAT_0031",
        0,
        6456.511999999999
      ],
      [
        "PAT_0031",
        0,
        10610.726999999999
      ],
      [
        "PAT_0851",
        1,
        19618.9155
      ],
      [
        "PAT_0851",
        1,
        21528.4627
      ],
      [
        "PAT_0875",
        2,
        23438.0099
      ]
    ],
    "S5": [
      [
        "PAT_0915",
        0,
        0.0
      ],
      [
        "PAT_0915",
        0,
        1549.7989
      ],
      [
        "PAT_0915",
        0,
        3099.5978
      ],
      [
        "PAT_0915",
        0,
        4649.3967
      ],
      [
        "PAT_0013",
        0,
        6199.1956
      ],
      [
        "PAT_0013",
        0,
        10353.4106
      ],
      [
        "PAT_0188",
        0,
        14507.6256
      ]
    ],
    "S8": [
      [
        "PAT_0005",
        0,
        0.0
      ],
      [
        "PAT_0878",
        0,
        4734.241899999995
      ],
      [
        "PAT_0495",
        1,
        6643.789099999995
      ],
      [
        "PAT_0495",
        1,
        8553.336299999995
      ],
      [
        "PAT_0875",
        0,
        10462.883499999996
      ],
      [
        "PAT_0875",
        0,
        12372.430699999997
      ],
      [
        "PAT_0875",
        0,
        14281.977899999998
      ],
      [
        "PAT_0875",
        0,
        16191.525099999999
      ],
      [
        "PAT_0875",
        0,
        18101.0723
      ],
      [
        "PAT_0898",
        0,
        21111.102199999998
      ]
    ],
    "S19": [
      [
        "PAT_0169",
        0,
        0.0
      ],
      [
        "PAT_0169",
        0,
        3384.9728
      ],
      [
        "PAT_0169",
        0,
        6769.9456
      ]
    ],
    "S26": [
      [
        "PAT_0223",
        0,
        0.0
      ],
      [
        "PAT_0223",
        0,
        3384.9728
      ],
      [
        "PAT_0223",
        0,
        6769.9456
      ],
      [
        "PAT_0223",
        0,
        10154.9184
      ],
      [
        "PAT_0223",
        0,
        13539.8912
      ],
      [
        "PAT_0769",
        0,
        16924.864
      ],
      [
        "PAT_0783",
        1,
        22001.9004
      ]
    ]
  }
}