{
  "instance": "SYN_SWEEP3_LENRATIO_LONG_027",
  "method": "multistart",
  "start_method": "none",
  "time_limit": 60.0,
  "cost": 5764.8132,
  "is_feasible": true,
  "unmet": {},
  "overprod": {
    "P1": 1,
    "P4": 1,
    "P5": 3,
    "P6": 1,
    "P9": 1
  },
  "elapsed_sec": 0.82,
  "active": {
    "S42": [
      [
        "PAT_0132",
        0,
        1516.7335
      ],
      [
        "PAT_0132",
        0,
        4157.6065
      ],
      [
        "PAT_0132",
        0,
        6798.4794999999995
      ],
      [
        "PAT_0059",
        0,
        9439.352499999999
      ],
      [
        "PAT_0112",
        1,
        15757.4344
      ],
      [
        "PAT_0077",
        2,
        18175.3896
      ]
    ],
    "S45": [
      [
        "PAT_0059",
        0,
        2894.3799
      ],
      [
        "PAT_0059",
        0,
        6796.6515
      ],
      [
        "PAT_0059",
        0,
        10698.9231
      ],
      [
        "PAT_0046",
        0,
        14601.1947
      ],
      [
        "PAT_0116",
        0,
        17147.0074
      ],
      [
        "PAT_0116",
        0,
        19564.9626
      ],
      [
        "PAT_0116",
        0,
        21982.9178
      ],
      [
        "PAT_0006",
        1,
        24400.873
      ]
    ],
    "S29": [
      [
        "PAT_0028",
        0,
        0.0
      ],
      [
        "PAT_0028",
        0,
        3312.6942
      ],
      [
        "PAT_0028",
        0,
        6625.3884
      ],
      [
        "PAT_0028",
        0,
        9938.0826
      ],
      [
        "PAT_0028",
        0,
        13250.7768
      ],
      [
        "PAT_0122",
        2,
        16563.470999999998
      ],
      [
        "PAT_0122",
        2,
        18981.426199999998
      ]
    ],
    "S47": [
      [
        "PAT_0054",
        1,
        12025.4195
      ],
      [
        "PAT_0054",
        1,
        15927.6911
      ],
      [
        "PAT_0054",
        1,
        19829.9627
      ],
      [
        "PAT_0092",
        2,
        23732.2343
      ]
    ],
    "S39": [
      [
        "PAT_0078",
        1,
        12983.0278
      ],
      [
        "PAT_0078",
        1,
        15400.983
      ],
      [
        "PAT_0078",
        1,
        17818.9382
      ]
    ]
  }
}