{
  "instance": "SYN_SWEEP3_LENRATIO_LONG_015",
  "method": "ILS_SA",
  "start_method": "greedy",
  "time_limit": 60.0,
  "cost": 5947.375,
  "is_feasible": true,
  "unmet": {},
  "overprod": {
    "P6": 1,
    "P8": 1,
    "P13": 1
  },
  "elapsed_sec": 60.01,
  "active": {
    "S5": [
      [
        "PAT_0012",
        0,
        0.0
      ],
      [
        "PAT_0012",
        0,
        1478.493
      ],
      [
        "PAT_0163",
        0,
        5474.0806
      ],
      [
        "PAT_0163",
        0,
        8693.7268
      ],
      [
        "PAT_0163",
        0,
        11913.373
      ],
      [
        "PAT_0529",
        0,
        15133.019199999999
      ]
    ],
    "S31": [
      [
        "PAT_0837",
        0,
        0.0
      ],
      [
        "PAT_0012",
        0,
        2305.8304
      ],
      [
        "PAT_0012",
        0,
        3784.3233999999998
      ],
      [
        "PAT_0254",
        0,
        5262.8164
      ],
      [
        "PAT_0254",
        0,
        10133.121299999999
      ],
      [
        "PAT_0012",
        1,
        15003.426199999998
      ],
      [
        "PAT_0012",
        1,
        16481.919199999997
      ],
      [
        "PAT_0012",
        1,
        17960.412199999995
      ]
    ],
    "S42": [
      [
        "PAT_0826",
        0,
        0.0
      ],
      [
        "PAT_0826",
        0,
        2305.8304
      ],
      [
        "PAT_0565",
        0,
        4611.6608
      ],
      [
        "PAT_0565",
        0,
        9481.9657
      ]
    ],
    "S6": [
      [
        "PAT_0898",
        0,
        0.0
      ],
      [
        "PAT_0898",
        0,
        2305.8304
      ],
      [
        "PAT_0943",
        0,
        4611.6608
      ],
      [
        "PAT_0943",
        0,
        6879.610699999999
      ],
      [
        "PAT_0943",
        0,
        9147.560599999999
      ],
      [
        "PAT_0937",
        0,
        11415.510499999999
      ],
      [
        "PAT_0937",
        0,
        13683.460399999998
      ],
      [
        "PAT_0937",
        0,
        15951.410299999998
      ],
      [
        "PAT_0937",
        0,
        18219.3602
      ]
    ],
    "S27": [
      [
        "PAT_0034",
        1,
        6300.4584
      ],
      [
        "PAT_0034",
        1,
        9520.1046
      ],
      [
        "PAT_0034",
        1,
        12739.750800000002
      ],
      [
        "PAT_0034",
        1,
        15959.397
      ],
      [
        "PAT_0009",
        1,
        19179.0432
      ]
    ]
  }
}