{
  "instance": "SYN_SWEEP3_LENRATIO_LONG_017",
  "method": "TS",
  "start_method": "greedy",
  "time_limit": 60.0,
  "cost": 6179.9372,
  "is_feasible": true,
  "unmet": {},
  "overprod": {
    "P3": 1,
    "P5": 1,
    "P6": 3,
    "P7": 1,
    "P9": 1
  },
  "elapsed_sec": 60.0,
  "active": {
    "S42": [
      [
        "PAT_0070",
        0,
        0.0
      ],
      [
        "PAT_0070",
        0,
        4342.6243
      ],
      [
        "PAT_0070",
        0,
        8685.2486
      ],
      [
        "PAT_0070",
        0,
        13027.872900000002
      ],
      [
        "PAT_0070",
        0,
        17370.4972
      ],
      [
        "PAT_0020",
        0,
        21713.1215
      ],
      [
        "PAT_0004",
        1,
        25749.1397
      ]
    ],
    "S26": [
      [
        "PAT_0256",
        0,
        0.0
      ],
      [
        "PAT_0022",
        0,
        3444.783499999998
      ],
      [
        "PAT_0022",
        0,
        7456.606199999998
      ],
      [
        "PAT_0022",
        0,
        11468.428899999999
      ],
      [
        "PAT_0020",
        0,
        15480.2516
      ],
      [
        "PAT_0195",
        1,
        19931.3332
      ],
      [
        "PAT_0195",
        1,
        23371.2697
      ],
      [
        "PAT_0195",
        1,
        26811.2062
      ],
      [
        "PAT_0081",
        1,
        30251.1427
      ]
    ],
    "S2": [
      [
        "PAT_0234",
        0,
        0.0
      ],
      [
        "PAT_0234",
        0,
        4078.8653
      ],
      [
        "PAT_0241",
        0,
        8157.7306
      ],
      [
        "PAT_0241",
        0,
        12236.5959
      ],
      [
        "PAT_0252",
        0,
        16315.4612
      ],
      [
        "PAT_0093",
        2,
        19193.0348
      ]
    ],
    "S33": [
      [
        "PAT_0155",
        0,
        0.0
      ],
      [
        "PAT_0155",
        0,
        3314.8096
      ],
      [
        "PAT_0188",
        1,
        11971.0033
      ],
      [
        "PAT_0047",
        1,
        15285.8129
      ],
      [
        "PAT_0047",
        1,
        19628.4372
      ]
    ]
  }
}