{
  "instance": "SYN_SWEEP3_LENRATIO_LONG_005",
  "method": "SA",
  "start_method": "greedy",
  "time_limit": 60.0,
  "cost": 6430.0327,
  "is_feasible": true,
  "unmet": {},
  "overprod": {
    "P5": 1,
    "P6": 1,
    "P7": 1
  },
  "elapsed_sec": 60.0,
  "active": {
    "S24": [
      [
        "PAT_0239",
        0,
        1594.1468
      ],
      [
        "PAT_0005",
        0,
        6605.049800000001
      ],
      [
        "PAT_0268",
        0,
        10423.702000000001
      ],
      [
        "PAT_0268",
        0,
        14114.553600000001
      ],
      [
        "PAT_0219",
        2,
        17980.329700000002
      ]
    ],
    "S25": [
      [
        "PAT_0166",
        0,
        0.0
      ],
      [
        "PAT_0268",
        0,
        3490.5441
      ],
      [
        "PAT_0175",
        1,
        8062.8031
      ],
      [
        "PAT_0005",
        1,
        11553.3472
      ],
      [
        "PAT_0131",
        2,
        15371.9994
      ]
    ],
    "S44": [
      [
        "PAT_0055",
        0,
        0.0
      ],
      [
        "PAT_0055",
        0,
        1635.6162
      ],
      [
        "PAT_0055",
        0,
        3271.2324
      ],
      [
        "PAT_0096",
        1,
        8299.341
      ],
      [
        "PAT_0074",
        0,
        11789.8851
      ],
      [
        "PAT_0101",
        1,
        16019.4054
      ]
    ],
    "S35": [
      [
        "PAT_0074",
        0,
        0.0
      ],
      [
        "PAT_0074",
        0,
        4229.5203
      ],
      [
        "PAT_0005",
        0,
        8459.0406
      ],
      [
        "PAT_0173",
        0,
        12277.6928
      ],
      [
        "PAT_0173",
        0,
        15768.2369
      ]
    ],
    "S7": [
      [
        "PAT_0253",
        0,
        0.0
      ],
      [
        "PAT_0182",
        0,
        4445.6174
      ],
      [
        "PAT_0214",
        0,
        7936.1615
      ],
      [
        "PAT_0268",
        1,
        12381.778900000001
      ],
      [
        "PAT_0171",
        1,
        16072.630500000001
      ]
    ]
  }
}