{
  "instance": "SYN_SWEEP3_LENRATIO_LONG_008",
  "method": "SA",
  "start_method": "greedy",
  "time_limit": 60.0,
  "cost": 6960.8125,
  "is_feasible": true,
  "unmet": {},
  "overprod": {
    "P1": 1,
    "P3": 1,
    "P7": 2
  },
  "elapsed_sec": 60.01,
  "active": {
    "S2": [
      [
        "PAT_0101",
        0,
        0.0
      ],
      [
        "PAT_0802",
        0,
        7466.5009
      ],
      [
        "PAT_0850",
        2,
        14394.0117
      ],
      [
        "PAT_0117",
        1,
        17787.519
      ],
      [
        "PAT_0031",
        0,
        20590.325100000002
      ],
      [
        "PAT_0851",
        2,
        25459.5868
      ],
      [
        "PAT_0856",
        1,
        28467.9598
      ]
    ],
    "S22": [
      [
        "PAT_0116",
        0,
        0.0
      ],
      [
        "PAT_0101",
        0,
        5036.8397
      ],
      [
        "PAT_0101",
        0,
        9700.534500000002
      ],
      [
        "PAT_0036",
        0,
        14364.229300000003
      ],
      [
        "PAT_0269",
        0,
        18886.798300000002
      ],
      [
        "PAT_0551",
        1,
        22805.936100000003
      ],
      [
        "PAT_0856",
        1,
        27328.505100000002
      ],
      [
        "PAT_0856",
        1,
        30336.8781
      ]
    ],
    "S27": [
      [
        "PAT_0018",
        0,
        0.0
      ],
      [
        "PAT_0369",
        0,
        4679.0285
      ],
      [
        "PAT_0369",
        0,
        8598.1663
      ],
      [
        "PAT_0811",
        0,
        12517.304100000001
      ],
      [
        "PAT_0855",
        0,
        16436.4419
      ],
      [
        "PAT_0043",
        0,
        20586.6086
      ],
      [
        "PAT_0032",
        0,
        25109.1776
      ]
    ],
    "S34": [
      [
        "PAT_0492",
        0,
        0.0
      ],
      [
        "PAT_0702",
        0,
        3919.1378
      ],
      [
        "PAT_0116",
        0,
        7838.2756
      ],
      [
        "PAT_0813",
        1,
        10641.081699999999
      ],
      [
        "PAT_0813",
        1,
        14560.2195
      ],
      [
        "PAT_0813",
        1,
        18479.3573
      ],
      [
        "PAT_0476",
        1,
        22398.4951
      ]
    ]
  }
}