{
  "instance": "SYN_SWEEP3_LENRATIO_LONG_025",
  "method": "FI",
  "start_method": "greedy",
  "time_limit": 60.0,
  "cost": 6416.8171,
  "is_feasible": true,
  "unmet": {},
  "overprod": {
    "P2": 1,
    "P5": 1,
    "P8": 1,
    "P10": 3
  },
  "elapsed_sec": 60.02,
  "active": {
    "S42": [
      [
        "PAT_0018",
        0,
        0.0
      ],
      [
        "PAT_1836",
        0,
        5025.0103
      ],
      [
        "PAT_1836",
        0,
        9367.4499
      ],
      [
        "PAT_1836",
        0,
        13709.8895
      ],
      [
        "PAT_1836",
        0,
        18052.3291
      ],
      [
        "PAT_0038",
        1,
        22394.7687
      ],
      [
        "PAT_0038",
        1,
        23784.2229
      ]
    ],
    "S4": [
      [
        "PAT_1129",
        1,
        10083.4277
      ],
      [
        "PAT_1129",
        1,
        13348.394400000001
      ]
    ],
    "S34": [
      [
        "PAT_0478",
        0,
        0.0
      ],
      [
        "PAT_0478",
        0,
        1389.4542
      ],
      [
        "PAT_0478",
        0,
        2778.9084
      ],
      [
        "PAT_0478",
        0,
        4168.3625999999995
      ],
      [
        "PAT_0478",
        0,
        5557.8168
      ],
      [
        "PAT_0478",
        0,
        6947.271
      ],
      [
        "PAT_1285",
        0,
        8336.725199999999
      ]
    ],
    "S26": [
      [
        "PAT_0610",
        0,
        0.0
      ],
      [
        "PAT_1217",
        0,
        1389.4542
      ],
      [
        "PAT_1217",
        0,
        4654.4209
      ],
      [
        "PAT_1217",
        0,
        7919.3876
      ],
      [
        "PAT_1217",
        0,
        11184.354299999999
      ],
      [
        "PAT_1164",
        0,
        14449.321
      ],
      [
        "PAT_1164",
        0,
        17714.2877
      ]
    ],
    "S13": [
      [
        "PAT_0655",
        0,
        0.0
      ],
      [
        "PAT_2151",
        0,
        1389.4542
      ],
      [
        "PAT_2151",
        0,
        5731.8938
      ],
      [
        "PAT_2151",
        0,
        10074.3334
      ],
      [
        "PAT_0346",
        0,
        14416.773
      ],
      [
        "PAT_0346",
        0,
        15806.2272
      ],
      [
        "PAT_0346",
        0,
        17195.681399999998
      ]
    ],
    "S29": [
      [
        "PAT_1998",
        0,
        2205.8795
      ],
      [
        "PAT_1998",
        0,
        6548.3191
      ],
      [
        "PAT_1421",
        0,
        10890.758699999998
      ]
    ]
  }
}