{
  "instance": "SYN_SWEEP3_LENRATIO_LONG_000",
  "method": "multistart",
  "start_method": "none",
  "time_limit": 60.0,
  "cost": 9563.8526,
  "is_feasible": true,
  "unmet": {},
  "overprod": {
    "P3": 1,
    "P7": 1,
    "P10": 1,
    "P11": 1,
    "P12": 1
  },
  "elapsed_sec": 18.31,
  "active": {
    "S14": [
      [
        "PAT_0025",
        0,
        0.0
      ],
      [
        "PAT_0025",
        0,
        1442.8136
      ],
      [
        "PAT_0025",
        0,
        2885.6272
      ],
      [
        "PAT_0025",
        0,
        4328.4408
      ],
      [
        "PAT_0025",
        0,
        5771.2544
      ],
      [
        "PAT_2841",
        1,
        8524.6045
      ],
      [
        "PAT_2488",
        1,
        12386.1246
      ]
    ],
    "S20": [
      [
        "PAT_2818",
        0,
        0.0
      ],
      [
        "PAT_2818",
        0,
        3861.5201
      ],
      [
        "PAT_2818",
        0,
        7723.0402
      ]
    ],
    "S39": [
      [
        "PAT_2845",
        0,
        0.0
      ],
      [
        "PAT_2845",
        0,
        3861.5201
      ],
      [
        "PAT_2845",
        0,
        7723.0402
      ],
      [
        "PAT_2845",
        0,
        11584.560300000001
      ]
    ],
    "S23": [
      [
        "PAT_2846",
        0,
        0.0
      ],
      [
        "PAT_2846",
        0,
        3861.5201
      ],
      [
        "PAT_2771",
        0,
        7723.0402
      ],
      [
        "PAT_2702",
        1,
        11584.560300000001
      ]
    ],
    "S3": [
      [
        "PAT_0519",
        0,
        4213.9486
      ],
      [
        "PAT_0519",
        0,
        7598.3306999999995
      ],
      [
        "PAT_0519",
        0,
        10982.7128
      ],
      [
        "PAT_1959",
        1,
        15960.2471
      ]
    ],
    "S9": [
      [
        "PAT_0211",
        0,
        0.0
      ],
      [
        "PAT_0211",
        0,
        3384.3821
      ],
      [
        "PAT_0211",
        0,
        6768.7642
      ],
      [
        "PAT_2380",
        1,
        14392.1927
      ]
    ],
    "S6": [
      [
        "PAT_0805",
        0,
        4712.8096
      ],
      [
        "PAT_0805",
        0,
        8097.191699999999
      ]
    ],
    "S10": [
      [
        "PAT_2498",
        0,
        2223.8834
      ],
      [
        "PAT_2498",
        0,
        5608.2654999999995
      ],
      [
        "PAT_2498",
        0,
        8992.6476
      ]
    ],
    "S38": [
      [
        "PAT_0804",
        0,
        4689.3308
      ],
      [
        "PAT_0804",
        0,
        8073.7128999999995
      ],
      [
        "PAT_0804",
        0,
        11458.095
      ]
    ],
    "S31": [
      [
        "PAT_1813",
        0,
        1921.2693
      ],
      [
        "PAT_1813",
        0,
        5305.6514
      ],
      [
        "PAT_1655",
        1,
        10563.1055
      ]
    ],
    "S4": [
      [
        "PAT_0036",
        0,
        0.0
      ],
      [
        "PAT_0036",
        0,
        3384.3821
      ],
      [
        "PAT_1581",
        1,
        12136.1774
      ]
    ]
  }
}