{
  "instance": "SYN_SWEEP3_LENRATIO_LONG_025",
  "method": "GRASP_SA",
  "start_method": "none",
  "time_limit": 60.0,
  "cost": 6401.6198,
  "is_feasible": true,
  "unmet": {},
  "overprod": {
    "P1": 1,
    "P3": 5,
    "P5": 1,
    "P8": 1,
    "P10": 1,
    "P13": 1
  },
  "elapsed_sec": 60.06,
  "active": {
    "S42": [
      [
        "PAT_1075",
        0,
        0.0
      ],
      [
        "PAT_1175",
        0,
        2003.9072000000006
      ],
      [
        "PAT_2743",
        0,
        5268.8739000000005
      ],
      [
        "PAT_2743",
        0,
        9611.3135
      ],
      [
        "PAT_2743",
        0,
        13953.7531
      ],
      [
        "PAT_2743",
        0,
        18296.1927
      ],
      [
        "PAT_1124",
        1,
        22638.6323
      ],
      [
        "PAT_1075",
        1,
        24028.0865
      ]
    ],
    "S26": [
      [
        "PAT_0064",
        0,
        0.0
      ],
      [
        "PAT_1217",
        0,
        1897.3602999999985
      ],
      [
        "PAT_1217",
        0,
        5162.326999999998
      ],
      [
        "PAT_1075",
        0,
        9816.747899999998
      ],
      [
        "PAT_1252",
        0,
        11206.202099999999
      ],
      [
        "PAT_1252",
        0,
        14471.1688
      ],
      [
        "PAT_1252",
        0,
        17736.1355
      ]
    ],
    "S22": [
      [
        "PAT_0018",
        0,
        1029.0392
      ],
      [
        "PAT_0561",
        0,
        2418.4934
      ],
      [
        "PAT_0561",
        0,
        3807.9475999999995
      ],
      [
        "PAT_0561",
        0,
        5197.4018
      ],
      [
        "PAT_0668",
        1,
        10854.986
      ],
      [
        "PAT_1182",
        1,
        12244.440200000001
      ]
    ],
    "S11": [
      [
        "PAT_1121",
        0,
        4669.6348
      ],
      [
        "PAT_1215",
        2,
        6059.089
      ],
      [
        "PAT_2013",
        1,
        10557.2884
      ],
      [
        "PAT_2013",
        1,
        14899.728
      ]
    ],
    "S13": [
      [
        "PAT_0573",
        0,
        0.0
      ],
      [
        "PAT_0573",
        0,
        1389.4542
      ],
      [
        "PAT_1975",
        0,
        2778.9084
      ],
      [
        "PAT_1975",
        0,
        7121.348
      ],
      [
        "PAT_1975",
        0,
        11463.7876
      ],
      [
        "PAT_2542",
        0,
        15806.2272
      ],
      [
        "PAT_2542",
        0,
        20148.6668
      ]
    ]
  }
}