{
  "instance": "SYN_SWEEP3_LENRATIO_LONG_018",
  "method": "SA",
  "start_method": "greedy",
  "time_limit": 60.0,
  "cost": 5759.7712,
  "is_feasible": true,
  "unmet": {},
  "overprod": {
    "P1": 4,
    "P2": 5,
    "P5": 2,
    "P8": 1
  },
  "elapsed_sec": 60.18,
  "active": {
    "S34": [
      [
        "PAT_5249",
        0,
        0.0
      ],
      [
        "PAT_0782",
        0,
        2137.2547
      ],
      [
        "PAT_4450",
        1,
        7642.9794999999995
      ],
      [
        "PAT_5074",
        1,
        10728.0851
      ],
      [
        "PAT_5254",
        2,
        13617.4053
      ],
      [
        "PAT_5388",
        0,
        15754.66
      ],
      [
        "PAT_4449",
        1,
        18312.7425
      ],
      [
        "PAT_5054",
        1,
        21293.0272
      ]
    ],
    "S13": [
      [
        "PAT_5371",
        0,
        0.0
      ],
      [
        "PAT_5371",
        0,
        2558.0825
      ],
      [
        "PAT_5309",
        0,
        5116.165
      ],
      [
        "PAT_5091",
        0,
        7674.2474999999995
      ],
      [
        "PAT_5054",
        0,
        10654.5322
      ],
      [
        "PAT_5285",
        0,
        13543.8524
      ],
      [
        "PAT_5285",
        0,
        16433.172599999998
      ],
      [
        "PAT_5169",
        0,
        18570.4273
      ],
      [
        "PAT_5285",
        1,
        21311.5168
      ]
    ],
    "S12": [
      [
        "PAT_1648",
        0,
        0.0
      ],
      [
        "PAT_1648",
        0,
        2980.2847
      ],
      [
        "PAT_5401",
        0,
        5960.5694
      ],
      [
        "PAT_5090",
        0,
        8518.6519
      ],
      [
        "PAT_5090",
        0,
        11407.9721
      ],
      [
        "PAT_5090",
        0,
        14297.292300000001
      ],
      [
        "PAT_5028",
        0,
        17186.612500000003
      ]
    ],
    "S28": [
      [
        "PAT_3278",
        0,
        0.0
      ],
      [
        "PAT_3278",
        0,
        2980.2847
      ],
      [
        "PAT_5364",
        1,
        9144.6748
      ],
      [
        "PAT_0083",
        0,
        11702.757300000001
      ],
      [
        "PAT_5056",
        1,
        14683.042000000001
      ]
    ]
  }
}