{
  "instance": "SYN_SWEEP3_LENRATIO_LONG_016",
  "method": "multistart",
  "start_method": "none",
  "time_limit": 60.0,
  "cost": 7837.4873,
  "is_feasible": true,
  "unmet": {},
  "overprod": {
    "P1": 5,
    "P5": 2,
    "P7": 1
  },
  "elapsed_sec": 1.64,
  "active": {
    "S20": [
      [
        "PAT_0459",
        0,
        0.0
      ],
      [
        "PAT_0459",
        0,
        3505.7712
      ],
      [
        "PAT_0459",
        0,
        7011.5424
      ],
      [
        "PAT_0307",
        0,
        10517.313600000001
      ]
    ],
    "S12": [
      [
        "PAT_0307",
        1,
        6021.5746
      ],
      [
        "PAT_0307",
        1,
        9693.3685
      ],
      [
        "PAT_0307",
        1,
        13365.162400000001
      ]
    ],
    "S24": [
      [
        "PAT_0307",
        0,
        0.0
      ],
      [
        "PAT_0445",
        0,
        3671.7939
      ],
      [
        "PAT_0445",
        0,
        6914.2106
      ],
      [
        "PAT_0016",
        1,
        10156.6273
      ]
    ],
    "S18": [
      [
        "PAT_0172",
        0,
        0.0
      ],
      [
        "PAT_0172",
        0,
        2363.9765
      ],
      [
        "PAT_0172",
        0,
        4727.953
      ],
      [
        "PAT_0172",
        0,
        7091.9295
      ],
      [
        "PAT_0172",
        0,
        9455.906
      ]
    ],
    "S25": [
      [
        "PAT_0094",
        0,
        0.0
      ],
      [
        "PAT_0094",
        0,
        2363.9765
      ],
      [
        "PAT_0094",
        0,
        4727.953
      ],
      [
        "PAT_0094",
        0,
        7091.9295
      ],
      [
        "PAT_0094",
        0,
        9455.906
      ],
      [
        "PAT_0432",
        0,
        11819.882500000002
      ]
    ],
    "S9": [
      [
        "PAT_0312",
        0,
        0.0
      ],
      [
        "PAT_0312",
        0,
        3242.4167
      ],
      [
        "PAT_0312",
        0,
        6484.8334
      ],
      [
        "PAT_0009",
        0,
        9727.250100000001
      ],
      [
        "PAT_0311",
        0,
        12091.226600000002
      ]
    ],
    "S4": [
      [
        "PAT_0332",
        0,
        1178.0195
      ],
      [
        "PAT_0332",
        0,
        4420.4362
      ],
      [
        "PAT_0241",
        1,
        9020.6539
      ],
      [
        "PAT_0241",
        2,
        13720.5247
      ]
    ],
    "S17": [
      [
        "PAT_0021",
        0,
        0.0
      ],
      [
        "PAT_0021",
        0,
        2363.9765
      ],
      [
        "PAT_0021",
        0,
        4727.953
      ],
      [
        "PAT_0021",
        0,
        7091.9295
      ],
      [
        "PAT_0021",
        1,
        14069.0391
      ]
    ],
    "S22": [
      [
        "PAT_0020",
        0,
        0.0
      ],
      [
        "PAT_0328",
        1,
        7305.3357
      ]
    ]
  }
}