{
  "instance": "SYN_SWEEP3_LENRATIO_LONG_020",
  "method": "TS",
  "start_method": "greedy",
  "time_limit": 60.0,
  "cost": 7987.8238,
  "is_feasible": true,
  "unmet": {},
  "overprod": {
    "P5": 2,
    "P6": 1,
    "P14": 1
  },
  "elapsed_sec": 60.02,
  "active": {
    "S34": [
      [
        "PAT_6084",
        0,
        0.0
      ],
      [
        "PAT_6084",
        0,
        2559.7395
      ],
      [
        "PAT_6084",
        0,
        5119.479
      ],
      [
        "PAT_6149",
        0,
        7679.218500000001
      ]
    ],
    "S4": [
      [
        "PAT_5427",
        0,
        2765.1874000000007
      ],
      [
        "PAT_5427",
        0,
        5501.9571000000005
      ],
      [
        "PAT_5427",
        0,
        8238.7268
      ]
    ],
    "S12": [
      [
        "PAT_6154",
        0,
        0.0
      ],
      [
        "PAT_4673",
        0,
        1469.0192
      ],
      [
        "PAT_8841",
        2,
        4596.4968
      ],
      [
        "PAT_8841",
        2,
        6065.516
      ],
      [
        "PAT_8841",
        2,
        7534.535199999999
      ],
      [
        "PAT_8841",
        2,
        9003.554399999999
      ],
      [
        "PAT_8841",
        2,
        10472.5736
      ]
    ],
    "S16": [
      [
        "PAT_0060",
        0,
        0.0
      ],
      [
        "PAT_0060",
        0,
        2736.7697
      ],
      [
        "PAT_0059",
        1,
        6598.8913
      ]
    ],
    "S10": [
      [
        "PAT_5959",
        0,
        0.0
      ],
      [
        "PAT_5959",
        0,
        2736.7697
      ],
      [
        "PAT_5959",
        0,
        5473.5394
      ],
      [
        "PAT_5959",
        0,
        8210.309099999999
      ]
    ],
    "S28": [
      [
        "PAT_0027",
        0,
        3241.365
      ],
      [
        "PAT_0027",
        0,
        5978.1347
      ]
    ],
    "S30": [
      [
        "PAT_8216",
        0,
        0.0
      ],
      [
        "PAT_8216",
        0,
        1469.0192
      ],
      [
        "PAT_8216",
        0,
        2938.0384
      ],
      [
        "PAT_8216",
        0,
        4407.0576
      ],
      [
        "PAT_1260",
        1,
        6374.6715
      ],
      [
        "PAT_6014",
        0,
        9111.441200000001
      ]
    ],
    "S5": [
      [
        "PAT_0054",
        0,
        2773.5275
      ],
      [
        "PAT_0054",
        0,
        5510.2972
      ]
    ],
    "S1": [
      [
        "PAT_7552",
        0,
        2933.2721
      ],
      [
        "PAT_7552",
        0,
        4402.2913
      ],
      [
        "PAT_7552",
        0,
        5871.3105
      ],
      [
        "PAT_7552",
        0,
        7340.329699999999
      ],
      [
        "PAT_7552",
        0,
        8809.348899999999
      ]
    ],
    "S27": [
      [
        "PAT_8967",
        0,
        1960.671
      ],
      [
        "PAT_8967",
        0,
        3429.6902
      ],
      [
        "PAT_8967",
        0,
        4898.7094
      ]
    ],
    "S2": [
      [
        "PAT_4673",
        0,
        0.0
      ],
      [
        "PAT_4673",
        0,
        2736.7697
      ],
      [
        "PAT_0026",
        0,
        5473.5394
      ]
    ]
  }
}