{
  "instance": "SYN_SWEEP3_LENRATIO_LONG_025",
  "method": "SA",
  "start_method": "multistart",
  "time_limit": 60.0,
  "cost": 6295.008,
  "is_feasible": true,
  "unmet": {},
  "overprod": {
    "P2": 1,
    "P3": 2,
    "P4": 2,
    "P5": 3,
    "P7": 6,
    "P8": 1,
    "P10": 1,
    "P11": 1,
    "P13": 3
  },
  "elapsed_sec": 60.06,
  "active": {
    "S26": [
      [
        "PAT_1217",
        0,
        0.0
      ],
      [
        "PAT_1217",
        0,
        3264.9667
      ],
      [
        "PAT_1217",
        0,
        6529.9334
      ],
      [
        "PAT_1217",
        0,
        9794.900099999999
      ],
      [
        "PAT_1252",
        0,
        13059.8668
      ],
      [
        "PAT_1252",
        0,
        16324.8335
      ],
      [
        "PAT_0020",
        0,
        19589.8002
      ]
    ],
    "S34": [
      [
        "PAT_1129",
        0,
        0.0
      ],
      [
        "PAT_1129",
        0,
        3264.9667
      ],
      [
        "PAT_0655",
        0,
        6529.9334
      ],
      [
        "PAT_0655",
        0,
        7919.3876
      ],
      [
        "PAT_0349",
        0,
        9308.8418
      ],
      [
        "PAT_0349",
        0,
        10698.296
      ],
      [
        "PAT_0349",
        0,
        12087.7502
      ],
      [
        "PAT_0349",
        0,
        13477.2044
      ],
      [
        "PAT_0349",
        0,
        14866.6586
      ]
    ],
    "S31": [
      [
        "PAT_2737",
        0,
        6373.9739
      ],
      [
        "PAT_2737",
        0,
        10716.413499999999
      ],
      [
        "PAT_2737",
        0,
        15058.853099999998
      ],
      [
        "PAT_2737",
        0,
        19401.292699999998
      ],
      [
        "PAT_0005",
        1,
        23743.732299999996
      ]
    ],
    "S13": [
      [
        "PAT_0300",
        0,
        0.0
      ],
      [
        "PAT_0300",
        0,
        1389.4542
      ],
      [
        "PAT_0300",
        0,
        2778.9084
      ],
      [
        "PAT_0300",
        0,
        4168.3625999999995
      ],
      [
        "PAT_0300",
        0,
        5557.8168
      ],
      [
        "PAT_1518",
        0,
        6947.271
      ],
      [
        "PAT_1518",
        0,
        11289.710599999999
      ],
      [
        "PAT_2542",
        0,
        15632.150199999998
      ],
      [
        "PAT_2542",
        0,
        19974.589799999998
      ]
    ],
    "S29": [
      [
        "PAT_1267",
        0,
        0.0
      ],
      [
        "PAT_1267",
        0,
        4342.4396
      ],
      [
        "PAT_1267",
        0,
        8684.8792
      ],
      [
        "PAT_1581",
        0,
        13027.3188
      ]
    ]
  }
}