{
  "instance": "SYN_SWEEP4_WIDRATIO_LOW_016",
  "method": "TS",
  "start_method": "multistart",
  "time_limit": 60.0,
  "cost": 14758.1982,
  "is_feasible": false,
  "unmet": {
    "P9": 3
  },
  "overprod": {
    "P7": 2,
    "P10": 6
  },
  "elapsed_sec": 85.7,
  "active": {
    "S30": [
      [
        "PAT_0360",
        0,
        0.0
      ]
    ],
    "S26": [
      [
        "PAT_0369",
        0,
        0.0
      ]
    ],
    "S4": [
      [
        "PAT_0360",
        0,
        0.0
      ]
    ],
    "S45": [
      [
        "PAT_0371",
        0,
        0.0
      ]
    ],
    "S8": [
      [
        "PAT_0010",
        0,
        0.0
      ],
      [
        "PAT_0010",
        0,
        909.3863
      ],
      [
        "PAT_0010",
        0,
        1818.7726
      ],
      [
        "PAT_0102",
        1,
        2728.1589
      ],
      [
        "PAT_0344",
        2,
        4197.4709
      ]
    ],
    "S41": [
      [
        "PAT_0382",
        0,
        0.0
      ]
    ],
    "S9": [
      [
        "PAT_0111",
        0,
        0.0
      ],
      [
        "PAT_0370",
        0,
        1227.2612
      ]
    ],
    "S44": [
      [
        "PAT_0010",
        0,
        0.0
      ],
      [
        "PAT_0356",
        0,
        909.3863
      ],
      [
        "PAT_0081",
        2,
        5081.2210000000005
      ]
    ],
    "S55": [
      [
        "PAT_0375",
        0,
        0.0
      ],
      [
        "PAT_0187",
        0,
        4171.8347
      ],
      [
        "PAT_0306",
        0,
        5081.2210000000005
      ]
    ],
    "S34": [
      [
        "PAT_0369",
        0,
        0.0
      ]
    ],
    "S36": [
      [
        "PAT_0367",
        0,
        0.0
      ]
    ],
    "S39": [
      [
        "PAT_0353",
        0,
        0.0
      ],
      [
        "PAT_0353",
        0,
        909.3863
      ],
      [
        "PAT_0393",
        0,
        1818.7726
      ]
    ],
    "S12": [
      [
        "PAT_0367",
        0,
        513.1192
      ]
    ],
    "S22": [
      [
        "PAT_0367",
        0,
        0.0
      ]
    ],
    "S6": [
      [
        "PAT_0360",
        0,
        909.3863
      ]
    ],
    "S42": [
      [
        "PAT_0385",
        0,
        909.3863
      ]
    ],
    "S20": [
      [
        "PAT_0411",
        0,
        0.0
      ],
      [
        "PAT_0195",
        0,
        4171.8347
      ]
    ],
    "S3": [
      [
        "PAT_0356",
        0,
        0.0
      ]
    ],
    "S52": [
      [
        "PAT_0385",
        0,
        909.3863
      ],
      [
        "PAT_0130",
        2,
        5081.2210000000005
      ]
    ],
    "S46": [
      [
        "PAT_0393",
        0,
        740.2954
      ]
    ],
    "S49": [
      [
        "PAT_0375",
        0,
        2016.1587
      ]
    ],
    "S32": [
      [
        "PAT_0181",
        0,
        0.0
      ],
      [
        "PAT_0375",
        0,
        1773.2483
      ]
    ],
    "S56": [
      [
        "PAT_0402",
        0,
        0.0
      ]
    ],
    "S10": [
      [
        "PAT_0270",
        0,
        0.0
      ],
      [
        "PAT_0107",
        1,
        1359.6993
      ],
      [
        "PAT_0009",
        1,
        2724.6012
      ],
      [
        "PAT_0010",
        1,
        3633.9875
      ]
    ],
    "S43": [
      [
        "PAT_0013",
        0,
        0.0
      ],
      [
        "PAT_0375",
        0,
        2274.2671
      ]
    ],
    "S50": [
      [
        "PAT_0356",
        0,
        0.0
      ]
    ],
    "S16": [
      [
        "PAT_0209",
        0,
        0.0
      ],
      [
        "PAT_0393",
        0,
        909.3863
      ]
    ],
    "S54": [
      [
        "PAT_0328",
        0,
        0.0
      ],
      [
        "PAT_0359",
        0,
        909.3863
      ]
    ],
    "S38": [
      [
        "PAT_0410",
        0,
        1620.2511
      ]
    ],
    "S19": [
      [
        "PAT_0227",
        0,
        0.0
      ],
      [
        "PAT_0379",
        0,
        1169.5240999999996
      ]
    ],
    "S57": [
      [
        "PAT_0010",
        1,
        2517.766
      ]
    ],
    "S14": [
      [
        "PAT_0346",
        0,
        0.0
      ],
      [
        "PAT_0354",
        1,
        3780.1064
      ],
      [
        "PAT_0354",
        1,
        4689.4927
      ],
      [
        "PAT_0354",
        1,
        5598.879
      ]
    ]
  }
}