{
  "instance": "SYN_SWEEP3_LENRATIO_LONG_005",
  "method": "VNS_SA",
  "start_method": "multistart",
  "time_limit": 60.0,
  "cost": 6540.2752,
  "is_feasible": true,
  "unmet": {},
  "overprod": {
    "P5": 3,
    "P8": 2,
    "P9": 1
  },
  "elapsed_sec": 17.59,
  "active": {
    "S4": [
      [
        "PAT_0267",
        0,
        0.0
      ],
      [
        "PAT_0245",
        0,
        8315.5135
      ],
      [
        "PAT_0245",
        0,
        12761.1309
      ],
      [
        "PAT_0245",
        0,
        17206.7483
      ]
    ],
    "S44": [
      [
        "PAT_0149",
        0,
        0.0
      ],
      [
        "PAT_0149",
        0,
        3490.5441
      ],
      [
        "PAT_0032",
        1,
        8299.341
      ],
      [
        "PAT_0078",
        1,
        9934.9572
      ],
      [
        "PAT_0097",
        1,
        14745.713
      ],
      [
        "PAT_0030",
        0,
        18236.2571
      ]
    ],
    "S23": [
      [
        "PAT_0120",
        0,
        0.0
      ],
      [
        "PAT_0120",
        0,
        3490.5441
      ],
      [
        "PAT_0120",
        0,
        6981.0882
      ],
      [
        "PAT_0173",
        1,
        12505.529
      ],
      [
        "PAT_0204",
        1,
        15996.073100000001
      ]
    ],
    "S35": [
      [
        "PAT_0024",
        0,
        0.0
      ],
      [
        "PAT_0005",
        0,
        5421.4922
      ],
      [
        "PAT_0005",
        0,
        9240.1444
      ],
      [
        "PAT_0005",
        0,
        13058.7966
      ]
    ],
    "S25": [
      [
        "PAT_0268",
        0,
        0.0
      ],
      [
        "PAT_0268",
        0,
        3690.8516
      ],
      [
        "PAT_0268",
        1,
        10802.8931
      ]
    ],
    "S47": [
      [
        "PAT_0035",
        0,
        0.0
      ],
      [
        "PAT_0074",
        0,
        2917.9832
      ],
      [
        "PAT_0074",
        0,
        7147.503500000001
      ],
      [
        "PAT_0074",
        0,
        11377.0238
      ]
    ]
  }
}