{
  "instance": "SYN_SWEEP3_LENRATIO_LONG_023",
  "method": "ILS_SA",
  "start_method": "greedy",
  "time_limit": 60.0,
  "cost": 8024.3217,
  "is_feasible": true,
  "unmet": {},
  "overprod": {
    "P6": 2,
    "P9": 1,
    "P10": 1
  },
  "elapsed_sec": 60.03,
  "active": {
    "S46": [
      [
        "PAT_3156",
        0,
        0.0
      ],
      [
        "PAT_3156",
        0,
        3068.4084
      ],
      [
        "PAT_3156",
        0,
        6136.8168
      ],
      [
        "PAT_3156",
        0,
        9205.225199999999
      ],
      [
        "PAT_3156",
        0,
        12273.6336
      ]
    ],
    "S49": [
      [
        "PAT_3278",
        0,
        0.0
      ],
      [
        "PAT_3278",
        0,
        3068.4084
      ],
      [
        "PAT_3278",
        0,
        6136.8168
      ],
      [
        "PAT_1186",
        1,
        9205.225199999999
      ],
      [
        "PAT_0857",
        0,
        13003.5745
      ]
    ],
    "S4": [
      [
        "PAT_0581",
        0,
        0.0
      ],
      [
        "PAT_1170",
        0,
        5082.233700000001
      ],
      [
        "PAT_1170",
        0,
        8150.642100000001
      ],
      [
        "PAT_1170",
        0,
        11219.050500000001
      ],
      [
        "PAT_1170",
        0,
        14287.458900000001
      ]
    ],
    "S14": [
      [
        "PAT_0207",
        0,
        0.0
      ],
      [
        "PAT_0207",
        0,
        3928.1866
      ],
      [
        "PAT_0207",
        0,
        5892.2798999999995
      ],
      [
        "PAT_0207",
        0,
        7856.3732
      ],
      [
        "PAT_0412",
        1,
        12548.985
      ]
    ],
    "S45": [
      [
        "PAT_0715",
        0,
        5453.7126
      ],
      [
        "PAT_0715",
        0,
        8998.659899999999
      ],
      [
        "PAT_0715",
        0,
        12543.607199999999
      ],
      [
        "PAT_0715",
        0,
        16088.554499999998
      ]
    ],
    "S37": [
      [
        "PAT_3001",
        1,
        7206.2253
      ],
      [
        "PAT_3001",
        1,
        10274.6337
      ]
    ],
    "S5": [
      [
        "PAT_1085",
        0,
        0.0
      ],
      [
        "PAT_1085",
        0,
        3544.9473
      ],
      [
        "PAT_1085",
        0,
        7089.8946
      ],
      [
        "PAT_0348",
        0,
        10634.8419
      ],
      [
        "PAT_2450",
        1,
        13449.3803
      ]
    ],
    "S29": [
      [
        "PAT_2933",
        0,
        0.0
      ],
      [
        "PAT_0412",
        0,
        3068.4084
      ],
      [
        "PAT_0412",
        0,
        6613.3557
      ],
      [
        "PAT_0412",
        0,
        10158.303
      ],
      [
        "PAT_0412",
        0,
        13703.2503
      ],
      [
        "PAT_1670",
        0,
        17248.1976
      ]
    ]
  }
}