{
  "instance": "SYN_SWEEP3_LENRATIO_LONG_004",
  "method": "SD",
  "start_method": "greedy",
  "time_limit": 60.0,
  "cost": 5781.5306,
  "is_feasible": true,
  "unmet": {},
  "overprod": {
    "P3": 1,
    "P4": 1,
    "P5": 1
  },
  "elapsed_sec": 1.61,
  "active": {
    "S14": [
      [
        "PAT_0044",
        0,
        3478.983
      ],
      [
        "PAT_0044",
        0,
        6562.0814
      ],
      [
        "PAT_0044",
        0,
        9645.1798
      ],
      [
        "PAT_0044",
        0,
        12728.2782
      ],
      [
        "PAT_0044",
        0,
        15811.3766
      ],
      [
        "PAT_0009",
        0,
        18894.475
      ],
      [
        "PAT_0009",
        0,
        20983.817
      ]
    ],
    "S1": [
      [
        "PAT_0079",
        0,
        0.0
      ],
      [
        "PAT_0010",
        1,
        13672.8195
      ],
      [
        "PAT_0010",
        1,
        15762.1615
      ],
      [
        "PAT_0010",
        1,
        17851.5035
      ]
    ],
    "S21": [
      [
        "PAT_0193",
        0,
        0.0
      ],
      [
        "PAT_0193",
        0,
        2739.7461
      ],
      [
        "PAT_0193",
        0,
        5479.4922
      ],
      [
        "PAT_0193",
        0,
        8219.238299999999
      ],
      [
        "PAT_0193",
        0,
        10958.9844
      ],
      [
        "PAT_0295",
        1,
        13698.7305
      ],
      [
        "PAT_0295",
        1,
        16438.476599999998
      ]
    ],
    "S37": [
      [
        "PAT_0289",
        0,
        0.0
      ],
      [
        "PAT_0289",
        0,
        2739.7461
      ],
      [
        "PAT_0289",
        0,
        5479.4922
      ],
      [
        "PAT_0289",
        0,
        8219.238299999999
      ],
      [
        "PAT_0289",
        0,
        10958.9844
      ],
      [
        "PAT_0289",
        0,
        13698.7305
      ],
      [
        "PAT_0289",
        0,
        16438.476599999998
      ]
    ],
    "S6": [
      [
        "PAT_0016",
        0,
        0.0
      ],
      [
        "PAT_0016",
        0,
        2089.342
      ],
      [
        "PAT_0016",
        0,
        4178.684
      ],
      [
        "PAT_0326",
        0,
        6268.026
      ],
      [
        "PAT_0326",
        0,
        8466.6862
      ],
      [
        "PAT_0326",
        0,
        10665.3464
      ],
      [
        "PAT_0326",
        0,
        12864.0066
      ],
      [
        "PAT_0027",
        0,
        15062.6668
      ],
      [
        "PAT_0306",
        0,
        18145.7652
      ]
    ]
  }
}