{
  "instance": "SYN_SWEEP3_LENRATIO_LONG_020",
  "method": "SD",
  "start_method": "greedy",
  "time_limit": 60.0,
  "cost": 8091.345,
  "is_feasible": true,
  "unmet": {},
  "overprod": {
    "P5": 1,
    "P6": 3,
    "P7": 1,
    "P14": 1
  },
  "elapsed_sec": 60.02,
  "active": {
    "S34": [
      [
        "PAT_6084",
        0,
        0.0
      ],
      [
        "PAT_6084",
        0,
        2559.7395
      ],
      [
        "PAT_6084",
        0,
        5119.479
      ],
      [
        "PAT_6144",
        0,
        7679.218500000001
      ]
    ],
    "S4": [
      [
        "PAT_5427",
        0,
        2462.3669
      ],
      [
        "PAT_5427",
        0,
        5199.1366
      ],
      [
        "PAT_5427",
        0,
        7935.9063
      ]
    ],
    "S1": [
      [
        "PAT_7193",
        0,
        2933.2721
      ],
      [
        "PAT_7193",
        0,
        4402.2913
      ],
      [
        "PAT_7193",
        0,
        5871.3105
      ],
      [
        "PAT_7193",
        0,
        7340.329699999999
      ],
      [
        "PAT_7193",
        0,
        8809.348899999999
      ]
    ],
    "S30": [
      [
        "PAT_9114",
        0,
        0.0
      ],
      [
        "PAT_9114",
        0,
        1469.0192
      ],
      [
        "PAT_9114",
        0,
        2938.0384
      ],
      [
        "PAT_9114",
        0,
        4407.0576
      ],
      [
        "PAT_6014",
        0,
        5876.0768
      ],
      [
        "PAT_8019",
        1,
        8435.8163
      ]
    ],
    "S12": [
      [
        "PAT_4673",
        0,
        0.0
      ],
      [
        "PAT_8841",
        2,
        3418.1336
      ],
      [
        "PAT_8841",
        2,
        4887.1528
      ],
      [
        "PAT_8841",
        2,
        6356.172
      ],
      [
        "PAT_8841",
        2,
        7825.191199999999
      ],
      [
        "PAT_8841",
        2,
        9294.2104
      ]
    ],
    "S5": [
      [
        "PAT_0054",
        0,
        2773.5275
      ],
      [
        "PAT_0054",
        0,
        5510.2972
      ]
    ],
    "S27": [
      [
        "PAT_8967",
        0,
        1960.671
      ],
      [
        "PAT_8967",
        0,
        3429.6902
      ],
      [
        "PAT_8967",
        0,
        4898.7094
      ],
      [
        "PAT_1636",
        0,
        6367.7285999999995
      ]
    ],
    "S16": [
      [
        "PAT_0060",
        0,
        0.0
      ],
      [
        "PAT_0060",
        0,
        2736.7697
      ],
      [
        "PAT_0059",
        1,
        6598.8913
      ]
    ],
    "S10": [
      [
        "PAT_5959",
        0,
        0.0
      ],
      [
        "PAT_5959",
        0,
        2736.7697
      ],
      [
        "PAT_5959",
        0,
        5473.5394
      ],
      [
        "PAT_5959",
        0,
        8210.309099999999
      ]
    ],
    "S28": [
      [
        "PAT_0027",
        0,
        3241.365
      ],
      [
        "PAT_0027",
        0,
        5978.1347
      ]
    ],
    "S2": [
      [
        "PAT_4673",
        0,
        0.0
      ],
      [
        "PAT_4673",
        0,
        2736.7697
      ],
      [
        "PAT_0026",
        0,
        5473.5394
      ],
      [
        "PAT_6149",
        0,
        8210.309099999999
      ]
    ]
  }
}