{
  "instance": "SYN_SWEEP3_LENRATIO_LONG_028",
  "method": "VNS_SA",
  "start_method": "multistart",
  "time_limit": 60.0,
  "cost": 4161.3438,
  "is_feasible": true,
  "unmet": {},
  "overprod": {
    "P4": 3,
    "P7": 4,
    "P8": 1
  },
  "elapsed_sec": 6.78,
  "active": {
    "S32": [
      [
        "PAT_0109",
        0,
        0.0
      ],
      [
        "PAT_0109",
        0,
        4293.1368
      ],
      [
        "PAT_0109",
        0,
        8604.4953
      ],
      [
        "PAT_0031",
        1,
        14569.9766
      ],
      [
        "PAT_0032",
        2,
        17153.2241
      ],
      [
        "PAT_0170",
        1,
        19736.4716
      ],
      [
        "PAT_0041",
        2,
        23585.5571
      ]
    ],
    "S31": [
      [
        "PAT_0129",
        1,
        3372.1721
      ],
      [
        "PAT_0129",
        1,
        5297.1041
      ],
      [
        "PAT_0129",
        1,
        7222.036099999999
      ],
      [
        "PAT_0170",
        0,
        9146.9681
      ],
      [
        "PAT_0170",
        1,
        13511.5748
      ],
      [
        "PAT_0033",
        1,
        16585.4626
      ],
      [
        "PAT_0033",
        1,
        19168.7101
      ],
      [
        "PAT_0029",
        1,
        21751.9576
      ]
    ],
    "S16": [
      [
        "PAT_0137",
        0,
        0.0
      ],
      [
        "PAT_0137",
        0,
        1924.932
      ],
      [
        "PAT_0040",
        0,
        3849.864
      ],
      [
        "PAT_0122",
        1,
        7469.0875
      ],
      [
        "PAT_0122",
        1,
        11318.172999999999
      ],
      [
        "PAT_0029",
        1,
        15167.2585
      ]
    ]
  }
}