{
  "instance": "SYN_SWEEP3_LENRATIO_LONG_006",
  "method": "SD",
  "start_method": "multistart",
  "time_limit": 60.0,
  "cost": 11183.7641,
  "is_feasible": true,
  "unmet": {},
  "overprod": {
    "P4": 1,
    "P5": 1,
    "P6": 2
  },
  "elapsed_sec": 60.01,
  "active": {
    "S44": [
      [
        "PAT_1303",
        0,
        0.0
      ],
      [
        "PAT_1303",
        0,
        2731.8502
      ],
      [
        "PAT_1303",
        0,
        5463.7004
      ],
      [
        "PAT_1303",
        0,
        8195.550599999999
      ],
      [
        "PAT_1303",
        0,
        10927.4008
      ],
      [
        "PAT_1303",
        0,
        13659.251
      ],
      [
        "PAT_1243",
        0,
        16391.1012
      ],
      [
        "PAT_1243",
        0,
        19122.9514
      ]
    ],
    "S27": [
      [
        "PAT_0033",
        1,
        4927.7018
      ],
      [
        "PAT_0033",
        1,
        6775.6596
      ],
      [
        "PAT_0033",
        1,
        8623.6174
      ],
      [
        "PAT_0033",
        1,
        10471.5752
      ],
      [
        "PAT_0033",
        1,
        12319.533
      ],
      [
        "PAT_1281",
        0,
        14167.4908
      ],
      [
        "PAT_1281",
        0,
        16899.341
      ]
    ],
    "S31": [
      [
        "PAT_1209",
        0,
        0.0
      ],
      [
        "PAT_1211",
        0,
        3754.379799999999
      ],
      [
        "PAT_1211",
        0,
        7307.384699999999
      ],
      [
        "PAT_1211",
        0,
        10860.389599999999
      ],
      [
        "PAT_1211",
        0,
        14413.394499999999
      ],
      [
        "PAT_1210",
        0,
        17969.4576
      ]
    ],
    "S14": [
      [
        "PAT_0014",
        1,
        10746.431199999999
      ],
      [
        "PAT_0014",
        1,
        12594.389
      ]
    ],
    "S20": [
      [
        "PAT_0190",
        0,
        0.0
      ],
      [
        "PAT_0190",
        0,
        1847.9578
      ],
      [
        "PAT_0190",
        0,
        3695.9156
      ],
      [
        "PAT_0675",
        0,
        5543.8733999999995
      ],
      [
        "PAT_0354",
        0,
        10478.3577
      ]
    ],
    "S30": [
      [
        "PAT_0803",
        0,
        6094.3783
      ],
      [
        "PAT_0803",
        0,
        11028.8626
      ],
      [
        "PAT_0803",
        0,
        15963.3469
      ],
      [
        "PAT_0166",
        2,
        20897.8312
      ]
    ],
    "S40": [
      [
        "PAT_0029",
        0,
        0.0
      ],
      [
        "PAT_0029",
        0,
        1847.9578
      ],
      [
        "PAT_0029",
        0,
        3695.9156
      ],
      [
        "PAT_0029",
        0,
        5543.8733999999995
      ],
      [
        "PAT_1032",
        1,
        13304.216799999998
      ],
      [
        "PAT_1032",
        1,
        18238.7011
      ]
    ],
    "S6": [
      [
        "PAT_1032",
        1,
        8783.0485
      ],
      [
        "PAT_1032",
        1,
        13717.5328
      ]
    ],
    "S34": [
      [
        "PAT_0342",
        0,
        2107.7795
      ],
      [
        "PAT_0342",
        0,
        7042.263800000001
      ],
      [
        "PAT_0537",
        0,
        11976.7481
      ]
    ],
    "S28": [
      [
        "PAT_1370",
        0,
        0.0
      ],
      [
        "PAT_0337",
        1,
        8355.7164
      ],
      [
        "PAT_0337",
        1,
        13290.2007
      ]
    ],
    "S38": [
      [
        "PAT_0337",
        0,
        0.0
      ],
      [
        "PAT_0337",
        0,
        4934.4843
      ],
      [
        "PAT_1223",
        0,
        9868.9686
      ],
      [
        "PAT_0336",
        0,
        12600.818800000001
      ]
    ]
  }
}