{
  "instance": "SYN_SWEEP3_LENRATIO_LONG_014",
  "method": "GRASP_SA",
  "start_method": "none",
  "time_limit": 60.0,
  "cost": 5694.387,
  "is_feasible": true,
  "unmet": {},
  "overprod": {
    "P6": 1,
    "P9": 1,
    "P10": 1
  },
  "elapsed_sec": 60.03,
  "active": {
    "S10": [
      [
        "PAT_0343",
        0,
        0.0
      ],
      [
        "PAT_0075",
        0,
        2833.885
      ],
      [
        "PAT_0075",
        0,
        5764.083500000001
      ],
      [
        "PAT_0174",
        1,
        14611.4903
      ],
      [
        "PAT_0021",
        1,
        17541.6888
      ]
    ],
    "S20": [
      [
        "PAT_0347",
        0,
        0.0
      ],
      [
        "PAT_0256",
        0,
        3434.682100000001
      ],
      [
        "PAT_0282",
        0,
        7030.107100000001
      ],
      [
        "PAT_0325",
        1,
        9230.6864
      ],
      [
        "PAT_0253",
        1,
        12064.5714
      ],
      [
        "PAT_0029",
        1,
        15709.456300000002
      ]
    ],
    "S25": [
      [
        "PAT_0293",
        0,
        0.0
      ],
      [
        "PAT_0022",
        0,
        2200.5793
      ],
      [
        "PAT_0041",
        1,
        6744.894700000001
      ],
      [
        "PAT_0033",
        1,
        11289.2101
      ]
    ],
    "S27": [
      [
        "PAT_0287",
        0,
        0.0
      ],
      [
        "PAT_0041",
        0,
        2200.5793
      ],
      [
        "PAT_0041",
        0,
        6744.894700000001
      ]
    ],
    "S7": [
      [
        "PAT_0015",
        0,
        0.0
      ],
      [
        "PAT_0101",
        0,
        3085.1559
      ],
      [
        "PAT_0101",
        0,
        6015.3544
      ],
      [
        "PAT_0101",
        0,
        8945.5529
      ],
      [
        "PAT_0313",
        0,
        11875.751400000001
      ],
      [
        "PAT_0348",
        0,
        14076.3307
      ]
    ]
  }
}