{
  "instance": "SYN_SWEEP3_LENRATIO_LONG_003",
  "method": "VNS_SA",
  "start_method": "multistart",
  "time_limit": 60.0,
  "cost": 5657.2581,
  "is_feasible": true,
  "unmet": {},
  "overprod": {
    "P3": 3,
    "P7": 1,
    "P8": 5,
    "P9": 1
  },
  "elapsed_sec": 20.45,
  "active": {
    "S2": [
      [
        "PAT_0163",
        0,
        0.0
      ],
      [
        "PAT_0255",
        1,
        6167.8946
      ],
      [
        "PAT_0255",
        1,
        8126.5401
      ],
      [
        "PAT_0005",
        1,
        11631.0862
      ]
    ],
    "S45": [
      [
        "PAT_0005",
        0,
        0.0
      ],
      [
        "PAT_0249",
        1,
        7195.384
      ],
      [
        "PAT_0047",
        1,
        9154.0295
      ],
      [
        "PAT_0010",
        1,
        14102.1098
      ],
      [
        "PAT_0005",
        1,
        18418.6825
      ]
    ],
    "S25": [
      [
        "PAT_0010",
        0,
        2878.477
      ],
      [
        "PAT_0313",
        1,
        7039.7067
      ],
      [
        "PAT_0317",
        0,
        14034.6531
      ]
    ],
    "S34": [
      [
        "PAT_0330",
        0,
        0.0
      ],
      [
        "PAT_0330",
        0,
        3249.4921
      ],
      [
        "PAT_0323",
        0,
        6498.9842
      ],
      [
        "PAT_0323",
        0,
        10131.744200000001
      ],
      [
        "PAT_0323",
        1,
        17397.2642
      ]
    ],
    "S3": [
      [
        "PAT_0226",
        0,
        0.0
      ],
      [
        "PAT_0226",
        0,
        3513.212
      ],
      [
        "PAT_0313",
        0,
        7026.424
      ],
      [
        "PAT_0330",
        1,
        11910.5518
      ],
      [
        "PAT_0212",
        1,
        15160.043899999999
      ],
      [
        "PAT_0255",
        1,
        18673.2559
      ]
    ]
  }
}