{
  "instance": "SYN_SWEEP3_LENRATIO_LONG_019",
  "method": "TS",
  "start_method": "greedy",
  "time_limit": 60.0,
  "cost": 7253.4549,
  "is_feasible": true,
  "unmet": {},
  "overprod": {
    "P4": 1,
    "P7": 2,
    "P8": 1
  },
  "elapsed_sec": 60.0,
  "active": {
    "S2": [
      [
        "PAT_0403",
        0,
        0.0
      ],
      [
        "PAT_0738",
        0,
        2933.4365
      ],
      [
        "PAT_0768",
        2,
        7985.5084
      ],
      [
        "PAT_0768",
        2,
        9761.366
      ],
      [
        "PAT_0780",
        1,
        11537.2236
      ]
    ],
    "S17": [
      [
        "PAT_0758",
        0,
        4090.655400000001
      ],
      [
        "PAT_0758",
        0,
        7537.470000000001
      ],
      [
        "PAT_0758",
        0,
        10984.2846
      ]
    ],
    "S51": [
      [
        "PAT_0752",
        0,
        0.0
      ],
      [
        "PAT_0752",
        0,
        2968.5983
      ],
      [
        "PAT_0752",
        0,
        5937.1966
      ],
      [
        "PAT_0752",
        0,
        8905.7949
      ],
      [
        "PAT_0752",
        0,
        11874.3932
      ]
    ],
    "S28": [
      [
        "PAT_0777",
        0,
        4350.3543
      ],
      [
        "PAT_0777",
        0,
        6720.5635999999995
      ],
      [
        "PAT_0777",
        0,
        9090.7729
      ],
      [
        "PAT_0777",
        0,
        11460.9822
      ]
    ],
    "S38": [
      [
        "PAT_0788",
        0,
        0.0
      ],
      [
        "PAT_0788",
        0,
        2370.2093
      ],
      [
        "PAT_0788",
        0,
        4740.4186
      ],
      [
        "PAT_0788",
        0,
        7110.6278999999995
      ],
      [
        "PAT_0788",
        1,
        11777.131
      ]
    ],
    "S26": [
      [
        "PAT_0791",
        0,
        0.0
      ],
      [
        "PAT_0791",
        0,
        2370.2093
      ],
      [
        "PAT_0791",
        0,
        4740.4186
      ],
      [
        "PAT_0793",
        0,
        7110.6278999999995
      ],
      [
        "PAT_0791",
        1,
        11847.406
      ]
    ],
    "S52": [
      [
        "PAT_0250",
        1,
        6702.3801
      ],
      [
        "PAT_0250",
        1,
        9635.8166
      ],
      [
        "PAT_0250",
        1,
        12569.2531
      ]
    ],
    "S18": [
      [
        "PAT_0206",
        0,
        0.0
      ],
      [
        "PAT_0206",
        0,
        2933.4365
      ],
      [
        "PAT_0206",
        0,
        5866.873
      ]
    ],
    "S5": [
      [
        "PAT_0740",
        1,
        7290.1908
      ],
      [
        "PAT_0740",
        1,
        10258.7891
      ],
      [
        "PAT_0740",
        1,
        13227.3874
      ]
    ]
  }
}