{
  "instance": "SYN_SWEEP3_LENRATIO_LONG_002",
  "method": "SA",
  "start_method": "multistart",
  "time_limit": 60.0,
  "cost": 5675.3855,
  "is_feasible": true,
  "unmet": {},
  "overprod": {
    "P3": 1,
    "P5": 1,
    "P6": 1,
    "P7": 2
  },
  "elapsed_sec": 60.02,
  "active": {
    "S43": [
      [
        "PAT_1485",
        0,
        2822.4929
      ],
      [
        "PAT_0039",
        0,
        6058.2699
      ],
      [
        "PAT_1602",
        0,
        7909.0861
      ],
      [
        "PAT_0864",
        1,
        12995.6793
      ],
      [
        "PAT_0754",
        1,
        14846.495499999999
      ],
      [
        "PAT_0146",
        1,
        16697.3117
      ]
    ],
    "S4": [
      [
        "PAT_1678",
        0,
        0.0
      ],
      [
        "PAT_0816",
        1,
        13699.621
      ],
      [
        "PAT_1892",
        1,
        15550.437199999998
      ]
    ],
    "S45": [
      [
        "PAT_0920",
        0,
        0.0
      ],
      [
        "PAT_1453",
        0,
        1998.4918
      ],
      [
        "PAT_0370",
        0,
        6090.7297
      ],
      [
        "PAT_0370",
        0,
        7941.5459
      ],
      [
        "PAT_0370",
        0,
        9792.3621
      ],
      [
        "PAT_0842",
        1,
        13073.1148
      ],
      [
        "PAT_0967",
        1,
        14923.930999999999
      ],
      [
        "PAT_0967",
        1,
        16774.747199999998
      ]
    ],
    "S44": [
      [
        "PAT_0038",
        0,
        0.0
      ],
      [
        "PAT_1605",
        0,
        3669.8176000000003
      ],
      [
        "PAT_1841",
        1,
        6905.5946
      ],
      [
        "PAT_0756",
        1,
        11168.2614
      ],
      [
        "PAT_1679",
        2,
        13472.6207
      ]
    ],
    "S31": [
      [
        "PAT_1878",
        0,
        0.0
      ],
      [
        "PAT_0576",
        0,
        4262.6668
      ],
      [
        "PAT_0576",
        0,
        6113.483
      ],
      [
        "PAT_1849",
        0,
        7964.2992
      ],
      [
        "PAT_0042",
        1,
        15163.6824
      ]
    ]
  }
}