{
  "instance": "SYN_SWEEP3_LENRATIO_LONG_014",
  "method": "ILS_SA",
  "start_method": "greedy",
  "time_limit": 60.0,
  "cost": 5994.7752,
  "is_feasible": true,
  "unmet": {},
  "overprod": {
    "P4": 1,
    "P5": 1,
    "P6": 2
  },
  "elapsed_sec": 60.02,
  "active": {
    "S10": [
      [
        "PAT_0329",
        0,
        0.0
      ],
      [
        "PAT_0035",
        0,
        2833.885
      ],
      [
        "PAT_0220",
        0,
        7378.200400000001
      ],
      [
        "PAT_0273",
        1,
        10752.099
      ],
      [
        "PAT_0044",
        1,
        13306.0884
      ],
      [
        "PAT_0135",
        2,
        18636.6111
      ]
    ],
    "S20": [
      [
        "PAT_0093",
        0,
        0.0
      ],
      [
        "PAT_0336",
        0,
        3562.9164
      ],
      [
        "PAT_0336",
        0,
        6396.8014
      ],
      [
        "PAT_0284",
        0,
        9230.6864
      ],
      [
        "PAT_0348",
        1,
        12875.571300000001
      ],
      [
        "PAT_0028",
        1,
        15709.456300000002
      ]
    ],
    "S25": [
      [
        "PAT_0281",
        0,
        0.0
      ],
      [
        "PAT_0219",
        0,
        2265.7238
      ],
      [
        "PAT_0181",
        0,
        5195.9223
      ],
      [
        "PAT_0166",
        1,
        9106.304999999998
      ],
      [
        "PAT_0028",
        1,
        12036.503499999999
      ]
    ],
    "S7": [
      [
        "PAT_0313",
        0,
        0.0
      ],
      [
        "PAT_0015",
        0,
        2200.5793
      ],
      [
        "PAT_0255",
        0,
        5285.7352
      ],
      [
        "PAT_0255",
        0,
        8881.1602
      ],
      [
        "PAT_0035",
        0,
        12476.585200000001
      ]
    ],
    "S14": [
      [
        "PAT_0298",
        0,
        0.0
      ],
      [
        "PAT_0034",
        0,
        10006.4731
      ],
      [
        "PAT_0180",
        1,
        14550.788499999999
      ],
      [
        "PAT_0180",
        1,
        17480.986999999997
      ]
    ]
  }
}