{
  "instance": "SYN_SWEEP3_LENRATIO_LONG_011",
  "method": "SD",
  "start_method": "greedy",
  "time_limit": 60.0,
  "cost": 13146.1292,
  "is_feasible": true,
  "unmet": {},
  "overprod": {
    "P2": 2,
    "P3": 1,
    "P7": 1
  },
  "elapsed_sec": 37.34,
  "active": {
    "S43": [
      [
        "PAT_0021",
        0,
        0.0
      ],
      [
        "PAT_0128",
        0,
        3061.1117000000004
      ],
      [
        "PAT_0033",
        0,
        6493.5002
      ],
      [
        "PAT_0033",
        0,
        9392.4164
      ]
    ],
    "S45": [
      [
        "PAT_0057",
        0,
        0.0
      ],
      [
        "PAT_0057",
        0,
        3481.7617
      ],
      [
        "PAT_0057",
        0,
        6963.5234
      ],
      [
        "PAT_0017",
        0,
        10445.285100000001
      ]
    ],
    "S11": [
      [
        "PAT_0535",
        0,
        0.0
      ],
      [
        "PAT_0535",
        0,
        3424.0374
      ],
      [
        "PAT_0533",
        0,
        6848.0748
      ],
      [
        "PAT_0517",
        0,
        10272.1122
      ]
    ],
    "S32": [
      [
        "PAT_0003",
        0,
        0.0
      ],
      [
        "PAT_0003",
        0,
        5111.8684
      ],
      [
        "PAT_0003",
        0,
        10223.7368
      ]
    ],
    "S2": [
      [
        "PAT_0020",
        0,
        0.0
      ],
      [
        "PAT_0020",
        0,
        2898.9162
      ],
      [
        "PAT_0532",
        0,
        9221.8698
      ]
    ],
    "S20": [
      [
        "PAT_0048",
        0,
        0.0
      ],
      [
        "PAT_0123",
        0,
        3481.7617
      ],
      [
        "PAT_0502",
        1,
        9662.3132
      ]
    ],
    "S19": [
      [
        "PAT_0344",
        0,
        0.0
      ],
      [
        "PAT_0344",
        0,
        3432.3885
      ],
      [
        "PAT_0344",
        0,
        6864.777
      ],
      [
        "PAT_0393",
        0,
        10297.1655
      ]
    ],
    "S41": [
      [
        "PAT_0115",
        0,
        1668.3034
      ],
      [
        "PAT_0115",
        0,
        5100.6919
      ],
      [
        "PAT_0115",
        0,
        8533.080399999999
      ]
    ],
    "S22": [
      [
        "PAT_0115",
        0,
        0.0
      ],
      [
        "PAT_0115",
        0,
        3432.3885
      ]
    ],
    "S14": [
      [
        "PAT_0128",
        0,
        7325.6542
      ],
      [
        "PAT_0128",
        0,
        10758.0427
      ]
    ],
    "S6": [
      [
        "PAT_0127",
        0,
        2781.9177
      ],
      [
        "PAT_0127",
        0,
        6214.3062
      ],
      [
        "PAT_0127",
        0,
        9646.6947
      ],
      [
        "PAT_0127",
        0,
        13079.083200000001
      ]
    ],
    "S27": [
      [
        "PAT_0127",
        0,
        0.0
      ],
      [
        "PAT_0127",
        0,
        3432.3885
      ],
      [
        "PAT_0127",
        0,
        6864.777
      ],
      [
        "PAT_0127",
        0,
        10297.1655
      ]
    ],
    "S7": [
      [
        "PAT_0544",
        0,
        0.0
      ],
      [
        "PAT_0544",
        0,
        3424.0374
      ],
      [
        "PAT_0530",
        1,
        8939.3329
      ],
      [
        "PAT_0530",
        1,
        12363.370299999999
      ]
    ],
    "S10": [
      [
        "PAT_0529",
        0,
        0.0
      ],
      [
        "PAT_0003",
        0,
        3793.8558999999996
      ],
      [
        "PAT_0003",
        1,
        11426.2654
      ]
    ],
    "S34": [
      [
        "PAT_0259",
        0,
        0.0
      ],
      [
        "PAT_0240",
        0,
        3432.3885
      ]
    ],
    "S25": [
      [
        "PAT_0133",
        0,
        0.0
      ],
      [
        "PAT_0133",
        0,
        3432.3885
      ],
      [
        "PAT_0036",
        0,
        6864.777
      ]
    ]
  }
}