{
  "instance": "SYN_SWEEP3_LENRATIO_LONG_001",
  "method": "SA",
  "start_method": "multistart",
  "time_limit": 60.0,
  "cost": 6121.8846,
  "is_feasible": true,
  "unmet": {},
  "overprod": {
    "P4": 2,
    "P7": 1,
    "P10": 1
  },
  "elapsed_sec": 60.04,
  "active": {
    "S26": [
      [
        "PAT_0875",
        0,
        0.0
      ],
      [
        "PAT_0895",
        0,
        1909.5472
      ],
      [
        "PAT_0878",
        0,
        3459.3460999999998
      ],
      [
        "PAT_0826",
        0,
        5368.8933
      ],
      [
        "PAT_0875",
        0,
        7278.4405
      ],
      [
        "PAT_0321",
        0,
        9346.982
      ],
      [
        "PAT_0321",
        0,
        12731.9548
      ],
      [
        "PAT_0384",
        0,
        16116.927599999999
      ],
      [
        "PAT_0883",
        1,
        22001.9004
      ]
    ],
    "S8": [
      [
        "PAT_0163",
        0,
        0.0
      ],
      [
        "PAT_0730",
        0,
        4793.8527
      ],
      [
        "PAT_0447",
        0,
        6777.341099999998
      ],
      [
        "PAT_0447",
        0,
        10162.313899999997
      ],
      [
        "PAT_0775",
        0,
        13547.286699999997
      ],
      [
        "PAT_0826",
        0,
        15456.833899999998
      ],
      [
        "PAT_0511",
        0,
        17366.3811
      ],
      [
        "PAT_0336",
        0,
        19275.9283
      ]
    ],
    "S5": [
      [
        "PAT_0635",
        0,
        0.0
      ],
      [
        "PAT_0635",
        0,
        1909.5472
      ],
      [
        "PAT_0024",
        0,
        3819.0944
      ],
      [
        "PAT_0024",
        0,
        7973.3094
      ],
      [
        "PAT_0018",
        0,
        12127.5244
      ],
      [
        "PAT_0596",
        1,
        16674.1508
      ]
    ],
    "S20": [
      [
        "PAT_0005",
        0,
        0.0
      ],
      [
        "PAT_0909",
        1,
        4447.1807
      ],
      [
        "PAT_0909",
        1,
        5996.9796
      ],
      [
        "PAT_0909",
        1,
        7546.778499999999
      ],
      [
        "PAT_0909",
        1,
        9096.5774
      ],
      [
        "PAT_0359",
        0,
        10646.3763
      ],
      [
        "PAT_0495",
        1,
        14031.3491
      ],
      [
        "PAT_0511",
        2,
        19088.8216
      ],
      [
        "PAT_0005",
        1,
        20998.3688
      ]
    ]
  }
}