{
  "instance": "SYN_SWEEP3_LENRATIO_LONG_023",
  "method": "ILS_SA",
  "start_method": "multistart",
  "time_limit": 60.0,
  "cost": 7672.6099,
  "is_feasible": true,
  "unmet": {},
  "overprod": {
    "P6": 2,
    "P9": 1,
    "P10": 1
  },
  "elapsed_sec": 60.84,
  "active": {
    "S5": [
      [
        "PAT_0548",
        0,
        0.0
      ],
      [
        "PAT_0548",
        0,
        4346.581400000001
      ],
      [
        "PAT_0548",
        0,
        7891.528700000001
      ],
      [
        "PAT_0455",
        1,
        13449.3803
      ],
      [
        "PAT_1587",
        1,
        17331.5069
      ]
    ],
    "S40": [
      [
        "PAT_0232",
        0,
        0.0
      ],
      [
        "PAT_0232",
        0,
        2007.9895999999999
      ],
      [
        "PAT_0232",
        0,
        3972.0829
      ],
      [
        "PAT_2999",
        0,
        5936.1762
      ],
      [
        "PAT_0653",
        1,
        9306.2123
      ]
    ],
    "S14": [
      [
        "PAT_1464",
        0,
        0.0
      ],
      [
        "PAT_0652",
        0,
        3544.9473
      ],
      [
        "PAT_0652",
        0,
        7089.8946
      ],
      [
        "PAT_0832",
        0,
        10634.8419
      ]
    ],
    "S29": [
      [
        "PAT_3295",
        0,
        0.0
      ],
      [
        "PAT_0412",
        0,
        3068.4084
      ],
      [
        "PAT_0412",
        0,
        6613.3557
      ],
      [
        "PAT_0412",
        0,
        10158.303
      ],
      [
        "PAT_0412",
        0,
        13703.2503
      ]
    ],
    "S46": [
      [
        "PAT_1734",
        0,
        0.0
      ],
      [
        "PAT_1734",
        0,
        3068.4084
      ],
      [
        "PAT_3099",
        0,
        6136.8168
      ],
      [
        "PAT_3099",
        0,
        9205.225199999999
      ],
      [
        "PAT_2873",
        1,
        12273.6336
      ]
    ],
    "S45": [
      [
        "PAT_0069",
        0,
        0.0
      ],
      [
        "PAT_1148",
        0,
        5453.7126
      ],
      [
        "PAT_1148",
        0,
        8522.121
      ],
      [
        "PAT_3179",
        0,
        11590.5294
      ],
      [
        "PAT_3179",
        0,
        14658.9378
      ],
      [
        "PAT_3179",
        0,
        17727.3462
      ]
    ],
    "S49": [
      [
        "PAT_1929",
        0,
        0.0
      ],
      [
        "PAT_0007",
        0,
        3068.4084
      ],
      [
        "PAT_1171",
        0,
        5032.5017
      ],
      [
        "PAT_1171",
        0,
        8100.910099999999
      ],
      [
        "PAT_0465",
        1,
        13003.5745
      ]
    ]
  }
}