{
  "instance": "SYN_SWEEP3_LENRATIO_LONG_027",
  "method": "TS",
  "start_method": "multistart",
  "time_limit": 60.0,
  "cost": 5589.8654,
  "is_feasible": true,
  "unmet": {},
  "overprod": {
    "P2": 1,
    "P5": 3,
    "P9": 1
  },
  "elapsed_sec": 60.01,
  "active": {
    "S29": [
      [
        "PAT_0026",
        0,
        0.0
      ],
      [
        "PAT_0026",
        0,
        3312.6942
      ],
      [
        "PAT_0047",
        0,
        6625.3884
      ],
      [
        "PAT_0014",
        1,
        11852.6872
      ],
      [
        "PAT_0014",
        1,
        15165.3814
      ]
    ],
    "S47": [
      [
        "PAT_0124",
        0,
        0.0
      ],
      [
        "PAT_0124",
        0,
        2417.9552
      ],
      [
        "PAT_0124",
        0,
        7454.2261
      ],
      [
        "PAT_0054",
        1,
        12025.4195
      ],
      [
        "PAT_0054",
        1,
        19103.9963
      ],
      [
        "PAT_0054",
        1,
        23006.2679
      ]
    ],
    "S39": [
      [
        "PAT_0084",
        0,
        6936.5068
      ],
      [
        "PAT_0084",
        0,
        9354.462
      ],
      [
        "PAT_0078",
        1,
        12983.0278
      ],
      [
        "PAT_0078",
        1,
        15400.983
      ],
      [
        "PAT_0078",
        1,
        17818.9382
      ]
    ],
    "S45": [
      [
        "PAT_0074",
        0,
        2894.3799
      ],
      [
        "PAT_0074",
        0,
        5312.3351
      ],
      [
        "PAT_0059",
        0,
        7730.290300000001
      ],
      [
        "PAT_0059",
        0,
        11632.5619
      ],
      [
        "PAT_0059",
        0,
        15534.8335
      ],
      [
        "PAT_0059",
        0,
        19437.1051
      ]
    ],
    "S42": [
      [
        "PAT_0019",
        0,
        0.0
      ],
      [
        "PAT_0132",
        0,
        3820.4865999999997
      ],
      [
        "PAT_0132",
        0,
        6461.3596
      ],
      [
        "PAT_0132",
        0,
        9102.2326
      ],
      [
        "PAT_0111",
        1,
        11743.105599999999
      ]
    ]
  }
}