{
  "instance": "SYN_SWEEP3_LENRATIO_LONG_028",
  "method": "ILS_SA",
  "start_method": "multistart",
  "time_limit": 60.0,
  "cost": 4289.3531,
  "is_feasible": true,
  "unmet": {},
  "overprod": {
    "P2": 3,
    "P4": 1,
    "P7": 1
  },
  "elapsed_sec": 60.0,
  "active": {
    "S32": [
      [
        "PAT_0109",
        0,
        0.0
      ],
      [
        "PAT_0109",
        0,
        4293.1368
      ],
      [
        "PAT_0109",
        0,
        8586.2736
      ],
      [
        "PAT_0031",
        1,
        14421.2322
      ],
      [
        "PAT_0145",
        2,
        18874.9063
      ],
      [
        "PAT_0145",
        2,
        20799.8383
      ],
      [
        "PAT_0145",
        2,
        22724.7703
      ]
    ],
    "S16": [
      [
        "PAT_0033",
        0,
        0.0
      ],
      [
        "PAT_0033",
        0,
        2583.2475
      ],
      [
        "PAT_0033",
        1,
        7469.0875
      ],
      [
        "PAT_0033",
        1,
        10052.335
      ]
    ],
    "S9": [
      [
        "PAT_0039",
        0,
        1811.434
      ],
      [
        "PAT_0039",
        0,
        3511.0240999999996
      ],
      [
        "PAT_0039",
        0,
        5210.6142
      ],
      [
        "PAT_0121",
        0,
        6910.204299999999
      ],
      [
        "PAT_0121",
        0,
        10759.289799999999
      ],
      [
        "PAT_0018",
        0,
        14608.3753
      ]
    ],
    "S23": [
      [
        "PAT_0135",
        0,
        0.0
      ],
      [
        "PAT_0135",
        0,
        1924.932
      ],
      [
        "PAT_0170",
        1,
        8854.9263
      ],
      [
        "PAT_0170",
        1,
        11928.8141
      ],
      [
        "PAT_0170",
        1,
        15002.7019
      ]
    ]
  }
}