{
  "instance": "SYN_SWEEP3_LENRATIO_LONG_001",
  "method": "SD",
  "start_method": "multistart",
  "time_limit": 60.0,
  "cost": 6161.8172,
  "is_feasible": true,
  "unmet": {},
  "overprod": {
    "P4": 5,
    "P5": 1,
    "P8": 1,
    "P10": 9,
    "P11": 1,
    "P12": 1,
    "P13": 1
  },
  "elapsed_sec": 15.7,
  "active": {
    "S5": [
      [
        "PAT_0915",
        0,
        0.0
      ],
      [
        "PAT_0915",
        0,
        1549.7989
      ],
      [
        "PAT_0915",
        0,
        3099.5978
      ],
      [
        "PAT_0915",
        0,
        4649.3967
      ],
      [
        "PAT_0915",
        0,
        6199.1956
      ],
      [
        "PAT_0013",
        0,
        7748.9945
      ],
      [
        "PAT_0013",
        0,
        11903.2095
      ]
    ],
    "S20": [
      [
        "PAT_0166",
        0,
        0.0
      ],
      [
        "PAT_0031",
        0,
        4447.1807
      ],
      [
        "PAT_0031",
        0,
        8601.395700000001
      ],
      [
        "PAT_0778",
        1,
        12755.610700000001
      ],
      [
        "PAT_0778",
        1,
        14665.157900000002
      ],
      [
        "PAT_0851",
        1,
        19088.8216
      ],
      [
        "PAT_0851",
        1,
        20998.3688
      ],
      [
        "PAT_0851",
        1,
        22907.916
      ]
    ],
    "S26": [
      [
        "PAT_0223",
        0,
        0.0
      ],
      [
        "PAT_0223",
        0,
        3384.9728
      ],
      [
        "PAT_0223",
        0,
        6769.9456
      ],
      [
        "PAT_0223",
        0,
        10154.9184
      ],
      [
        "PAT_0223",
        0,
        13539.8912
      ],
      [
        "PAT_0601",
        1,
        22001.9004
      ]
    ],
    "S8": [
      [
        "PAT_0005",
        0,
        0.0
      ],
      [
        "PAT_0875",
        0,
        4734.241899999995
      ],
      [
        "PAT_0875",
        0,
        6643.789099999995
      ],
      [
        "PAT_0875",
        0,
        8553.336299999995
      ],
      [
        "PAT_0875",
        0,
        10462.883499999996
      ],
      [
        "PAT_0875",
        0,
        12372.430699999997
      ],
      [
        "PAT_0875",
        0,
        14281.977899999998
      ],
      [
        "PAT_0875",
        0,
        16191.525099999999
      ],
      [
        "PAT_0875",
        0,
        18101.0723
      ],
      [
        "PAT_0494",
        0,
        20751.3539
      ]
    ],
    "S19": [
      [
        "PAT_0075",
        0,
        0.0
      ],
      [
        "PAT_0075",
        0,
        3384.9728
      ],
      [
        "PAT_0075",
        0,
        6769.9456
      ],
      [
        "PAT_0075",
        0,
        10154.9184
      ]
    ]
  }
}