{
  "instance": "SYN_SWEEP3_LENRATIO_LONG_022",
  "method": "greedy",
  "start_method": "none",
  "time_limit": 60.0,
  "cost": 11196.5643,
  "is_feasible": true,
  "unmet": {},
  "overprod": {
    "P8": 2,
    "P9": 1,
    "P10": 4,
    "P11": 1
  },
  "elapsed_sec": 0.28,
  "active": {
    "S14": [
      [
        "PAT_0974",
        1,
        6255.216
      ],
      [
        "PAT_0974",
        1,
        8856.8599
      ],
      [
        "PAT_0974",
        1,
        11458.503799999999
      ],
      [
        "PAT_0818",
        2,
        16149.7786
      ]
    ],
    "S40": [
      [
        "PAT_0835",
        1,
        9307.8584
      ],
      [
        "PAT_0835",
        1,
        11996.944199999998
      ],
      [
        "PAT_0835",
        1,
        14686.029999999999
      ]
    ],
    "S8": [
      [
        "PAT_0892",
        0,
        0.0
      ],
      [
        "PAT_0892",
        0,
        2968.6604
      ],
      [
        "PAT_0892",
        0,
        5937.3208
      ],
      [
        "PAT_0814",
        0,
        8905.9812
      ],
      [
        "PAT_0845",
        1,
        14572.4345
      ],
      [
        "PAT_0806",
        0,
        18485.5589
      ]
    ],
    "S18": [
      [
        "PAT_0885",
        1,
        6599.0714
      ],
      [
        "PAT_0885",
        1,
        10512.1958
      ],
      [
        "PAT_0885",
        1,
        14425.3202
      ],
      [
        "PAT_0883",
        1,
        18338.4446
      ]
    ],
    "S3": [
      [
        "PAT_0807",
        0,
        0.0
      ],
      [
        "PAT_0807",
        0,
        2673.9184
      ],
      [
        "PAT_0807",
        0,
        5347.8368
      ],
      [
        "PAT_0807",
        0,
        8021.7552
      ],
      [
        "PAT_0807",
        0,
        10695.6736
      ],
      [
        "PAT_0807",
        0,
        13369.592
      ],
      [
        "PAT_0807",
        0,
        16043.510400000001
      ],
      [
        "PAT_0839",
        1,
        18717.4288
      ]
    ],
    "S5": [
      [
        "PAT_0870",
        0,
        0.0
      ],
      [
        "PAT_0870",
        0,
        3913.1244
      ],
      [
        "PAT_0870",
        0,
        7826.2488
      ],
      [
        "PAT_0870",
        0,
        11739.3732
      ],
      [
        "PAT_0870",
        0,
        15652.4976
      ]
    ],
    "S35": [
      [
        "PAT_0850",
        1,
        8166.5837
      ],
      [
        "PAT_0850",
        1,
        12079.7081
      ],
      [
        "PAT_0850",
        1,
        15992.8325
      ]
    ],
    "S21": [
      [
        "PAT_0697",
        0,
        0.0
      ],
      [
        "PAT_0697",
        0,
        3520.9423
      ],
      [
        "PAT_0697",
        0,
        7041.8846
      ],
      [
        "PAT_0037",
        0,
        10562.8269
      ],
      [
        "PAT_0037",
        0,
        14083.7692
      ],
      [
        "PAT_0036",
        1,
        17604.7115
      ]
    ],
    "S49": [
      [
        "PAT_0003",
        0,
        6354.2545
      ],
      [
        "PAT_0003",
        0,
        9875.1968
      ],
      [
        "PAT_0003",
        0,
        13396.1391
      ],
      [
        "PAT_0003",
        0,
        16917.0814
      ],
      [
        "PAT_0003",
        0,
        20438.023699999998
      ]
    ],
    "S26": [
      [
        "PAT_0031",
        0,
        0.0
      ],
      [
        "PAT_0031",
        0,
        3520.9423
      ],
      [
        "PAT_0031",
        0,
        7041.8846
      ],
      [
        "PAT_0031",
        0,
        10562.8269
      ],
      [
        "PAT_0031",
        0,
        14083.7692
      ],
      [
        "PAT_0097",
        0,
        17604.7115
      ]
    ],
    "S34": [
      [
        "PAT_0031",
        0,
        10223.6712
      ],
      [
        "PAT_0031",
        0,
        13744.613500000001
      ]
    ]
  }
}