{
  "instance": "SYN_SWEEP3_LENRATIO_LONG_018",
  "method": "ILS_SA",
  "start_method": "greedy",
  "time_limit": 60.0,
  "cost": 5447.9912,
  "is_feasible": true,
  "unmet": {},
  "overprod": {
    "P2": 2,
    "P5": 3,
    "P7": 2,
    "P13": 1,
    "P14": 1
  },
  "elapsed_sec": 60.13,
  "active": {
    "S15": [
      [
        "PAT_0033",
        0,
        0.0
      ],
      [
        "PAT_5195",
        1,
        3133.054
      ],
      [
        "PAT_5195",
        1,
        5270.3087
      ],
      [
        "PAT_5195",
        1,
        7407.563399999999
      ],
      [
        "PAT_5195",
        1,
        9544.818099999999
      ],
      [
        "PAT_5041",
        1,
        11682.072799999998
      ],
      [
        "PAT_5015",
        1,
        15342.5425
      ]
    ],
    "S18": [
      [
        "PAT_5359",
        0,
        0.0
      ],
      [
        "PAT_5359",
        0,
        2558.0825
      ],
      [
        "PAT_5359",
        0,
        5116.165
      ],
      [
        "PAT_5359",
        0,
        7674.2474999999995
      ],
      [
        "PAT_5359",
        0,
        10232.33
      ],
      [
        "PAT_5017",
        0,
        12790.4125
      ],
      [
        "PAT_5022",
        1,
        16068.4494
      ],
      [
        "PAT_5173",
        1,
        19402.0951
      ]
    ],
    "S13": [
      [
        "PAT_5090",
        0,
        0.0
      ],
      [
        "PAT_5090",
        0,
        2889.3202
      ],
      [
        "PAT_5090",
        0,
        5778.6404
      ],
      [
        "PAT_5090",
        0,
        8667.9606
      ],
      [
        "PAT_5090",
        0,
        11557.2808
      ],
      [
        "PAT_5090",
        0,
        14446.601
      ],
      [
        "PAT_1644",
        0,
        17335.9212
      ],
      [
        "PAT_5401",
        1,
        21311.5168
      ]
    ],
    "S12": [
      [
        "PAT_1403",
        0,
        0.0
      ],
      [
        "PAT_1403",
        0,
        2980.2847
      ],
      [
        "PAT_1403",
        0,
        5960.5694
      ],
      [
        "PAT_1403",
        0,
        8940.8541
      ],
      [
        "PAT_1403",
        0,
        11921.1388
      ],
      [
        "PAT_2387",
        0,
        14901.4235
      ],
      [
        "PAT_5171",
        0,
        17881.7082
      ]
    ]
  }
}