{
  "instance": "SYN_SWEEP3_LENRATIO_LONG_006",
  "method": "greedy",
  "start_method": "none",
  "time_limit": 60.0,
  "cost": 11696.0263,
  "is_feasible": true,
  "unmet": {},
  "overprod": {
    "P6": 3,
    "P9": 1,
    "P10": 1
  },
  "elapsed_sec": 0.69,
  "active": {
    "S44": [
      [
        "PAT_1303",
        0,
        0.0
      ],
      [
        "PAT_1303",
        0,
        2731.8502
      ],
      [
        "PAT_1303",
        0,
        5463.7004
      ],
      [
        "PAT_1303",
        0,
        8195.550599999999
      ],
      [
        "PAT_1303",
        0,
        10927.4008
      ],
      [
        "PAT_1303",
        0,
        13659.251
      ],
      [
        "PAT_1363",
        0,
        16391.1012
      ],
      [
        "PAT_1363",
        0,
        19122.9514
      ]
    ],
    "S27": [
      [
        "PAT_0033",
        1,
        4927.7018
      ],
      [
        "PAT_0033",
        1,
        6775.6596
      ],
      [
        "PAT_0033",
        1,
        8623.6174
      ],
      [
        "PAT_0033",
        1,
        10471.5752
      ],
      [
        "PAT_0033",
        1,
        12319.533
      ],
      [
        "PAT_1323",
        0,
        14167.4908
      ],
      [
        "PAT_1214",
        0,
        16899.341
      ]
    ],
    "S31": [
      [
        "PAT_1211",
        0,
        3377.6833
      ],
      [
        "PAT_1211",
        0,
        6930.6882000000005
      ],
      [
        "PAT_1211",
        0,
        10483.6931
      ],
      [
        "PAT_1211",
        0,
        14036.698
      ],
      [
        "PAT_1210",
        0,
        17589.7029
      ]
    ],
    "S14": [
      [
        "PAT_1209",
        0,
        0.0
      ],
      [
        "PAT_0237",
        1,
        7193.4263
      ],
      [
        "PAT_0237",
        1,
        9041.3841
      ],
      [
        "PAT_0237",
        1,
        10889.3419
      ],
      [
        "PAT_0237",
        1,
        12737.2997
      ]
    ],
    "S30": [
      [
        "PAT_0855",
        0,
        6094.3783
      ],
      [
        "PAT_0855",
        0,
        11028.8626
      ],
      [
        "PAT_0855",
        0,
        15963.3469
      ],
      [
        "PAT_0192",
        2,
        20897.8312
      ]
    ],
    "S20": [
      [
        "PAT_0029",
        1,
        5413.9681
      ],
      [
        "PAT_0029",
        1,
        7261.9259
      ],
      [
        "PAT_0029",
        1,
        9109.8837
      ],
      [
        "PAT_0029",
        1,
        10957.8415
      ],
      [
        "PAT_0029",
        1,
        12805.7993
      ]
    ],
    "S3": [
      [
        "PAT_1230",
        0,
        1555.9736
      ],
      [
        "PAT_0189",
        0,
        4287.8238
      ],
      [
        "PAT_0740",
        0,
        8073.48
      ]
    ],
    "S38": [
      [
        "PAT_1072",
        0,
        0.0
      ],
      [
        "PAT_1072",
        0,
        4934.4843
      ],
      [
        "PAT_1072",
        0,
        9868.9686
      ],
      [
        "PAT_0342",
        1,
        14803.4529
      ],
      [
        "PAT_1223",
        0,
        19737.9372
      ]
    ],
    "S1": [
      [
        "PAT_0347",
        0,
        4962.1568
      ],
      [
        "PAT_0347",
        0,
        9896.6411
      ]
    ],
    "S6": [
      [
        "PAT_1026",
        1,
        8783.0485
      ],
      [
        "PAT_1026",
        1,
        13717.5328
      ]
    ],
    "S28": [
      [
        "PAT_0337",
        1,
        8355.7164
      ],
      [
        "PAT_0337",
        1,
        13290.2007
      ]
    ],
    "S39": [
      [
        "PAT_1026",
        0,
        3601.3318
      ],
      [
        "PAT_1026",
        0,
        8535.8161
      ]
    ],
    "S15": [
      [
        "PAT_1199",
        0,
        3149.2297
      ]
    ]
  }
}