{
  "instance": "SYN_SWEEP3_LENRATIO_LONG_023",
  "method": "TS",
  "start_method": "greedy",
  "time_limit": 60.0,
  "cost": 7939.3687,
  "is_feasible": true,
  "unmet": {},
  "overprod": {
    "P6": 1,
    "P9": 1,
    "P10": 5
  },
  "elapsed_sec": 60.01,
  "active": {
    "S5": [
      [
        "PAT_1085",
        0,
        0.0
      ],
      [
        "PAT_1085",
        0,
        4346.581400000001
      ],
      [
        "PAT_1085",
        0,
        7891.528700000001
      ],
      [
        "PAT_2984",
        1,
        13449.3803
      ],
      [
        "PAT_3231",
        1,
        17331.5069
      ]
    ],
    "S45": [
      [
        "PAT_0715",
        0,
        6712.7916000000005
      ],
      [
        "PAT_0715",
        0,
        10257.7389
      ],
      [
        "PAT_0715",
        0,
        13802.6862
      ],
      [
        "PAT_0715",
        0,
        17347.6335
      ]
    ],
    "S46": [
      [
        "PAT_3156",
        0,
        0.0
      ],
      [
        "PAT_3156",
        0,
        3068.4084
      ],
      [
        "PAT_3156",
        0,
        6136.8168
      ],
      [
        "PAT_3156",
        0,
        9205.225199999999
      ],
      [
        "PAT_3156",
        0,
        12273.6336
      ]
    ],
    "S49": [
      [
        "PAT_3278",
        0,
        0.0
      ],
      [
        "PAT_3278",
        0,
        3068.4084
      ],
      [
        "PAT_3278",
        0,
        6136.8168
      ],
      [
        "PAT_0581",
        0,
        9205.225199999999
      ],
      [
        "PAT_0857",
        0,
        13003.5745
      ]
    ],
    "S4": [
      [
        "PAT_1170",
        0,
        5082.233700000001
      ],
      [
        "PAT_1170",
        0,
        8150.642100000001
      ],
      [
        "PAT_1170",
        0,
        11219.050500000001
      ],
      [
        "PAT_1170",
        0,
        14287.458900000001
      ]
    ],
    "S29": [
      [
        "PAT_0412",
        0,
        0.0
      ],
      [
        "PAT_0412",
        0,
        3916.7534000000014
      ],
      [
        "PAT_0412",
        0,
        7461.700700000001
      ],
      [
        "PAT_0412",
        0,
        11006.648000000001
      ],
      [
        "PAT_0412",
        0,
        14551.5953
      ]
    ],
    "S37": [
      [
        "PAT_2136",
        0,
        0.0
      ],
      [
        "PAT_1168",
        0,
        3068.4084
      ],
      [
        "PAT_3001",
        1,
        7206.2253
      ],
      [
        "PAT_3001",
        1,
        10274.6337
      ]
    ],
    "S14": [
      [
        "PAT_0207",
        0,
        0.0
      ],
      [
        "PAT_0207",
        0,
        1964.0933
      ],
      [
        "PAT_0207",
        0,
        3928.1866
      ],
      [
        "PAT_0207",
        0,
        5892.2798999999995
      ],
      [
        "PAT_0207",
        0,
        7856.3732
      ]
    ]
  }
}