{
  "instance": "SYN_SWEEP3_LENRATIO_LONG_001",
  "method": "FI",
  "start_method": "multistart",
  "time_limit": 60.0,
  "cost": 6083.4457,
  "is_feasible": true,
  "unmet": {},
  "overprod": {
    "P3": 1,
    "P4": 5,
    "P5": 1,
    "P6": 1,
    "P8": 1,
    "P10": 5,
    "P11": 1,
    "P13": 1
  },
  "elapsed_sec": 60.01,
  "active": {
    "S20": [
      [
        "PAT_0005",
        0,
        0.0
      ],
      [
        "PAT_0031",
        0,
        4447.1807
      ],
      [
        "PAT_0031",
        0,
        8601.395700000001
      ],
      [
        "PAT_0783",
        1,
        12755.610700000001
      ],
      [
        "PAT_0783",
        1,
        14665.157900000002
      ],
      [
        "PAT_0851",
        1,
        19088.8216
      ],
      [
        "PAT_0851",
        1,
        20998.3688
      ],
      [
        "PAT_0851",
        1,
        22907.916
      ]
    ],
    "S19": [
      [
        "PAT_0165",
        0,
        0.0
      ],
      [
        "PAT_0165",
        0,
        3384.9728
      ],
      [
        "PAT_0165",
        0,
        6769.9456
      ],
      [
        "PAT_0165",
        0,
        10154.9184
      ],
      [
        "PAT_0165",
        0,
        13539.8912
      ]
    ],
    "S26": [
      [
        "PAT_0223",
        0,
        0.0
      ],
      [
        "PAT_0223",
        0,
        3384.9728
      ],
      [
        "PAT_0223",
        0,
        6769.9456
      ],
      [
        "PAT_0223",
        0,
        10154.9184
      ],
      [
        "PAT_0223",
        0,
        13539.8912
      ]
    ],
    "S5": [
      [
        "PAT_0915",
        0,
        0.0
      ],
      [
        "PAT_0915",
        0,
        1549.7989
      ],
      [
        "PAT_0915",
        0,
        3099.5978
      ],
      [
        "PAT_0915",
        0,
        4649.3967
      ],
      [
        "PAT_0915",
        0,
        6199.1956
      ],
      [
        "PAT_0013",
        0,
        7748.9945
      ],
      [
        "PAT_0013",
        0,
        11903.2095
      ]
    ],
    "S8": [
      [
        "PAT_0495",
        0,
        0.0
      ],
      [
        "PAT_0495",
        0,
        1909.5472
      ],
      [
        "PAT_0875",
        0,
        3819.0944
      ],
      [
        "PAT_0875",
        0,
        5728.6416
      ],
      [
        "PAT_0875",
        0,
        7638.1888
      ],
      [
        "PAT_0875",
        0,
        9547.736
      ],
      [
        "PAT_0875",
        0,
        11457.283200000002
      ],
      [
        "PAT_0875",
        0,
        13366.830400000003
      ],
      [
        "PAT_0875",
        0,
        15276.377600000003
      ],
      [
        "PAT_0875",
        0,
        17185.924800000004
      ]
    ]
  }
}