{
  "instance": "SYN_SWEEP3_LENRATIO_LONG_019",
  "method": "FI",
  "start_method": "multistart",
  "time_limit": 60.0,
  "cost": 6881.0875,
  "is_feasible": true,
  "unmet": {},
  "overprod": {
    "P4": 1,
    "P7": 1,
    "P9": 1
  },
  "elapsed_sec": 60.0,
  "active": {
    "S17": [
      [
        "PAT_0481",
        0,
        0.0
      ],
      [
        "PAT_0758",
        0,
        3985.754800000001
      ],
      [
        "PAT_0768",
        1,
        7432.569400000001
      ],
      [
        "PAT_0768",
        1,
        9208.427000000001
      ],
      [
        "PAT_0759",
        0,
        10984.2846
      ]
    ],
    "S51": [
      [
        "PAT_0752",
        0,
        0.0
      ],
      [
        "PAT_0752",
        0,
        2968.5983
      ],
      [
        "PAT_0752",
        0,
        5937.1966
      ],
      [
        "PAT_0752",
        0,
        8905.7949
      ],
      [
        "PAT_0752",
        0,
        11874.3932
      ]
    ],
    "S28": [
      [
        "PAT_0777",
        0,
        4350.3543
      ],
      [
        "PAT_0777",
        0,
        6720.5635999999995
      ],
      [
        "PAT_0777",
        0,
        9090.7729
      ],
      [
        "PAT_0777",
        0,
        11460.9822
      ]
    ],
    "S38": [
      [
        "PAT_0788",
        0,
        0.0
      ],
      [
        "PAT_0788",
        0,
        2370.2093
      ],
      [
        "PAT_0788",
        0,
        4740.4186
      ],
      [
        "PAT_0788",
        0,
        7110.6278999999995
      ]
    ],
    "S40": [
      [
        "PAT_0791",
        0,
        0.0
      ],
      [
        "PAT_0791",
        0,
        2370.2093
      ],
      [
        "PAT_0791",
        0,
        4740.4186
      ],
      [
        "PAT_0791",
        1,
        10557.4425
      ],
      [
        "PAT_0791",
        1,
        12927.6518
      ],
      [
        "PAT_0791",
        1,
        15297.8611
      ]
    ],
    "S5": [
      [
        "PAT_0740",
        1,
        7290.1908
      ],
      [
        "PAT_0740",
        1,
        10258.7891
      ],
      [
        "PAT_0740",
        1,
        13227.3874
      ],
      [
        "PAT_0771",
        0,
        16195.9857
      ]
    ],
    "S35": [
      [
        "PAT_0738",
        0,
        0.0
      ],
      [
        "PAT_0005",
        0,
        5488.3678
      ],
      [
        "PAT_0005",
        0,
        8421.8043
      ]
    ],
    "S26": [
      [
        "PAT_0669",
        0,
        0.0
      ],
      [
        "PAT_0669",
        0,
        2933.4365
      ],
      [
        "PAT_0757",
        0,
        5866.873
      ]
    ]
  }
}