{
  "instance": "SYN_SWEEP3_LENRATIO_LONG_013",
  "method": "TS",
  "start_method": "greedy",
  "time_limit": 60.0,
  "cost": 5510.0659,
  "is_feasible": true,
  "unmet": {},
  "overprod": {
    "P1": 1,
    "P2": 1,
    "P4": 2
  },
  "elapsed_sec": 60.0,
  "active": {
    "S22": [
      [
        "PAT_0068",
        0,
        0.0
      ],
      [
        "PAT_0068",
        0,
        3566.2546
      ]
    ],
    "S17": [
      [
        "PAT_0073",
        0,
        0.0
      ],
      [
        "PAT_0118",
        0,
        3566.2546
      ],
      [
        "PAT_0020",
        1,
        7237.1464
      ],
      [
        "PAT_0020",
        1,
        11005.9582
      ]
    ],
    "S25": [
      [
        "PAT_0019",
        0,
        0.0
      ],
      [
        "PAT_0025",
        0,
        2533.3042
      ],
      [
        "PAT_0080",
        0,
        7293.466899999999
      ]
    ],
    "S33": [
      [
        "PAT_0081",
        0,
        2533.3042
      ],
      [
        "PAT_0081",
        0,
        6099.558800000001
      ]
    ],
    "S12": [
      [
        "PAT_0015",
        0,
        0.0
      ],
      [
        "PAT_0105",
        1,
        4024.1124
      ],
      [
        "PAT_0105",
        1,
        5614.925
      ],
      [
        "PAT_0115",
        2,
        8983.156700000001
      ],
      [
        "PAT_0115",
        2,
        10573.9693
      ],
      [
        "PAT_0115",
        2,
        12164.7819
      ]
    ],
    "S30": [
      [
        "PAT_0063",
        0,
        0.0
      ],
      [
        "PAT_0063",
        0,
        1697.4219
      ],
      [
        "PAT_0063",
        0,
        3394.8438
      ],
      [
        "PAT_0063",
        0,
        5092.2657
      ],
      [
        "PAT_0073",
        1,
        8614.13
      ]
    ],
    "S21": [
      [
        "PAT_0121",
        1,
        3752.3061
      ],
      [
        "PAT_0121",
        1,
        6728.0933
      ],
      [
        "PAT_0069",
        2,
        9703.880500000001
      ]
    ]
  }
}