{
  "instance": "SYN_SWEEP3_LENRATIO_LONG_011",
  "method": "SA",
  "start_method": "greedy",
  "time_limit": 60.0,
  "cost": 11583.909,
  "is_feasible": true,
  "unmet": {},
  "overprod": {
    "P2": 2,
    "P3": 4,
    "P10": 2
  },
  "elapsed_sec": 60.01,
  "active": {
    "S20": [
      [
        "PAT_0003",
        0,
        0.0
      ],
      [
        "PAT_0026",
        0,
        5111.8684
      ],
      [
        "PAT_0235",
        1,
        9662.3132
      ]
    ],
    "S10": [
      [
        "PAT_0588",
        0,
        0.0
      ],
      [
        "PAT_0003",
        0,
        3424.0374
      ],
      [
        "PAT_0003",
        1,
        10584.0309
      ]
    ],
    "S7": [
      [
        "PAT_0576",
        0,
        0.0
      ],
      [
        "PAT_0576",
        0,
        3424.0374
      ],
      [
        "PAT_0026",
        0,
        6848.0748
      ],
      [
        "PAT_0259",
        0,
        9746.991
      ],
      [
        "PAT_0535",
        1,
        13179.3795
      ]
    ],
    "S35": [
      [
        "PAT_0529",
        0,
        0.0
      ],
      [
        "PAT_0245",
        0,
        3424.0374
      ],
      [
        "PAT_0263",
        1,
        8226.7707
      ]
    ],
    "S32": [
      [
        "PAT_0058",
        0,
        0.0
      ],
      [
        "PAT_0204",
        0,
        3481.7617
      ],
      [
        "PAT_0003",
        0,
        6914.1502
      ],
      [
        "PAT_0003",
        0,
        12026.0186
      ]
    ],
    "S28": [
      [
        "PAT_0009",
        0,
        0.0
      ],
      [
        "PAT_0382",
        0,
        4214.7405
      ],
      [
        "PAT_0076",
        0,
        10727.348999999998
      ],
      [
        "PAT_0235",
        0,
        14209.110699999997
      ]
    ],
    "S11": [
      [
        "PAT_0227",
        0,
        0.0
      ],
      [
        "PAT_0530",
        0,
        3432.3885
      ],
      [
        "PAT_0399",
        0,
        6856.4259
      ],
      [
        "PAT_0055",
        0,
        10288.8144
      ]
    ],
    "S45": [
      [
        "PAT_0345",
        0,
        0.0
      ],
      [
        "PAT_0345",
        0,
        3432.3885
      ],
      [
        "PAT_0090",
        0,
        6864.777
      ],
      [
        "PAT_0210",
        0,
        10346.538700000001
      ]
    ],
    "S43": [
      [
        "PAT_0069",
        0,
        0.0
      ],
      [
        "PAT_0018",
        0,
        4372.6974
      ],
      [
        "PAT_0525",
        0,
        7271.613600000001
      ]
    ],
    "S19": [
      [
        "PAT_0558",
        0,
        0.0
      ],
      [
        "PAT_0182",
        0,
        3424.0374
      ],
      [
        "PAT_0458",
        0,
        6856.4259
      ]
    ],
    "S15": [
      [
        "PAT_0026",
        0,
        0.0
      ],
      [
        "PAT_0357",
        0,
        4493.5224
      ],
      [
        "PAT_0234",
        1,
        10988.724
      ]
    ],
    "S17": [
      [
        "PAT_0541",
        0,
        0.0
      ],
      [
        "PAT_0388",
        1,
        3424.0374
      ],
      [
        "PAT_0023",
        1,
        8951.632
      ],
      [
        "PAT_0128",
        1,
        11850.5482
      ]
    ]
  }
}