{
  "instance": "SYN_SWEEP3_LENRATIO_LONG_021",
  "method": "VNS_SA",
  "start_method": "multistart",
  "time_limit": 60.0,
  "cost": 7752.0425,
  "is_feasible": true,
  "unmet": {},
  "overprod": {
    "P2": 2,
    "P8": 1,
    "P9": 1,
    "P10": 1
  },
  "elapsed_sec": 25.15,
  "active": {
    "S2": [
      [
        "PAT_0290",
        0,
        0.0
      ],
      [
        "PAT_0173",
        0,
        5925.174800000001
      ],
      [
        "PAT_0292",
        0,
        11287.3011
      ],
      [
        "PAT_0264",
        1,
        14950.5349
      ]
    ],
    "S9": [
      [
        "PAT_0180",
        0,
        0.0
      ],
      [
        "PAT_0009",
        0,
        1841.1747
      ],
      [
        "PAT_0175",
        0,
        7537.1206
      ],
      [
        "PAT_0175",
        0,
        11533.6178
      ],
      [
        "PAT_0003",
        1,
        15530.115
      ]
    ],
    "S27": [
      [
        "PAT_0145",
        0,
        6267.661
      ],
      [
        "PAT_0145",
        0,
        11033.521
      ],
      [
        "PAT_0093",
        1,
        18279.5873
      ]
    ],
    "S8": [
      [
        "PAT_0217",
        0,
        0.0
      ],
      [
        "PAT_0102",
        0,
        3663.2338
      ],
      [
        "PAT_0102",
        0,
        8429.093799999999
      ],
      [
        "PAT_0264",
        1,
        13194.9538
      ]
    ],
    "S14": [
      [
        "PAT_0161",
        0,
        0.0
      ],
      [
        "PAT_0290",
        0,
        3663.2338
      ],
      [
        "PAT_0167",
        1,
        8698.7667
      ],
      [
        "PAT_0183",
        2,
        14008.8366
      ],
      [
        "PAT_0177",
        2,
        18316.2456
      ]
    ],
    "S30": [
      [
        "PAT_0162",
        0,
        0.0
      ],
      [
        "PAT_0273",
        0,
        2445.746
      ],
      [
        "PAT_0273",
        0,
        6108.9798
      ],
      [
        "PAT_0175",
        1,
        12702.8381
      ],
      [
        "PAT_0175",
        1,
        16699.3353
      ]
    ],
    "S31": [
      [
        "PAT_0183",
        0,
        0.0
      ],
      [
        "PAT_0101",
        0,
        1841.1747
      ],
      [
        "PAT_0175",
        0,
        9982.9853
      ],
      [
        "PAT_0175",
        0,
        13979.4825
      ]
    ]
  }
}