{
  "instance": "SYN_SWEEP3_LENRATIO_LONG_015",
  "method": "FI",
  "start_method": "greedy",
  "time_limit": 60.0,
  "cost": 6201.9161,
  "is_feasible": true,
  "unmet": {},
  "overprod": {
    "P1": 1,
    "P4": 1,
    "P8": 1,
    "P11": 1
  },
  "elapsed_sec": 60.0,
  "active": {
    "S31": [
      [
        "PAT_0220",
        0,
        0.0
      ],
      [
        "PAT_0012",
        1,
        8329.7479
      ],
      [
        "PAT_0012",
        1,
        9808.2409
      ],
      [
        "PAT_0012",
        1,
        11286.733900000001
      ],
      [
        "PAT_0012",
        1,
        12765.226900000001
      ],
      [
        "PAT_0012",
        1,
        14243.719900000002
      ],
      [
        "PAT_0012",
        1,
        15722.212900000002
      ],
      [
        "PAT_0012",
        1,
        17200.7059
      ],
      [
        "PAT_0012",
        1,
        18679.1989
      ]
    ],
    "S37": [
      [
        "PAT_0238",
        0,
        0.0
      ],
      [
        "PAT_0541",
        0,
        6599.651500000003
      ],
      [
        "PAT_0554",
        2,
        11469.956400000003
      ],
      [
        "PAT_0554",
        2,
        16340.261300000002
      ]
    ],
    "S27": [
      [
        "PAT_0034",
        1,
        6300.4584
      ],
      [
        "PAT_0034",
        1,
        9520.1046
      ],
      [
        "PAT_0034",
        1,
        12739.750800000002
      ],
      [
        "PAT_0034",
        1,
        15959.397
      ]
    ],
    "S42": [
      [
        "PAT_0826",
        0,
        0.0
      ],
      [
        "PAT_0826",
        0,
        2305.8304
      ],
      [
        "PAT_0826",
        0,
        4611.6608
      ]
    ],
    "S6": [
      [
        "PAT_0898",
        0,
        0.0
      ],
      [
        "PAT_0898",
        0,
        2305.8304
      ],
      [
        "PAT_0943",
        0,
        4611.6608
      ],
      [
        "PAT_0943",
        0,
        6879.610699999999
      ],
      [
        "PAT_0943",
        0,
        9147.560599999999
      ],
      [
        "PAT_0937",
        0,
        11415.510499999999
      ],
      [
        "PAT_0937",
        0,
        13683.460399999998
      ],
      [
        "PAT_0937",
        0,
        15951.410299999998
      ],
      [
        "PAT_0937",
        0,
        18219.3602
      ]
    ],
    "S5": [
      [
        "PAT_0163",
        0,
        5474.0806
      ],
      [
        "PAT_0163",
        0,
        8693.7268
      ],
      [
        "PAT_0163",
        0,
        11913.373
      ]
    ]
  }
}