{
  "instance": "SYN_SWEEP3_LENRATIO_LONG_017",
  "method": "VNS_SA",
  "start_method": "greedy",
  "time_limit": 60.0,
  "cost": 6201.7422,
  "is_feasible": true,
  "unmet": {},
  "overprod": {
    "P3": 1,
    "P5": 2,
    "P6": 1
  },
  "elapsed_sec": 27.11,
  "active": {
    "S45": [
      [
        "PAT_0020",
        0,
        0.0
      ],
      [
        "PAT_0227",
        1,
        5151.5104
      ],
      [
        "PAT_0018",
        0,
        13322.425199999998
      ],
      [
        "PAT_0220",
        1,
        18702.2542
      ],
      [
        "PAT_0043",
        1,
        22781.1195
      ],
      [
        "PAT_0043",
        1,
        27354.8671
      ]
    ],
    "S26": [
      [
        "PAT_0195",
        0,
        0.0
      ],
      [
        "PAT_0195",
        0,
        3439.9365
      ],
      [
        "PAT_0195",
        0,
        6879.873
      ],
      [
        "PAT_0057",
        0,
        10319.8095
      ],
      [
        "PAT_0022",
        1,
        17980.2516
      ],
      [
        "PAT_0022",
        1,
        21992.0743
      ],
      [
        "PAT_0022",
        1,
        26003.897
      ],
      [
        "PAT_0057",
        1,
        30015.7197
      ]
    ],
    "S2": [
      [
        "PAT_0253",
        0,
        0.0
      ],
      [
        "PAT_0052",
        0,
        2877.5736
      ],
      [
        "PAT_0052",
        0,
        7220.197900000001
      ],
      [
        "PAT_0052",
        0,
        11562.822200000002
      ],
      [
        "PAT_0242",
        1,
        15905.446500000002
      ],
      [
        "PAT_0013",
        0,
        19984.311800000003
      ]
    ],
    "S33": [
      [
        "PAT_0155",
        0,
        0.0
      ],
      [
        "PAT_0155",
        0,
        3314.8096
      ],
      [
        "PAT_0253",
        1,
        8630.5323
      ],
      [
        "PAT_0188",
        1,
        11971.0033
      ],
      [
        "PAT_0212",
        1,
        15285.8129
      ],
      [
        "PAT_0092",
        1,
        19364.678200000002
      ]
    ]
  }
}