{
  "instance": "SYN_SWEEP3_LENRATIO_SHORT_000",
  "method": "SD",
  "start_method": "multistart",
  "time_limit": 60.0,
  "cost": 9076.0564,
  "is_feasible": true,
  "unmet": {},
  "overprod": {
    "P6": 2,
    "P11": 1,
    "P12": 1
  },
  "elapsed_sec": 36.85,
  "active": {
    "S29": [
      [
        "PAT_0026",
        0,
        0.0
      ]
    ],
    "S14": [
      [
        "PAT_0049",
        0,
        0.0
      ]
    ],
    "S3": [
      [
        "PAT_0337",
        0,
        0.0
      ],
      [
        "PAT_0048",
        0,
        1314.4246999999996
      ]
    ],
    "S15": [
      [
        "PAT_0070",
        0,
        0.0
      ],
      [
        "PAT_0605",
        0,
        2447.4397
      ]
    ],
    "S16": [
      [
        "PAT_0001",
        0,
        0.0
      ]
    ],
    "S22": [
      [
        "PAT_0796",
        0,
        0.0
      ]
    ],
    "S4": [
      [
        "PAT_0001",
        0,
        0.0
      ]
    ],
    "S8": [
      [
        "PAT_0826",
        0,
        0.0
      ]
    ],
    "S13": [
      [
        "PAT_0796",
        0,
        0.0
      ],
      [
        "PAT_0826",
        0,
        3019.5633000000003
      ]
    ],
    "S1": [
      [
        "PAT_0832",
        0,
        0.0
      ],
      [
        "PAT_0128",
        0,
        2454.8411
      ]
    ],
    "S30": [
      [
        "PAT_0090",
        0,
        0.0
      ]
    ],
    "S20": [
      [
        "PAT_0005",
        0,
        0.0
      ]
    ],
    "S10": [
      [
        "PAT_0069",
        0,
        0.0
      ],
      [
        "PAT_0089",
        0,
        2697.1566000000003
      ]
    ],
    "S11": [
      [
        "PAT_0001",
        0,
        0.0
      ]
    ],
    "S21": [
      [
        "PAT_0011",
        0,
        0.0
      ]
    ],
    "S12": [
      [
        "PAT_0012",
        0,
        0.0
      ]
    ],
    "S23": [
      [
        "PAT_0796",
        0,
        1840.1552
      ]
    ],
    "S7": [
      [
        "PAT_0856",
        0,
        0.0
      ],
      [
        "PAT_0603",
        0,
        2454.8411
      ]
    ],
    "S18": [
      [
        "PAT_0054",
        0,
        1317.5348
      ]
    ]
  }
}