{
  "instance": "SYN_SWEEP3_LENRATIO_LONG_004",
  "method": "TS",
  "start_method": "greedy",
  "time_limit": 60.0,
  "cost": 5686.1067,
  "is_feasible": true,
  "unmet": {},
  "overprod": {
    "P1": 1,
    "P3": 1,
    "P4": 5,
    "P6": 2
  },
  "elapsed_sec": 60.0,
  "active": {
    "S21": [
      [
        "PAT_0193",
        0,
        0.0
      ],
      [
        "PAT_0193",
        0,
        2739.7461
      ],
      [
        "PAT_0193",
        0,
        5479.4922
      ],
      [
        "PAT_0193",
        0,
        8219.238299999999
      ],
      [
        "PAT_0193",
        0,
        10958.9844
      ],
      [
        "PAT_0295",
        1,
        13698.7305
      ],
      [
        "PAT_0295",
        1,
        16438.476599999998
      ]
    ],
    "S37": [
      [
        "PAT_0009",
        0,
        0.0
      ],
      [
        "PAT_0289",
        0,
        5479.4922
      ],
      [
        "PAT_0289",
        0,
        8219.238299999999
      ],
      [
        "PAT_0289",
        0,
        10958.9844
      ],
      [
        "PAT_0289",
        0,
        13698.7305
      ],
      [
        "PAT_0289",
        0,
        16438.476599999998
      ],
      [
        "PAT_0027",
        0,
        19178.2227
      ]
    ],
    "S14": [
      [
        "PAT_0044",
        0,
        3478.983
      ],
      [
        "PAT_0044",
        0,
        6562.0814
      ],
      [
        "PAT_0044",
        0,
        9645.1798
      ],
      [
        "PAT_0044",
        0,
        12728.2782
      ],
      [
        "PAT_0044",
        0,
        15811.3766
      ]
    ],
    "S1": [
      [
        "PAT_0017",
        0,
        0.0
      ],
      [
        "PAT_0017",
        0,
        2089.342
      ],
      [
        "PAT_0010",
        1,
        13672.8195
      ],
      [
        "PAT_0010",
        1,
        15762.1615
      ],
      [
        "PAT_0010",
        1,
        17851.5035
      ]
    ],
    "S6": [
      [
        "PAT_0326",
        0,
        0.0
      ],
      [
        "PAT_0326",
        0,
        2198.6602
      ],
      [
        "PAT_0326",
        0,
        4397.3204
      ],
      [
        "PAT_0326",
        0,
        6595.980599999999
      ],
      [
        "PAT_0326",
        0,
        8794.6408
      ],
      [
        "PAT_0007",
        0,
        10993.301
      ],
      [
        "PAT_0007",
        0,
        13082.643
      ],
      [
        "PAT_0229",
        0,
        15171.985
      ],
      [
        "PAT_0229",
        0,
        17911.7311
      ]
    ]
  }
}