{
  "instance": "SYN_SWEEP3_LENRATIO_LONG_006",
  "method": "SA",
  "start_method": "greedy",
  "time_limit": 60.0,
  "cost": 10410.1503,
  "is_feasible": true,
  "unmet": {},
  "overprod": {
    "P6": 4,
    "P11": 1,
    "P14": 2
  },
  "elapsed_sec": 60.02,
  "active": {
    "S30": [
      [
        "PAT_1211",
        0,
        0.0
      ],
      [
        "PAT_0476",
        0,
        8487.4892
      ],
      [
        "PAT_1136",
        0,
        13707.293699999998
      ],
      [
        "PAT_1136",
        0,
        18641.778
      ]
    ],
    "S34": [
      [
        "PAT_0248",
        0,
        2107.7795
      ],
      [
        "PAT_1228",
        0,
        3960.8155000000006
      ],
      [
        "PAT_1324",
        0,
        6692.6657000000005
      ],
      [
        "PAT_1024",
        0,
        9640.684699999998
      ],
      [
        "PAT_0218",
        0,
        14575.168999999998
      ],
      [
        "PAT_0117",
        2,
        17325.7897
      ]
    ],
    "S31": [
      [
        "PAT_0190",
        0,
        0.0
      ],
      [
        "PAT_1386",
        0,
        2320.4385
      ],
      [
        "PAT_0932",
        0,
        5052.2887
      ],
      [
        "PAT_1334",
        0,
        9986.773000000001
      ],
      [
        "PAT_1039",
        0,
        12718.623200000002
      ],
      [
        "PAT_1275",
        1,
        17653.107500000002
      ]
    ],
    "S44": [
      [
        "PAT_1257",
        0,
        0.0
      ],
      [
        "PAT_1257",
        0,
        2731.8502
      ],
      [
        "PAT_1257",
        0,
        5463.7004
      ],
      [
        "PAT_1257",
        0,
        8195.550599999999
      ],
      [
        "PAT_1257",
        0,
        10927.4008
      ],
      [
        "PAT_1211",
        0,
        13659.251
      ],
      [
        "PAT_1053",
        0,
        17355.1666
      ]
    ],
    "S49": [
      [
        "PAT_1329",
        0,
        0.0
      ],
      [
        "PAT_0928",
        0,
        4633.9965
      ],
      [
        "PAT_0127",
        2,
        11237.0661
      ],
      [
        "PAT_0039",
        3,
        14456.5672
      ]
    ],
    "S3": [
      [
        "PAT_0158",
        0,
        1555.9736
      ],
      [
        "PAT_0141",
        0,
        3403.9314
      ],
      [
        "PAT_0321",
        0,
        5251.8892
      ],
      [
        "PAT_0632",
        0,
        8073.48
      ],
      [
        "PAT_0128",
        2,
        13799.3385
      ]
    ],
    "S40": [
      [
        "PAT_1067",
        0,
        0.0
      ],
      [
        "PAT_1091",
        1,
        10572.3666
      ],
      [
        "PAT_1091",
        1,
        15506.8509
      ]
    ],
    "S27": [
      [
        "PAT_0197",
        0,
        0.0
      ],
      [
        "PAT_0157",
        1,
        4927.7018
      ],
      [
        "PAT_0989",
        0,
        6775.6596
      ],
      [
        "PAT_0989",
        0,
        11710.1439
      ],
      [
        "PAT_1211",
        0,
        16644.6282
      ]
    ],
    "S20": [
      [
        "PAT_0129",
        0,
        0.0
      ],
      [
        "PAT_0129",
        0,
        1847.9578
      ],
      [
        "PAT_1211",
        0,
        5413.9681
      ],
      [
        "PAT_1211",
        0,
        8966.973
      ]
    ]
  }
}