{
  "instance": "SYN_SWEEP3_LENRATIO_LONG_015",
  "method": "FI",
  "start_method": "multistart",
  "time_limit": 60.0,
  "cost": 5781.0295,
  "is_feasible": true,
  "unmet": {},
  "overprod": {
    "P1": 1,
    "P4": 1,
    "P11": 1
  },
  "elapsed_sec": 60.01,
  "active": {
    "S31": [
      [
        "PAT_0012",
        1,
        8329.7479
      ],
      [
        "PAT_0012",
        1,
        9808.2409
      ],
      [
        "PAT_0012",
        1,
        11286.733900000001
      ],
      [
        "PAT_0012",
        1,
        12765.226900000001
      ],
      [
        "PAT_0012",
        1,
        14243.719900000002
      ],
      [
        "PAT_0012",
        1,
        15722.212900000002
      ],
      [
        "PAT_0012",
        1,
        17200.7059
      ],
      [
        "PAT_0012",
        1,
        18679.1989
      ]
    ],
    "S5": [
      [
        "PAT_0127",
        0,
        5474.0806
      ],
      [
        "PAT_0127",
        0,
        8693.7268
      ],
      [
        "PAT_0127",
        0,
        11913.373
      ],
      [
        "PAT_0127",
        0,
        15133.019199999999
      ],
      [
        "PAT_0127",
        0,
        18352.665399999998
      ]
    ],
    "S42": [
      [
        "PAT_0253",
        0,
        0.0
      ],
      [
        "PAT_0253",
        0,
        4870.3049
      ],
      [
        "PAT_0253",
        0,
        9740.6098
      ],
      [
        "PAT_0034",
        1,
        14610.914700000001
      ]
    ],
    "S6": [
      [
        "PAT_0898",
        0,
        0.0
      ],
      [
        "PAT_0898",
        0,
        2305.8304
      ],
      [
        "PAT_0943",
        0,
        4611.6608
      ],
      [
        "PAT_0943",
        0,
        6879.610699999999
      ],
      [
        "PAT_0943",
        0,
        9147.560599999999
      ],
      [
        "PAT_0937",
        0,
        11415.510499999999
      ],
      [
        "PAT_0937",
        0,
        13683.460399999998
      ],
      [
        "PAT_0937",
        0,
        15951.410299999998
      ],
      [
        "PAT_0937",
        0,
        18219.3602
      ]
    ],
    "S37": [
      [
        "PAT_0826",
        0,
        0.0
      ],
      [
        "PAT_0826",
        0,
        2305.8304
      ],
      [
        "PAT_0826",
        0,
        4611.6608
      ],
      [
        "PAT_0519",
        0,
        6917.4911999999995
      ],
      [
        "PAT_0238",
        2,
        11787.7961
      ],
      [
        "PAT_0031",
        0,
        16658.101
      ]
    ]
  }
}