{
  "instance": "SYN_SWEEP3_LENRATIO_LONG_014",
  "method": "TS",
  "start_method": "multistart",
  "time_limit": 60.0,
  "cost": 5771.6697,
  "is_feasible": true,
  "unmet": {},
  "overprod": {
    "P1": 1,
    "P2": 1,
    "P3": 1,
    "P4": 1,
    "P6": 1
  },
  "elapsed_sec": 60.0,
  "active": {
    "S36": [
      [
        "PAT_0073",
        0,
        0.0
      ],
      [
        "PAT_0073",
        0,
        2930.1985
      ],
      [
        "PAT_0073",
        0,
        5860.397
      ],
      [
        "PAT_0073",
        1,
        10604.3214
      ],
      [
        "PAT_0073",
        1,
        13534.519900000001
      ]
    ],
    "S20": [
      [
        "PAT_0292",
        0,
        0.0
      ],
      [
        "PAT_0292",
        0,
        2200.5793
      ],
      [
        "PAT_0042",
        0,
        4401.1586
      ],
      [
        "PAT_0348",
        1,
        11706.7779
      ],
      [
        "PAT_0348",
        1,
        14540.6629
      ],
      [
        "PAT_0348",
        1,
        17374.547899999998
      ]
    ],
    "S10": [
      [
        "PAT_0194",
        0,
        0.0
      ],
      [
        "PAT_0308",
        0,
        2930.1985
      ],
      [
        "PAT_0016",
        0,
        5902.008400000001
      ],
      [
        "PAT_0324",
        0,
        8987.1643
      ],
      [
        "PAT_0039",
        1,
        13306.0884
      ],
      [
        "PAT_0039",
        2,
        17972.4899
      ]
    ],
    "S27": [
      [
        "PAT_0220",
        0,
        0.0
      ],
      [
        "PAT_0220",
        0,
        3803.9329999999995
      ],
      [
        "PAT_0220",
        0,
        6734.1314999999995
      ],
      [
        "PAT_0021",
        1,
        10981.5576
      ],
      [
        "PAT_0280",
        2,
        16096.415599999998
      ],
      [
        "PAT_0280",
        2,
        18296.994899999998
      ]
    ],
    "S7": [
      [
        "PAT_0255",
        0,
        0.0
      ],
      [
        "PAT_0255",
        0,
        3595.425
      ],
      [
        "PAT_0045",
        0,
        7190.85
      ],
      [
        "PAT_0045",
        0,
        11735.165400000002
      ]
    ]
  }
}