{
  "instance": "SYN_SWEEP3_LENRATIO_LONG_019",
  "method": "VNS_SA",
  "start_method": "greedy",
  "time_limit": 60.0,
  "cost": 6718.6547,
  "is_feasible": true,
  "unmet": {},
  "overprod": {
    "P3": 1,
    "P4": 1,
    "P8": 1
  },
  "elapsed_sec": 60.01,
  "active": {
    "S2": [
      [
        "PAT_0748",
        0,
        2034.5538
      ],
      [
        "PAT_0752",
        0,
        8713.1254
      ],
      [
        "PAT_0748",
        2,
        11681.7237
      ]
    ],
    "S26": [
      [
        "PAT_0794",
        0,
        0.0
      ],
      [
        "PAT_0794",
        0,
        2370.2093
      ],
      [
        "PAT_0794",
        0,
        4740.4186
      ],
      [
        "PAT_0290",
        0,
        7110.6278999999995
      ]
    ],
    "S40": [
      [
        "PAT_0791",
        0,
        0.0
      ],
      [
        "PAT_0791",
        0,
        2437.3938000000003
      ],
      [
        "PAT_0791",
        0,
        4807.6031
      ],
      [
        "PAT_0743",
        0,
        7177.812400000001
      ],
      [
        "PAT_0791",
        1,
        10197.462199999998
      ],
      [
        "PAT_0431",
        1,
        12567.671499999999
      ],
      [
        "PAT_0777",
        1,
        15501.107999999998
      ]
    ],
    "S51": [
      [
        "PAT_0768",
        0,
        0.0
      ],
      [
        "PAT_0768",
        0,
        1775.8576
      ],
      [
        "PAT_0552",
        0,
        3551.7152
      ],
      [
        "PAT_0783",
        0,
        6485.1517
      ],
      [
        "PAT_0740",
        0,
        8855.361
      ],
      [
        "PAT_0740",
        0,
        11823.9593
      ]
    ],
    "S17": [
      [
        "PAT_0757",
        0,
        0.0
      ],
      [
        "PAT_0783",
        0,
        3753.484000000001
      ],
      [
        "PAT_0783",
        0,
        6123.693300000001
      ],
      [
        "PAT_0751",
        0,
        8493.902600000001
      ],
      [
        "PAT_0751",
        0,
        11462.500900000001
      ]
    ],
    "S38": [
      [
        "PAT_0242",
        0,
        0.0
      ],
      [
        "PAT_0778",
        0,
        2933.4365
      ],
      [
        "PAT_0791",
        0,
        5303.6458
      ],
      [
        "PAT_0791",
        0,
        7673.855100000001
      ],
      [
        "PAT_0745",
        1,
        10044.064400000001
      ]
    ],
    "S28": [
      [
        "PAT_0759",
        0,
        4350.3543
      ],
      [
        "PAT_0759",
        0,
        7797.168900000001
      ]
    ]
  }
}