{
  "instance": "SYN_SWEEP3_LENRATIO_LONG_008",
  "method": "FI",
  "start_method": "multistart",
  "time_limit": 60.0,
  "cost": 6983.4251,
  "is_feasible": true,
  "unmet": {},
  "overprod": {
    "P4": 1,
    "P5": 1,
    "P7": 1
  },
  "elapsed_sec": 60.0,
  "active": {
    "S24": [
      [
        "PAT_0101",
        0,
        9314.854799999997
      ],
      [
        "PAT_0101",
        0,
        13978.549599999998
      ],
      [
        "PAT_0101",
        0,
        18642.2444
      ]
    ],
    "S4": [
      [
        "PAT_0116",
        1,
        8027.8583
      ],
      [
        "PAT_0116",
        1,
        10830.6644
      ],
      [
        "PAT_0116",
        1,
        13633.4705
      ]
    ],
    "S15": [
      [
        "PAT_0855",
        0,
        0.0
      ],
      [
        "PAT_0855",
        0,
        3008.373
      ],
      [
        "PAT_0855",
        0,
        6016.746
      ],
      [
        "PAT_0855",
        0,
        9025.119
      ],
      [
        "PAT_0855",
        0,
        12033.492
      ],
      [
        "PAT_0850",
        1,
        20284.6112
      ]
    ],
    "S2": [
      [
        "PAT_0487",
        0,
        7312.703
      ],
      [
        "PAT_0487",
        0,
        11231.8408
      ],
      [
        "PAT_0487",
        0,
        15150.9786
      ],
      [
        "PAT_0487",
        0,
        19070.1164
      ],
      [
        "PAT_0852",
        1,
        26796.7323
      ]
    ],
    "S22": [
      [
        "PAT_0030",
        0,
        0.0
      ],
      [
        "PAT_0802",
        0,
        5036.8397
      ],
      [
        "PAT_0802",
        0,
        8955.9775
      ],
      [
        "PAT_0802",
        0,
        12875.115300000001
      ],
      [
        "PAT_0802",
        0,
        16794.2531
      ],
      [
        "PAT_0622",
        1,
        25147.3028
      ],
      [
        "PAT_0269",
        1,
        29066.4406
      ]
    ],
    "S34": [
      [
        "PAT_0028",
        0,
        0.0
      ],
      [
        "PAT_0043",
        0,
        4522.569
      ],
      [
        "PAT_0043",
        0,
        9045.138
      ],
      [
        "PAT_0043",
        0,
        13567.707000000002
      ],
      [
        "PAT_0435",
        1,
        18090.276
      ]
    ]
  }
}