{
  "instance": "SYN_SWEEP3_LENRATIO_LONG_019",
  "method": "multistart",
  "start_method": "none",
  "time_limit": 60.0,
  "cost": 7097.8075,
  "is_feasible": true,
  "unmet": {},
  "overprod": {
    "P4": 1,
    "P7": 1,
    "P8": 2,
    "P9": 1,
    "P10": 2
  },
  "elapsed_sec": 1.4,
  "active": {
    "S17": [
      [
        "PAT_0768",
        1,
        6702.0204
      ],
      [
        "PAT_0768",
        1,
        8477.878
      ],
      [
        "PAT_0759",
        0,
        10253.7356
      ]
    ],
    "S51": [
      [
        "PAT_0752",
        0,
        0.0
      ],
      [
        "PAT_0752",
        0,
        2968.5983
      ],
      [
        "PAT_0752",
        0,
        5937.1966
      ],
      [
        "PAT_0752",
        0,
        8905.7949
      ],
      [
        "PAT_0752",
        0,
        11874.3932
      ]
    ],
    "S28": [
      [
        "PAT_0777",
        0,
        4350.3543
      ],
      [
        "PAT_0777",
        0,
        6720.5635999999995
      ],
      [
        "PAT_0777",
        0,
        9090.7729
      ],
      [
        "PAT_0777",
        0,
        11460.9822
      ]
    ],
    "S38": [
      [
        "PAT_0788",
        0,
        0.0
      ],
      [
        "PAT_0788",
        0,
        2370.2093
      ],
      [
        "PAT_0788",
        0,
        4740.4186
      ],
      [
        "PAT_0788",
        0,
        7110.6278999999995
      ],
      [
        "PAT_0758",
        1,
        9480.8372
      ]
    ],
    "S40": [
      [
        "PAT_0791",
        0,
        0.0
      ],
      [
        "PAT_0791",
        0,
        2370.2093
      ],
      [
        "PAT_0791",
        0,
        4740.4186
      ],
      [
        "PAT_0757",
        0,
        7110.6278999999995
      ],
      [
        "PAT_0791",
        1,
        10557.4425
      ],
      [
        "PAT_0791",
        1,
        12927.6518
      ],
      [
        "PAT_0791",
        1,
        15297.8611
      ]
    ],
    "S5": [
      [
        "PAT_0740",
        1,
        7290.1908
      ],
      [
        "PAT_0740",
        1,
        10258.7891
      ],
      [
        "PAT_0740",
        1,
        13227.3874
      ],
      [
        "PAT_0771",
        0,
        16195.9857
      ]
    ],
    "S49": [
      [
        "PAT_0738",
        1,
        3808.9918
      ]
    ],
    "S26": [
      [
        "PAT_0682",
        0,
        0.0
      ],
      [
        "PAT_0682",
        0,
        2933.4365
      ],
      [
        "PAT_0481",
        0,
        5866.873
      ]
    ],
    "S35": [
      [
        "PAT_0005",
        0,
        2904.1775
      ],
      [
        "PAT_0005",
        0,
        5837.614
      ]
    ]
  }
}