{
  "instance": "SYN_SWEEP3_LENRATIO_LONG_006",
  "method": "VNS_SA",
  "start_method": "multistart",
  "time_limit": 60.0,
  "cost": 10646.0547,
  "is_feasible": true,
  "unmet": {},
  "overprod": {
    "P1": 1,
    "P2": 2,
    "P5": 1,
    "P6": 2,
    "P13": 1,
    "P14": 1
  },
  "elapsed_sec": 60.01,
  "active": {
    "S30": [
      [
        "PAT_1360",
        0,
        0.0
      ],
      [
        "PAT_1215",
        0,
        2731.8502
      ],
      [
        "PAT_0337",
        0,
        5574.4807999999975
      ],
      [
        "PAT_1027",
        0,
        10508.965099999998
      ],
      [
        "PAT_1211",
        2,
        15443.449399999998
      ],
      [
        "PAT_1229",
        2,
        18996.454299999998
      ],
      [
        "PAT_0320",
        0,
        21728.3045
      ]
    ],
    "S49": [
      [
        "PAT_0321",
        0,
        0.0
      ],
      [
        "PAT_0550",
        0,
        2731.8502
      ],
      [
        "PAT_0127",
        2,
        11237.0661
      ],
      [
        "PAT_1234",
        2,
        14456.5672
      ]
    ],
    "S40": [
      [
        "PAT_0447",
        0,
        0.0
      ],
      [
        "PAT_1091",
        1,
        13304.216799999998
      ],
      [
        "PAT_1091",
        1,
        18238.7011
      ]
    ],
    "S3": [
      [
        "PAT_1366",
        0,
        1555.9736
      ],
      [
        "PAT_0121",
        1,
        4287.8238
      ],
      [
        "PAT_0971",
        1,
        6135.7816
      ],
      [
        "PAT_1147",
        2,
        11070.2659
      ]
    ],
    "S44": [
      [
        "PAT_0280",
        0,
        0.0
      ],
      [
        "PAT_1343",
        0,
        1847.9578
      ],
      [
        "PAT_1343",
        0,
        4579.808
      ],
      [
        "PAT_1343",
        0,
        7311.6582
      ],
      [
        "PAT_1343",
        0,
        10043.508399999999
      ],
      [
        "PAT_0030",
        0,
        12775.3586
      ],
      [
        "PAT_0030",
        0,
        14623.3164
      ],
      [
        "PAT_0379",
        0,
        16471.2742
      ]
    ],
    "S34": [
      [
        "PAT_1211",
        0,
        2107.7795
      ],
      [
        "PAT_1211",
        0,
        5660.7844000000005
      ],
      [
        "PAT_0449",
        0,
        10351.6585
      ],
      [
        "PAT_0007",
        3,
        17325.7897
      ]
    ],
    "S27": [
      [
        "PAT_0182",
        0,
        0.0
      ],
      [
        "PAT_0847",
        0,
        4927.7018
      ],
      [
        "PAT_0060",
        1,
        9862.186099999999
      ],
      [
        "PAT_1211",
        0,
        11710.1439
      ],
      [
        "PAT_1152",
        0,
        15263.148799999999
      ]
    ],
    "S31": [
      [
        "PAT_0049",
        0,
        0.0
      ],
      [
        "PAT_1404",
        0,
        2320.4385
      ],
      [
        "PAT_0750",
        0,
        5052.2887
      ],
      [
        "PAT_0750",
        0,
        9986.773000000001
      ],
      [
        "PAT_0158",
        0,
        14921.257300000001
      ],
      [
        "PAT_0204",
        1,
        19316.9286
      ]
    ],
    "S20": [
      [
        "PAT_1360",
        0,
        0.0
      ],
      [
        "PAT_1360",
        0,
        2731.8502
      ],
      [
        "PAT_0792",
        0,
        5463.7004
      ],
      [
        "PAT_1211",
        0,
        10398.1847
      ]
    ]
  }
}