{
  "instance": "SYN_SWEEP3_LENRATIO_LONG_015",
  "method": "TS",
  "start_method": "greedy",
  "time_limit": 60.0,
  "cost": 6192.9176,
  "is_feasible": true,
  "unmet": {},
  "overprod": {
    "P1": 1,
    "P3": 1,
    "P5": 1,
    "P6": 2,
    "P7": 1,
    "P8": 1,
    "P11": 1
  },
  "elapsed_sec": 60.0,
  "active": {
    "S5": [
      [
        "PAT_0431",
        0,
        0.0
      ],
      [
        "PAT_0265",
        0,
        5474.0806
      ],
      [
        "PAT_0163",
        0,
        12010.208400000003
      ],
      [
        "PAT_0163",
        0,
        15229.854600000002
      ],
      [
        "PAT_0163",
        0,
        18449.5008
      ]
    ],
    "S37": [
      [
        "PAT_0937",
        0,
        0.0
      ],
      [
        "PAT_0937",
        0,
        2398.156800000004
      ],
      [
        "PAT_0937",
        0,
        4666.106700000004
      ],
      [
        "PAT_0937",
        0,
        6934.0566000000035
      ],
      [
        "PAT_0937",
        0,
        9202.006500000003
      ],
      [
        "PAT_0554",
        2,
        11469.956400000003
      ],
      [
        "PAT_0554",
        2,
        16340.261300000002
      ]
    ],
    "S27": [
      [
        "PAT_0034",
        1,
        6300.4584
      ],
      [
        "PAT_0034",
        1,
        9520.1046
      ],
      [
        "PAT_0034",
        1,
        12739.750800000002
      ],
      [
        "PAT_0034",
        1,
        15959.397
      ]
    ],
    "S6": [
      [
        "PAT_0933",
        0,
        0.0
      ],
      [
        "PAT_0933",
        0,
        2267.9499
      ]
    ],
    "S42": [
      [
        "PAT_0489",
        0,
        0.0
      ],
      [
        "PAT_0822",
        0,
        8515.761400000003
      ],
      [
        "PAT_0822",
        0,
        10821.591800000002
      ],
      [
        "PAT_0822",
        0,
        13127.4222
      ]
    ],
    "S31": [
      [
        "PAT_0661",
        0,
        0.0
      ],
      [
        "PAT_0661",
        0,
        2305.8304
      ],
      [
        "PAT_0012",
        1,
        8329.7479
      ],
      [
        "PAT_0012",
        1,
        9808.2409
      ],
      [
        "PAT_0012",
        1,
        11286.733900000001
      ],
      [
        "PAT_0012",
        1,
        12765.226900000001
      ],
      [
        "PAT_0012",
        1,
        14243.719900000002
      ],
      [
        "PAT_0012",
        1,
        15722.212900000002
      ],
      [
        "PAT_0012",
        1,
        17200.7059
      ],
      [
        "PAT_0012",
        1,
        18679.1989
      ]
    ]
  }
}