{
  "instance": "SYN_SWEEP3_LENRATIO_LONG_002",
  "method": "ILS_SA",
  "start_method": "multistart",
  "time_limit": 60.0,
  "cost": 5497.8988,
  "is_feasible": true,
  "unmet": {},
  "overprod": {
    "P2": 1,
    "P3": 1,
    "P5": 1,
    "P9": 1
  },
  "elapsed_sec": 60.33,
  "active": {
    "S45": [
      [
        "PAT_1897",
        0,
        0.0
      ],
      [
        "PAT_0044",
        0,
        6455.494900000001
      ],
      [
        "PAT_0725",
        0,
        9371.4824
      ],
      [
        "PAT_0145",
        1,
        11222.2986
      ],
      [
        "PAT_0145",
        1,
        13073.1148
      ],
      [
        "PAT_0145",
        1,
        14923.930999999999
      ],
      [
        "PAT_0145",
        1,
        16774.747199999998
      ]
    ],
    "S47": [
      [
        "PAT_0041",
        0,
        3967.2728
      ],
      [
        "PAT_0041",
        0,
        5818.089
      ],
      [
        "PAT_0041",
        0,
        7668.9052
      ],
      [
        "PAT_0041",
        0,
        9519.7214
      ],
      [
        "PAT_0041",
        0,
        11370.5376
      ],
      [
        "PAT_0041",
        0,
        13221.353799999999
      ],
      [
        "PAT_0041",
        0,
        15072.169999999998
      ]
    ],
    "S43": [
      [
        "PAT_1423",
        0,
        2634.561
      ],
      [
        "PAT_1423",
        0,
        5870.338
      ],
      [
        "PAT_0902",
        0,
        9106.115
      ],
      [
        "PAT_1312",
        0,
        11144.8631
      ],
      [
        "PAT_1602",
        1,
        14574.9923
      ]
    ],
    "S31": [
      [
        "PAT_0551",
        0,
        0.0
      ],
      [
        "PAT_0551",
        0,
        1850.8162
      ],
      [
        "PAT_1816",
        0,
        3701.6324
      ],
      [
        "PAT_1816",
        0,
        7964.2991999999995
      ],
      [
        "PAT_1753",
        0,
        12226.966
      ]
    ],
    "S4": [
      [
        "PAT_0349",
        0,
        0.0
      ],
      [
        "PAT_0349",
        0,
        1850.8162
      ],
      [
        "PAT_0349",
        0,
        3701.6324
      ],
      [
        "PAT_0349",
        0,
        5552.4486
      ],
      [
        "PAT_0349",
        0,
        7403.2648
      ],
      [
        "PAT_1672",
        1,
        11452.3341
      ],
      [
        "PAT_1672",
        1,
        15715.0009
      ]
    ]
  }
}