{
  "instance": "SYN_SWEEP3_LENRATIO_LONG_000",
  "method": "TS",
  "start_method": "greedy",
  "time_limit": 60.0,
  "cost": 9670.4213,
  "is_feasible": true,
  "unmet": {},
  "overprod": {
    "P1": 5,
    "P8": 1,
    "P12": 1
  },
  "elapsed_sec": 60.02,
  "active": {
    "S20": [
      [
        "PAT_2845",
        0,
        0.0
      ],
      [
        "PAT_0028",
        1,
        4028.6557000000025
      ],
      [
        "PAT_0028",
        1,
        5471.4693000000025
      ],
      [
        "PAT_0028",
        1,
        6914.282900000002
      ],
      [
        "PAT_0028",
        1,
        8357.096500000001
      ],
      [
        "PAT_0028",
        1,
        9799.910100000001
      ]
    ],
    "S39": [
      [
        "PAT_2850",
        0,
        5685.3601
      ],
      [
        "PAT_2850",
        0,
        9546.8802
      ],
      [
        "PAT_2850",
        0,
        13408.4003
      ]
    ],
    "S14": [
      [
        "PAT_2772",
        0,
        0.0
      ],
      [
        "PAT_2772",
        0,
        3861.5201
      ],
      [
        "PAT_2772",
        0,
        7723.0402
      ],
      [
        "PAT_0036",
        1,
        11584.560300000001
      ]
    ],
    "S3": [
      [
        "PAT_0622",
        0,
        0.0
      ],
      [
        "PAT_1595",
        0,
        4213.9486
      ],
      [
        "PAT_1595",
        0,
        7598.3306999999995
      ],
      [
        "PAT_1595",
        0,
        10982.7128
      ],
      [
        "PAT_2235",
        1,
        15960.2471
      ]
    ],
    "S9": [
      [
        "PAT_2362",
        0,
        0.0
      ],
      [
        "PAT_2362",
        0,
        3846.8647
      ],
      [
        "PAT_2362",
        0,
        7231.2468
      ],
      [
        "PAT_0036",
        2,
        12417.6326
      ],
      [
        "PAT_0702",
        1,
        16193.9368
      ]
    ],
    "S38": [
      [
        "PAT_0987",
        0,
        0.0
      ],
      [
        "PAT_0987",
        0,
        3384.3821
      ],
      [
        "PAT_0987",
        0,
        6768.7642
      ],
      [
        "PAT_0987",
        0,
        10153.1463
      ]
    ],
    "S6": [
      [
        "PAT_2824",
        0,
        1469.1219
      ],
      [
        "PAT_0197",
        0,
        6330.026100000002
      ],
      [
        "PAT_0197",
        0,
        9714.408200000002
      ]
    ],
    "S31": [
      [
        "PAT_1813",
        0,
        1921.2693
      ],
      [
        "PAT_1813",
        0,
        5305.6514
      ]
    ],
    "S10": [
      [
        "PAT_0270",
        0,
        2223.8834
      ],
      [
        "PAT_0270",
        0,
        5608.2654999999995
      ],
      [
        "PAT_0270",
        0,
        8992.6476
      ]
    ],
    "S23": [
      [
        "PAT_2831",
        0,
        0.0
      ],
      [
        "PAT_2831",
        0,
        3861.5201
      ],
      [
        "PAT_2788",
        0,
        7723.0402
      ]
    ],
    "S4": [
      [
        "PAT_0036",
        0,
        0.0
      ],
      [
        "PAT_0036",
        0,
        3384.3821
      ],
      [
        "PAT_1940",
        1,
        12136.1774
      ]
    ]
  }
}