{
  "instance": "SYN_SWEEP3_LENRATIO_LONG_018",
  "method": "GRASP_SA",
  "start_method": "none",
  "time_limit": 60.0,
  "cost": 5612.9964,
  "is_feasible": true,
  "unmet": {},
  "overprod": {
    "P2": 2,
    "P8": 1,
    "P12": 1,
    "P14": 1
  },
  "elapsed_sec": 60.41,
  "active": {
    "S12": [
      [
        "PAT_1590",
        0,
        0.0
      ],
      [
        "PAT_1590",
        0,
        2980.2847
      ],
      [
        "PAT_1590",
        0,
        5960.5694
      ],
      [
        "PAT_1590",
        0,
        8940.8541
      ],
      [
        "PAT_1590",
        0,
        11921.1388
      ],
      [
        "PAT_5212",
        0,
        14901.4235
      ],
      [
        "PAT_5212",
        0,
        17038.678200000002
      ],
      [
        "PAT_5212",
        0,
        19175.932900000003
      ]
    ],
    "S34": [
      [
        "PAT_5029",
        0,
        0.0
      ],
      [
        "PAT_5201",
        0,
        2889.3202
      ],
      [
        "PAT_5359",
        2,
        10728.0851
      ],
      [
        "PAT_5359",
        2,
        13286.1676
      ],
      [
        "PAT_5359",
        2,
        15844.250100000001
      ],
      [
        "PAT_5359",
        2,
        18402.3326
      ],
      [
        "PAT_5359",
        2,
        20960.415100000002
      ]
    ],
    "S28": [
      [
        "PAT_5019",
        0,
        0.0
      ],
      [
        "PAT_5016",
        1,
        9144.6748
      ],
      [
        "PAT_2316",
        0,
        12033.995
      ],
      [
        "PAT_2316",
        0,
        15014.279700000001
      ]
    ],
    "S13": [
      [
        "PAT_5090",
        0,
        0.0
      ],
      [
        "PAT_5090",
        0,
        2889.3202
      ],
      [
        "PAT_5090",
        0,
        5778.6404
      ],
      [
        "PAT_5090",
        0,
        8667.9606
      ],
      [
        "PAT_5090",
        0,
        11557.2808
      ],
      [
        "PAT_5090",
        0,
        14446.601
      ],
      [
        "PAT_5095",
        0,
        17335.9212
      ],
      [
        "PAT_5095",
        0,
        19473.175900000002
      ],
      [
        "PAT_5095",
        0,
        21610.430600000003
      ]
    ],
    "S5": [
      [
        "PAT_5290",
        0,
        0.0
      ],
      [
        "PAT_4344",
        1,
        11681.5433
      ]
    ]
  }
}