{
  "instance": "SYN_SWEEP3_LENRATIO_LONG_003",
  "method": "SA",
  "start_method": "greedy",
  "time_limit": 60.0,
  "cost": 5343.4166,
  "is_feasible": true,
  "unmet": {},
  "overprod": {
    "P3": 9,
    "P4": 1,
    "P8": 1
  },
  "elapsed_sec": 60.01,
  "active": {
    "S34": [
      [
        "PAT_0323",
        0,
        0.0
      ],
      [
        "PAT_0323",
        0,
        3632.76
      ],
      [
        "PAT_0323",
        0,
        7265.52
      ],
      [
        "PAT_0330",
        0,
        10898.28
      ],
      [
        "PAT_0302",
        0,
        14147.7721
      ],
      [
        "PAT_0317",
        1,
        17780.5321
      ]
    ],
    "S45": [
      [
        "PAT_0156",
        0,
        0.0
      ],
      [
        "PAT_0292",
        1,
        7195.384
      ],
      [
        "PAT_0329",
        1,
        9219.739300000001
      ],
      [
        "PAT_0328",
        1,
        12469.2314
      ],
      [
        "PAT_0076",
        1,
        15718.7235
      ],
      [
        "PAT_0076",
        1,
        19231.9355
      ]
    ],
    "S2": [
      [
        "PAT_0172",
        0,
        0.0
      ],
      [
        "PAT_0005",
        0,
        6167.8946
      ],
      [
        "PAT_0005",
        1,
        11631.0862
      ],
      [
        "PAT_0297",
        2,
        15900.629799999999
      ],
      [
        "PAT_0328",
        2,
        18690.1397
      ]
    ],
    "S3": [
      [
        "PAT_0229",
        0,
        0.0
      ],
      [
        "PAT_0297",
        0,
        3513.212
      ],
      [
        "PAT_0297",
        0,
        5471.8575
      ],
      [
        "PAT_0313",
        0,
        7430.503000000001
      ],
      [
        "PAT_0172",
        1,
        11910.5518
      ],
      [
        "PAT_0005",
        1,
        15423.763799999999
      ]
    ]
  }
}