{
  "instance": "SYN_SWEEP3_LENRATIO_LONG_022",
  "method": "VNS_SA",
  "start_method": "multistart",
  "time_limit": 60.0,
  "cost": 10466.2095,
  "is_feasible": true,
  "unmet": {},
  "overprod": {
    "P4": 2,
    "P5": 3,
    "P6": 3,
    "P7": 2,
    "P8": 1,
    "P9": 2,
    "P10": 2
  },
  "elapsed_sec": 27.79,
  "active": {
    "S14": [
      [
        "PAT_0854",
        0,
        0.0
      ],
      [
        "PAT_0975",
        1,
        7287.1802
      ],
      [
        "PAT_0975",
        1,
        9888.8241
      ],
      [
        "PAT_0975",
        1,
        12490.468
      ],
      [
        "PAT_0818",
        2,
        16149.7786
      ]
    ],
    "S17": [
      [
        "PAT_0835",
        0,
        0.0
      ],
      [
        "PAT_0835",
        0,
        2689.0858
      ],
      [
        "PAT_0835",
        0,
        5378.1716
      ],
      [
        "PAT_0893",
        1,
        10805.0555
      ],
      [
        "PAT_0893",
        1,
        13773.715900000001
      ],
      [
        "PAT_0893",
        1,
        16742.3763
      ]
    ],
    "S5": [
      [
        "PAT_0881",
        0,
        0.0
      ],
      [
        "PAT_0881",
        0,
        3913.1244
      ],
      [
        "PAT_0881",
        0,
        7826.2488
      ],
      [
        "PAT_0881",
        0,
        11739.3732
      ]
    ],
    "S19": [
      [
        "PAT_0858",
        0,
        0.0
      ],
      [
        "PAT_0858",
        0,
        3913.1244
      ],
      [
        "PAT_0858",
        0,
        7826.2488
      ],
      [
        "PAT_0815",
        1,
        11739.3732
      ],
      [
        "PAT_0867",
        1,
        15278.9665
      ],
      [
        "PAT_0867",
        1,
        19192.0909
      ]
    ],
    "S8": [
      [
        "PAT_0850",
        0,
        0.0
      ],
      [
        "PAT_0850",
        0,
        3913.1244
      ],
      [
        "PAT_0850",
        0,
        7826.2488
      ],
      [
        "PAT_0849",
        1,
        14572.4345
      ]
    ],
    "S12": [
      [
        "PAT_0642",
        0,
        9923.1414
      ],
      [
        "PAT_0642",
        0,
        13444.083700000001
      ]
    ],
    "S21": [
      [
        "PAT_0425",
        0,
        0.0
      ],
      [
        "PAT_0425",
        0,
        3520.9423
      ],
      [
        "PAT_0425",
        0,
        7041.8846
      ],
      [
        "PAT_0425",
        0,
        10562.8269
      ],
      [
        "PAT_0425",
        0,
        14083.7692
      ]
    ],
    "S49": [
      [
        "PAT_0777",
        0,
        6354.2545
      ],
      [
        "PAT_0777",
        0,
        9875.1968
      ],
      [
        "PAT_0777",
        0,
        13396.1391
      ],
      [
        "PAT_0777",
        0,
        16917.0814
      ],
      [
        "PAT_0777",
        0,
        20438.023699999998
      ]
    ],
    "S26": [
      [
        "PAT_0031",
        0,
        0.0
      ],
      [
        "PAT_0031",
        0,
        3520.9423
      ],
      [
        "PAT_0031",
        0,
        7041.8846
      ],
      [
        "PAT_0031",
        0,
        10562.8269
      ],
      [
        "PAT_0031",
        0,
        14083.7692
      ]
    ],
    "S18": [
      [
        "PAT_0752",
        0,
        0.0
      ],
      [
        "PAT_0808",
        1,
        6599.0714
      ],
      [
        "PAT_0808",
        1,
        9272.9898
      ],
      [
        "PAT_0808",
        1,
        11946.9082
      ],
      [
        "PAT_0808",
        1,
        14620.8266
      ],
      [
        "PAT_0808",
        1,
        17294.745
      ]
    ]
  }
}