{
  "instance": "SYN_SWEEP3_LENRATIO_LONG_015",
  "method": "VNS_SA",
  "start_method": "greedy",
  "time_limit": 60.0,
  "cost": 6068.0224,
  "is_feasible": true,
  "unmet": {},
  "overprod": {
    "P1": 1,
    "P2": 2,
    "P4": 1,
    "P5": 1,
    "P13": 1
  },
  "elapsed_sec": 42.58,
  "active": {
    "S42": [
      [
        "PAT_0826",
        0,
        2305.8304
      ],
      [
        "PAT_0826",
        0,
        4611.6608
      ],
      [
        "PAT_0239",
        0,
        6917.4911999999995
      ],
      [
        "PAT_0034",
        1,
        13857.0522
      ],
      [
        "PAT_0034",
        1,
        17076.6984
      ]
    ],
    "S37": [
      [
        "PAT_0010",
        0,
        3219.6462
      ],
      [
        "PAT_0541",
        0,
        6599.651500000003
      ],
      [
        "PAT_0554",
        2,
        11469.956400000003
      ],
      [
        "PAT_0554",
        2,
        16340.261300000002
      ]
    ],
    "S31": [
      [
        "PAT_0826",
        0,
        0.0
      ],
      [
        "PAT_0012",
        0,
        2872.7619
      ],
      [
        "PAT_0012",
        0,
        4351.2549
      ],
      [
        "PAT_0118",
        0,
        5829.7479
      ],
      [
        "PAT_0012",
        1,
        10294.4776
      ],
      [
        "PAT_0012",
        1,
        11772.9706
      ],
      [
        "PAT_0012",
        1,
        13251.463600000001
      ],
      [
        "PAT_0012",
        1,
        14729.956600000001
      ],
      [
        "PAT_0012",
        1,
        16208.449600000002
      ],
      [
        "PAT_0034",
        0,
        17686.942600000002
      ]
    ],
    "S6": [
      [
        "PAT_0898",
        0,
        0.0
      ],
      [
        "PAT_0898",
        0,
        2305.8304
      ],
      [
        "PAT_0933",
        0,
        4611.6608
      ],
      [
        "PAT_0933",
        0,
        6879.610699999999
      ],
      [
        "PAT_0937",
        0,
        9147.560599999999
      ],
      [
        "PAT_0937",
        0,
        11415.510499999999
      ],
      [
        "PAT_0937",
        0,
        13683.460399999998
      ],
      [
        "PAT_0937",
        0,
        15951.410299999998
      ],
      [
        "PAT_0937",
        0,
        18219.3602
      ]
    ],
    "S5": [
      [
        "PAT_0152",
        0,
        5474.0806
      ],
      [
        "PAT_0152",
        0,
        8693.7268
      ],
      [
        "PAT_0220",
        0,
        11913.373
      ],
      [
        "PAT_0163",
        0,
        16783.6779
      ]
    ]
  }
}