{
  "instance": "SYN_SWEEP3_LENRATIO_LONG_019",
  "method": "GRASP_SA",
  "start_method": "none",
  "time_limit": 60.0,
  "cost": 6401.7983,
  "is_feasible": true,
  "unmet": {},
  "overprod": {
    "P1": 1,
    "P4": 1,
    "P6": 1,
    "P10": 2
  },
  "elapsed_sec": 60.03,
  "active": {
    "S51": [
      [
        "PAT_0447",
        0,
        0.0
      ],
      [
        "PAT_0447",
        0,
        2933.4365
      ],
      [
        "PAT_0447",
        0,
        5866.873
      ],
      [
        "PAT_0768",
        0,
        8800.3095
      ],
      [
        "PAT_0768",
        0,
        10576.167099999999
      ],
      [
        "PAT_0449",
        0,
        12352.024699999998
      ]
    ],
    "S28": [
      [
        "PAT_0758",
        0,
        0.0
      ],
      [
        "PAT_0758",
        0,
        3446.8146
      ],
      [
        "PAT_0758",
        0,
        6893.6292
      ],
      [
        "PAT_0740",
        0,
        10340.443800000001
      ]
    ],
    "S17": [
      [
        "PAT_0745",
        0,
        2367.0753
      ],
      [
        "PAT_0745",
        0,
        5335.6736
      ],
      [
        "PAT_0745",
        0,
        8304.2719
      ],
      [
        "PAT_0745",
        0,
        11272.8702
      ]
    ],
    "S38": [
      [
        "PAT_0788",
        0,
        0.0
      ],
      [
        "PAT_0788",
        0,
        2370.2093
      ],
      [
        "PAT_0788",
        0,
        4740.4186
      ],
      [
        "PAT_0788",
        0,
        7110.6278999999995
      ],
      [
        "PAT_0790",
        2,
        11777.131
      ]
    ],
    "S19": [
      [
        "PAT_0740",
        0,
        4244.7933
      ],
      [
        "PAT_0740",
        0,
        7213.391600000001
      ],
      [
        "PAT_0740",
        0,
        10181.9899
      ],
      [
        "PAT_0740",
        0,
        13150.5882
      ]
    ],
    "S40": [
      [
        "PAT_0781",
        0,
        0.0
      ],
      [
        "PAT_0781",
        0,
        2370.2093
      ],
      [
        "PAT_0781",
        0,
        4740.4186
      ],
      [
        "PAT_0772",
        0,
        12646.4107
      ],
      [
        "PAT_0777",
        1,
        15016.62
      ]
    ],
    "S26": [
      [
        "PAT_0797",
        0,
        0.0
      ],
      [
        "PAT_0797",
        0,
        2370.2093
      ],
      [
        "PAT_0797",
        0,
        4740.4186
      ],
      [
        "PAT_0772",
        0,
        7110.6278999999995
      ]
    ]
  }
}