{
  "instance": "SYN_SWEEP3_LENRATIO_LONG_000",
  "method": "greedy",
  "start_method": "none",
  "time_limit": 60.0,
  "cost": 10139.4973,
  "is_feasible": true,
  "unmet": {},
  "overprod": {
    "P1": 5,
    "P11": 1,
    "P12": 1
  },
  "elapsed_sec": 1.99,
  "active": {
    "S20": [
      [
        "PAT_0028",
        1,
        3784.2819
      ],
      [
        "PAT_0028",
        1,
        5227.095499999999
      ],
      [
        "PAT_0028",
        1,
        6669.909099999999
      ],
      [
        "PAT_0028",
        1,
        8112.722699999998
      ],
      [
        "PAT_0028",
        1,
        9555.536299999998
      ]
    ],
    "S23": [
      [
        "PAT_2781",
        0,
        0.0
      ],
      [
        "PAT_2781",
        0,
        3861.5201
      ],
      [
        "PAT_2768",
        1,
        9891.7028
      ]
    ],
    "S39": [
      [
        "PAT_2850",
        0,
        5685.3601
      ],
      [
        "PAT_2850",
        0,
        9546.8802
      ],
      [
        "PAT_2850",
        0,
        13408.4003
      ]
    ],
    "S14": [
      [
        "PAT_2772",
        0,
        0.0
      ],
      [
        "PAT_2772",
        0,
        3861.5201
      ],
      [
        "PAT_2772",
        0,
        7723.0402
      ],
      [
        "PAT_2845",
        1,
        11584.560300000001
      ]
    ],
    "S43": [
      [
        "PAT_2770",
        0,
        0.0
      ]
    ],
    "S3": [
      [
        "PAT_1595",
        0,
        4213.9486
      ],
      [
        "PAT_1595",
        0,
        7598.3306999999995
      ],
      [
        "PAT_1595",
        0,
        10982.7128
      ],
      [
        "PAT_2235",
        1,
        15960.2471
      ]
    ],
    "S9": [
      [
        "PAT_2362",
        0,
        0.0
      ],
      [
        "PAT_2362",
        0,
        3384.3821
      ],
      [
        "PAT_2362",
        0,
        6768.7642
      ],
      [
        "PAT_0702",
        1,
        14392.1927
      ]
    ],
    "S38": [
      [
        "PAT_0987",
        0,
        0.0
      ],
      [
        "PAT_0987",
        0,
        3384.3821
      ],
      [
        "PAT_0987",
        0,
        6768.7642
      ],
      [
        "PAT_0987",
        0,
        10153.1463
      ]
    ],
    "S6": [
      [
        "PAT_0197",
        0,
        4712.8096
      ],
      [
        "PAT_0197",
        0,
        8097.191699999999
      ]
    ],
    "S10": [
      [
        "PAT_0270",
        0,
        2223.8834
      ],
      [
        "PAT_0270",
        0,
        5608.2654999999995
      ],
      [
        "PAT_0270",
        0,
        8992.6476
      ],
      [
        "PAT_0580",
        0,
        12377.0297
      ]
    ],
    "S31": [
      [
        "PAT_1813",
        0,
        1921.2693
      ],
      [
        "PAT_1813",
        0,
        5305.6514
      ],
      [
        "PAT_1940",
        1,
        10563.1055
      ]
    ],
    "S4": [
      [
        "PAT_0036",
        0,
        0.0
      ],
      [
        "PAT_0036",
        0,
        3384.3821
      ],
      [
        "PAT_0036",
        1,
        12136.1774
      ]
    ],
    "S27": [
      [
        "PAT_0036",
        0,
        4625.8654
      ]
    ]
  }
}